label,n,ll_l3,ll_ctx,d_ll,br_l3,br_ctx,d_br,acc_l3,acc_ctx,beats
GLOBAL no-trivial,81,1.114393900960651,1.102680318206881,0.011713582753769991,0.6613423696599435,0.6547433889195697,0.006598980740373794,0.4567901234567901,0.4444444444444444,True
ya_clasificado,33,1.2023767301244392,1.1938825434978122,0.008494186626627043,0.6913205905159815,0.6860487212208631,0.005271869295118359,0.48484848484848486,0.48484848484848486,True
eliminado,1,1.521427035111387,1.5905161531931793,-0.0690891180817923,0.9552683399999999,0.9931146730034539,-0.03784633300345397,0.0,0.0,False
le_vale_empate,58,1.0451904984899918,1.0295349508856424,0.015655547604349396,0.6344751619301406,0.6254246117140713,0.009050550216069375,0.4482758620689655,0.43103448275862066,True
