{
  "a0": -0.09191714359984321,
  "a1": 1.508449097021206,
  "total_mean": 2.6583928571428572,
  "iso": [
    {
      "ux": [
        0.015489773231579537,
        0.02308571597147749,
        0.04577160589304708,
        0.05890472752919744,
        0.062037316822688496,
        0.07362088151389143,
        0.07888162540558094,
        0.08993843163768739,
        0.10170917644611316,
        0.10374025880887439,
        0.13423724330885234,
        0.14846947666154078,
        0.1659328009361671,
        0.18429726280266875,
        0.18429726280266878,
        0.18699261557979022,
        0.22360291960197717,
        0.2384279154673958,
        0.24751076929988475,
        0.28195082888837947,
        0.3047289946745401,
        0.3180193946134013,
        0.3213714188287948,
        0.37994831507274507,
        0.4048057338616269,
        0.40838513902115087,
        0.4155631040197046,
        0.4299896719845794,
        0.45178017625442246,
        0.4554266986147837,
        0.46273041935506876,
        0.46638717374384986,
        0.47004689399050575,
        0.4994045610169982,
        0.5104354610819165,
        0.5251459889768102,
        0.5324983166711292,
        0.5435180409025089,
        0.601872171715277,
        0.6162821955158984,
        0.6518413176459594,
        0.6831364590967025,
        0.6831364590967027,
        0.6899839866973295,
        0.7035504436340254,
        0.7463246130457509,
        0.7527092265369681,
        0.774604097696304,
        0.7987133382895372,
        0.8045799200457915,
        0.810379961644637,
        0.8328938506529651
      ],
      "uf": [
        0.0295,
        0.0629,
        0.0628,
        0.0608,
        0.0608,
        0.0744,
        0.0762,
        0.1014,
        0.16,
        0.16,
        0.1537,
        0.1719,
        0.1979,
        0.1979,
        0.1979,
        0.1979,
        0.2504,
        0.2641,
        0.2685,
        0.2988,
        0.3159,
        0.331,
        0.331,
        0.3585,
        0.3619,
        0.3619,
        0.3753,
        0.3965,
        0.4512,
        0.4512,
        0.4512,
        0.4512,
        0.4512,
        0.4528,
        0.49510000000000004,
        0.5223,
        0.5223,
        0.5583,
        0.5705,
        0.5845,
        0.5953,
        0.6423,
        0.6423,
        0.6499,
        0.6756,
        0.7216,
        0.7216,
        0.7249,
        0.7823,
        0.7823,
        0.7985,
        0.8092
      ]
    },
    {
      "ux": [
        0.10238362474162711,
        0.11446861800978228,
        0.13147629703258157,
        0.14330964574392135,
        0.14359150525308204,
        0.1466012682902858,
        0.14960047681765068,
        0.15676598962888572,
        0.15971820041933163,
        0.16146233754164985,
        0.1699072026933935,
        0.17160974746762347,
        0.17419454019713482,
        0.17445998604107724,
        0.18260034922306936,
        0.19074904271583404,
        0.19207950792164555,
        0.19232734677184465,
        0.197557395264883,
        0.20011869153466258,
        0.20975204542865336,
        0.21116053021622402,
        0.21671259818258987,
        0.2223956463993516,
        0.2243049369236923,
        0.22655298308361851,
        0.2312817424924222,
        0.23222548990425787,
        0.24104243801307856,
        0.2432116151887646,
        0.24335158761133968,
        0.24481566794698126,
        0.2467711626471514,
        0.24755946576654925,
        0.24872088518364507,
        0.2494531107896487,
        0.2537965302522623,
        0.25426588576013603,
        0.25463527234843286,
        0.2547186679568572,
        0.2555742701009046,
        0.25597697447458584,
        0.2573578578797512,
        0.2580385614111953,
        0.2585409480681299,
        0.25879393683947954,
        0.2590719194070732,
        0.2594853938297387,
        0.2596662257989019,
        0.2604464726996427
      ],
      "uf": [
        0.1082,
        0.1159,
        0.1111,
        0.1297,
        0.1229,
        0.1305,
        0.1305,
        0.1568,
        0.1568,
        0.191,
        0.186,
        0.1933,
        0.1904,
        0.1933,
        0.1852,
        0.187,
        0.187,
        0.1985,
        0.191,
        0.1951,
        0.2191,
        0.2405,
        0.2582,
        0.2521,
        0.252,
        0.246,
        0.252,
        0.252,
        0.253,
        0.2405,
        0.2526,
        0.2526,
        0.2397,
        0.23939999999999997,
        0.2751,
        0.276,
        0.2769,
        0.2769,
        0.2765,
        0.2769,
        0.2769,
        0.2769,
        0.3051,
        0.3163,
        0.2983,
        0.2983,
        0.3116,
        0.3004,
        0.3004,
        0.302
      ]
    },
    {
      "ux": [
        0.03562985231445338,
        0.04602853310228117,
        0.048818811663922705,
        0.051686184892812174,
        0.06393356476204609,
        0.07568102599540817,
        0.07921540091317185,
        0.10412220959413013,
        0.11245861803778757,
        0.11674484936863486,
        0.11674484936863491,
        0.13699815213781644,
        0.16132215808475003,
        0.1715748452011046,
        0.2154395210844127,
        0.22415009571753097,
        0.23003834307620874,
        0.24200507315153424,
        0.25114232819335314,
        0.27615657575723196,
        0.2793469404960143,
        0.2825509126880739,
        0.2889990312843117,
        0.29224284927099176,
        0.3119717666042253,
        0.32536497657322244,
        0.33212946714911035,
        0.3355280403394713,
        0.3596052122276123,
        0.41983464433172574,
        0.42343965731846867,
        0.4379131474457087,
        0.46341389876318767,
        0.5037683455164701,
        0.5148009218854529,
        0.533185465209258,
        0.5807818945159519,
        0.584420994704909,
        0.5844209947049092,
        0.6097622621401407,
        0.6348179251558694,
        0.6560107112624942,
        0.7041802332694803,
        0.7075417808380529,
        0.7274612191392433,
        0.7469238343972842,
        0.7564719157927149,
        0.7782444827579797,
        0.7843292828419168,
        0.8109187483630313,
        0.8624456660187401,
        0.8821266020267935
      ],
      "uf": [
        0.0798,
        0.0787,
        0.0872,
        0.0872,
        0.0841,
        0.0851,
        0.0851,
        0.1259,
        0.1591,
        0.1626,
        0.1626,
        0.1643,
        0.1634,
        0.1835,
        0.1887,
        0.2251,
        0.2251,
        0.2655,
        0.2712,
        0.272,
        0.272,
        0.272,
        0.272,
        0.272,
        0.2872,
        0.3131,
        0.3378,
        0.3378,
        0.3395,
        0.3706,
        0.3706,
        0.379,
        0.4247,
        0.4564,
        0.4962,
        0.5091,
        0.5501,
        0.5501,
        0.5501,
        0.5501,
        0.5699,
        0.6272,
        0.6529,
        0.6529,
        0.7134,
        0.7334,
        0.7396,
        0.7824,
        0.7824,
        0.8075,
        0.8212,
        0.8623
      ]
    }
  ],
  "_note": "Layer-3 calibration derived offline from ratings + shipped preds; no API, no refit. Rebuild with --build-calibration if ratings change.",
  "_source_fixtures": 56
}