prop,model,n_oos,ll_base,ll_cand,br_base,br_cand,ece_base,ece_cand,acc_base,acc_cand,a2,d_ll_mean,ic_lo,ic_hi,p_dgt0,signif
1x2,avg,317,0.9068426041278678,0.9149278307122041,0.5452141679972273,0.5483228206984115,0.023588370933112515,0.06523529941377613,0.5394321766561514,0.5141955835962145,-0.17823282937213414,-0.008085226584336474,-0.021891577145151428,0.00552272527073615,0.12415,False
1x2,topN,317,0.9068426041278678,0.9108097759537405,0.5452141679972273,0.546924208364376,0.023588370933112515,0.04563015680057242,0.5394321766561514,0.5425867507886435,-0.12207943148305433,-0.003967171825872768,-0.014892673593278978,0.006798460897134461,0.23685,False
1x2,min,317,0.9068426041278678,0.9182814927114513,0.5452141679972273,0.5525660723986043,0.023588370933112515,0.050768234707043364,0.5394321766561514,0.5362776025236593,-1.3571512380979325,-0.011438888583583402,-0.029977224149634763,0.0073361966252857794,0.11695,False
1x2_subgroup,thin (pocos),232,0.8679351834600691,0.8752502070010754,,,,,,,,-0.0073150235410062705,-0.025313694631026326,0.010663312304023486,0.2134,False
1x2_subgroup,thick (muchos),85,1.013036975832918,1.0232244036649325,,,,,,,,-0.010187427832014198,-0.026695781097518686,0.006843762473388304,0.1169,False
