{
 "features": [
  "l3_logit_h",
  "l3_logit_a",
  "l3_xg_h",
  "l3_xg_a",
  "neutral",
  "form_gf_diff",
  "form_ga_diff",
  "form_ppg_diff",
  "form_streak_diff",
  "rest_diff",
  "h2h_gd",
  "squad_diff",
  "team_rating_diff",
  "sot_diff",
  "shots_diff",
  "shots_inbox_diff",
  "shots_outbox_diff",
  "shots_blocked_diff",
  "gk_saves_diff",
  "passes_total_diff",
  "passes_acc_diff",
  "passes_pct_diff",
  "offsides_diff",
  "fouls_diff",
  "possession_diff",
  "corners_diff",
  "club_form_diff"
 ],
 "mean": [
  0.6459641636418946,
  0.05570390519666876,
  1.5615597735184128,
  1.1088763363464533,
  0.22399809160305342,
  0.06042220512102971,
  -0.03439098378496028,
  0.05381793837352086,
  0.05521955599085868,
  -0.003903955778200047,
  -0.01093842394550573,
  0.011878862636162384,
  0.03105945105006807,
  0.18194165130997408,
  0.3122571836878567,
  0.32922417938373433,
  -0.0016064951598453877,
  0.1768310518306605,
  -0.04160509023172327,
  7.906265688036778,
  8.110233929578682,
  0.18895381140103287,
  0.006095157637236224,
  -0.04883375369280007,
  0.18432165377404322,
  0.11045522749478,
  0.21811787072243344
 ],
 "std": [
  0.9265744528243631,
  0.8188637464697438,
  0.7402926341051924,
  0.5815970468350636,
  0.4169207917113964,
  0.8218628098395651,
  0.8883570067219206,
  0.7688595680975795,
  0.9566355474152562,
  0.7846462125088677,
  1.9177382946585126,
  0.10565784143882828,
  0.1960418617773406,
  1.9573340181485064,
  4.538253927181019,
  3.476769404509051,
  1.6564997204113479,
  1.4832530680165394,
  1.6043067127529558,
  143.0933041517552,
  143.19355307069213,
  6.685384388115892,
  1.0784524217449938,
  3.831498550577331,
  13.19584228570917,
  1.9795921410677484,
  1.0907063594443505
 ],
 "logit_W": [
  [
   0.24276561160941038,
   -0.07823491373561967,
   -0.16453069787379065
  ],
  [
   -0.104833767142028,
   -0.07423066204811654,
   0.17906442919014406
  ],
  [
   0.33172612940575086,
   -0.19655473304595877,
   -0.1351713963597929
  ],
  [
   -0.02043627083927226,
   -0.16396642313243168,
   0.18440269397170383
  ],
  [
   0.08717156214091332,
   -0.016592347005337262,
   -0.07057921513557623
  ],
  [
   -0.009698515483031465,
   0.05155131227125582,
   -0.04185279678822438
  ],
  [
   -0.05197433080923199,
   -0.06554705733984115,
   0.11752138814907297
  ],
  [
   -0.00569805876268293,
   0.01013333269011653,
   -0.004435273927433993
  ],
  [
   0.05029811469450638,
   -0.03712965634281155,
   -0.013168458351693776
  ],
  [
   0.03723723057488383,
   0.009239114777852307,
   -0.04647634535273654
  ],
  [
   0.1348204557145668,
   -0.007742205774263815,
   -0.12707824994030187
  ],
  [
   0.08499979753834423,
   -0.2532705304021444,
   0.16827073286380023
  ],
  [
   0.0,
   0.0,
   0.0
  ],
  [
   -0.34345478639153165,
   0.1774994137787572,
   0.1659553726127749
  ],
  [
   -0.24925240179553504,
   -0.028002178200518327,
   0.27725457999605363
  ],
  [
   0.5393870595908778,
   -0.5268574621762611,
   -0.01252959741461745
  ],
  [
   0.17989650774467603,
   -0.10957485475040767,
   -0.07032165299426851
  ],
  [
   -0.12146946295969045,
   0.2949408144483842,
   -0.17347135148869378
  ],
  [
   0.04792369109818607,
   -0.22414605872776128,
   0.1762223676295752
  ],
  [
   0.05037589733488633,
   -0.024962415351207613,
   -0.0254134819836786
  ],
  [
   -0.06618380843078395,
   -0.006050679482883258,
   0.07223448791366707
  ],
  [
   -0.2543340605033689,
   0.3254617004623308,
   -0.07112763995896236
  ],
  [
   0.15959423788694152,
   -0.07907690856952132,
   -0.08051732931741998
  ],
  [
   0.01496067912918453,
   0.0029402147768044532,
   -0.017900893905989188
  ],
  [
   0.3891622461851076,
   -0.4632309409795024,
   0.07406869479439485
  ],
  [
   -0.14578481768983761,
   0.23059393096066205,
   -0.08480911327082476
  ],
  [
   0.0785360536238578,
   -0.005204268778863886,
   -0.07333178484499413
  ]
 ],
 "logit_b": [
  0.41129353950251246,
  -0.22774138201390734,
  -0.1835521574886102
 ],
 "temp": 1.0,
 "pois_gh_w": [
  0.08228100854148411,
  -0.07987235182117862,
  0.08242944014643636,
  -0.07931753120544173,
  0.019804128845665292,
  0.03188474459762169,
  -0.04835243881367233,
  0.013541944697086966,
  0.026468442325813295,
  0.011506932533044729,
  0.061341026725040354,
  0.0015719328757310244,
  0.0,
  0.0012028564448204112,
  0.0009207139422297593,
  0.004985154058386422,
  0.00332906360109815,
  0.0008124931859027352,
  -0.0010827312635464388,
  0.008608019790695861,
  0.007595287710099014,
  0.0024362678472738394,
  0.00047291409597994595,
  0.0016384837449095635,
  0.010122461136022524,
  0.001709630967678432,
  0.003993384655977354
 ],
 "pois_gh_b": 0.360685578132514,
 "pois_ga_w": [
  -0.07827123280713741,
  0.0745001950762431,
  -0.07980927593909286,
  0.07031415016861763,
  -0.009779034946286982,
  -0.014878743681344684,
  0.07571481114860369,
  -0.0355819514142035,
  -0.023032810680054586,
  -0.009547152116304934,
  -0.04795450721162755,
  0.0033409282124523933,
  0.0,
  0.006750295331002513,
  0.0018864244515085153,
  0.0011764698335638068,
  -0.002595419221008205,
  -0.003287268111940315,
  0.0014651131535887941,
  0.008490344090797136,
  0.008553531199203896,
  0.004020632285219879,
  -0.004290030654151071,
  0.005591499641494222,
  0.0021548231818271776,
  -0.0017905096463308782,
  -0.009498179833716957
 ],
 "pois_ga_b": 0.03130987479115354,
 "l3_recipe": {
  "a0": -0.11780741257685984,
  "a1": 1.532502524126626,
  "tb0": 2.387631731021131,
  "tb1": 0.10263860386404194,
  "tb2": 0.25586522769684394,
  "tcap": 5.5
 },
 "trained_on": {
  "n_burn": 4192,
  "n_oos": 2680,
  "cal_start": "2019-01-01",
  "oos": [
   "2024-01-01",
   "2026-01-01"
  ]
 },
 "C": 0.3,
 "poisson_alpha": 1.0,
 "form_hl": 540.0,
 "note": "Full-data model. KNOWN to measure worse than L3/ensemble. NOT a precision claim."
}