fixture_id,date,competition,team_id,team_name,opponent_id,opponent_name,player_id,player_name,assist_player_id,assist_player_name,event_type,event_detail,minute,extra_minute,is_goal,is_assist,is_penalty_goal,is_penalty_miss,is_own_goal,is_card,card_type,is_substitution,data_quality,confidence,source
1489390,2026-06-19,World Cup 2026,31,Morocco,1108,Scotland,161897.0,I. Saibari,744.0,B. Diaz,Goal,Normal Goal,2,,1,1,0,0,0,0,,0,alta,alta,api_football_events
1489390,2026-06-19,World Cup 2026,31,Morocco,1108,Scotland,18814.0,Issa Diop,,,Card,Yellow Card,23,,0,0,0,0,0,1,Yellow Card,0,alta,alta,api_football_events
1489390,2026-06-19,World Cup 2026,1108,Scotland,31,Morocco,1117.0,K. Tierney,,,subst,Substitution 1,60,,0,0,0,0,0,0,,1,alta,alta,api_football_events
1489390,2026-06-19,World Cup 2026,1108,Scotland,31,Morocco,289.0,Andy Robertson,,,Card,Yellow Card,65,,0,0,0,0,0,1,Yellow Card,0,alta,alta,api_football_events
1489390,2026-06-19,World Cup 2026,1108,Scotland,31,Morocco,1125.0,R. Christie,,,subst,Substitution 2,71,,0,0,0,0,0,0,,1,alta,alta,api_football_events
1489390,2026-06-19,World Cup 2026,1108,Scotland,31,Morocco,19524.0,C. Adams,,,subst,Substitution 3,71,,0,0,0,0,0,0,,1,alta,alta,api_football_events
1489390,2026-06-19,World Cup 2026,31,Morocco,1108,Scotland,340573.0,B. El Khannouss,,,subst,Substitution 1,84,,0,0,0,0,0,0,,1,alta,alta,api_football_events
1489390,2026-06-19,World Cup 2026,31,Morocco,1108,Scotland,161897.0,I. Saibari,,,subst,Substitution 2,84,,0,0,0,0,0,0,,1,alta,alta,api_football_events
1489390,2026-06-19,World Cup 2026,31,Morocco,1108,Scotland,744.0,B. Diaz,,,subst,Substitution 3,84,,0,0,0,0,0,0,,1,alta,alta,api_football_events
1489390,2026-06-19,World Cup 2026,1108,Scotland,31,Morocco,138417.0,N. Patterson,,,subst,Substitution 4,89,,0,0,0,0,0,0,,1,alta,alta,api_football_events
1489390,2026-06-19,World Cup 2026,1108,Scotland,31,Morocco,19191.0,J. McGinn,,,subst,Substitution 5,89,,0,0,0,0,0,0,,1,alta,alta,api_football_events
1489390,2026-06-19,World Cup 2026,31,Morocco,1108,Scotland,129678.0,A. Ounahi,,,subst,Substitution 4,90,,0,0,0,0,0,0,,1,alta,alta,api_football_events
1489389,2026-06-20,World Cup 2026,2386,Haiti,6,Brazil,20850.0,Carlens Arcus,,,Card,Yellow Card,4,,0,0,0,0,0,1,Yellow Card,0,alta,alta,api_football_events
1489389,2026-06-20,World Cup 2026,6,Brazil,2386,Haiti,1165.0,M. Cunha,,,Goal,Normal Goal,23,,1,0,0,0,0,0,,0,alta,alta,api_football_events
1489389,2026-06-20,World Cup 2026,6,Brazil,2386,Haiti,1165.0,M. Cunha,762.0,Vinicius Junior,Goal,Normal Goal,36,,1,1,0,0,0,0,,0,alta,alta,api_football_events
1489389,2026-06-20,World Cup 2026,6,Brazil,2386,Haiti,1496.0,Raphinha,,,subst,Substitution 1,40,,0,0,0,0,0,0,,1,alta,alta,api_football_events
1489389,2026-06-20,World Cup 2026,2386,Haiti,6,Brazil,8601.0,Frantzdy Pierrot,,,Card,Yellow Card,45,4.0,0,0,0,0,0,1,Yellow Card,0,alta,alta,api_football_events
1489389,2026-06-20,World Cup 2026,6,Brazil,2386,Haiti,762.0,Vinicius Junior,1646.0,Lucas Paqueta,Goal,Normal Goal,45,,1,1,0,0,0,0,,0,alta,alta,api_football_events
1489389,2026-06-20,World Cup 2026,2386,Haiti,6,Brazil,20850.0,C. Arcus,,,subst,Substitution 1,46,,0,0,0,0,0,0,,1,alta,alta,api_football_events
1489389,2026-06-20,World Cup 2026,2386,Haiti,6,Brazil,8601.0,F. Pierrot,,,subst,Substitution 2,46,,0,0,0,0,0,0,,1,alta,alta,api_football_events
1489389,2026-06-20,World Cup 2026,2386,Haiti,6,Brazil,174915.0,J. Casimir,,,subst,Substitution 3,62,,0,0,0,0,0,0,,1,alta,alta,api_football_events
1489389,2026-06-20,World Cup 2026,6,Brazil,2386,Haiti,1646.0,Lucas Paqueta,,,subst,Substitution 2,64,,0,0,0,0,0,0,,1,alta,alta,api_football_events
1489389,2026-06-20,World Cup 2026,6,Brazil,2386,Haiti,1165.0,M. Cunha,,,subst,Substitution 3,64,,0,0,0,0,0,0,,1,alta,alta,api_football_events
1489389,2026-06-20,World Cup 2026,6,Brazil,2386,Haiti,24866.0,Douglas Santos,,,Card,Yellow Card,65,,0,0,0,0,0,1,Yellow Card,0,alta,alta,api_football_events
1489389,2026-06-20,World Cup 2026,2386,Haiti,6,Brazil,162733.0,R. Providence,,,subst,Substitution 4,71,,0,0,0,0,0,0,,1,alta,alta,api_football_events
1489389,2026-06-20,World Cup 2026,2386,Haiti,6,Brazil,338367.0,Danley Jean Jacques,,,Card,Yellow Card,72,,0,0,0,0,0,1,Yellow Card,0,alta,alta,api_football_events
1489389,2026-06-20,World Cup 2026,6,Brazil,2386,Haiti,10135.0,Bruno Guimaraes,,,subst,Substitution 4,81,,0,0,0,0,0,0,,1,alta,alta,api_football_events
1489389,2026-06-20,World Cup 2026,6,Brazil,2386,Haiti,762.0,Vinicius Junior,,,subst,Substitution 5,81,,0,0,0,0,0,0,,1,alta,alta,api_football_events
1489389,2026-06-20,World Cup 2026,2386,Haiti,6,Brazil,20665.0,J. Bellegarde,,,subst,Substitution 5,81,,0,0,0,0,0,0,,1,alta,alta,api_football_events
1539006,2026-06-20,World Cup 2026,2380,Paraguay,777,Türkiye,305832.0,M. Galarza,70747.0,J. Enciso,Goal,Normal Goal,2,,1,1,0,0,0,0,,0,alta,alta,api_football_events
1539006,2026-06-20,World Cup 2026,2380,Paraguay,777,Türkiye,305832.0,Matías Galarza,,,Card,Yellow Card,4,,0,0,0,0,0,1,Yellow Card,0,alta,alta,api_football_events
1539006,2026-06-20,World Cup 2026,2380,Paraguay,777,Türkiye,2507.0,Miguel Almirón,,,Card,Red Card,45,3.0,0,0,0,0,0,1,Red Card,0,alta,alta,api_football_events
1539006,2026-06-20,World Cup 2026,2380,Paraguay,777,Türkiye,2507.0,Miguel Almirón,,,Var,Card reviewed,45,2.0,0,0,0,0,0,0,,0,alta,media,api_football_events
1539006,2026-06-20,World Cup 2026,777,Türkiye,2380,Paraguay,142959.0,K. Akturkoglu,,,subst,Substitution 1,46,,0,0,0,0,0,0,,1,alta,alta,api_football_events
1539006,2026-06-20,World Cup 2026,2380,Paraguay,777,Türkiye,70670.0,I. Pitta,,,subst,Substitution 1,46,,0,0,0,0,0,0,,1,alta,alta,api_football_events
1539006,2026-06-20,World Cup 2026,777,Türkiye,2380,Paraguay,454.0,Y. Akgun,,,subst,Substitution 2,60,,0,0,0,0,0,0,,1,alta,alta,api_football_events
1539006,2026-06-20,World Cup 2026,777,Türkiye,2380,Paraguay,214463.0,I. Yuksek,,,subst,Substitution 3,60,,0,0,0,0,0,0,,1,alta,alta,api_football_events
1539006,2026-06-20,World Cup 2026,2380,Paraguay,777,Türkiye,278370.0,D. Gomez,,,subst,Substitution 2,67,,0,0,0,0,0,0,,1,alta,alta,api_football_events
1539006,2026-06-20,World Cup 2026,777,Türkiye,2380,Paraguay,1361.0,F. Kadioglu,,,subst,Substitution 4,70,,0,0,0,0,0,0,,1,alta,alta,api_football_events
1539006,2026-06-20,World Cup 2026,777,Türkiye,2380,Paraguay,50057.0,Eren Elmalı,,,Card,Yellow Card,71,,0,0,0,0,0,1,Yellow Card,0,alta,alta,api_football_events
1539006,2026-06-20,World Cup 2026,2380,Paraguay,777,Türkiye,195992.0,J. Caceres,,,subst,Substitution 3,81,,0,0,0,0,0,0,,1,alta,alta,api_football_events
1539006,2026-06-20,World Cup 2026,777,Türkiye,2380,Paraguay,61837.0,A. Bardakci,,,subst,Substitution 5,86,,0,0,0,0,0,0,,1,alta,alta,api_football_events
1539006,2026-06-20,World Cup 2026,2380,Paraguay,777,Türkiye,70747.0,J. Enciso,,,subst,Substitution 4,90,2.0,0,0,0,0,0,0,,1,alta,alta,api_football_events
1539006,2026-06-20,World Cup 2026,2380,Paraguay,777,Türkiye,305832.0,M. Galarza,,,subst,Substitution 5,90,2.0,0,0,0,0,0,0,,1,alta,alta,api_football_events
1539007,2026-06-20,World Cup 2026,1118,Netherlands,5,Sweden,38750.0,B. Brobbey,247.0,C. Gakpo,Goal,Normal Goal,5,,1,1,0,0,0,0,,0,alta,alta,api_football_events
1539007,2026-06-20,World Cup 2026,1118,Netherlands,5,Sweden,38750.0,B. Brobbey,226.0,D. Dumfries,Goal,Normal Goal,17,,1,1,0,0,0,0,,0,alta,alta,api_football_events
1539007,2026-06-20,World Cup 2026,1118,Netherlands,5,Sweden,249.0,D. Malen,,,subst,Substitution 1,46,,0,0,0,0,0,0,,1,alta,alta,api_football_events
1539007,2026-06-20,World Cup 2026,1118,Netherlands,5,Sweden,247.0,C. Gakpo,226.0,D. Dumfries,Goal,Normal Goal,47,,1,1,0,0,0,0,,0,alta,alta,api_football_events
1539007,2026-06-20,World Cup 2026,5,Sweden,1118,Netherlands,47969.0,Gabriel Gudmundsson,,,Card,Yellow Card,53,,0,0,0,0,0,1,Yellow Card,0,alta,alta,api_football_events
1539007,2026-06-20,World Cup 2026,1118,Netherlands,5,Sweden,247.0,C. Gakpo,37724.0,C. Summerville,Goal,Normal Goal,54,,1,1,0,0,0,0,,0,alta,alta,api_football_events
1539007,2026-06-20,World Cup 2026,5,Sweden,1118,Netherlands,47696.0,A. Bernhardsson,,,subst,Substitution 1,55,,0,0,0,0,0,0,,1,alta,alta,api_football_events
1539007,2026-06-20,World Cup 2026,5,Sweden,1118,Netherlands,48002.0,B. Nygren,,,subst,Substitution 2,56,,0,0,0,0,0,0,,1,alta,alta,api_football_events
1539007,2026-06-20,World Cup 2026,5,Sweden,1118,Netherlands,48047.0,J. Karlstrom,,,subst,Substitution 3,56,,0,0,0,0,0,0,,1,alta,alta,api_football_events
1539007,2026-06-20,World Cup 2026,1118,Netherlands,5,Sweden,538.0,F. de Jong,,,subst,Substitution 2,59,,0,0,0,0,0,0,,1,alta,alta,api_football_events
1539007,2026-06-20,World Cup 2026,1118,Netherlands,5,Sweden,36902.0,T. Reijnders,,,subst,Substitution 3,59,,0,0,0,0,0,0,,1,alta,alta,api_football_events
1539007,2026-06-20,World Cup 2026,5,Sweden,1118,Netherlands,153430.0,A. Elanga,2864.0,A. Isak,Goal,Normal Goal,59,,1,1,0,0,0,0,,0,alta,alta,api_football_events
1539007,2026-06-20,World Cup 2026,1118,Netherlands,5,Sweden,38750.0,B. Brobbey,,,subst,Substitution 4,72,,0,0,0,0,0,0,,1,alta,alta,api_football_events
1539007,2026-06-20,World Cup 2026,5,Sweden,1118,Netherlands,265820.0,Yasin Ayari,,,Card,Yellow Card,75,,0,0,0,0,0,1,Yellow Card,0,alta,alta,api_football_events
1539007,2026-06-20,World Cup 2026,5,Sweden,1118,Netherlands,265820.0,Y. Ayari,,,subst,Substitution 4,79,,0,0,0,0,0,0,,1,alta,alta,api_football_events
1539007,2026-06-20,World Cup 2026,5,Sweden,1118,Netherlands,347316.0,Lucas Bergvall,,,Card,Yellow Card,80,,0,0,0,0,0,1,Yellow Card,0,alta,alta,api_football_events
1539007,2026-06-20,World Cup 2026,1118,Netherlands,5,Sweden,37724.0,C. Summerville,667.0,M. Depay,Goal,Normal Goal,89,,1,1,0,0,0,0,,0,alta,alta,api_football_events
1539007,2026-06-20,World Cup 2026,1118,Netherlands,5,Sweden,247.0,C. Gakpo,,,subst,Substitution 5,90,,0,0,0,0,0,0,,1,alta,alta,api_football_events
1539007,2026-06-20,World Cup 2026,5,Sweden,1118,Netherlands,47969.0,G. Gudmundsson,,,subst,Substitution 5,90,3.0,0,0,0,0,0,0,,1,alta,alta,api_football_events
1489393,2026-06-20,World Cup 2026,1501,Ivory Coast,25,Germany,1642.0,F. Kessie,,,Goal,Normal Goal,30,,1,0,0,0,0,0,,0,alta,alta,api_football_events
1489393,2026-06-20,World Cup 2026,25,Germany,1501,Ivory Coast,26243.0,N. Schlotterbeck,,,subst,Substitution 1,46,,0,0,0,0,0,0,,1,alta,alta,api_football_events
1489393,2026-06-20,World Cup 2026,25,Germany,1501,Ivory Coast,328033.0,A. Pavlovic,,,subst,Substitution 2,60,,0,0,0,0,0,0,,1,alta,alta,api_football_events
1489393,2026-06-20,World Cup 2026,25,Germany,1501,Ivory Coast,644.0,L. Sane,,,subst,Substitution 3,60,,0,0,0,0,0,0,,1,alta,alta,api_football_events
1489393,2026-06-20,World Cup 2026,25,Germany,1501,Ivory Coast,181812.0,J. Musiala,,,subst,Substitution 4,60,,0,0,0,0,0,0,,1,alta,alta,api_football_events
1489393,2026-06-20,World Cup 2026,25,Germany,1501,Ivory Coast,26475.0,D. Undav,714.0,N. Amiri,Goal,Normal Goal,68,,1,1,0,0,0,0,,0,alta,alta,api_football_events
1489393,2026-06-20,World Cup 2026,1501,Ivory Coast,25,Germany,22149.0,I. Sangare,,,subst,Substitution 1,75,,0,0,0,0,0,0,,1,alta,alta,api_football_events
1489393,2026-06-20,World Cup 2026,1501,Ivory Coast,25,Germany,275651.0,A. Bonny,,,subst,Substitution 2,75,,0,0,0,0,0,0,,1,alta,alta,api_football_events
1489393,2026-06-20,World Cup 2026,1501,Ivory Coast,25,Germany,157997.0,A. Diallo,,,subst,Substitution 3,75,,0,0,0,0,0,0,,1,alta,alta,api_football_events
1489393,2026-06-20,World Cup 2026,1501,Ivory Coast,25,Germany,30504.0,W. Singo,,,subst,Substitution 4,82,,0,0,0,0,0,0,,1,alta,alta,api_football_events
1489393,2026-06-20,World Cup 2026,25,Germany,1501,Ivory Coast,978.0,K. Havertz,,,subst,Substitution 5,85,,0,0,0,0,0,0,,1,alta,alta,api_football_events
1489393,2026-06-20,World Cup 2026,1501,Ivory Coast,25,Germany,513776.0,Y. Diomande,,,subst,Substitution 5,85,,0,0,0,0,0,0,,1,alta,alta,api_football_events
1489393,2026-06-20,World Cup 2026,25,Germany,1501,Ivory Coast,26475.0,D. Undav,637.0,F. Nmecha,Goal,Normal Goal,90,,1,1,0,0,0,0,,0,alta,alta,api_football_events
1489392,2026-06-21,World Cup 2026,2382,Ecuador,5530,Curaçao,16470.0,Jordy Alcivar,,,Card,Yellow Card,38,,0,0,0,0,0,1,Yellow Card,0,alta,alta,api_football_events
1489392,2026-06-21,World Cup 2026,5530,Curaçao,2382,Ecuador,18997.0,Leandro Bacuna,,,Card,Yellow Card,39,,0,0,0,0,0,1,Yellow Card,0,alta,alta,api_football_events
1489392,2026-06-21,World Cup 2026,2382,Ecuador,5530,Curaçao,16470.0,J. Alcivar,,,subst,Substitution 1,46,,0,0,0,0,0,0,,1,alta,alta,api_football_events
1489392,2026-06-21,World Cup 2026,5530,Curaçao,2382,Ecuador,19047.0,Juninho Bacuna,,,Card,Yellow Card,53,,0,0,0,0,0,1,Yellow Card,0,alta,alta,api_football_events
1489392,2026-06-21,World Cup 2026,5530,Curaçao,2382,Ecuador,309763.0,Livano Comenencia,,,Card,Yellow Card,56,,0,0,0,0,0,1,Yellow Card,0,alta,alta,api_football_events
1489392,2026-06-21,World Cup 2026,2382,Ecuador,5530,Curaçao,46731.0,P. Estupinan,,,subst,Substitution 2,70,,0,0,0,0,0,0,,1,alta,alta,api_football_events
1489392,2026-06-21,World Cup 2026,5530,Curaçao,2382,Ecuador,36857.0,Jurien Gaari,,,Card,Yellow Card,75,,0,0,0,0,0,1,Yellow Card,0,alta,alta,api_football_events
1489392,2026-06-21,World Cup 2026,5530,Curaçao,2382,Ecuador,19047.0,J. Bacuna,,,subst,Substitution 1,75,,0,0,0,0,0,0,,1,alta,alta,api_football_events
1489392,2026-06-21,World Cup 2026,5530,Curaçao,2382,Ecuador,353808.0,D. Fonville,,,subst,Substitution 2,76,,0,0,0,0,0,0,,1,alta,alta,api_football_events
1489392,2026-06-21,World Cup 2026,5530,Curaçao,2382,Ecuador,906.0,T. Chong,,,subst,Substitution 3,76,,0,0,0,0,0,0,,1,alta,alta,api_football_events
1489392,2026-06-21,World Cup 2026,2382,Ecuador,5530,Curaçao,16360.0,A. Franco,,,subst,Substitution 3,83,,0,0,0,0,0,0,,1,alta,alta,api_football_events
1489392,2026-06-21,World Cup 2026,5530,Curaçao,2382,Ecuador,18981.0,J. Locadia,,,subst,Substitution 4,83,,0,0,0,0,0,0,,1,alta,alta,api_football_events
1489392,2026-06-21,World Cup 2026,5530,Curaçao,2382,Ecuador,309763.0,L. Comenencia,,,subst,Substitution 5,84,,0,0,0,0,0,0,,1,alta,alta,api_football_events
1489392,2026-06-21,World Cup 2026,2382,Ecuador,5530,Curaçao,25414.0,J. Yeboah,,,subst,Substitution 4,89,,0,0,0,0,0,0,,1,alta,alta,api_football_events
1489392,2026-06-21,World Cup 2026,5530,Curaçao,2382,Ecuador,38708.0,Gervane Kastaneer,,,Card,Yellow Card,90,1.0,0,0,0,0,0,1,Yellow Card,0,alta,alta,api_football_events
1489394,2026-06-21,World Cup 2026,12,Japan,28,Tunisia,2601.0,D. Kamada,33321.0,K. Nakamura,Goal,Normal Goal,4,,1,1,0,0,0,0,,0,alta,alta,api_football_events
1489394,2026-06-21,World Cup 2026,12,Japan,28,Tunisia,72155.0,A. Ueda,38114.0,K. Itakura,Goal,Normal Goal,31,,1,1,0,0,0,0,,0,alta,alta,api_football_events
1489394,2026-06-21,World Cup 2026,28,Tunisia,12,Japan,2945.0,D. Bronn,,,subst,Substitution 1,46,,0,0,0,0,0,0,,1,alta,alta,api_football_events
1489394,2026-06-21,World Cup 2026,28,Tunisia,12,Japan,323974.0,E. Saad,,,subst,Substitution 2,46,,0,0,0,0,0,0,,1,alta,alta,api_football_events
1489394,2026-06-21,World Cup 2026,28,Tunisia,12,Japan,57518.0,S. Tounekti,,,subst,Substitution 3,65,,0,0,0,0,0,0,,1,alta,alta,api_football_events
1489394,2026-06-21,World Cup 2026,12,Japan,28,Tunisia,1942.0,J. Ito,72155.0,A. Ueda,Goal,Normal Goal,69,,1,1,0,0,0,0,,0,alta,alta,api_football_events
1489394,2026-06-21,World Cup 2026,12,Japan,28,Tunisia,2601.0,D. Kamada,,,subst,Substitution 1,73,,0,0,0,0,0,0,,1,alta,alta,api_football_events
1489394,2026-06-21,World Cup 2026,12,Japan,28,Tunisia,2598.0,R. Doan,,,subst,Substitution 2,74,,0,0,0,0,0,0,,1,alta,alta,api_football_events
1489394,2026-06-21,World Cup 2026,12,Japan,28,Tunisia,2597.0,T. Tomiyasu,,,subst,Substitution 3,79,,0,0,0,0,0,0,,1,alta,alta,api_football_events
1489394,2026-06-21,World Cup 2026,12,Japan,28,Tunisia,33321.0,K. Nakamura,,,subst,Substitution 4,79,,0,0,0,0,0,0,,1,alta,alta,api_football_events
1489394,2026-06-21,World Cup 2026,12,Japan,28,Tunisia,72155.0,A. Ueda,33889.0,K. Sano,Goal,Normal Goal,83,,1,1,0,0,0,0,,0,alta,alta,api_football_events
1489394,2026-06-21,World Cup 2026,12,Japan,28,Tunisia,72155.0,A. Ueda,,,subst,Substitution 5,84,,0,0,0,0,0,0,,1,alta,alta,api_football_events
1489394,2026-06-21,World Cup 2026,28,Tunisia,12,Japan,49583.0,A. Abdi,,,subst,Substitution 4,90,1.0,0,0,0,0,0,0,,1,alta,alta,api_football_events
1489394,2026-06-21,World Cup 2026,28,Tunisia,12,Japan,21587.0,E. Skhiri,,,subst,Substitution 5,90,1.0,0,0,0,0,0,0,,1,alta,alta,api_football_events
1489397,2026-06-21,World Cup 2026,9,Spain,23,Saudi Arabia,386828.0,Lamine Yamal,47323.0,M. Oyarzabal,Goal,Normal Goal,10,,1,1,0,0,0,0,,0,alta,alta,api_football_events
1489397,2026-06-21,World Cup 2026,9,Spain,23,Saudi Arabia,47323.0,M. Oyarzabal,622.0,A. Laporte,Goal,Normal Goal,21,,1,1,0,0,0,0,,0,alta,alta,api_football_events
1489397,2026-06-21,World Cup 2026,9,Spain,23,Saudi Arabia,47323.0,M. Oyarzabal,1323.0,D. Olmo,Goal,Normal Goal,24,,1,1,0,0,0,0,,0,alta,alta,api_football_events
1489397,2026-06-21,World Cup 2026,23,Saudi Arabia,9,Spain,44340.0,Salem Al-Dawsari,,,Card,Yellow Card,30,,0,0,0,0,0,1,Yellow Card,0,alta,alta,api_football_events
1489397,2026-06-21,World Cup 2026,9,Spain,23,Saudi Arabia,47323.0,M. Oyarzabal,,,subst,Substitution 1,46,,0,0,0,0,0,0,,1,alta,alta,api_football_events
1489397,2026-06-21,World Cup 2026,9,Spain,23,Saudi Arabia,386828.0,Lamine Yamal,,,subst,Substitution 2,46,,0,0,0,0,0,0,,1,alta,alta,api_football_events
1489397,2026-06-21,World Cup 2026,23,Saudi Arabia,9,Spain,44315.0,A. Al Khaibari,,,subst,Substitution 1,46,,0,0,0,0,0,0,,1,alta,alta,api_football_events
1489397,2026-06-21,World Cup 2026,23,Saudi Arabia,9,Spain,306380.0,M. Al Juwayr,,,subst,Substitution 2,46,,0,0,0,0,0,0,,1,alta,alta,api_football_events
1489397,2026-06-21,World Cup 2026,9,Spain,23,Saudi Arabia,44362.0,H. Tambakti,,,Goal,Own Goal,49,,0,0,0,0,1,0,,0,alta,alta,api_football_events
1489397,2026-06-21,World Cup 2026,23,Saudi Arabia,9,Spain,44349.0,Mohamed Kanno,,,Card,Yellow Card,60,,0,0,0,0,0,1,Yellow Card,0,alta,alta,api_football_events
1489397,2026-06-21,World Cup 2026,23,Saudi Arabia,9,Spain,44475.0,A. Al Amri,,,subst,Substitution 3,60,,0,0,0,0,0,0,,1,alta,alta,api_football_events
1489397,2026-06-21,World Cup 2026,23,Saudi Arabia,9,Spain,44324.0,F. Al Buraikan,,,subst,Substitution 4,60,,0,0,0,0,0,0,,1,alta,alta,api_football_events
1489397,2026-06-21,World Cup 2026,9,Spain,23,Saudi Arabia,1323.0,D. Olmo,,,subst,Substitution 3,61,,0,0,0,0,0,0,,1,alta,alta,api_football_events
1489397,2026-06-21,World Cup 2026,9,Spain,23,Saudi Arabia,182219.0,A. Baena,,,subst,Substitution 4,61,,0,0,0,0,0,0,,1,alta,alta,api_football_events
1489397,2026-06-21,World Cup 2026,9,Spain,23,Saudi Arabia,133609.0,Pedri,,,subst,Substitution 5,70,,0,0,0,0,0,0,,1,alta,alta,api_football_events
1489397,2026-06-21,World Cup 2026,9,Spain,23,Saudi Arabia,931.0,Ferran Torres,,,Var,Goal cancelled,90,5.0,0,0,0,0,0,0,,0,alta,media,api_football_events
1489397,2026-06-21,World Cup 2026,23,Saudi Arabia,9,Spain,44339.0,N. Al Dawsari,,,subst,Substitution 5,90,,0,0,0,0,0,0,,1,alta,alta,api_football_events
1489395,2026-06-21,World Cup 2026,1,Belgium,22,Iran,907.0,Romelu Lukaku,,,Card,Yellow Card,3,,0,0,0,0,0,1,Yellow Card,0,alta,alta,api_football_events
1489395,2026-06-21,World Cup 2026,22,Iran,1,Belgium,42315.0,Mehdi Taremi,,,Var,Goal cancelled,27,,0,0,0,0,0,0,,0,alta,media,api_football_events
1489395,2026-06-21,World Cup 2026,22,Iran,1,Belgium,19614.0,Saeid Ezatolahi,,,Card,Yellow Card,33,,0,0,0,0,0,1,Yellow Card,0,alta,alta,api_football_events
1489395,2026-06-21,World Cup 2026,22,Iran,1,Belgium,136880.0,S. Hardani,,,subst,Substitution 1,46,,0,0,0,0,0,0,,1,alta,alta,api_football_events
1489395,2026-06-21,World Cup 2026,1,Belgium,22,Iran,2120.0,N. Raskin,,,subst,Substitution 1,58,,0,0,0,0,0,0,,1,alta,alta,api_football_events
1489395,2026-06-21,World Cup 2026,1,Belgium,22,Iran,264.0,T. Meunier,,,subst,Substitution 2,58,,0,0,0,0,0,0,,1,alta,alta,api_football_events
1489395,2026-06-21,World Cup 2026,1,Belgium,22,Iran,1417.0,A. Saelemaekers,,,subst,Substitution 3,58,,0,0,0,0,0,0,,1,alta,alta,api_football_events
1489395,2026-06-21,World Cup 2026,1,Belgium,22,Iran,312964.0,Nathan Ngoy,,,Card,Red Card,66,,0,0,0,0,0,1,Red Card,0,alta,alta,api_football_events
1489395,2026-06-21,World Cup 2026,22,Iran,1,Belgium,134217.0,M. Mohebi,,,subst,Substitution 2,66,,0,0,0,0,0,0,,1,alta,alta,api_football_events
1489395,2026-06-21,World Cup 2026,22,Iran,1,Belgium,2685.0,E. Hajsafi,,,subst,Substitution 3,66,,0,0,0,0,0,0,,1,alta,alta,api_football_events
1489395,2026-06-21,World Cup 2026,1,Belgium,22,Iran,907.0,R. Lukaku,,,subst,Substitution 4,73,,0,0,0,0,0,0,,1,alta,alta,api_football_events
1489395,2026-06-21,World Cup 2026,22,Iran,1,Belgium,2699.0,S. Ghoddos,,,subst,Substitution 4,79,,0,0,0,0,0,0,,1,alta,alta,api_football_events
1489395,2026-06-21,World Cup 2026,22,Iran,1,Belgium,19614.0,S. Ezatolahi,,,subst,Substitution 5,85,,0,0,0,0,0,0,,1,alta,alta,api_football_events
1489395,2026-06-21,World Cup 2026,1,Belgium,22,Iran,629.0,K. De Bruyne,,,subst,Substitution 5,87,,0,0,0,0,0,0,,1,alta,alta,api_football_events
1489398,2026-06-21,World Cup 2026,1533,Cape Verde Islands,7,Uruguay,308689.0,Sidny Lopes Cabral,,,Card,Yellow Card,5,,0,0,0,0,0,1,Yellow Card,0,alta,alta,api_football_events
1489398,2026-06-21,World Cup 2026,7,Uruguay,1533,Cape Verde Islands,863.0,Rodrigo Bentancur,,,Card,Yellow Card,20,,0,0,0,0,0,1,Yellow Card,0,alta,alta,api_football_events
1489398,2026-06-21,World Cup 2026,1533,Cape Verde Islands,7,Uruguay,96512.0,K. Lenini,,,Goal,Normal Goal,21,,1,0,0,0,0,0,,0,alta,alta,api_football_events
1489398,2026-06-21,World Cup 2026,7,Uruguay,1533,Cape Verde Islands,51776.0,M. Araujo,,,Goal,Normal Goal,44,,1,0,0,0,0,0,,0,alta,alta,api_football_events
1489398,2026-06-21,World Cup 2026,7,Uruguay,1533,Cape Verde Islands,51603.0,A. Canobbio,51776.0,M. Araujo,Goal,Normal Goal,45,,1,1,0,0,0,0,,0,alta,alta,api_football_events
1489398,2026-06-21,World Cup 2026,1533,Cape Verde Islands,7,Uruguay,265556.0,T. Arcanjo,,,subst,Substitution 1,46,,0,0,0,0,0,0,,1,alta,alta,api_football_events
1489398,2026-06-21,World Cup 2026,7,Uruguay,1533,Cape Verde Islands,47254.0,Mathías Olivera,,,Card,Yellow Card,58,,0,0,0,0,0,1,Yellow Card,0,alta,alta,api_football_events
1489398,2026-06-21,World Cup 2026,1533,Cape Verde Islands,7,Uruguay,44612.0,G. Rodrigues,,,subst,Substitution 2,58,,0,0,0,0,0,0,,1,alta,alta,api_football_events
1489398,2026-06-21,World Cup 2026,1533,Cape Verde Islands,7,Uruguay,309182.0,Benchimol,,,subst,Substitution 3,58,,0,0,0,0,0,0,,1,alta,alta,api_football_events
1489398,2026-06-21,World Cup 2026,1533,Cape Verde Islands,7,Uruguay,291024.0,H. Varela,,,Goal,Normal Goal,61,,1,0,0,0,0,0,,0,alta,alta,api_football_events
1489398,2026-06-21,World Cup 2026,7,Uruguay,1533,Cape Verde Islands,51776.0,Maximiliano Araújo,,,Var,Goal cancelled,69,,0,0,0,0,0,0,,0,alta,media,api_football_events
1489398,2026-06-21,World Cup 2026,7,Uruguay,1533,Cape Verde Islands,51530.0,F. Vinas,,,subst,Substitution 1,70,,0,0,0,0,0,0,,1,alta,alta,api_football_events
1489398,2026-06-21,World Cup 2026,7,Uruguay,1533,Cape Verde Islands,51494.0,M. Ugarte,,,subst,Substitution 2,70,,0,0,0,0,0,0,,1,alta,alta,api_football_events
1489398,2026-06-21,World Cup 2026,1533,Cape Verde Islands,7,Uruguay,96512.0,K. Lenini,,,subst,Substitution 4,71,,0,0,0,0,0,0,,1,alta,alta,api_football_events
1489398,2026-06-21,World Cup 2026,1533,Cape Verde Islands,7,Uruguay,50745.0,J. Monteiro,,,subst,Substitution 5,80,,0,0,0,0,0,0,,1,alta,alta,api_football_events
1489398,2026-06-21,World Cup 2026,7,Uruguay,1533,Cape Verde Islands,51776.0,M. Araujo,,,subst,Substitution 3,81,,0,0,0,0,0,0,,1,alta,alta,api_football_events
1489398,2026-06-21,World Cup 2026,1533,Cape Verde Islands,7,Uruguay,41608.0,Diney Borges,,,Card,Yellow Card,90,3.0,0,0,0,0,0,1,Yellow Card,0,alta,alta,api_football_events
1489396,2026-06-22,World Cup 2026,4673,New Zealand,32,Egypt,210165.0,F. Surman,94346.0,T. Payne,Goal,Normal Goal,15,,1,1,0,0,0,0,,0,alta,alta,api_football_events
1489396,2026-06-22,World Cup 2026,32,Egypt,4673,New Zealand,16841.0,Mohanad Lasheen,,,Card,Yellow Card,17,,0,0,0,0,0,1,Yellow Card,0,alta,alta,api_football_events
1489396,2026-06-22,World Cup 2026,4673,New Zealand,32,Egypt,6935.0,Sarpreet Singh,,,Card,Yellow Card,20,,0,0,0,0,0,1,Yellow Card,0,alta,alta,api_football_events
1489396,2026-06-22,World Cup 2026,4673,New Zealand,32,Egypt,94322.0,Callum McCowatt,,,Card,Yellow Card,34,,0,0,0,0,0,1,Yellow Card,0,alta,alta,api_football_events
1489396,2026-06-22,World Cup 2026,32,Egypt,4673,New Zealand,16813.0,H. Fathy,,,subst,Substitution 1,41,,0,0,0,0,0,0,,1,alta,alta,api_football_events
1489396,2026-06-22,World Cup 2026,32,Egypt,4673,New Zealand,395075.0,M. Ziko,2654.0,M. Hany,Goal,Normal Goal,58,,1,1,0,0,0,0,,0,alta,alta,api_football_events
1489396,2026-06-22,World Cup 2026,4673,New Zealand,32,Egypt,94322.0,C. McCowatt,,,subst,Substitution 1,66,,0,0,0,0,0,0,,1,alta,alta,api_football_events
1489396,2026-06-22,World Cup 2026,32,Egypt,4673,New Zealand,306.0,M. Salah,395075.0,M. Ziko,Goal,Normal Goal,67,,1,1,0,0,0,0,,0,alta,alta,api_football_events
1489396,2026-06-22,World Cup 2026,4673,New Zealand,32,Egypt,6935.0,S. Singh,,,subst,Substitution 2,76,,0,0,0,0,0,0,,1,alta,alta,api_football_events
1489396,2026-06-22,World Cup 2026,4673,New Zealand,32,Egypt,6931.0,L. Cacace,,,subst,Substitution 3,76,,0,0,0,0,0,0,,1,alta,alta,api_football_events
1489396,2026-06-22,World Cup 2026,32,Egypt,4673,New Zealand,81573.0,O. Marmoush,,,subst,Substitution 2,76,,0,0,0,0,0,0,,1,alta,alta,api_football_events
1489396,2026-06-22,World Cup 2026,32,Egypt,4673,New Zealand,395075.0,M. Ziko,,,subst,Substitution 3,76,,0,0,0,0,0,0,,1,alta,alta,api_football_events
1489396,2026-06-22,World Cup 2026,32,Egypt,4673,New Zealand,2664.0,Trezeguet,306.0,M. Salah,Goal,Normal Goal,82,,1,1,0,0,0,0,,0,alta,alta,api_football_events
1489396,2026-06-22,World Cup 2026,4673,New Zealand,32,Egypt,94333.0,E. Just,,,subst,Substitution 4,85,,0,0,0,0,0,0,,1,alta,alta,api_football_events
1489396,2026-06-22,World Cup 2026,4673,New Zealand,32,Egypt,94346.0,T. Payne,,,subst,Substitution 5,85,,0,0,0,0,0,0,,1,alta,alta,api_football_events
1489396,2026-06-22,World Cup 2026,32,Egypt,4673,New Zealand,17269.0,E. Ashour,,,subst,Substitution 4,85,,0,0,0,0,0,0,,1,alta,alta,api_football_events
1489396,2026-06-22,World Cup 2026,32,Egypt,4673,New Zealand,306.0,M. Salah,,,subst,Substitution 5,85,,0,0,0,0,0,0,,1,alta,alta,api_football_events
1489396,2026-06-22,World Cup 2026,32,Egypt,4673,New Zealand,,,,,subst,Substitution 6,90,9.0,0,0,0,0,0,0,,1,alta,alta,api_football_events
1489399,2026-06-22,World Cup 2026,26,Argentina,775,Austria,217.0,Lautaro Martínez,,,Var,Penalty confirmed,7,,0,0,0,0,0,0,,0,alta,media,api_football_events
1489399,2026-06-22,World Cup 2026,26,Argentina,775,Austria,154.0,Lionel Messi,,,Goal,Missed Penalty,9,,0,0,0,1,0,0,,0,alta,alta,api_football_events
1489399,2026-06-22,World Cup 2026,26,Argentina,775,Austria,154.0,L. Messi,6231.0,F. Medina,Goal,Normal Goal,38,,1,1,0,0,0,0,,0,alta,alta,api_football_events
1489399,2026-06-22,World Cup 2026,775,Austria,26,Argentina,711.0,Stefan Posch,,,Card,Yellow Card,40,,0,0,0,0,0,1,Yellow Card,0,alta,alta,api_football_events
1489399,2026-06-22,World Cup 2026,26,Argentina,775,Austria,30776.0,C. Romero,,,subst,Substitution 1,57,,0,0,0,0,0,0,,1,alta,alta,api_football_events
1489399,2026-06-22,World Cup 2026,26,Argentina,775,Austria,6067.0,T. Almada,,,subst,Substitution 2,64,,0,0,0,0,0,0,,1,alta,alta,api_football_events
1489399,2026-06-22,World Cup 2026,26,Argentina,775,Austria,217.0,L. Martinez,,,subst,Substitution 3,65,,0,0,0,0,0,0,,1,alta,alta,api_football_events
1489399,2026-06-22,World Cup 2026,775,Austria,26,Argentina,505.0,D. Alaba,,,subst,Substitution 1,67,,0,0,0,0,0,0,,1,alta,alta,api_football_events
1489399,2026-06-22,World Cup 2026,775,Austria,26,Argentina,327895.0,P. Wanner,,,subst,Substitution 2,68,,0,0,0,0,0,0,,1,alta,alta,api_football_events
1489399,2026-06-22,World Cup 2026,775,Austria,26,Argentina,711.0,S. Posch,,,subst,Substitution 3,68,,0,0,0,0,0,0,,1,alta,alta,api_football_events
1489399,2026-06-22,World Cup 2026,26,Argentina,775,Austria,6231.0,Facundo Medina,,,Card,Yellow Card,76,,0,0,0,0,0,1,Yellow Card,0,alta,alta,api_football_events
1489399,2026-06-22,World Cup 2026,775,Austria,26,Argentina,1157.0,Konrad Laimer,,,Card,Yellow Card,76,,0,0,0,0,0,1,Yellow Card,0,alta,alta,api_football_events
1489399,2026-06-22,World Cup 2026,775,Austria,26,Argentina,7562.0,R. Schmid,,,subst,Substitution 4,78,,0,0,0,0,0,0,,1,alta,alta,api_football_events
1489399,2026-06-22,World Cup 2026,26,Argentina,775,Austria,2472.0,R. de Paul,,,subst,Substitution 4,82,,0,0,0,0,0,0,,1,alta,alta,api_football_events
1489399,2026-06-22,World Cup 2026,26,Argentina,775,Austria,6231.0,F. Medina,,,subst,Substitution 5,82,,0,0,0,0,0,0,,1,alta,alta,api_football_events
1489399,2026-06-22,World Cup 2026,775,Austria,26,Argentina,25297.0,M. Gregoritsch,,,subst,Substitution 5,85,,0,0,0,0,0,0,,1,alta,alta,api_football_events
1489399,2026-06-22,World Cup 2026,26,Argentina,775,Austria,271.0,Leandro Paredes,,,Card,Yellow Card,90,2.0,0,0,0,0,0,1,Yellow Card,0,alta,alta,api_football_events
1489399,2026-06-22,World Cup 2026,26,Argentina,775,Austria,154.0,L. Messi,,,Goal,Normal Goal,90,,1,0,0,0,0,0,,0,alta,alta,api_football_events
1539017,2026-06-22,World Cup 2026,1567,Iraq,2,France,47792.0,Amir Al-Ammari,,,Card,Yellow Card,6,,0,0,0,0,0,1,Yellow Card,0,alta,alta,api_football_events
1539017,2026-06-22,World Cup 2026,2,France,1567,Iraq,278.0,K. Mbappe,19617.0,M. Olise,Goal,Normal Goal,14,,1,1,0,0,0,0,,0,alta,alta,api_football_events
1539017,2026-06-22,World Cup 2026,1567,Iraq,2,France,49451.0,A. Hussein,,,subst,Substitution 1,26,,0,0,0,0,0,0,,1,alta,alta,api_football_events
1539017,2026-06-22,World Cup 2026,2,France,1567,Iraq,278.0,K. Mbappe,153.0,O. Dembele,Goal,Normal Goal,54,,1,1,0,0,0,0,,0,alta,alta,api_football_events
1539017,2026-06-22,World Cup 2026,1567,Iraq,2,France,296373.0,Z. Tahseen,,,subst,Substitution 2,60,,0,0,0,0,0,0,,1,alta,alta,api_football_events
1539017,2026-06-22,World Cup 2026,1567,Iraq,2,France,626479.0,Z. Ismaeel,,,subst,Substitution 3,60,,0,0,0,0,0,0,,1,alta,alta,api_football_events
1539017,2026-06-22,World Cup 2026,2,France,1567,Iraq,153.0,O. Dembele,19617.0,M. Olise,Goal,Normal Goal,66,,1,1,0,0,0,0,,0,alta,alta,api_football_events
1539017,2026-06-22,World Cup 2026,2,France,1567,Iraq,19617.0,M. Olise,,,subst,Substitution 1,68,,0,0,0,0,0,0,,1,alta,alta,api_football_events
1539017,2026-06-22,World Cup 2026,2,France,1567,Iraq,153.0,O. Dembele,,,subst,Substitution 2,68,,0,0,0,0,0,0,,1,alta,alta,api_football_events
1539017,2026-06-22,World Cup 2026,1567,Iraq,2,France,47792.0,A. Al Ammari,,,subst,Substitution 4,68,,0,0,0,0,0,0,,1,alta,alta,api_football_events
1539017,2026-06-22,World Cup 2026,1567,Iraq,2,France,140747.0,I. Bayesh,,,subst,Substitution 5,69,,0,0,0,0,0,0,,1,alta,alta,api_football_events
1539017,2026-06-22,World Cup 2026,2,France,1567,Iraq,1257.0,J. Kounde,,,subst,Substitution 3,83,,0,0,0,0,0,0,,1,alta,alta,api_football_events
1539017,2026-06-22,World Cup 2026,2,France,1567,Iraq,161904.0,B. Barcola,,,subst,Substitution 4,83,,0,0,0,0,0,0,,1,alta,alta,api_football_events
1539017,2026-06-22,World Cup 2026,2,France,1567,Iraq,278.0,K. Mbappe,,,subst,Substitution 5,90,1.0,0,0,0,0,0,0,,1,alta,alta,api_football_events
1489401,2026-06-23,World Cup 2026,1090,Norway,13,Senegal,24845.0,J. Ryerson,,,subst,Substitution 1,13,,0,0,0,0,0,0,,1,alta,alta,api_football_events
1489401,2026-06-23,World Cup 2026,1090,Norway,13,Senegal,39362.0,M. Pedersen,,,Goal,Normal Goal,43,,1,0,0,0,0,0,,0,alta,alta,api_football_events
1489401,2026-06-23,World Cup 2026,1090,Norway,13,Senegal,39043.0,F. Aursnes,,,subst,Substitution 2,46,,0,0,0,0,0,0,,1,alta,alta,api_football_events
1489401,2026-06-23,World Cup 2026,1090,Norway,13,Senegal,1100.0,E. Haaland,37127.0,M. Odegaard,Goal,Normal Goal,48,,1,1,0,0,0,0,,0,alta,alta,api_football_events
1489401,2026-06-23,World Cup 2026,13,Senegal,1090,Norway,2218.0,I. Sarr,304.0,S. Mane,Goal,Normal Goal,53,,1,1,0,0,0,0,,0,alta,alta,api_football_events
1489401,2026-06-23,World Cup 2026,13,Senegal,1090,Norway,409303.0,M. Diouf,,,subst,Substitution 1,54,,0,0,0,0,0,0,,1,alta,alta,api_football_events
1489401,2026-06-23,World Cup 2026,13,Senegal,1090,Norway,20696.0,P. Gueye,,,subst,Substitution 2,54,,0,0,0,0,0,0,,1,alta,alta,api_football_events
1489401,2026-06-23,World Cup 2026,1090,Norway,13,Senegal,1100.0,E. Haaland,39064.0,P. Berg,Goal,Normal Goal,58,,1,1,0,0,0,0,,0,alta,alta,api_football_events
1489401,2026-06-23,World Cup 2026,13,Senegal,1090,Norway,2986.0,E. Mendy,,,subst,Substitution 3,63,,0,0,0,0,0,0,,1,alta,alta,api_football_events
1489401,2026-06-23,World Cup 2026,13,Senegal,1090,Norway,374058.0,L. Camara,,,subst,Substitution 4,63,,0,0,0,0,0,0,,1,alta,alta,api_football_events
1489401,2026-06-23,World Cup 2026,1090,Norway,13,Senegal,314511.0,A. Nusa,,,subst,Substitution 3,71,,0,0,0,0,0,0,,1,alta,alta,api_football_events
1489401,2026-06-23,World Cup 2026,13,Senegal,1090,Norway,318.0,K. Koulibaly,,,subst,Substitution 5,72,,0,0,0,0,0,0,,1,alta,alta,api_football_events
1489401,2026-06-23,World Cup 2026,1090,Norway,13,Senegal,8492.0,A. Sorloth,,,subst,Substitution 4,84,,0,0,0,0,0,0,,1,alta,alta,api_football_events
1489401,2026-06-23,World Cup 2026,1090,Norway,13,Senegal,39254.0,T. Heggem,,,subst,Substitution 5,84,,0,0,0,0,0,0,,1,alta,alta,api_football_events
1489401,2026-06-23,World Cup 2026,13,Senegal,1090,Norway,2218.0,I. Sarr,283058.0,N. Jackson,Goal,Normal Goal,90,,1,1,0,0,0,0,,0,alta,alta,api_football_events
1489400,2026-06-23,World Cup 2026,1548,Jordan,1532,Algeria,213980.0,N. Al Rashdan,15286.0,M. Tamari,Goal,Normal Goal,36,,1,1,0,0,0,0,,0,alta,alta,api_football_events
1489400,2026-06-23,World Cup 2026,1532,Algeria,1548,Jordan,129047.0,Ramiz Zerrouki,,,Card,Yellow Card,44,,0,0,0,0,0,1,Yellow Card,0,alta,alta,api_football_events
1489400,2026-06-23,World Cup 2026,1532,Algeria,1548,Jordan,129047.0,R. Zerrouki,,,subst,Substitution 1,46,,0,0,0,0,0,0,,1,alta,alta,api_football_events
1489400,2026-06-23,World Cup 2026,1532,Algeria,1548,Jordan,4399.0,H. Boudaoui,,,subst,Substitution 2,46,,0,0,0,0,0,0,,1,alta,alta,api_football_events
1489400,2026-06-23,World Cup 2026,1548,Jordan,1532,Algeria,543035.0,Husam Ali Mohammad Abudahab,,,Card,Yellow Card,64,,0,0,0,0,0,1,Yellow Card,0,alta,alta,api_football_events
1489400,2026-06-23,World Cup 2026,1532,Algeria,1548,Jordan,292924.0,N. Benbouali,635.0,R. Mahrez,Goal,Normal Goal,69,,1,1,0,0,0,0,,0,alta,alta,api_football_events
1489400,2026-06-23,World Cup 2026,1548,Jordan,1532,Algeria,123530.0,M. Al Mardi,,,subst,Substitution 1,76,,0,0,0,0,0,0,,1,alta,alta,api_football_events
1489400,2026-06-23,World Cup 2026,1532,Algeria,1548,Jordan,635.0,R. Mahrez,,,subst,Substitution 3,76,,0,0,0,0,0,0,,1,alta,alta,api_football_events
1489400,2026-06-23,World Cup 2026,1532,Algeria,1548,Jordan,85041.0,A. Gouiri,,,Goal,Normal Goal,82,,1,0,0,0,0,0,,0,alta,alta,api_football_events
1489400,2026-06-23,World Cup 2026,1532,Algeria,1548,Jordan,85041.0,Amine Gouiri,,,Var,Goal confirmed,84,,0,0,0,0,0,0,,0,alta,media,api_football_events
1489400,2026-06-23,World Cup 2026,1548,Jordan,1532,Algeria,15286.0,M. Tamari,,,subst,Substitution 2,84,,0,0,0,0,0,0,,1,alta,alta,api_football_events
1489400,2026-06-23,World Cup 2026,1548,Jordan,1532,Algeria,310785.0,M. Abu Taha,,,subst,Substitution 3,85,,0,0,0,0,0,0,,1,alta,alta,api_football_events
1489400,2026-06-23,World Cup 2026,1532,Algeria,1548,Jordan,21138.0,R. Ait-Nouri,,,subst,Substitution 4,85,,0,0,0,0,0,0,,1,alta,alta,api_football_events
1489400,2026-06-23,World Cup 2026,1532,Algeria,1548,Jordan,85041.0,A. Gouiri,,,subst,Substitution 5,86,,0,0,0,0,0,0,,1,alta,alta,api_football_events
1489400,2026-06-23,World Cup 2026,1548,Jordan,1532,Algeria,542822.0,H. Abu Dahab,,,subst,Substitution 4,90,1.0,0,0,0,0,0,0,,1,alta,alta,api_football_events
1489400,2026-06-23,World Cup 2026,1548,Jordan,1532,Algeria,164026.0,A. Olwan,,,subst,Substitution 5,90,2.0,0,0,0,0,0,0,,1,alta,alta,api_football_events
1489404,2026-06-23,World Cup 2026,27,Portugal,1568,Uzbekistan,874.0,C. Ronaldo,855.0,J. Cancelo,Goal,Normal Goal,6,,1,1,0,0,0,0,,0,alta,alta,api_football_events
1489404,2026-06-23,World Cup 2026,1568,Uzbekistan,27,Portugal,53835.0,Odiljon Khamrobekov,,,Card,Yellow Card,14,,0,0,0,0,0,1,Yellow Card,0,alta,alta,api_football_events
1489404,2026-06-23,World Cup 2026,27,Portugal,1568,Uzbekistan,263482.0,N. Mendes,,,Goal,Normal Goal,17,,1,0,0,0,0,0,,0,alta,alta,api_football_events
1489404,2026-06-23,World Cup 2026,1568,Uzbekistan,27,Portugal,73520.0,Azizjon Ganiev,,,Var,Goal cancelled,30,,0,0,0,0,0,0,,0,alta,media,api_football_events
1489404,2026-06-23,World Cup 2026,27,Portugal,1568,Uzbekistan,874.0,C. Ronaldo,1485.0,B. Fernandes,Goal,Normal Goal,39,,1,1,0,0,0,0,,0,alta,alta,api_football_events
1489404,2026-06-23,World Cup 2026,27,Portugal,1568,Uzbekistan,855.0,J. Cancelo,,,subst,Substitution 1,46,,0,0,0,0,0,0,,1,alta,alta,api_football_events
1489404,2026-06-23,World Cup 2026,27,Portugal,1568,Uzbekistan,1864.0,P. Neto,,,subst,Substitution 2,46,,0,0,0,0,0,0,,1,alta,alta,api_football_events
1489404,2026-06-23,World Cup 2026,1568,Uzbekistan,27,Portugal,73514.0,S. Nasrullaev,,,subst,Substitution 1,46,,0,0,0,0,0,0,,1,alta,alta,api_football_events
1489404,2026-06-23,World Cup 2026,1568,Uzbekistan,27,Portugal,53835.0,O. Khamrobekov,,,subst,Substitution 2,46,,0,0,0,0,0,0,,1,alta,alta,api_football_events
1489404,2026-06-23,World Cup 2026,27,Portugal,1568,Uzbekistan,73507.0,A. Nematov,,,Goal,Own Goal,60,,0,0,0,0,1,0,,0,alta,alta,api_football_events
1489404,2026-06-23,World Cup 2026,27,Portugal,1568,Uzbekistan,583.0,Joao Felix,,,subst,Substitution 3,63,,0,0,0,0,0,0,,1,alta,alta,api_football_events
1489404,2026-06-23,World Cup 2026,27,Portugal,1568,Uzbekistan,336671.0,Renato Veiga,,,Card,Yellow Card,68,,0,0,0,0,0,1,Yellow Card,0,alta,alta,api_football_events
1489404,2026-06-23,World Cup 2026,1568,Uzbekistan,27,Portugal,263676.0,A. Fayzullaev,,,subst,Substitution 3,73,,0,0,0,0,0,0,,1,alta,alta,api_football_events
1489404,2026-06-23,World Cup 2026,27,Portugal,1568,Uzbekistan,335051.0,J. Neves,,,subst,Substitution 4,76,,0,0,0,0,0,0,,1,alta,alta,api_football_events
1489404,2026-06-23,World Cup 2026,27,Portugal,1568,Uzbekistan,128384.0,Vitinha,,,subst,Substitution 5,83,,0,0,0,0,0,0,,1,alta,alta,api_football_events
1489404,2026-06-23,World Cup 2026,27,Portugal,1568,Uzbekistan,22236.0,R. Leao,,,Goal,Normal Goal,87,,1,0,0,0,0,0,,0,alta,alta,api_football_events
1489404,2026-06-23,World Cup 2026,1568,Uzbekistan,27,Portugal,416964.0,B. Karimov,,,subst,Substitution 4,90,2.0,0,0,0,0,0,0,,1,alta,alta,api_football_events
1489404,2026-06-23,World Cup 2026,1568,Uzbekistan,27,Portugal,50272.0,O. Shukurov,,,subst,Substitution 5,90,2.0,0,0,0,0,0,0,,1,alta,alta,api_football_events
1489402,2026-06-23,World Cup 2026,10,England,1504,Ghana,2937.0,Declan Rice,,,Card,Yellow Card,41,,0,0,0,0,0,1,Yellow Card,0,alta,alta,api_football_events
1489402,2026-06-23,World Cup 2026,1504,Ghana,10,England,47294.0,Iñaki Williams,,,Card,Yellow Card,60,,0,0,0,0,0,1,Yellow Card,0,alta,alta,api_football_events
1489402,2026-06-23,World Cup 2026,10,England,1504,Ghana,138787.0,A. Gordon,,,subst,Substitution 1,65,,0,0,0,0,0,0,,1,alta,alta,api_football_events
1489402,2026-06-23,World Cup 2026,10,England,1504,Ghana,19235.0,D. Spence,,,subst,Substitution 2,66,,0,0,0,0,0,0,,1,alta,alta,api_football_events
1489402,2026-06-23,World Cup 2026,1504,Ghana,10,England,47294.0,I. Williams,,,subst,Substitution 1,66,,0,0,0,0,0,0,,1,alta,alta,api_football_events
1489402,2026-06-23,World Cup 2026,1504,Ghana,10,England,3428.0,J. Ayew,,,subst,Substitution 2,67,,0,0,0,0,0,0,,1,alta,alta,api_football_events
1489402,2026-06-23,World Cup 2026,10,England,1504,Ghana,129718.0,J. Bellingham,,,subst,Substitution 3,73,,0,0,0,0,0,0,,1,alta,alta,api_football_events
1489402,2026-06-23,World Cup 2026,10,England,1504,Ghana,138908.0,E. Anderson,,,subst,Substitution 4,74,,0,0,0,0,0,0,,1,alta,alta,api_football_events
1489402,2026-06-23,World Cup 2026,10,England,1504,Ghana,136723.0,N. Madueke,,,subst,Substitution 5,83,,0,0,0,0,0,0,,1,alta,alta,api_football_events
1489402,2026-06-23,World Cup 2026,1504,Ghana,10,England,191240.0,M. Senaya,,,subst,Substitution 3,87,,0,0,0,0,0,0,,1,alta,alta,api_football_events
1489402,2026-06-23,World Cup 2026,1504,Ghana,10,England,,,,,subst,Substitution 4,90,5.0,0,0,0,0,0,0,,1,alta,alta,api_football_events
1489403,2026-06-23,World Cup 2026,3,Croatia,11,Panama,129033.0,J. Gvardiol,,,subst,Substitution 1,46,,0,0,0,0,0,0,,1,alta,alta,api_football_events
1489403,2026-06-23,World Cup 2026,3,Croatia,11,Panama,66055.0,P. Musa,,,subst,Substitution 2,46,,0,0,0,0,0,0,,1,alta,alta,api_football_events
1489403,2026-06-23,World Cup 2026,3,Croatia,11,Panama,46746.0,A. Budimir,125171.0,J. Stanisic,Goal,Normal Goal,54,,1,1,0,0,0,0,,0,alta,alta,api_football_events
1489403,2026-06-23,World Cup 2026,11,Panama,3,Croatia,46855.0,Yoel Bárcenas,,,Card,Yellow Card,61,,0,0,0,0,0,1,Yellow Card,0,alta,alta,api_football_events
1489403,2026-06-23,World Cup 2026,3,Croatia,11,Panama,260865.0,M. Pasalic,,,subst,Substitution 3,72,,0,0,0,0,0,0,,1,alta,alta,api_football_events
1489403,2026-06-23,World Cup 2026,3,Croatia,11,Panama,2291.0,M. Kovacic,,,subst,Substitution 4,72,,0,0,0,0,0,0,,1,alta,alta,api_football_events
1489403,2026-06-23,World Cup 2026,11,Panama,3,Croatia,57667.0,J. Ramos,,,subst,Substitution 1,77,,0,0,0,0,0,0,,1,alta,alta,api_football_events
1489403,2026-06-23,World Cup 2026,3,Croatia,11,Panama,754.0,L. Modric,,,subst,Substitution 5,81,,0,0,0,0,0,0,,1,alta,alta,api_football_events
1489403,2026-06-23,World Cup 2026,11,Panama,3,Croatia,2983.0,J. Fajardo,,,subst,Substitution 2,83,,0,0,0,0,0,0,,1,alta,alta,api_football_events
1489403,2026-06-23,World Cup 2026,3,Croatia,11,Panama,348205.0,Petar Sučić,,,Card,Yellow Card,90,2.0,0,0,0,0,0,1,Yellow Card,0,alta,alta,api_football_events
1489403,2026-06-23,World Cup 2026,11,Panama,3,Croatia,46855.0,Y. Barcenas,,,subst,Substitution 3,90,,0,0,0,0,0,0,,1,alta,alta,api_football_events
1489403,2026-06-23,World Cup 2026,11,Panama,3,Croatia,2975.0,C. Blackman,,,subst,Substitution 4,90,,0,0,0,0,0,0,,1,alta,alta,api_football_events
1539008,2026-06-24,World Cup 2026,1508,Congo DR,8,Colombia,375598.0,N. Mukau,,,subst,Substitution 1,46,,0,0,0,0,0,0,,1,alta,alta,api_football_events
1539008,2026-06-24,World Cup 2026,8,Colombia,1508,Congo DR,1929.0,Jhon Lucumí,,,Card,Yellow Card,56,,0,0,0,0,0,1,Yellow Card,0,alta,alta,api_football_events
1539008,2026-06-24,World Cup 2026,1508,Congo DR,8,Colombia,3033.0,C. Bakambu,,,subst,Substitution 2,57,,0,0,0,0,0,0,,1,alta,alta,api_football_events
1539008,2026-06-24,World Cup 2026,8,Colombia,1508,Congo DR,47237.0,L. Suarez,,,subst,Substitution 1,58,,0,0,0,0,0,0,,1,alta,alta,api_football_events
1539008,2026-06-24,World Cup 2026,8,Colombia,1508,Congo DR,517.0,J. Rodriguez,,,subst,Substitution 2,58,,0,0,0,0,0,0,,1,alta,alta,api_football_events
1539008,2026-06-24,World Cup 2026,1508,Congo DR,8,Colombia,18816.0,A. Masuaku,,,subst,Substitution 3,72,,0,0,0,0,0,0,,1,alta,alta,api_football_events
1539008,2026-06-24,World Cup 2026,1508,Congo DR,8,Colombia,1424.0,E. Kayembe,,,subst,Substitution 4,72,,0,0,0,0,0,0,,1,alta,alta,api_football_events
1539008,2026-06-24,World Cup 2026,8,Colombia,1508,Congo DR,13736.0,D. Munoz,6005.0,J. Quintero,Goal,Normal Goal,76,,1,1,0,0,0,0,,0,alta,alta,api_football_events
1539008,2026-06-24,World Cup 2026,8,Colombia,1508,Congo DR,13708.0,J. Arias,,,subst,Substitution 3,77,,0,0,0,0,0,0,,1,alta,alta,api_football_events
1539008,2026-06-24,World Cup 2026,1508,Congo DR,8,Colombia,21101.0,S. Moutoussamy,,,subst,Substitution 5,82,,0,0,0,0,0,0,,1,alta,alta,api_football_events
1539008,2026-06-24,World Cup 2026,8,Colombia,1508,Congo DR,2490.0,Jefferson Lerma,,,Card,Yellow Card,90,4.0,0,0,0,0,0,1,Yellow Card,0,alta,alta,api_football_events
1539008,2026-06-24,World Cup 2026,1508,Congo DR,8,Colombia,48555.0,Charles Pickel,,,Card,Yellow Card,90,3.0,0,0,0,0,0,1,Yellow Card,0,alta,alta,api_football_events
1489408,2026-06-24,World Cup 2026,15,Switzerland,5529,Canada,1464.0,Granit Xhaka,,,Card,Yellow Card,32,,0,0,0,0,0,1,Yellow Card,0,alta,alta,api_football_events
1489408,2026-06-24,World Cup 2026,5529,Canada,15,Switzerland,2001.0,Cyle Larin,,,Card,Yellow Card,32,,0,0,0,0,0,1,Yellow Card,0,alta,alta,api_football_events
1489408,2026-06-24,World Cup 2026,15,Switzerland,5529,Canada,48471.0,R. Vargas,406244.0,J. Manzambi,Goal,Normal Goal,46,,1,1,0,0,0,0,,0,alta,alta,api_football_events
1489408,2026-06-24,World Cup 2026,15,Switzerland,5529,Canada,406244.0,J. Manzambi,421.0,B. Embolo,Goal,Normal Goal,57,,1,1,0,0,0,0,,0,alta,alta,api_football_events
1489408,2026-06-24,World Cup 2026,5529,Canada,15,Switzerland,50788.0,M. Choiniere,,,subst,Substitution 1,58,,0,0,0,0,0,0,,1,alta,alta,api_football_events
1489408,2026-06-24,World Cup 2026,5529,Canada,15,Switzerland,362145.0,A. Ahmed,,,subst,Substitution 2,58,,0,0,0,0,0,0,,1,alta,alta,api_football_events
1489408,2026-06-24,World Cup 2026,5529,Canada,15,Switzerland,2001.0,C. Larin,,,subst,Substitution 3,58,,0,0,0,0,0,0,,1,alta,alta,api_football_events
1489408,2026-06-24,World Cup 2026,15,Switzerland,5529,Canada,349344.0,L. Jaquez,,,subst,Substitution 1,74,,0,0,0,0,0,0,,1,alta,alta,api_football_events
1489408,2026-06-24,World Cup 2026,15,Switzerland,5529,Canada,957.0,D. Sow,,,subst,Substitution 2,74,,0,0,0,0,0,0,,1,alta,alta,api_football_events
1489408,2026-06-24,World Cup 2026,5529,Canada,15,Switzerland,51016.0,T. Buchanan,,,subst,Substitution 4,74,,0,0,0,0,0,0,,1,alta,alta,api_football_events
1489408,2026-06-24,World Cup 2026,5529,Canada,15,Switzerland,313353.0,P. David,294824.0,N. Saliba,Goal,Normal Goal,76,,1,1,0,0,0,0,,0,alta,alta,api_football_events
1489408,2026-06-24,World Cup 2026,15,Switzerland,5529,Canada,48471.0,R. Vargas,,,subst,Substitution 3,80,,0,0,0,0,0,0,,1,alta,alta,api_football_events
1489408,2026-06-24,World Cup 2026,5529,Canada,15,Switzerland,50816.0,R. Laryea,,,subst,Substitution 5,83,,0,0,0,0,0,0,,1,alta,alta,api_football_events
1489408,2026-06-24,World Cup 2026,15,Switzerland,5529,Canada,421.0,B. Embolo,,,subst,Substitution 4,85,,0,0,0,0,0,0,,1,alta,alta,api_football_events
1489408,2026-06-24,World Cup 2026,15,Switzerland,5529,Canada,406244.0,J. Manzambi,,,subst,Substitution 5,85,,0,0,0,0,0,0,,1,alta,alta,api_football_events
1489408,2026-06-24,World Cup 2026,5529,Canada,15,Switzerland,44798.0,Liam Millar,,,Card,Yellow Card,87,,0,0,0,0,0,1,Yellow Card,0,alta,alta,api_football_events
1539009,2026-06-24,World Cup 2026,1113,Bosnia & Herzegovina,1569,Qatar,395559.0,K. Alajbegovic,162222.0,I. Basic,Goal,Normal Goal,29,,1,1,0,0,0,0,,0,alta,alta,api_football_events
1539009,2026-06-24,World Cup 2026,1113,Bosnia & Herzegovina,1569,Qatar,42207.0,M. Abunada,,,Goal,Own Goal,34,,0,0,0,0,1,0,,0,alta,alta,api_football_events
1539009,2026-06-24,World Cup 2026,1569,Qatar,1113,Bosnia & Herzegovina,2545.0,H. Al Haydos,42075.0,Edmilson Junior,Goal,Normal Goal,42,,1,1,0,0,0,0,,0,alta,alta,api_football_events
1539009,2026-06-24,World Cup 2026,1113,Bosnia & Herzegovina,1569,Qatar,409670.0,A. Malic,,,subst,Substitution 1,46,,0,0,0,0,0,0,,1,alta,alta,api_football_events
1539009,2026-06-24,World Cup 2026,1113,Bosnia & Herzegovina,1569,Qatar,1324.0,I. Sunjic,,,subst,Substitution 2,46,,0,0,0,0,0,0,,1,alta,alta,api_football_events
1539009,2026-06-24,World Cup 2026,1569,Qatar,1113,Bosnia & Herzegovina,200981.0,J. Gaber,,,subst,Substitution 1,46,,0,0,0,0,0,0,,1,alta,alta,api_football_events
1539009,2026-06-24,World Cup 2026,1569,Qatar,1113,Bosnia & Herzegovina,2545.0,H. Al Haydos,,,subst,Substitution 2,56,,0,0,0,0,0,0,,1,alta,alta,api_football_events
1539009,2026-06-24,World Cup 2026,1113,Bosnia & Herzegovina,1569,Qatar,1741.0,N. Katic,,,subst,Substitution 3,63,,0,0,0,0,0,0,,1,alta,alta,api_football_events
1539009,2026-06-24,World Cup 2026,1113,Bosnia & Herzegovina,1569,Qatar,790.0,E. Dzeko,,,subst,Substitution 4,64,,0,0,0,0,0,0,,1,alta,alta,api_football_events
1539009,2026-06-24,World Cup 2026,1569,Qatar,1113,Bosnia & Herzegovina,2537.0,K. Boudiaf,,,subst,Substitution 3,72,,0,0,0,0,0,0,,1,alta,alta,api_football_events
1539009,2026-06-24,World Cup 2026,1569,Qatar,1113,Bosnia & Herzegovina,2539.0,Ahmed Fathi,,,Card,Yellow Card,78,,0,0,0,0,0,1,Yellow Card,0,alta,alta,api_football_events
1539009,2026-06-24,World Cup 2026,1569,Qatar,1113,Bosnia & Herzegovina,42075.0,Edmilson Junior,,,subst,Substitution 4,79,,0,0,0,0,0,0,,1,alta,alta,api_football_events
1539009,2026-06-24,World Cup 2026,1569,Qatar,1113,Bosnia & Herzegovina,2539.0,A. Fathi,,,subst,Substitution 5,79,,0,0,0,0,0,0,,1,alta,alta,api_football_events
1539009,2026-06-24,World Cup 2026,1113,Bosnia & Herzegovina,1569,Qatar,340173.0,E. Mahmic,53517.0,D. Hadzikadunic,Goal,Normal Goal,80,,1,1,0,0,0,0,,0,alta,alta,api_football_events
1539009,2026-06-24,World Cup 2026,1113,Bosnia & Herzegovina,1569,Qatar,340173.0,Ermin Mahmić,,,Card,Yellow Card,82,,0,0,0,0,0,1,Yellow Card,0,alta,alta,api_football_events
1539009,2026-06-24,World Cup 2026,1113,Bosnia & Herzegovina,1569,Qatar,395559.0,K. Alajbegovic,,,subst,Substitution 5,82,,0,0,0,0,0,0,,1,alta,alta,api_football_events
1489405,2026-06-24,World Cup 2026,2386,Haiti,31,Morocco,2701.0,Bono,,,Goal,Own Goal,10,,0,0,0,0,1,0,,0,alta,alta,api_football_events
1489405,2026-06-24,World Cup 2026,31,Morocco,2386,Haiti,9.0,A. Hakimi,,,Goal,Normal Goal,39,,1,0,0,0,0,0,,0,alta,alta,api_football_events
1489405,2026-06-24,World Cup 2026,2386,Haiti,31,Morocco,84087.0,W. Isidor,20655.0,J. Duverne,Goal,Normal Goal,43,,1,1,0,0,0,0,,0,alta,alta,api_football_events
1489405,2026-06-24,World Cup 2026,31,Morocco,2386,Haiti,161897.0,I. Saibari,9.0,A. Hakimi,Goal,Normal Goal,45,,1,1,0,0,0,0,,0,alta,alta,api_football_events
1489405,2026-06-24,World Cup 2026,2386,Haiti,31,Morocco,162733.0,R. Providence,,,subst,Substitution 1,67,,0,0,0,0,0,0,,1,alta,alta,api_football_events
1489405,2026-06-24,World Cup 2026,2386,Haiti,31,Morocco,84087.0,W. Isidor,,,subst,Substitution 2,67,,0,0,0,0,0,0,,1,alta,alta,api_football_events
1489405,2026-06-24,World Cup 2026,31,Morocco,2386,Haiti,2722.0,A. El Kaabi,,,subst,Substitution 1,70,,0,0,0,0,0,0,,1,alta,alta,api_football_events
1489405,2026-06-24,World Cup 2026,31,Morocco,2386,Haiti,744.0,B. Diaz,,,subst,Substitution 2,70,,0,0,0,0,0,0,,1,alta,alta,api_football_events
1489405,2026-06-24,World Cup 2026,31,Morocco,2386,Haiti,161897.0,I. Saibari,,,subst,Substitution 3,70,,0,0,0,0,0,0,,1,alta,alta,api_football_events
1489405,2026-06-24,World Cup 2026,31,Morocco,2386,Haiti,36579.0,S. Rahimi,278898.0,C. Riad,Goal,Normal Goal,78,,1,1,0,0,0,0,,0,alta,alta,api_football_events
1489405,2026-06-24,World Cup 2026,2386,Haiti,31,Morocco,87789.0,Johny Placide,,,Card,Yellow Card,79,,0,0,0,0,0,1,Yellow Card,0,alta,alta,api_football_events
1489405,2026-06-24,World Cup 2026,2386,Haiti,31,Morocco,45020.0,Duckens Nazon,,,Card,Yellow Card,80,,0,0,0,0,0,1,Yellow Card,0,alta,alta,api_football_events
1489405,2026-06-24,World Cup 2026,2386,Haiti,31,Morocco,338367.0,D. Jean Jacques,,,subst,Substitution 3,80,,0,0,0,0,0,0,,1,alta,alta,api_football_events
1489405,2026-06-24,World Cup 2026,2386,Haiti,31,Morocco,20655.0,J. Duverne,,,subst,Substitution 4,80,,0,0,0,0,0,0,,1,alta,alta,api_football_events
1489405,2026-06-24,World Cup 2026,31,Morocco,2386,Haiti,162451.0,A. Salah-Eddine,,,subst,Substitution 4,83,,0,0,0,0,0,0,,1,alta,alta,api_football_events
1489405,2026-06-24,World Cup 2026,31,Morocco,2386,Haiti,277003.0,N. El Aynaoui,,,subst,Substitution 5,83,,0,0,0,0,0,0,,1,alta,alta,api_football_events
1489405,2026-06-24,World Cup 2026,2386,Haiti,31,Morocco,21613.0,L. Joseph,,,subst,Substitution 5,83,,0,0,0,0,0,0,,1,alta,alta,api_football_events
1489405,2026-06-24,World Cup 2026,31,Morocco,2386,Haiti,369544.0,G. Yassine,36579.0,S. Rahimi,Goal,Normal Goal,89,,1,1,0,0,0,0,,0,alta,alta,api_football_events
1489405,2026-06-24,World Cup 2026,2386,Haiti,31,Morocco,174915.0,Josué Casimir,,,Card,Yellow Card,90,3.0,0,0,0,0,0,1,Yellow Card,0,alta,alta,api_football_events
1489406,2026-06-24,World Cup 2026,6,Brazil,1108,Scotland,762.0,Vinicius Junior,407806.0,Rayan,Goal,Normal Goal,7,,1,1,0,0,0,0,,0,alta,alta,api_football_events
1489406,2026-06-24,World Cup 2026,6,Brazil,1108,Scotland,762.0,Vinicius Junior,10135.0,Bruno Guimaraes,Goal,Normal Goal,45,,1,1,0,0,0,0,,0,alta,alta,api_football_events
1489406,2026-06-24,World Cup 2026,1108,Scotland,6,Brazil,289.0,A. Robertson,,,subst,Substitution 1,46,,0,0,0,0,0,0,,1,alta,alta,api_football_events
1489406,2026-06-24,World Cup 2026,6,Brazil,1108,Scotland,1165.0,M. Cunha,10135.0,Bruno Guimaraes,Goal,Normal Goal,60,,1,1,0,0,0,0,,0,alta,alta,api_football_events
1489406,2026-06-24,World Cup 2026,6,Brazil,1108,Scotland,618.0,Danilo,,,Card,Yellow Card,62,,0,0,0,0,0,1,Yellow Card,0,alta,alta,api_football_events
1489406,2026-06-24,World Cup 2026,6,Brazil,1108,Scotland,747.0,Casemiro,,,subst,Substitution 1,65,,0,0,0,0,0,0,,1,alta,alta,api_football_events
1489406,2026-06-24,World Cup 2026,6,Brazil,1108,Scotland,1646.0,Lucas Paqueta,,,subst,Substitution 2,66,,0,0,0,0,0,0,,1,alta,alta,api_football_events
1489406,2026-06-24,World Cup 2026,6,Brazil,1108,Scotland,1165.0,M. Cunha,,,subst,Substitution 3,76,,0,0,0,0,0,0,,1,alta,alta,api_football_events
1489406,2026-06-24,World Cup 2026,6,Brazil,1108,Scotland,299.0,Fabinho,,,Card,Yellow Card,82,,0,0,0,0,0,1,Yellow Card,0,alta,alta,api_football_events
1489406,2026-06-24,World Cup 2026,1108,Scotland,6,Brazil,343576.0,B. Gannon-Doak,,,subst,Substitution 2,82,,0,0,0,0,0,0,,1,alta,alta,api_football_events
1489406,2026-06-24,World Cup 2026,1108,Scotland,6,Brazil,138417.0,N. Patterson,,,subst,Substitution 3,82,,0,0,0,0,0,0,,1,alta,alta,api_football_events
1489406,2026-06-24,World Cup 2026,6,Brazil,1108,Scotland,24866.0,Douglas Santos,,,subst,Substitution 4,82,,0,0,0,0,0,0,,1,alta,alta,api_football_events
1489406,2026-06-24,World Cup 2026,6,Brazil,1108,Scotland,407806.0,Rayan,,,subst,Substitution 5,82,,0,0,0,0,0,0,,1,alta,alta,api_football_events
1489406,2026-06-24,World Cup 2026,1108,Scotland,6,Brazil,1125.0,Ryan Christie,,,Card,Yellow Card,89,,0,0,0,0,0,1,Yellow Card,0,alta,alta,api_football_events
1489406,2026-06-24,World Cup 2026,1108,Scotland,6,Brazil,45175.0,L. Shankland,,,subst,Substitution 4,90,1.0,0,0,0,0,0,0,,1,alta,alta,api_football_events
1489406,2026-06-24,World Cup 2026,1108,Scotland,6,Brazil,19191.0,J. McGinn,,,subst,Substitution 5,90,1.0,0,0,0,0,0,0,,1,alta,alta,api_football_events
1539010,2026-06-25,World Cup 2026,16,Mexico,770,Czechia,390002.0,M. Chavez Garcia,35970.0,L. Romo,Goal,Normal Goal,55,,1,1,0,0,0,0,,0,alta,alta,api_football_events
1539010,2026-06-25,World Cup 2026,770,Czechia,16,Mexico,290212.0,D. Visinsky,,,subst,Substitution 1,56,,0,0,0,0,0,0,,1,alta,alta,api_football_events
1539010,2026-06-25,World Cup 2026,16,Mexico,770,Czechia,35532.0,J. Quinones,2878.0,J. Sanchez,Goal,Normal Goal,61,,1,1,0,0,0,0,,0,alta,alta,api_football_events
1539010,2026-06-25,World Cup 2026,16,Mexico,770,Czechia,35970.0,L. Romo,,,subst,Substitution 1,63,,0,0,0,0,0,0,,1,alta,alta,api_football_events
1539010,2026-06-25,World Cup 2026,16,Mexico,770,Czechia,36088.0,G. Martinez,,,subst,Substitution 2,63,,0,0,0,0,0,0,,1,alta,alta,api_football_events
1539010,2026-06-25,World Cup 2026,16,Mexico,770,Czechia,2869.0,Edson Álvarez,,,Card,Yellow Card,64,,0,0,0,0,0,1,Yellow Card,0,alta,alta,api_football_events
1539010,2026-06-25,World Cup 2026,770,Czechia,16,Mexico,66019.0,A. Hlozek,,,subst,Substitution 2,64,,0,0,0,0,0,0,,1,alta,alta,api_football_events
1539010,2026-06-25,World Cup 2026,770,Czechia,16,Mexico,2252.0,T. Holes,,,subst,Substitution 3,64,,0,0,0,0,0,0,,1,alta,alta,api_football_events
1539010,2026-06-25,World Cup 2026,16,Mexico,770,Czechia,482605.0,G. Mora,,,subst,Substitution 3,72,,0,0,0,0,0,0,,1,alta,alta,api_football_events
1539010,2026-06-25,World Cup 2026,16,Mexico,770,Czechia,270774.0,R. Rangel,,,subst,Substitution 4,78,,0,0,0,0,0,0,,1,alta,alta,api_football_events
1539010,2026-06-25,World Cup 2026,16,Mexico,770,Czechia,390002.0,M. Chavez Garcia,,,subst,Substitution 5,78,,0,0,0,0,0,0,,1,alta,alta,api_football_events
1539010,2026-06-25,World Cup 2026,770,Czechia,16,Mexico,,,,,subst,Substitution 4,87,,0,0,0,0,0,0,,1,alta,alta,api_football_events
1539010,2026-06-25,World Cup 2026,770,Czechia,16,Mexico,162194.0,L. Cerv,,,subst,Substitution 5,87,,0,0,0,0,0,0,,1,alta,alta,api_football_events
1539010,2026-06-25,World Cup 2026,16,Mexico,770,Czechia,750.0,A. Fidalgo,2879.0,R. Alvarado,Goal,Normal Goal,90,,1,1,0,0,0,0,,0,alta,alta,api_football_events
1489407,2026-06-25,World Cup 2026,17,South Korea,1531,South Africa,24888.0,Hwang Hee-Chan,,,subst,Substitution 1,46,,0,0,0,0,0,0,,1,alta,alta,api_football_events
1489407,2026-06-25,World Cup 2026,17,South Korea,1531,South Africa,2909.0,Paik Seung-Ho,,,subst,Substitution 2,46,,0,0,0,0,0,0,,1,alta,alta,api_football_events
1489407,2026-06-25,World Cup 2026,17,South Korea,1531,South Africa,237220.0,Lee Tae-Seok,,,subst,Substitution 3,46,,0,0,0,0,0,0,,1,alta,alta,api_football_events
1489407,2026-06-25,World Cup 2026,1531,South Africa,17,South Korea,179893.0,O. Appollis,,,subst,Substitution 1,62,,0,0,0,0,0,0,,1,alta,alta,api_football_events
1489407,2026-06-25,World Cup 2026,1531,South Africa,17,South Korea,354831.0,T. Maseko,295977.0,T. Moremi,Goal,Normal Goal,63,,1,1,0,0,0,0,,0,alta,alta,api_football_events
1489407,2026-06-25,World Cup 2026,17,South Korea,1531,South Africa,2897.0,Kim Min-Jae,,,subst,Substitution 4,65,,0,0,0,0,0,0,,1,alta,alta,api_football_events
1489407,2026-06-25,World Cup 2026,1531,South Africa,17,South Korea,46334.0,Aubrey Modiba,,,Card,Yellow Card,73,,0,0,0,0,0,1,Yellow Card,0,alta,alta,api_football_events
1489407,2026-06-25,World Cup 2026,17,South Korea,1531,South Africa,34710.0,Oh Hyeon-Gyu,,,subst,Substitution 5,74,,0,0,0,0,0,0,,1,alta,alta,api_football_events
1489407,2026-06-25,World Cup 2026,1531,South Africa,17,South Korea,354831.0,T. Maseko,,,subst,Substitution 2,75,,0,0,0,0,0,0,,1,alta,alta,api_football_events
1489407,2026-06-25,World Cup 2026,17,South Korea,1531,South Africa,34211.0,Gue-sung Cho,,,Card,Yellow Card,79,,0,0,0,0,0,1,Yellow Card,0,alta,alta,api_football_events
1489407,2026-06-25,World Cup 2026,1531,South Africa,17,South Korea,414149.0,R. Mofokeng,,,subst,Substitution 3,80,,0,0,0,0,0,0,,1,alta,alta,api_football_events
1489410,2026-06-25,World Cup 2026,25,Germany,2382,Ecuador,644.0,L. Sane,203224.0,F. Wirtz,Goal,Normal Goal,2,,1,1,0,0,0,0,,0,alta,alta,api_football_events
1489410,2026-06-25,World Cup 2026,2382,Ecuador,25,Germany,311543.0,N. Angulo,237078.0,P. Vite,Goal,Normal Goal,9,,1,1,0,0,0,0,,0,alta,alta,api_football_events
1489410,2026-06-25,World Cup 2026,2382,Ecuador,25,Germany,127817.0,Piero Hincapié,,,Card,Yellow Card,43,,0,0,0,0,0,1,Yellow Card,0,alta,alta,api_football_events
1489410,2026-06-25,World Cup 2026,25,Germany,2382,Ecuador,328033.0,Aleksandar Pavlović,,,Card,Yellow Card,44,,0,0,0,0,0,1,Yellow Card,0,alta,alta,api_football_events
1489410,2026-06-25,World Cup 2026,25,Germany,2382,Ecuador,328033.0,A. Pavlovic,,,subst,Substitution 1,46,,0,0,0,0,0,0,,1,alta,alta,api_football_events
1489410,2026-06-25,World Cup 2026,25,Germany,2382,Ecuador,,,,,Goal,Normal Goal,47,,1,0,0,0,0,0,,0,alta,alta,api_football_events
1489410,2026-06-25,World Cup 2026,2382,Ecuador,25,Germany,16360.0,Alan Franco,,,Card,Yellow Card,50,,0,0,0,0,0,1,Yellow Card,0,alta,alta,api_football_events
1489410,2026-06-25,World Cup 2026,25,Germany,2382,Ecuador,502.0,J. Kimmich,,,subst,Substitution 2,60,,0,0,0,0,0,0,,1,alta,alta,api_football_events
1489410,2026-06-25,World Cup 2026,25,Germany,2382,Ecuador,978.0,K. Havertz,,,subst,Substitution 3,60,,0,0,0,0,0,0,,1,alta,alta,api_football_events
1489410,2026-06-25,World Cup 2026,2382,Ecuador,25,Germany,16360.0,A. Franco,,,subst,Substitution 1,64,,0,0,0,0,0,0,,1,alta,alta,api_football_events
1489410,2026-06-25,World Cup 2026,2382,Ecuador,25,Germany,35533.0,E. Valencia,,,subst,Substitution 2,64,,0,0,0,0,0,0,,1,alta,alta,api_football_events
1489410,2026-06-25,World Cup 2026,25,Germany,2382,Ecuador,637.0,F. Nmecha,,,subst,Substitution 4,64,,0,0,0,0,0,0,,1,alta,alta,api_football_events
1489410,2026-06-25,World Cup 2026,2382,Ecuador,25,Germany,127817.0,P. Hincapie,,,subst,Substitution 3,71,,0,0,0,0,0,0,,1,alta,alta,api_football_events
1489410,2026-06-25,World Cup 2026,25,Germany,2382,Ecuador,203224.0,F. Wirtz,,,subst,Substitution 5,73,,0,0,0,0,0,0,,1,alta,alta,api_football_events
1489410,2026-06-25,World Cup 2026,2382,Ecuador,25,Germany,16369.0,G. Plata,361966.0,K. Rodriguez,Goal,Normal Goal,77,,1,1,0,0,0,0,,0,alta,alta,api_football_events
1489410,2026-06-25,World Cup 2026,2382,Ecuador,25,Germany,311543.0,N. Angulo,,,subst,Substitution 4,85,,0,0,0,0,0,0,,1,alta,alta,api_football_events
1489410,2026-06-25,World Cup 2026,2382,Ecuador,25,Germany,25414.0,J. Yeboah,,,subst,Substitution 5,85,,0,0,0,0,0,0,,1,alta,alta,api_football_events
1489410,2026-06-25,World Cup 2026,2382,Ecuador,25,Germany,16369.0,Gonzalo Plata,,,Card,Yellow Card,89,,0,0,0,0,0,1,Yellow Card,0,alta,alta,api_football_events
1489409,2026-06-25,World Cup 2026,1501,Ivory Coast,5530,Curaçao,3246.0,N. Pepe,513776.0,Y. Diomande,Goal,Normal Goal,7,,1,1,0,0,0,0,,0,alta,alta,api_football_events
1489409,2026-06-25,World Cup 2026,1501,Ivory Coast,5530,Curaçao,3246.0,Nicolas Pépé,,,Card,Yellow Card,35,,0,0,0,0,0,1,Yellow Card,0,alta,alta,api_football_events
1489409,2026-06-25,World Cup 2026,1501,Ivory Coast,5530,Curaçao,157997.0,A. Diallo,,,subst,Substitution 1,46,,0,0,0,0,0,0,,1,alta,alta,api_football_events
1489409,2026-06-25,World Cup 2026,5530,Curaçao,1501,Ivory Coast,309763.0,L. Comenencia,,,subst,Substitution 1,61,,0,0,0,0,0,0,,1,alta,alta,api_football_events
1489409,2026-06-25,World Cup 2026,1501,Ivory Coast,5530,Curaçao,3246.0,N. Pepe,22149.0,I. Sangare,Goal,Normal Goal,64,,1,1,0,0,0,0,,0,alta,alta,api_football_events
1489409,2026-06-25,World Cup 2026,1501,Ivory Coast,5530,Curaçao,513776.0,Y. Diomande,,,subst,Substitution 2,67,,0,0,0,0,0,0,,1,alta,alta,api_football_events
1489409,2026-06-25,World Cup 2026,1501,Ivory Coast,5530,Curaçao,3246.0,N. Pepe,,,subst,Substitution 3,67,,0,0,0,0,0,0,,1,alta,alta,api_football_events
1489409,2026-06-25,World Cup 2026,1501,Ivory Coast,5530,Curaçao,275651.0,A. Bonny,,,subst,Substitution 4,67,,0,0,0,0,0,0,,1,alta,alta,api_football_events
1489409,2026-06-25,World Cup 2026,5530,Curaçao,1501,Ivory Coast,19047.0,Juninho Bacuna,,,Card,Yellow Card,75,,0,0,0,0,0,1,Yellow Card,0,alta,alta,api_football_events
1489409,2026-06-25,World Cup 2026,5530,Curaçao,1501,Ivory Coast,353808.0,D. Fonville,,,subst,Substitution 2,77,,0,0,0,0,0,0,,1,alta,alta,api_football_events
1489409,2026-06-25,World Cup 2026,5530,Curaçao,1501,Ivory Coast,36857.0,J. Gaari,,,subst,Substitution 3,77,,0,0,0,0,0,0,,1,alta,alta,api_football_events
1489409,2026-06-25,World Cup 2026,1501,Ivory Coast,5530,Curaçao,1642.0,F. Kessie,,,subst,Substitution 5,77,,0,0,0,0,0,0,,1,alta,alta,api_football_events
1489409,2026-06-25,World Cup 2026,5530,Curaçao,1501,Ivory Coast,38708.0,Gervane Kastaneer,,,Card,Yellow Card,83,,0,0,0,0,0,1,Yellow Card,0,alta,alta,api_football_events
1489409,2026-06-25,World Cup 2026,5530,Curaçao,1501,Ivory Coast,18981.0,J. Locadia,,,subst,Substitution 4,90,,0,0,0,0,0,0,,1,alta,alta,api_football_events
1489409,2026-06-25,World Cup 2026,5530,Curaçao,1501,Ivory Coast,706.0,J. Brenet,,,subst,Substitution 5,90,,0,0,0,0,0,0,,1,alta,alta,api_football_events
1539011,2026-06-25,World Cup 2026,5,Sweden,12,Japan,137976.0,Isak Hien,,,Card,Yellow Card,32,,0,0,0,0,0,1,Yellow Card,0,alta,alta,api_football_events
1539011,2026-06-25,World Cup 2026,5,Sweden,12,Japan,137976.0,I. Hien,,,subst,Substitution 1,37,,0,0,0,0,0,0,,1,alta,alta,api_football_events
1539011,2026-06-25,World Cup 2026,12,Japan,5,Sweden,38114.0,K. Itakura,,,subst,Substitution 1,39,,0,0,0,0,0,0,,1,alta,alta,api_football_events
1539011,2026-06-25,World Cup 2026,12,Japan,5,Sweden,33224.0,D. Maeda,2598.0,R. Doan,Goal,Normal Goal,56,,1,1,0,0,0,0,,0,alta,alta,api_football_events
1539011,2026-06-25,World Cup 2026,5,Sweden,12,Japan,153430.0,A. Elanga,18979.0,V. Gyokeres,Goal,Normal Goal,62,,1,1,0,0,0,0,,0,alta,alta,api_football_events
1539011,2026-06-25,World Cup 2026,12,Japan,5,Sweden,72155.0,A. Ueda,,,subst,Substitution 2,66,,0,0,0,0,0,0,,1,alta,alta,api_football_events
1539011,2026-06-25,World Cup 2026,12,Japan,5,Sweden,2598.0,R. Doan,,,subst,Substitution 3,67,,0,0,0,0,0,0,,1,alta,alta,api_football_events
1539011,2026-06-25,World Cup 2026,12,Japan,5,Sweden,33321.0,K. Nakamura,,,subst,Substitution 4,75,,0,0,0,0,0,0,,1,alta,alta,api_football_events
1539011,2026-06-25,World Cup 2026,12,Japan,5,Sweden,33165.0,A. Seko,,,subst,Substitution 5,75,,0,0,0,0,0,0,,1,alta,alta,api_football_events
1539011,2026-06-25,World Cup 2026,5,Sweden,12,Japan,226765.0,E. Stroud,,,subst,Substitution 2,75,,0,0,0,0,0,0,,1,alta,alta,api_football_events
1539011,2026-06-25,World Cup 2026,5,Sweden,12,Japan,47696.0,A. Bernhardsson,,,subst,Substitution 3,75,,0,0,0,0,0,0,,1,alta,alta,api_football_events
1539011,2026-06-25,World Cup 2026,12,Japan,5,Sweden,32954.0,Shogo Taniguchi,,,Card,Yellow Card,77,,0,0,0,0,0,1,Yellow Card,0,alta,alta,api_football_events
1539011,2026-06-25,World Cup 2026,5,Sweden,12,Japan,18979.0,Viktor Gyökeres,,,Card,Yellow Card,85,,0,0,0,0,0,1,Yellow Card,0,alta,alta,api_football_events
1539011,2026-06-25,World Cup 2026,5,Sweden,12,Japan,889.0,V. Lindelof,,,subst,Substitution 4,87,,0,0,0,0,0,0,,1,alta,alta,api_football_events
1539011,2026-06-25,World Cup 2026,5,Sweden,12,Japan,47969.0,G. Gudmundsson,,,subst,Substitution 5,88,,0,0,0,0,0,0,,1,alta,alta,api_football_events
1489412,2026-06-25,World Cup 2026,1118,Netherlands,28,Tunisia,21587.0,E. Skhiri,,,Goal,Own Goal,3,,0,0,0,0,1,0,,0,alta,alta,api_football_events
1489412,2026-06-25,World Cup 2026,1118,Netherlands,28,Tunisia,38750.0,B. Brobbey,290.0,V. van Dijk,Goal,Normal Goal,7,,1,1,0,0,0,0,,0,alta,alta,api_football_events
1489412,2026-06-25,World Cup 2026,28,Tunisia,1118,Netherlands,344862.0,H. Mastouri,180560.0,H. Mejbri,Goal,Normal Goal,54,,1,1,0,0,0,0,,0,alta,alta,api_football_events
1489412,2026-06-25,World Cup 2026,1118,Netherlands,28,Tunisia,38695.0,J. P. van Hecke,36902.0,T. Reijnders,Goal,Normal Goal,62,,1,1,0,0,0,0,,0,alta,alta,api_football_events
1489412,2026-06-25,World Cup 2026,28,Tunisia,1118,Netherlands,25300.0,R. Khedira,,,subst,Substitution 1,67,,0,0,0,0,0,0,,1,alta,alta,api_football_events
1489412,2026-06-25,World Cup 2026,28,Tunisia,1118,Netherlands,199310.0,A. Slimane,,,subst,Substitution 2,68,,0,0,0,0,0,0,,1,alta,alta,api_football_events
1489412,2026-06-25,World Cup 2026,28,Tunisia,1118,Netherlands,135059.0,M. Ben Hamida,,,subst,Substitution 3,68,,0,0,0,0,0,0,,1,alta,alta,api_football_events
1489412,2026-06-25,World Cup 2026,1118,Netherlands,28,Tunisia,249.0,D. Malen,,,subst,Substitution 1,72,,0,0,0,0,0,0,,1,alta,alta,api_football_events
1489412,2026-06-25,World Cup 2026,1118,Netherlands,28,Tunisia,538.0,F. de Jong,,,subst,Substitution 2,72,,0,0,0,0,0,0,,1,alta,alta,api_football_events
1489412,2026-06-25,World Cup 2026,1118,Netherlands,28,Tunisia,36902.0,T. Reijnders,,,subst,Substitution 3,72,,0,0,0,0,0,0,,1,alta,alta,api_football_events
1489412,2026-06-25,World Cup 2026,28,Tunisia,1118,Netherlands,310196.0,I. Gharbi,,,subst,Substitution 4,75,,0,0,0,0,0,0,,1,alta,alta,api_football_events
1489412,2026-06-25,World Cup 2026,1118,Netherlands,28,Tunisia,38750.0,B. Brobbey,,,subst,Substitution 4,77,,0,0,0,0,0,0,,1,alta,alta,api_football_events
1489412,2026-06-25,World Cup 2026,1118,Netherlands,28,Tunisia,247.0,C. Gakpo,,,subst,Substitution 5,84,,0,0,0,0,0,0,,1,alta,alta,api_football_events
1489412,2026-06-25,World Cup 2026,28,Tunisia,1118,Netherlands,344862.0,H. Mastouri,,,subst,Substitution 5,90,,0,0,0,0,0,0,,1,alta,alta,api_football_events
1539012,2026-06-26,World Cup 2026,2384,USA,777,Türkiye,50737.0,A. Trusty,201713.0,S. Berhalter,Goal,Normal Goal,3,,1,1,0,0,0,0,,0,alta,alta,api_football_events
1539012,2026-06-26,World Cup 2026,777,Türkiye,2384,USA,291964.0,A. Guler,63274.0,B. Yilmaz,Goal,Normal Goal,10,,1,1,0,0,0,0,,0,alta,alta,api_football_events
1539012,2026-06-26,World Cup 2026,2384,USA,777,Türkiye,201713.0,Sebastian Berhalter,,,Card,Yellow Card,19,,0,0,0,0,0,1,Yellow Card,0,alta,alta,api_football_events
1539012,2026-06-26,World Cup 2026,777,Türkiye,2384,USA,63274.0,B. Yilmaz,37155.0,O. Kokcu,Goal,Normal Goal,31,,1,1,0,0,0,0,,0,alta,alta,api_football_events
1539012,2026-06-26,World Cup 2026,2384,USA,777,Türkiye,201713.0,S. Berhalter,,,Goal,Normal Goal,49,,1,0,0,0,0,0,,0,alta,alta,api_football_events
1539012,2026-06-26,World Cup 2026,2384,USA,777,Türkiye,1138.0,T. Weah,,,subst,Substitution 1,58,,0,0,0,0,0,0,,1,alta,alta,api_football_events
1539012,2026-06-26,World Cup 2026,2384,USA,777,Türkiye,161921.0,G. Reyna,,,subst,Substitution 2,76,,0,0,0,0,0,0,,1,alta,alta,api_football_events
1539012,2026-06-26,World Cup 2026,2384,USA,777,Türkiye,50739.0,B. Aaronson,,,subst,Substitution 3,77,,0,0,0,0,0,0,,1,alta,alta,api_football_events
1539012,2026-06-26,World Cup 2026,2384,USA,777,Türkiye,50852.0,J. Scally,,,subst,Substitution 4,77,,0,0,0,0,0,0,,1,alta,alta,api_football_events
1539012,2026-06-26,World Cup 2026,777,Türkiye,2384,USA,22222.0,Z. Celik,,,subst,Substitution 1,84,,0,0,0,0,0,0,,1,alta,alta,api_football_events
1539012,2026-06-26,World Cup 2026,777,Türkiye,2384,USA,339883.0,K. Yildiz,,,subst,Substitution 2,84,,0,0,0,0,0,0,,1,alta,alta,api_football_events
1539012,2026-06-26,World Cup 2026,2384,USA,777,Türkiye,415.0,W. McKennie,,,subst,Substitution 5,86,,0,0,0,0,0,0,,1,alta,alta,api_football_events
1539012,2026-06-26,World Cup 2026,777,Türkiye,2384,USA,37155.0,O. Kokcu,,,subst,Substitution 3,88,,0,0,0,0,0,0,,1,alta,alta,api_football_events
1539012,2026-06-26,World Cup 2026,777,Türkiye,2384,USA,134590.0,O. Aydin,,,subst,Substitution 4,90,2.0,0,0,0,0,0,0,,1,alta,alta,api_football_events
1539012,2026-06-26,World Cup 2026,777,Türkiye,2384,USA,63274.0,B. Yilmaz,,,subst,Substitution 5,90,2.0,0,0,0,0,0,0,,1,alta,alta,api_football_events
1539012,2026-06-26,World Cup 2026,777,Türkiye,2384,USA,25448.0,K. Ayhan,,,Goal,Normal Goal,90,,1,0,0,0,0,0,,0,alta,alta,api_football_events
1489411,2026-06-26,World Cup 2026,20,Australia,2380,Paraguay,2749.0,Jackson Irvine,,,Card,Yellow Card,46,,0,0,0,0,0,1,Yellow Card,0,alta,alta,api_football_events
1489411,2026-06-26,World Cup 2026,2380,Paraguay,20,Australia,425020.0,A. Maidana,,,subst,Substitution 1,46,,0,0,0,0,0,0,,1,alta,alta,api_football_events
1489411,2026-06-26,World Cup 2026,20,Australia,2380,Paraguay,342035.0,C. Volpato,,,subst,Substitution 1,58,,0,0,0,0,0,0,,1,alta,alta,api_football_events
1489411,2026-06-26,World Cup 2026,2380,Paraguay,20,Australia,6483.0,G. Avalos,,,subst,Substitution 2,67,,0,0,0,0,0,0,,1,alta,alta,api_football_events
1489411,2026-06-26,World Cup 2026,2380,Paraguay,20,Australia,278370.0,Diego Gómez,,,Card,Yellow Card,77,,0,0,0,0,0,1,Yellow Card,0,alta,alta,api_football_events
1489411,2026-06-26,World Cup 2026,2380,Paraguay,20,Australia,6168.0,O. Alderete,,,subst,Substitution 3,84,,0,0,0,0,0,0,,1,alta,alta,api_football_events
1489411,2026-06-26,World Cup 2026,20,Australia,2380,Paraguay,2749.0,J. Irvine,,,subst,Substitution 2,84,,0,0,0,0,0,0,,1,alta,alta,api_football_events
1489411,2026-06-26,World Cup 2026,20,Australia,2380,Paraguay,338014.0,N. Irankunda,,,subst,Substitution 3,84,,0,0,0,0,0,0,,1,alta,alta,api_football_events
1489411,2026-06-26,World Cup 2026,2380,Paraguay,20,Australia,305832.0,M. Galarza,,,subst,Substitution 4,90,2.0,0,0,0,0,0,0,,1,alta,alta,api_football_events
1489411,2026-06-26,World Cup 2026,2380,Paraguay,20,Australia,278370.0,D. Gomez,,,subst,Substitution 5,90,2.0,0,0,0,0,0,0,,1,alta,alta,api_football_events
1539074,2026-06-26,World Cup 2026,13,Senegal,1567,Iraq,327631.0,H. Diarra,8450.0,A. Seck,Goal,Normal Goal,4,,1,1,0,0,0,0,,0,alta,alta,api_football_events
1539074,2026-06-26,World Cup 2026,1567,Iraq,13,Senegal,42261.0,Rebin Sulaka,,,Var,Card upgrade,12,,0,0,0,0,0,0,,0,alta,media,api_football_events
1539074,2026-06-26,World Cup 2026,1567,Iraq,13,Senegal,42261.0,Rebin Sulaka,,,Card,Red Card,13,,0,0,0,0,0,1,Red Card,0,alta,alta,api_football_events
1539074,2026-06-26,World Cup 2026,1567,Iraq,13,Senegal,229112.0,A. Qasem,,,subst,Substitution 1,16,,0,0,0,0,0,0,,1,alta,alta,api_football_events
1539074,2026-06-26,World Cup 2026,13,Senegal,1567,Iraq,8450.0,Abdoulaye Seck,,,Card,Yellow Card,18,,0,0,0,0,0,1,Yellow Card,0,alta,alta,api_football_events
1539074,2026-06-26,World Cup 2026,1567,Iraq,13,Senegal,197933.0,A. Basil,,,subst,Substitution 2,46,,0,0,0,0,0,0,,1,alta,alta,api_football_events
1539074,2026-06-26,World Cup 2026,13,Senegal,1567,Iraq,2218.0,I. Sarr,374058.0,L. Camara,Goal,Normal Goal,56,,1,1,0,0,0,0,,0,alta,alta,api_football_events
1539074,2026-06-26,World Cup 2026,13,Senegal,1567,Iraq,374058.0,L. Camara,,,subst,Substitution 1,57,,0,0,0,0,0,0,,1,alta,alta,api_football_events
1539074,2026-06-26,World Cup 2026,13,Senegal,1567,Iraq,327631.0,H. Diarra,,,subst,Substitution 2,57,,0,0,0,0,0,0,,1,alta,alta,api_football_events
1539074,2026-06-26,World Cup 2026,13,Senegal,1567,Iraq,446249.0,I. Mbaye,,,subst,Substitution 3,57,,0,0,0,0,0,0,,1,alta,alta,api_football_events
1539074,2026-06-26,World Cup 2026,13,Senegal,1567,Iraq,8450.0,A. Seck,,,subst,Substitution 4,58,,0,0,0,0,0,0,,1,alta,alta,api_football_events
1539074,2026-06-26,World Cup 2026,1567,Iraq,13,Senegal,299813.0,A. Al Hamadi,,,subst,Substitution 3,58,,0,0,0,0,0,0,,1,alta,alta,api_football_events
1539074,2026-06-26,World Cup 2026,1567,Iraq,13,Senegal,542644.0,A. Jasim,,,subst,Substitution 4,58,,0,0,0,0,0,0,,1,alta,alta,api_football_events
1539074,2026-06-26,World Cup 2026,13,Senegal,1567,Iraq,20696.0,P. Gueye,2218.0,I. Sarr,Goal,Normal Goal,59,,1,1,0,0,0,0,,0,alta,alta,api_football_events
1539074,2026-06-26,World Cup 2026,1567,Iraq,13,Senegal,284295.0,Z. Iqbal,,,subst,Substitution 5,67,,0,0,0,0,0,0,,1,alta,alta,api_football_events
1539074,2026-06-26,World Cup 2026,13,Senegal,1567,Iraq,20696.0,P. Gueye,18592.0,I. Ndiaye,Goal,Normal Goal,71,,1,1,0,0,0,0,,0,alta,alta,api_football_events
1539074,2026-06-26,World Cup 2026,1567,Iraq,13,Senegal,47792.0,Amir Al-Ammari,,,Card,Yellow Card,75,,0,0,0,0,0,1,Yellow Card,0,alta,alta,api_football_events
1539074,2026-06-26,World Cup 2026,13,Senegal,1567,Iraq,20696.0,Pape Gueye,,,Card,Yellow Card,81,,0,0,0,0,0,1,Yellow Card,0,alta,alta,api_football_events
1539074,2026-06-26,World Cup 2026,13,Senegal,1567,Iraq,2218.0,I. Sarr,,,subst,Substitution 5,81,,0,0,0,0,0,0,,1,alta,alta,api_football_events
1539074,2026-06-26,World Cup 2026,13,Senegal,1567,Iraq,18592.0,I. Ndiaye,20696.0,P. Gueye,Goal,Normal Goal,82,,1,1,0,0,0,0,,0,alta,alta,api_football_events
1539074,2026-06-26,World Cup 2026,1567,Iraq,13,Senegal,271444.0,Merchas Doski,,,Card,Yellow Card,90,,0,0,0,0,0,1,Yellow Card,0,alta,alta,api_football_events
1489416,2026-06-26,World Cup 2026,2,France,1090,Norway,153.0,O. Dembele,278.0,K. Mbappe,Goal,Normal Goal,7,,1,1,0,0,0,0,,0,alta,alta,api_football_events
1489416,2026-06-26,World Cup 2026,1090,Norway,2,France,39064.0,Patrick Berg,,,Card,Yellow Card,10,,0,0,0,0,0,1,Yellow Card,0,alta,alta,api_football_events
1489416,2026-06-26,World Cup 2026,2,France,1090,Norway,153.0,O. Dembele,278.0,K. Mbappe,Goal,Normal Goal,20,,1,1,0,0,0,0,,0,alta,alta,api_football_events
1489416,2026-06-26,World Cup 2026,1090,Norway,2,France,277930.0,T. Aasgaard,301528.0,A. Schjelderup,Goal,Normal Goal,21,,1,1,0,0,0,0,,0,alta,alta,api_football_events
1489416,2026-06-26,World Cup 2026,2,France,1090,Norway,153.0,O. Dembele,1271.0,A. Tchouameni,Goal,Normal Goal,32,,1,1,0,0,0,0,,0,alta,alta,api_football_events
1489416,2026-06-26,World Cup 2026,1090,Norway,2,France,39143.0,K. Thorstvedt,,,subst,Substitution 1,46,,0,0,0,0,0,0,,1,alta,alta,api_football_events
1489416,2026-06-26,World Cup 2026,1090,Norway,2,France,39058.0,F. Bjorkan,,,subst,Substitution 2,46,,0,0,0,0,0,0,,1,alta,alta,api_football_events
1489416,2026-06-26,World Cup 2026,1090,Norway,2,France,2032.0,Jørgen Strand Larsen,,,Goal,Missed Penalty,50,,0,0,0,1,0,0,,0,alta,alta,api_football_events
1489416,2026-06-26,World Cup 2026,2,France,1090,Norway,19617.0,M. Olise,,,subst,Substitution 1,65,,0,0,0,0,0,0,,1,alta,alta,api_football_events
1489416,2026-06-26,World Cup 2026,2,France,1090,Norway,153.0,O. Dembele,,,subst,Substitution 2,65,,0,0,0,0,0,0,,1,alta,alta,api_football_events
1489416,2026-06-26,World Cup 2026,1090,Norway,2,France,180937.0,H. Falchener,,,subst,Substitution 3,66,,0,0,0,0,0,0,,1,alta,alta,api_football_events
1489416,2026-06-26,World Cup 2026,2,France,1090,Norway,1271.0,Aurélien Tchouaméni,,,Card,Yellow Card,74,,0,0,0,0,0,1,Yellow Card,0,alta,alta,api_football_events
1489416,2026-06-26,World Cup 2026,2,France,1090,Norway,1149.0,D. Upamecano,,,subst,Substitution 3,76,,0,0,0,0,0,0,,1,alta,alta,api_football_events
1489416,2026-06-26,World Cup 2026,1090,Norway,2,France,301528.0,A. Schjelderup,,,subst,Substitution 4,83,,0,0,0,0,0,0,,1,alta,alta,api_football_events
1489416,2026-06-26,World Cup 2026,1090,Norway,2,France,278133.0,O. Bobb,,,subst,Substitution 5,83,,0,0,0,0,0,0,,1,alta,alta,api_football_events
1489416,2026-06-26,World Cup 2026,2,France,1090,Norway,1257.0,J. Kounde,,,subst,Substitution 4,87,,0,0,0,0,0,0,,1,alta,alta,api_football_events
1489416,2026-06-26,World Cup 2026,2,France,1090,Norway,278.0,K. Mbappe,,,subst,Substitution 5,87,,0,0,0,0,0,0,,1,alta,alta,api_football_events
1489416,2026-06-26,World Cup 2026,2,France,1090,Norway,343027.0,D. Doue,161904.0,B. Barcola,Goal,Normal Goal,90,,1,1,0,0,0,0,,0,alta,alta,api_football_events
1489417,2026-06-27,World Cup 2026,9,Spain,7,Uruguay,182219.0,A. Baena,753.0,M. Llorente,Goal,Normal Goal,42,,1,1,0,0,0,0,,0,alta,alta,api_football_events
1489417,2026-06-27,World Cup 2026,7,Uruguay,9,Spain,51494.0,M. Ugarte,,,subst,Substitution 1,45,,0,0,0,0,0,0,,1,alta,alta,api_football_events
1489417,2026-06-27,World Cup 2026,9,Spain,7,Uruguay,182219.0,Alex Baena,,,Card,Yellow Card,46,,0,0,0,0,0,1,Yellow Card,0,alta,alta,api_football_events
1489417,2026-06-27,World Cup 2026,7,Uruguay,9,Spain,429.0,F. Muslera,,,subst,Substitution 2,46,,0,0,0,0,0,0,,1,alta,alta,api_football_events
1489417,2026-06-27,World Cup 2026,7,Uruguay,9,Spain,162891.0,Juan Sanabria,,,Card,Yellow Card,54,,0,0,0,0,0,1,Yellow Card,0,alta,alta,api_football_events
1489417,2026-06-27,World Cup 2026,7,Uruguay,9,Spain,756.0,F. Valverde,,,subst,Substitution 3,57,,0,0,0,0,0,0,,1,alta,alta,api_football_events
1489417,2026-06-27,World Cup 2026,7,Uruguay,9,Spain,1290.0,Guillermo Varela,,,Card,Yellow Card,58,,0,0,0,0,0,1,Yellow Card,0,alta,alta,api_football_events
1489417,2026-06-27,World Cup 2026,9,Spain,7,Uruguay,133609.0,Pedri,,,subst,Substitution 1,60,,0,0,0,0,0,0,,1,alta,alta,api_football_events
1489417,2026-06-27,World Cup 2026,9,Spain,7,Uruguay,47311.0,M. Merino,,,subst,Substitution 2,60,,0,0,0,0,0,0,,1,alta,alta,api_football_events
1489417,2026-06-27,World Cup 2026,9,Spain,7,Uruguay,182219.0,A. Baena,,,subst,Substitution 3,66,,0,0,0,0,0,0,,1,alta,alta,api_football_events
1489417,2026-06-27,World Cup 2026,7,Uruguay,9,Spain,162891.0,J. Sanabria,,,subst,Substitution 4,70,,0,0,0,0,0,0,,1,alta,alta,api_football_events
1489417,2026-06-27,World Cup 2026,9,Spain,7,Uruguay,47323.0,M. Oyarzabal,,,subst,Substitution 4,76,,0,0,0,0,0,0,,1,alta,alta,api_football_events
1489417,2026-06-27,World Cup 2026,9,Spain,7,Uruguay,386828.0,Lamine Yamal,,,subst,Substitution 5,76,,0,0,0,0,0,0,,1,alta,alta,api_football_events
1489417,2026-06-27,World Cup 2026,7,Uruguay,9,Spain,5995.0,Nicolás de la Cruz,,,Card,Yellow Card,90,3.0,0,0,0,0,0,1,Yellow Card,0,alta,alta,api_football_events
1489417,2026-06-27,World Cup 2026,7,Uruguay,9,Spain,51603.0,Agustín Canobbio,,,Card,Red Card,90,5.0,0,0,0,0,0,1,Red Card,0,alta,alta,api_football_events
1489413,2026-06-27,World Cup 2026,23,Saudi Arabia,1533,Cape Verde Islands,44594.0,Saud Abdulhamid,,,Card,Yellow Card,4,,0,0,0,0,0,1,Yellow Card,0,alta,alta,api_football_events
1489413,2026-06-27,World Cup 2026,1533,Cape Verde Islands,23,Saudi Arabia,332056.0,Wagner Pina,,,Card,Yellow Card,8,,0,0,0,0,0,1,Yellow Card,0,alta,alta,api_football_events
1489413,2026-06-27,World Cup 2026,23,Saudi Arabia,1533,Cape Verde Islands,44362.0,H. Tambakti,,,subst,Substitution 1,33,,0,0,0,0,0,0,,1,alta,alta,api_football_events
1489413,2026-06-27,World Cup 2026,23,Saudi Arabia,1533,Cape Verde Islands,44315.0,A. Al Khaibari,,,subst,Substitution 2,46,,0,0,0,0,0,0,,1,alta,alta,api_football_events
1489413,2026-06-27,World Cup 2026,1533,Cape Verde Islands,23,Saudi Arabia,113580.0,W. Semedo,,,subst,Substitution 1,61,,0,0,0,0,0,0,,1,alta,alta,api_football_events
1489413,2026-06-27,World Cup 2026,1533,Cape Verde Islands,23,Saudi Arabia,343287.0,D. Livramento,,,subst,Substitution 2,61,,0,0,0,0,0,0,,1,alta,alta,api_football_events
1489413,2026-06-27,World Cup 2026,23,Saudi Arabia,1533,Cape Verde Islands,2639.0,S. Mandash,,,subst,Substitution 3,66,,0,0,0,0,0,0,,1,alta,alta,api_football_events
1489413,2026-06-27,World Cup 2026,23,Saudi Arabia,1533,Cape Verde Islands,44340.0,S. Al Dawsari,,,subst,Substitution 4,66,,0,0,0,0,0,0,,1,alta,alta,api_football_events
1489413,2026-06-27,World Cup 2026,23,Saudi Arabia,1533,Cape Verde Islands,44339.0,Nasser Al-Dawsari,,,Card,Yellow Card,67,,0,0,0,0,0,1,Yellow Card,0,alta,alta,api_football_events
1489413,2026-06-27,World Cup 2026,1533,Cape Verde Islands,23,Saudi Arabia,50270.0,R. Mendes,,,subst,Substitution 3,71,,0,0,0,0,0,0,,1,alta,alta,api_football_events
1489413,2026-06-27,World Cup 2026,1533,Cape Verde Islands,23,Saudi Arabia,50745.0,J. Monteiro,,,subst,Substitution 4,71,,0,0,0,0,0,0,,1,alta,alta,api_football_events
1489413,2026-06-27,World Cup 2026,23,Saudi Arabia,1533,Cape Verde Islands,134995.0,N. Boushal,,,subst,Substitution 5,82,,0,0,0,0,0,0,,1,alta,alta,api_football_events
1489413,2026-06-27,World Cup 2026,23,Saudi Arabia,1533,Cape Verde Islands,44324.0,Firas Al-Buraikan,,,Card,Yellow Card,90,3.0,0,0,0,0,0,1,Yellow Card,0,alta,alta,api_football_events
1489413,2026-06-27,World Cup 2026,1533,Cape Verde Islands,23,Saudi Arabia,332056.0,W. Pina,,,subst,Substitution 5,90,4.0,0,0,0,0,0,0,,1,alta,alta,api_football_events
1489414,2026-06-27,World Cup 2026,32,Egypt,22,Iran,69196.0,M. Saber,2664.0,Trezeguet,Goal,Normal Goal,5,,1,1,0,0,0,0,,0,alta,alta,api_football_events
1489414,2026-06-27,World Cup 2026,22,Iran,32,Egypt,42315.0,Mehdi Taremi,,,Goal,Missed Penalty,11,,0,0,0,1,0,0,,0,alta,alta,api_football_events
1489414,2026-06-27,World Cup 2026,32,Egypt,22,Iran,196343.0,M. Abdelmonem,,,subst,Substitution 1,14,,0,0,0,0,0,0,,1,alta,alta,api_football_events
1489414,2026-06-27,World Cup 2026,22,Iran,32,Egypt,2691.0,R. Rezaeian,,,Goal,Normal Goal,14,,1,0,0,0,0,0,,0,alta,alta,api_football_events
1489414,2026-06-27,World Cup 2026,22,Iran,32,Egypt,2687.0,Hossein Kanaani,,,Card,Yellow Card,19,,0,0,0,0,0,1,Yellow Card,0,alta,alta,api_football_events
1489414,2026-06-27,World Cup 2026,32,Egypt,22,Iran,69196.0,Mahmoud Saber,,,Card,Yellow Card,20,,0,0,0,0,0,1,Yellow Card,0,alta,alta,api_football_events
1489414,2026-06-27,World Cup 2026,32,Egypt,22,Iran,16804.0,Yasser Ibrahim,,,Card,Yellow Card,42,,0,0,0,0,0,1,Yellow Card,0,alta,alta,api_football_events
1489414,2026-06-27,World Cup 2026,22,Iran,32,Egypt,29809.0,Ali Nemati,,,Card,Yellow Card,43,,0,0,0,0,0,1,Yellow Card,0,alta,alta,api_football_events
1489414,2026-06-27,World Cup 2026,32,Egypt,22,Iran,17269.0,E. Ashour,,,subst,Substitution 2,46,,0,0,0,0,0,0,,1,alta,alta,api_football_events
1489414,2026-06-27,World Cup 2026,32,Egypt,22,Iran,69196.0,M. Saber,,,subst,Substitution 3,46,,0,0,0,0,0,0,,1,alta,alta,api_football_events
1489414,2026-06-27,World Cup 2026,22,Iran,32,Egypt,2687.0,H. Kanaani,,,subst,Substitution 1,46,,0,0,0,0,0,0,,1,alta,alta,api_football_events
1489414,2026-06-27,World Cup 2026,32,Egypt,22,Iran,306.0,M. Salah,,,subst,Substitution 4,57,,0,0,0,0,0,0,,1,alta,alta,api_football_events
1489414,2026-06-27,World Cup 2026,22,Iran,32,Egypt,2699.0,S. Ghoddos,,,subst,Substitution 2,67,,0,0,0,0,0,0,,1,alta,alta,api_football_events
1489414,2026-06-27,World Cup 2026,32,Egypt,22,Iran,395075.0,M. Ziko,,,subst,Substitution 5,76,,0,0,0,0,0,0,,1,alta,alta,api_football_events
1489414,2026-06-27,World Cup 2026,22,Iran,32,Egypt,19614.0,Saeid Ezatolahi,,,Card,Yellow Card,79,,0,0,0,0,0,1,Yellow Card,0,alta,alta,api_football_events
1489414,2026-06-27,World Cup 2026,32,Egypt,22,Iran,16841.0,Mohanad Lasheen,,,Card,Yellow Card,90,2.0,0,0,0,0,0,1,Yellow Card,0,alta,alta,api_football_events
1489414,2026-06-27,World Cup 2026,22,Iran,32,Egypt,29704.0,Shoja Khalilzadeh,,,Card,Yellow Card,90,4.0,0,0,0,0,0,1,Yellow Card,0,alta,alta,api_football_events
1489414,2026-06-27,World Cup 2026,22,Iran,32,Egypt,29704.0,Shoja Khalilzadeh,,,Var,Goal cancelled,90,6.0,0,0,0,0,0,0,,0,alta,media,api_football_events
1489414,2026-06-27,World Cup 2026,22,Iran,32,Egypt,134217.0,M. Mohebi,,,subst,Substitution 3,90,1.0,0,0,0,0,0,0,,1,alta,alta,api_football_events
1489415,2026-06-27,World Cup 2026,1,Belgium,4673,New Zealand,1946.0,Leandro Trossard,,,Var,Penalty cancelled,21,,0,0,0,0,0,0,,0,alta,media,api_football_events
1489415,2026-06-27,World Cup 2026,1,Belgium,4673,New Zealand,,,,,Goal,Normal Goal,21,,1,0,0,0,0,0,,0,alta,alta,api_football_events
1489415,2026-06-27,World Cup 2026,1,Belgium,4673,New Zealand,1946.0,L. Trossard,,,Goal,Normal Goal,28,,1,0,0,0,0,0,,0,alta,alta,api_football_events
1489415,2026-06-27,World Cup 2026,4673,New Zealand,1,Belgium,179862.0,Marko Stamenić,,,Card,Yellow Card,46,,0,0,0,0,0,1,Yellow Card,0,alta,alta,api_football_events
1489415,2026-06-27,World Cup 2026,4673,New Zealand,1,Belgium,242.0,R. Thomas,,,subst,Substitution 1,46,,0,0,0,0,0,0,,1,alta,alta,api_football_events
1489415,2026-06-27,World Cup 2026,4673,New Zealand,1,Belgium,6935.0,S. Singh,,,subst,Substitution 2,46,,0,0,0,0,0,0,,1,alta,alta,api_football_events
1489415,2026-06-27,World Cup 2026,1,Belgium,4673,New Zealand,1946.0,L. Trossard,78.0,H. Vanaken,Goal,Normal Goal,50,,1,1,0,0,0,0,,0,alta,alta,api_football_events
1489415,2026-06-27,World Cup 2026,4673,New Zealand,1,Belgium,94333.0,Elijah Just,,,Card,Yellow Card,56,,0,0,0,0,0,1,Yellow Card,0,alta,alta,api_football_events
1489415,2026-06-27,World Cup 2026,1,Belgium,4673,New Zealand,1422.0,J. Doku,,,subst,Substitution 1,56,,0,0,0,0,0,0,,1,alta,alta,api_football_events
1489415,2026-06-27,World Cup 2026,4673,New Zealand,1,Belgium,94346.0,T. Payne,,,subst,Substitution 3,64,,0,0,0,0,0,0,,1,alta,alta,api_football_events
1489415,2026-06-27,World Cup 2026,4673,New Zealand,1,Belgium,94541.0,J. Bell,,,subst,Substitution 4,64,,0,0,0,0,0,0,,1,alta,alta,api_football_events
1489415,2026-06-27,World Cup 2026,1,Belgium,4673,New Zealand,629.0,K. De Bruyne,,,Goal,Normal Goal,66,,1,0,0,0,0,0,,0,alta,alta,api_football_events
1489415,2026-06-27,World Cup 2026,1,Belgium,4673,New Zealand,1946.0,L. Trossard,,,subst,Substitution 2,72,,0,0,0,0,0,0,,1,alta,alta,api_football_events
1489415,2026-06-27,World Cup 2026,1,Belgium,4673,New Zealand,629.0,K. De Bruyne,,,subst,Substitution 3,72,,0,0,0,0,0,0,,1,alta,alta,api_football_events
1489415,2026-06-27,World Cup 2026,4673,New Zealand,1,Belgium,6931.0,L. Cacace,,,subst,Substitution 5,79,,0,0,0,0,0,0,,1,alta,alta,api_football_events
1489415,2026-06-27,World Cup 2026,4673,New Zealand,1,Belgium,94333.0,E. Just,,,Goal,Normal Goal,84,,1,0,0,0,0,0,,0,alta,alta,api_football_events
1489415,2026-06-27,World Cup 2026,1,Belgium,4673,New Zealand,147859.0,C. De Ketelaere,,,subst,Substitution 4,85,,0,0,0,0,0,0,,1,alta,alta,api_football_events
1489415,2026-06-27,World Cup 2026,1,Belgium,4673,New Zealand,2926.0,Y. Tielemans,,,subst,Substitution 5,85,,0,0,0,0,0,0,,1,alta,alta,api_football_events
1489415,2026-06-27,World Cup 2026,1,Belgium,4673,New Zealand,907.0,R. Lukaku,2120.0,N. Raskin,Goal,Normal Goal,86,,1,1,0,0,0,0,,0,alta,alta,api_football_events
1489415,2026-06-27,World Cup 2026,1,Belgium,4673,New Zealand,1417.0,A. Saelemaekers,907.0,R. Lukaku,Goal,Normal Goal,90,,1,1,0,0,0,0,,0,alta,alta,api_football_events
1489420,2026-06-27,World Cup 2026,3,Croatia,1504,Ghana,348205.0,P. Sucic,2291.0,M. Kovacic,Goal,Normal Goal,31,,1,1,0,0,0,0,,0,alta,alta,api_football_events
1489420,2026-06-27,World Cup 2026,1504,Ghana,3,Croatia,369425.0,J. Adjetey,,,subst,Substitution 1,46,,0,0,0,0,0,0,,1,alta,alta,api_football_events
1489420,2026-06-27,World Cup 2026,1504,Ghana,3,Croatia,21010.0,E. Owusu,,,subst,Substitution 2,46,,0,0,0,0,0,0,,1,alta,alta,api_football_events
1489420,2026-06-27,World Cup 2026,3,Croatia,1504,Ghana,46746.0,A. Budimir,,,subst,Substitution 1,66,,0,0,0,0,0,0,,1,alta,alta,api_football_events
1489420,2026-06-27,World Cup 2026,3,Croatia,1504,Ghana,207.0,Ivan Perišić,,,Card,Yellow Card,68,,0,0,0,0,0,1,Yellow Card,0,alta,alta,api_football_events
1489420,2026-06-27,World Cup 2026,1504,Ghana,3,Croatia,3428.0,J. Ayew,,,subst,Substitution 3,71,,0,0,0,0,0,0,,1,alta,alta,api_football_events
1489420,2026-06-27,World Cup 2026,1504,Ghana,3,Croatia,199837.0,K. Sulemana,,,subst,Substitution 4,71,,0,0,0,0,0,0,,1,alta,alta,api_football_events
1489420,2026-06-27,World Cup 2026,1504,Ghana,3,Croatia,25341.0,D. Luckassen,350856.0,E. Nuamah,Goal,Normal Goal,73,,1,1,0,0,0,0,,0,alta,alta,api_football_events
1489420,2026-06-27,World Cup 2026,1504,Ghana,3,Croatia,25341.0,Derrick Luckassen,,,Var,Goal confirmed,76,,0,0,0,0,0,0,,0,alta,media,api_football_events
1489420,2026-06-27,World Cup 2026,3,Croatia,1504,Ghana,2291.0,M. Kovacic,,,subst,Substitution 2,78,,0,0,0,0,0,0,,1,alta,alta,api_football_events
1489420,2026-06-27,World Cup 2026,3,Croatia,1504,Ghana,842.0,N. Vlasic,754.0,L. Modric,Goal,Normal Goal,83,,1,1,0,0,0,0,,0,alta,alta,api_football_events
1489420,2026-06-27,World Cup 2026,1504,Ghana,3,Croatia,3608.0,K. Sibo,,,subst,Substitution 5,85,,0,0,0,0,0,0,,1,alta,alta,api_football_events
1489420,2026-06-27,World Cup 2026,3,Croatia,1504,Ghana,842.0,N. Vlasic,,,subst,Substitution 3,88,,0,0,0,0,0,0,,1,alta,alta,api_football_events
1489420,2026-06-27,World Cup 2026,3,Croatia,1504,Ghana,295026.0,M. Baturina,,,subst,Substitution 4,88,,0,0,0,0,0,0,,1,alta,alta,api_football_events
1489420,2026-06-27,World Cup 2026,1504,Ghana,3,Croatia,404172.0,Kojo Peprah Oppong,,,Card,Yellow Card,90,4.0,0,0,0,0,0,1,Yellow Card,0,alta,alta,api_football_events
1489422,2026-06-27,World Cup 2026,11,Panama,10,England,57910.0,T. Rodriguez,,,subst,Substitution 1,46,,0,0,0,0,0,0,,1,alta,alta,api_football_events
1489422,2026-06-27,World Cup 2026,11,Panama,10,England,2983.0,José Fajardo,,,Card,Yellow Card,53,,0,0,0,0,0,1,Yellow Card,0,alta,alta,api_football_events
1489422,2026-06-27,World Cup 2026,10,England,11,Panama,158698.0,Jarell Quansah,,,Card,Yellow Card,60,,0,0,0,0,0,1,Yellow Card,0,alta,alta,api_football_events
1489422,2026-06-27,World Cup 2026,10,England,11,Panama,129718.0,J. Bellingham,1460.0,B. Saka,Goal,Normal Goal,62,,1,1,0,0,0,0,,0,alta,alta,api_football_events
1489422,2026-06-27,World Cup 2026,10,England,11,Panama,1460.0,B. Saka,,,subst,Substitution 1,63,,0,0,0,0,0,0,,1,alta,alta,api_football_events
1489422,2026-06-27,World Cup 2026,10,England,11,Panama,158698.0,J. Quansah,,,subst,Substitution 2,63,,0,0,0,0,0,0,,1,alta,alta,api_football_events
1489422,2026-06-27,World Cup 2026,10,England,11,Panama,184.0,H. Kane,129718.0,J. Bellingham,Goal,Normal Goal,67,,1,1,0,0,0,0,,0,alta,alta,api_football_events
1489422,2026-06-27,World Cup 2026,11,Panama,10,England,2979.0,J. Rodriguez,,,subst,Substitution 2,71,,0,0,0,0,0,0,,1,alta,alta,api_football_events
1489422,2026-06-27,World Cup 2026,11,Panama,10,England,46855.0,Y. Barcenas,,,subst,Substitution 3,71,,0,0,0,0,0,0,,1,alta,alta,api_football_events
1489422,2026-06-27,World Cup 2026,10,England,11,Panama,129718.0,J. Bellingham,,,subst,Substitution 3,71,,0,0,0,0,0,0,,1,alta,alta,api_football_events
1489422,2026-06-27,World Cup 2026,11,Panama,10,England,7197.0,Andrés Andrade,,,Card,Yellow Card,84,,0,0,0,0,0,1,Yellow Card,0,alta,alta,api_football_events
1489422,2026-06-27,World Cup 2026,10,England,11,Panama,138908.0,E. Anderson,,,subst,Substitution 4,84,,0,0,0,0,0,0,,1,alta,alta,api_football_events
1489422,2026-06-27,World Cup 2026,10,England,11,Panama,184.0,H. Kane,,,subst,Substitution 5,84,,0,0,0,0,0,0,,1,alta,alta,api_football_events
1489422,2026-06-27,World Cup 2026,11,Panama,10,England,57803.0,J. Gutierrez,,,subst,Substitution 4,88,,0,0,0,0,0,0,,1,alta,alta,api_football_events
1489422,2026-06-27,World Cup 2026,11,Panama,10,England,71230.0,C. Harvey,,,subst,Substitution 5,88,,0,0,0,0,0,0,,1,alta,alta,api_football_events
1489419,2026-06-27,World Cup 2026,27,Portugal,8,Colombia,855.0,J. Cancelo,,,subst,Substitution 1,46,,0,0,0,0,0,0,,1,alta,alta,api_football_events
1489419,2026-06-27,World Cup 2026,27,Portugal,8,Colombia,2676.0,R. Neves,,,subst,Substitution 2,46,,0,0,0,0,0,0,,1,alta,alta,api_football_events
1489419,2026-06-27,World Cup 2026,8,Colombia,27,Portugal,24810.0,J. Cordoba,,,subst,Substitution 1,60,,0,0,0,0,0,0,,1,alta,alta,api_football_events
1489419,2026-06-27,World Cup 2026,8,Colombia,27,Portugal,2490.0,J. Lerma,,,subst,Substitution 2,60,,0,0,0,0,0,0,,1,alta,alta,api_football_events
1489419,2026-06-27,World Cup 2026,27,Portugal,8,Colombia,128384.0,Vitinha,,,subst,Substitution 3,70,,0,0,0,0,0,0,,1,alta,alta,api_football_events
1489419,2026-06-27,World Cup 2026,27,Portugal,8,Colombia,583.0,Joao Felix,,,subst,Substitution 4,70,,0,0,0,0,0,0,,1,alta,alta,api_football_events
1489419,2026-06-27,World Cup 2026,8,Colombia,27,Portugal,517.0,J. Rodriguez,,,subst,Substitution 3,76,,0,0,0,0,0,0,,1,alta,alta,api_football_events
1489419,2026-06-27,World Cup 2026,8,Colombia,27,Portugal,13708.0,J. Arias,,,subst,Substitution 4,76,,0,0,0,0,0,0,,1,alta,alta,api_football_events
1489419,2026-06-27,World Cup 2026,8,Colombia,27,Portugal,324034.0,Gustavo Puerta,,,Card,Yellow Card,86,,0,0,0,0,0,1,Yellow Card,0,alta,alta,api_football_events
1489419,2026-06-27,World Cup 2026,8,Colombia,27,Portugal,30.0,S. Arias,,,subst,Substitution 5,87,,0,0,0,0,0,0,,1,alta,alta,api_football_events
1489419,2026-06-27,World Cup 2026,27,Portugal,8,Colombia,263482.0,N. Mendes,,,subst,Substitution 5,90,2.0,0,0,0,0,0,0,,1,alta,alta,api_football_events
1539013,2026-06-27,World Cup 2026,1568,Uzbekistan,1508,Congo DR,53535.0,E. Shomurodov,73522.0,A. Mozgovoy,Goal,Normal Goal,10,,1,1,0,0,0,0,,0,alta,alta,api_football_events
1539013,2026-06-27,World Cup 2026,1508,Congo DR,1568,Uzbekistan,129670.0,Nathanaël Mbuku,,,Var,Goal cancelled,18,,0,0,0,0,0,0,,0,alta,media,api_football_events
1539013,2026-06-27,World Cup 2026,1508,Congo DR,1568,Uzbekistan,365331.0,Noah Sadiki,,,Card,Yellow Card,21,,0,0,0,0,0,1,Yellow Card,0,alta,alta,api_football_events
1539013,2026-06-27,World Cup 2026,1568,Uzbekistan,1508,Congo DR,360114.0,Abdukodir Khusanov,,,Card,Yellow Card,43,,0,0,0,0,0,1,Yellow Card,0,alta,alta,api_football_events
1539013,2026-06-27,World Cup 2026,1508,Congo DR,1568,Uzbekistan,129670.0,Nathanaël Mbuku,,,Card,Yellow Card,45,5.0,0,0,0,0,0,1,Yellow Card,0,alta,alta,api_football_events
1539013,2026-06-27,World Cup 2026,1568,Uzbekistan,1508,Congo DR,73514.0,Sherzod Nasrullaev,,,Card,Yellow Card,48,,0,0,0,0,0,1,Yellow Card,0,alta,alta,api_football_events
1539013,2026-06-27,World Cup 2026,1508,Congo DR,1568,Uzbekistan,3033.0,C. Bakambu,,,subst,Substitution 1,51,,0,0,0,0,0,0,,1,alta,alta,api_football_events
1539013,2026-06-27,World Cup 2026,1568,Uzbekistan,1508,Congo DR,50272.0,O. Shukurov,,,subst,Substitution 1,59,,0,0,0,0,0,0,,1,alta,alta,api_football_events
1539013,2026-06-27,World Cup 2026,1568,Uzbekistan,1508,Congo DR,53834.0,D. Khamdamov,,,subst,Substitution 2,59,,0,0,0,0,0,0,,1,alta,alta,api_football_events
1539013,2026-06-27,World Cup 2026,1508,Congo DR,1568,Uzbekistan,21101.0,Samuel Moutoussamy,,,Card,Yellow Card,62,,0,0,0,0,0,1,Yellow Card,0,alta,alta,api_football_events
1539013,2026-06-27,World Cup 2026,1508,Congo DR,1568,Uzbekistan,20649.0,Y. Wissa,,,Goal,Penalty,68,,1,0,1,0,0,0,,0,alta,alta,api_football_events
1539013,2026-06-27,World Cup 2026,1508,Congo DR,1568,Uzbekistan,279482.0,B. Cipenga,,,subst,Substitution 2,72,,0,0,0,0,0,0,,1,alta,alta,api_football_events
1539013,2026-06-27,World Cup 2026,1508,Congo DR,1568,Uzbekistan,129670.0,N. Mbuku,,,subst,Substitution 3,72,,0,0,0,0,0,0,,1,alta,alta,api_football_events
1539013,2026-06-27,World Cup 2026,1508,Congo DR,1568,Uzbekistan,21101.0,S. Moutoussamy,,,subst,Substitution 4,72,,0,0,0,0,0,0,,1,alta,alta,api_football_events
1539013,2026-06-27,World Cup 2026,1568,Uzbekistan,1508,Congo DR,263676.0,A. Fayzullaev,,,subst,Substitution 3,73,,0,0,0,0,0,0,,1,alta,alta,api_football_events
1539013,2026-06-27,World Cup 2026,1508,Congo DR,1568,Uzbekistan,179699.0,F. Mayele,,,Goal,Normal Goal,78,,1,0,0,0,0,0,,0,alta,alta,api_football_events
1539013,2026-06-27,World Cup 2026,1568,Uzbekistan,1508,Congo DR,358427.0,J. Urozov,,,subst,Substitution 4,82,,0,0,0,0,0,0,,1,alta,alta,api_football_events
1539013,2026-06-27,World Cup 2026,1568,Uzbekistan,1508,Congo DR,73522.0,A. Mozgovoy,,,subst,Substitution 5,82,,0,0,0,0,0,0,,1,alta,alta,api_football_events
1539013,2026-06-27,World Cup 2026,1508,Congo DR,1568,Uzbekistan,18816.0,A. Masuaku,,,subst,Substitution 5,83,,0,0,0,0,0,0,,1,alta,alta,api_football_events
1539013,2026-06-27,World Cup 2026,1508,Congo DR,1568,Uzbekistan,20649.0,Y. Wissa,3034.0,M. Elia,Goal,Normal Goal,90,,1,1,0,0,0,0,,0,alta,alta,api_football_events
1489418,2026-06-28,World Cup 2026,775,Austria,1532,Algeria,18830.0,M. Arnautovic,,,Card,Yellow Card,11,,0,0,0,0,0,1,Yellow Card,0,alta,alta,api_football_events
1489418,2026-06-28,World Cup 2026,775,Austria,1532,Algeria,18830.0,M. Arnautovic,505.0,D. Alaba,Goal,Normal Goal,28,,1,1,0,0,0,0,,0,alta,alta,api_football_events
1489418,2026-06-28,World Cup 2026,1532,Algeria,775,Austria,303362.0,R. Belghali,,,Goal,Normal Goal,45,,1,0,0,0,0,0,,0,alta,alta,api_football_events
1489418,2026-06-28,World Cup 2026,775,Austria,1532,Algeria,1095.0,X. Schlager,,,subst,Substitution 1,46,,0,0,0,0,0,0,,1,alta,alta,api_football_events
1489418,2026-06-28,World Cup 2026,775,Austria,1532,Algeria,7562.0,R. Schmid,,,subst,Substitution 2,46,,0,0,0,0,0,0,,1,alta,alta,api_football_events
1489418,2026-06-28,World Cup 2026,775,Austria,1532,Algeria,18830.0,M. Arnautovic,,,subst,Substitution 3,46,,0,0,0,0,0,0,,1,alta,alta,api_football_events
1489418,2026-06-28,World Cup 2026,775,Austria,1532,Algeria,1159.0,M. Sabitzer,1157.0,K. Laimer,Goal,Normal Goal,55,,1,1,0,0,0,0,,0,alta,alta,api_football_events
1489418,2026-06-28,World Cup 2026,1532,Algeria,775,Austria,635.0,R. Mahrez,658.0,H. Aouar,Goal,Normal Goal,60,,1,1,0,0,0,0,,0,alta,alta,api_football_events
1489418,2026-06-28,World Cup 2026,775,Austria,1532,Algeria,505.0,D. Alaba,,,subst,Substitution 4,62,,0,0,0,0,0,0,,1,alta,alta,api_football_events
1489418,2026-06-28,World Cup 2026,1532,Algeria,775,Austria,271539.0,J. Hadjam,,,subst,Substitution 1,71,,0,0,0,0,0,0,,1,alta,alta,api_football_events
1489418,2026-06-28,World Cup 2026,1532,Algeria,775,Austria,303362.0,R. Belghali,,,subst,Substitution 2,71,,0,0,0,0,0,0,,1,alta,alta,api_football_events
1489418,2026-06-28,World Cup 2026,1532,Algeria,775,Austria,85041.0,A. Gouiri,,,subst,Substitution 3,71,,0,0,0,0,0,0,,1,alta,alta,api_football_events
1489418,2026-06-28,World Cup 2026,1532,Algeria,775,Austria,658.0,H. Aouar,,,subst,Substitution 4,90,4.0,0,0,0,0,0,0,,1,alta,alta,api_football_events
1489418,2026-06-28,World Cup 2026,775,Austria,1532,Algeria,25915.0,P. Mwene,,,subst,Substitution 5,90,5.0,0,0,0,0,0,0,,1,alta,alta,api_football_events
1489418,2026-06-28,World Cup 2026,1532,Algeria,775,Austria,635.0,R. Mahrez,658.0,H. Aouar,Goal,Normal Goal,90,,1,1,0,0,0,0,,0,alta,alta,api_football_events
1489418,2026-06-28,World Cup 2026,775,Austria,1532,Algeria,7722.0,S. Kalajdzic,25297.0,M. Gregoritsch,Goal,Normal Goal,90,,1,1,0,0,0,0,,0,alta,alta,api_football_events
1489421,2026-06-28,World Cup 2026,1548,Jordan,26,Argentina,310785.0,M. Abu Taha,,,Card,Yellow Card,17,,0,0,0,0,0,1,Yellow Card,0,alta,alta,api_football_events
1489421,2026-06-28,World Cup 2026,26,Argentina,1548,Jordan,1578.0,G. Lo Celso,,,Goal,Normal Goal,19,,1,0,0,0,0,0,,0,alta,alta,api_football_events
1489421,2026-06-28,World Cup 2026,26,Argentina,1548,Jordan,217.0,L. Martinez,,,Goal,Penalty,31,,1,0,1,0,0,0,,0,alta,alta,api_football_events
1489421,2026-06-28,World Cup 2026,1548,Jordan,26,Argentina,568556.0,O. Al Fakhouri,,,subst,Substitution 1,46,,0,0,0,0,0,0,,1,alta,alta,api_football_events
1489421,2026-06-28,World Cup 2026,1548,Jordan,26,Argentina,575283.0,A. Azaizeh,,,subst,Substitution 2,46,,0,0,0,0,0,0,,1,alta,alta,api_football_events
1489421,2026-06-28,World Cup 2026,1548,Jordan,26,Argentina,15286.0,M. Tamari,53902.0,E. Haddad,Goal,Normal Goal,55,,1,1,0,0,0,0,,0,alta,alta,api_football_events
1489421,2026-06-28,World Cup 2026,26,Argentina,1548,Jordan,217.0,L. Martinez,,,subst,Substitution 1,60,,0,0,0,0,0,0,,1,alta,alta,api_football_events
1489421,2026-06-28,World Cup 2026,26,Argentina,1548,Jordan,1578.0,G. Lo Celso,,,subst,Substitution 2,60,,0,0,0,0,0,0,,1,alta,alta,api_football_events
1489421,2026-06-28,World Cup 2026,26,Argentina,1548,Jordan,350037.0,N. Paz,,,subst,Substitution 3,61,,0,0,0,0,0,0,,1,alta,alta,api_football_events
1489421,2026-06-28,World Cup 2026,1548,Jordan,26,Argentina,53900.0,Y. Al Arab,,,Card,Yellow Card,64,,0,0,0,0,0,1,Yellow Card,0,alta,alta,api_football_events
1489421,2026-06-28,World Cup 2026,26,Argentina,1548,Jordan,323935.0,G. Simeone,,,subst,Substitution 4,71,,0,0,0,0,0,0,,1,alta,alta,api_football_events
1489421,2026-06-28,World Cup 2026,1548,Jordan,26,Argentina,213980.0,N. Al Rashdan,,,subst,Substitution 3,76,,0,0,0,0,0,0,,1,alta,alta,api_football_events
1489421,2026-06-28,World Cup 2026,26,Argentina,1548,Jordan,154.0,L. Messi,,,Goal,Normal Goal,80,,1,0,0,0,0,0,,0,alta,alta,api_football_events
1489421,2026-06-28,World Cup 2026,26,Argentina,1548,Jordan,6009.0,J. Alvarez,,,subst,Substitution 5,82,,0,0,0,0,0,0,,1,alta,alta,api_football_events
1489421,2026-06-28,World Cup 2026,1548,Jordan,26,Argentina,72142.0,Shararh,,,Card,Yellow Card,90,4.0,0,0,0,0,0,1,Yellow Card,0,alta,alta,api_football_events
1489421,2026-06-28,World Cup 2026,1548,Jordan,26,Argentina,542822.0,H. Abu Dahab,,,subst,Substitution 4,90,,0,0,0,0,0,0,,1,alta,alta,api_football_events
1489421,2026-06-28,World Cup 2026,1548,Jordan,26,Argentina,164026.0,A. Olwan,,,subst,Substitution 5,90,,0,0,0,0,0,0,,1,alta,alta,api_football_events
1561329,2026-06-28,World Cup 2026,1531,South Africa,5529,Canada,414149.0,R. Mofokeng,,,subst,Substitution 1,46,,0,0,0,0,0,0,,1,alta,alta,api_football_events
1561329,2026-06-28,World Cup 2026,5529,Canada,1531,South Africa,294824.0,Nathan-Dylan Saliba,,,Card,Yellow Card,54,,0,0,0,0,0,1,Yellow Card,0,alta,alta,api_football_events
1561329,2026-06-28,World Cup 2026,5529,Canada,1531,South Africa,407017.0,M. Bombito,,,subst,Substitution 1,59,,0,0,0,0,0,0,,1,alta,alta,api_football_events
1561329,2026-06-28,World Cup 2026,5529,Canada,1531,South Africa,294824.0,N. Saliba,,,subst,Substitution 2,59,,0,0,0,0,0,0,,1,alta,alta,api_football_events
1561329,2026-06-28,World Cup 2026,5529,Canada,1531,South Africa,416901.0,Niko Sigur,,,Card,Yellow Card,67,,0,0,0,0,0,1,Yellow Card,0,alta,alta,api_football_events
1561329,2026-06-28,World Cup 2026,5529,Canada,1531,South Africa,44798.0,L. Millar,,,subst,Substitution 3,70,,0,0,0,0,0,0,,1,alta,alta,api_football_events
1561329,2026-06-28,World Cup 2026,5529,Canada,1531,South Africa,351587.0,T. Oluwaseyi,,,subst,Substitution 4,70,,0,0,0,0,0,0,,1,alta,alta,api_football_events
1561329,2026-06-28,World Cup 2026,5529,Canada,1531,South Africa,51016.0,T. Buchanan,,,subst,Substitution 5,75,,0,0,0,0,0,0,,1,alta,alta,api_football_events
1561329,2026-06-28,World Cup 2026,1531,South Africa,5529,Canada,201354.0,E. Makgopa,,,subst,Substitution 2,86,,0,0,0,0,0,0,,1,alta,alta,api_football_events
1561329,2026-06-28,World Cup 2026,1531,South Africa,5529,Canada,354831.0,T. Maseko,,,subst,Substitution 3,86,,0,0,0,0,0,0,,1,alta,alta,api_football_events
1561329,2026-06-28,World Cup 2026,5529,Canada,1531,South Africa,35570.0,S. Eustaquio,,,Goal,Normal Goal,90,,1,0,0,0,0,0,,0,alta,alta,api_football_events
1562344,2026-06-29,World Cup 2026,12,Japan,6,Brazil,33889.0,Kaishu Sano,,,Card,Yellow Card,12,,0,0,0,0,0,1,Yellow Card,0,alta,alta,api_football_events
1562344,2026-06-29,World Cup 2026,6,Brazil,12,Japan,747.0,Casemiro,,,Card,Yellow Card,14,,0,0,0,0,0,1,Yellow Card,0,alta,alta,api_football_events
1562344,2026-06-29,World Cup 2026,12,Japan,6,Brazil,33889.0,K. Sano,,,Goal,Normal Goal,29,,1,0,0,0,0,0,,0,alta,alta,api_football_events
1562344,2026-06-29,World Cup 2026,12,Japan,6,Brazil,2601.0,Daichi Kamada,,,Card,Yellow Card,45,,0,0,0,0,0,1,Yellow Card,0,alta,alta,api_football_events
1562344,2026-06-29,World Cup 2026,6,Brazil,12,Japan,1646.0,Lucas Paqueta,,,subst,Substitution 1,46,,0,0,0,0,0,0,,1,alta,alta,api_football_events
1562344,2026-06-29,World Cup 2026,6,Brazil,12,Japan,618.0,Danilo,,,Card,Yellow Card,48,,0,0,0,0,0,1,Yellow Card,0,alta,alta,api_football_events
1562344,2026-06-29,World Cup 2026,6,Brazil,12,Japan,747.0,Casemiro,22224.0,Gabriel,Goal,Normal Goal,56,,1,1,0,0,0,0,,0,alta,alta,api_football_events
1562344,2026-06-29,World Cup 2026,6,Brazil,12,Japan,1165.0,M. Cunha,,,subst,Substitution 2,66,,0,0,0,0,0,0,,1,alta,alta,api_football_events
1562344,2026-06-29,World Cup 2026,12,Japan,6,Brazil,2598.0,R. Doan,,,subst,Substitution 1,66,,0,0,0,0,0,0,,1,alta,alta,api_football_events
1562344,2026-06-29,World Cup 2026,12,Japan,6,Brazil,33321.0,K. Nakamura,,,subst,Substitution 2,66,,0,0,0,0,0,0,,1,alta,alta,api_football_events
1562344,2026-06-29,World Cup 2026,12,Japan,6,Brazil,1942.0,J. Ito,,,subst,Substitution 3,78,,0,0,0,0,0,0,,1,alta,alta,api_football_events
1562344,2026-06-29,World Cup 2026,12,Japan,6,Brazil,2601.0,D. Kamada,,,subst,Substitution 4,78,,0,0,0,0,0,0,,1,alta,alta,api_football_events
1562344,2026-06-29,World Cup 2026,12,Japan,6,Brazil,351014.0,Junnosuke Suzuki,,,Card,Yellow Card,84,,0,0,0,0,0,1,Yellow Card,0,alta,alta,api_football_events
1562344,2026-06-29,World Cup 2026,6,Brazil,12,Japan,747.0,Casemiro,,,subst,Substitution 3,90,3.0,0,0,0,0,0,0,,1,alta,alta,api_football_events
1562344,2026-06-29,World Cup 2026,6,Brazil,12,Japan,10135.0,Bruno Guimaraes,,,subst,Substitution 4,90,8.0,0,0,0,0,0,0,,1,alta,alta,api_football_events
1562344,2026-06-29,World Cup 2026,12,Japan,6,Brazil,33224.0,D. Maeda,,,subst,Substitution 5,90,7.0,0,0,0,0,0,0,,1,alta,alta,api_football_events
1562344,2026-06-29,World Cup 2026,6,Brazil,12,Japan,127769.0,G. Martinelli,10135.0,Bruno Guimaraes,Goal,Normal Goal,90,,1,1,0,0,0,0,,0,alta,alta,api_football_events
1565176,2026-06-29,World Cup 2026,2380,Paraguay,25,Germany,70747.0,J. Enciso,305832.0,M. Galarza,Goal,Normal Goal,42,,1,1,0,0,0,0,,0,alta,alta,api_football_events
1565176,2026-06-29,World Cup 2026,25,Germany,2380,Paraguay,637.0,F. Nmecha,,,subst,Substitution 1,46,,0,0,0,0,0,0,,1,alta,alta,api_football_events
1565176,2026-06-29,World Cup 2026,25,Germany,2380,Paraguay,978.0,K. Havertz,203224.0,F. Wirtz,Goal,Normal Goal,54,,1,1,0,0,0,0,,0,alta,alta,api_football_events
1565176,2026-06-29,World Cup 2026,2380,Paraguay,25,Germany,6483.0,G. Avalos,,,subst,Substitution 1,55,,0,0,0,0,0,0,,1,alta,alta,api_football_events
1565176,2026-06-29,World Cup 2026,2380,Paraguay,25,Germany,70747.0,J. Enciso,,,subst,Substitution 2,57,,0,0,0,0,0,0,,1,alta,alta,api_football_events
1565176,2026-06-29,World Cup 2026,25,Germany,2380,Paraguay,26475.0,D. Undav,,,subst,Substitution 2,63,,0,0,0,0,0,0,,1,alta,alta,api_football_events
1565176,2026-06-29,World Cup 2026,2380,Paraguay,25,Germany,6236.0,Andrés Cubas,,,Card,Yellow Card,65,,0,0,0,0,0,1,Yellow Card,0,alta,alta,api_football_events
1565176,2026-06-29,World Cup 2026,25,Germany,2380,Paraguay,328033.0,A. Pavlovic,,,subst,Substitution 3,79,,0,0,0,0,0,0,,1,alta,alta,api_football_events
1565176,2026-06-29,World Cup 2026,25,Germany,2380,Paraguay,644.0,L. Sane,,,subst,Substitution 4,88,,0,0,0,0,0,0,,1,alta,alta,api_football_events
1565176,2026-06-29,World Cup 2026,2380,Paraguay,25,Germany,2507.0,M. Almiron,,,subst,Substitution 3,91,,0,0,0,0,0,0,,1,alta,alta,api_football_events
1565176,2026-06-29,World Cup 2026,2380,Paraguay,25,Germany,195107.0,D. Bobadilla,,,subst,Substitution 4,99,,0,0,0,0,0,0,,1,alta,alta,api_football_events
1565176,2026-06-29,World Cup 2026,2380,Paraguay,25,Germany,195992.0,J. Caceres,,,subst,Substitution 5,99,,0,0,0,0,0,0,,1,alta,alta,api_football_events
1565176,2026-06-29,World Cup 2026,25,Germany,2380,Paraguay,972.0,Jonathan Tah,,,Var,Goal cancelled,103,,0,0,0,0,0,0,,0,alta,media,api_football_events
1565176,2026-06-29,World Cup 2026,25,Germany,2380,Paraguay,978.0,Kai Havertz,,,Card,Yellow Card,106,,0,0,0,0,0,1,Yellow Card,0,alta,alta,api_football_events
1565176,2026-06-29,World Cup 2026,25,Germany,2380,Paraguay,203224.0,F. Wirtz,,,subst,Substitution 5,110,,0,0,0,0,0,0,,1,alta,alta,api_football_events
1565176,2026-06-29,World Cup 2026,25,Germany,2380,Paraguay,2285.0,A. Rudiger,,,subst,Substitution 6,110,,0,0,0,0,0,0,,1,alta,alta,api_football_events
1565176,2026-06-29,World Cup 2026,25,Germany,2380,Paraguay,181812.0,Jamal Musiala,,,Card,Yellow Card,115,,0,0,0,0,0,1,Yellow Card,0,alta,alta,api_football_events
1565176,2026-06-29,World Cup 2026,2380,Paraguay,25,Germany,305832.0,Matías Galarza,,,Card,Yellow Card,117,,0,0,0,0,0,1,Yellow Card,0,alta,alta,api_football_events
1565176,2026-06-29,World Cup 2026,2380,Paraguay,25,Germany,2499.0,J. Alonso,,,subst,Substitution 6,120,2.0,0,0,0,0,0,0,,1,alta,alta,api_football_events
1562345,2026-06-30,World Cup 2026,31,Morocco,1118,Netherlands,18814.0,I. Diop,,,Card,Yellow Card,47,,0,0,0,0,0,1,Yellow Card,0,alta,alta,api_football_events
1562345,2026-06-30,World Cup 2026,1118,Netherlands,31,Morocco,38750.0,B. Brobbey,,,subst,Substitution 1,71,,0,0,0,0,0,0,,1,alta,alta,api_football_events
1562345,2026-06-30,World Cup 2026,1118,Netherlands,31,Morocco,18861.0,N. Ake,,,subst,Substitution 2,71,,0,0,0,0,0,0,,1,alta,alta,api_football_events
1562345,2026-06-30,World Cup 2026,1118,Netherlands,31,Morocco,247.0,C. Gakpo,37724.0,C. Summerville,Goal,Normal Goal,72,,1,1,0,0,0,0,,0,alta,alta,api_football_events
1562345,2026-06-30,World Cup 2026,31,Morocco,1118,Netherlands,278898.0,C. Riad,,,subst,Substitution 1,75,,0,0,0,0,0,0,,1,alta,alta,api_football_events
1562345,2026-06-30,World Cup 2026,31,Morocco,1118,Netherlands,438688.0,A. Bouaddi,,,subst,Substitution 2,79,,0,0,0,0,0,0,,1,alta,alta,api_football_events
1562345,2026-06-30,World Cup 2026,31,Morocco,1118,Netherlands,744.0,B. Diaz,,,subst,Substitution 3,79,,0,0,0,0,0,0,,1,alta,alta,api_football_events
1562345,2026-06-30,World Cup 2026,1118,Netherlands,31,Morocco,542.0,R. Gravenberch,,,subst,Substitution 3,86,,0,0,0,0,0,0,,1,alta,alta,api_football_events
1562345,2026-06-30,World Cup 2026,1118,Netherlands,31,Morocco,152849.0,M. van de Ven,,,subst,Substitution 4,86,,0,0,0,0,0,0,,1,alta,alta,api_football_events
1562345,2026-06-30,World Cup 2026,31,Morocco,1118,Netherlands,129678.0,A. Ounahi,,,subst,Substitution 4,86,,0,0,0,0,0,0,,1,alta,alta,api_football_events
1562345,2026-06-30,World Cup 2026,31,Morocco,1118,Netherlands,340573.0,B. El Khannouss,,,subst,Substitution 5,87,,0,0,0,0,0,0,,1,alta,alta,api_football_events
1562345,2026-06-30,World Cup 2026,31,Morocco,1118,Netherlands,18814.0,I. Diop,336659.0,C. Talbi,Goal,Normal Goal,90,,1,1,0,0,0,0,,0,alta,alta,api_football_events
1562345,2026-06-30,World Cup 2026,1118,Netherlands,31,Morocco,538.0,F. de Jong,,,subst,Substitution 5,110,,0,0,0,0,0,0,,1,alta,alta,api_football_events
1562345,2026-06-30,World Cup 2026,1118,Netherlands,31,Morocco,247.0,C. Gakpo,,,subst,Substitution 6,113,,0,0,0,0,0,0,,1,alta,alta,api_football_events
1562345,2026-06-30,World Cup 2026,1118,Netherlands,31,Morocco,36899.0,T. Koopmeiners,,,Goal,Penalty,120,1.0,1,0,1,0,0,0,,0,alta,alta,api_football_events
1562345,2026-06-30,World Cup 2026,31,Morocco,1118,Netherlands,277003.0,N. El Aynaoui,,,Goal,Missed Penalty,120,1.0,0,0,0,1,0,0,,0,alta,alta,api_football_events
1562345,2026-06-30,World Cup 2026,1118,Netherlands,31,Morocco,792.0,J. Kluivert,,,Goal,Missed Penalty,120,2.0,0,0,0,1,0,0,,0,alta,alta,api_football_events
1562345,2026-06-30,World Cup 2026,31,Morocco,1118,Netherlands,36579.0,S. Rahimi,,,Goal,Penalty,120,2.0,1,0,1,0,0,0,,0,alta,alta,api_football_events
1562345,2026-06-30,World Cup 2026,1118,Netherlands,31,Morocco,25416.0,W. Weghorst,,,Goal,Penalty,120,3.0,1,0,1,0,0,0,,0,alta,alta,api_football_events
1562345,2026-06-30,World Cup 2026,31,Morocco,1118,Netherlands,336659.0,C. Talbi,,,Goal,Penalty,120,3.0,1,0,1,0,0,0,,0,alta,alta,api_football_events
1562345,2026-06-30,World Cup 2026,1118,Netherlands,31,Morocco,38747.0,Q. Timber,,,Goal,Missed Penalty,120,4.0,0,0,0,1,0,0,,0,alta,alta,api_football_events
1562345,2026-06-30,World Cup 2026,31,Morocco,1118,Netherlands,9.0,A. Hakimi,,,Goal,Missed Penalty,120,4.0,0,0,0,1,0,0,,0,alta,alta,api_football_events
1562345,2026-06-30,World Cup 2026,1118,Netherlands,31,Morocco,37724.0,C. Summerville,,,Goal,Missed Penalty,120,5.0,0,0,0,1,0,0,,0,alta,alta,api_football_events
1562345,2026-06-30,World Cup 2026,31,Morocco,1118,Netherlands,161897.0,I. Saibari,,,Goal,Penalty,120,5.0,1,0,1,0,0,0,,0,alta,alta,api_football_events
1564789,2026-06-30,World Cup 2026,1090,Norway,1501,Ivory Coast,314511.0,A. Nusa,37127.0,M. Odegaard,Goal,Normal Goal,39,,1,1,0,0,0,0,,0,alta,alta,api_football_events
1564789,2026-06-30,World Cup 2026,1090,Norway,1501,Ivory Coast,314511.0,Antonio Nusa,,,Card,Yellow Card,45,1.0,0,0,0,0,0,1,Yellow Card,0,alta,alta,api_football_events
1564789,2026-06-30,World Cup 2026,1501,Ivory Coast,1090,Norway,474591.0,C. Inao Oulai,,,subst,Substitution 1,60,,0,0,0,0,0,0,,1,alta,alta,api_football_events
1564789,2026-06-30,World Cup 2026,1501,Ivory Coast,1090,Norway,275651.0,A. Bonny,,,subst,Substitution 2,60,,0,0,0,0,0,0,,1,alta,alta,api_football_events
1564789,2026-06-30,World Cup 2026,1090,Norway,1501,Ivory Coast,8492.0,A. Sorloth,,,subst,Substitution 1,71,,0,0,0,0,0,0,,1,alta,alta,api_football_events
1564789,2026-06-30,World Cup 2026,1090,Norway,1501,Ivory Coast,314511.0,A. Nusa,,,subst,Substitution 2,71,,0,0,0,0,0,0,,1,alta,alta,api_football_events
1564789,2026-06-30,World Cup 2026,1501,Ivory Coast,1090,Norway,157997.0,A. Diallo,3246.0,N. Pepe,Goal,Normal Goal,74,,1,1,0,0,0,0,,0,alta,alta,api_football_events
1564789,2026-06-30,World Cup 2026,1090,Norway,1501,Ivory Coast,39362.0,M. Pedersen,,,subst,Substitution 3,83,,0,0,0,0,0,0,,1,alta,alta,api_football_events
1564789,2026-06-30,World Cup 2026,1090,Norway,1501,Ivory Coast,1100.0,E. Haaland,39064.0,P. Berg,Goal,Normal Goal,86,,1,1,0,0,0,0,,0,alta,alta,api_football_events
1564789,2026-06-30,World Cup 2026,1501,Ivory Coast,1090,Norway,3246.0,N. Pepe,,,subst,Substitution 3,87,,0,0,0,0,0,0,,1,alta,alta,api_football_events
1564789,2026-06-30,World Cup 2026,1501,Ivory Coast,1090,Norway,22002.0,G. Konan,,,subst,Substitution 4,90,3.0,0,0,0,0,0,0,,1,alta,alta,api_football_events
1564789,2026-06-30,World Cup 2026,1501,Ivory Coast,1090,Norway,513776.0,Y. Diomande,,,subst,Substitution 5,90,3.0,0,0,0,0,0,0,,1,alta,alta,api_football_events
1565177,2026-06-30,World Cup 2026,2,France,5,Sweden,278.0,K. Mbappe,153.0,O. Dembele,Goal,Normal Goal,45,,1,1,0,0,0,0,,0,alta,alta,api_football_events
1565177,2026-06-30,World Cup 2026,2,France,5,Sweden,161904.0,B. Barcola,19617.0,M. Olise,Goal,Normal Goal,53,,1,1,0,0,0,0,,0,alta,alta,api_football_events
1565177,2026-06-30,World Cup 2026,5,Sweden,2,France,226765.0,E. Stroud,,,subst,Substitution 1,66,,0,0,0,0,0,0,,1,alta,alta,api_football_events
1565177,2026-06-30,World Cup 2026,5,Sweden,2,France,347316.0,L. Bergvall,,,subst,Substitution 2,66,,0,0,0,0,0,0,,1,alta,alta,api_football_events
1565177,2026-06-30,World Cup 2026,2,France,5,Sweden,278.0,K. Mbappe,19617.0,M. Olise,Goal,Normal Goal,74,,1,1,0,0,0,0,,0,alta,alta,api_football_events
1565177,2026-06-30,World Cup 2026,2,France,5,Sweden,1257.0,J. Kounde,,,subst,Substitution 1,75,,0,0,0,0,0,0,,1,alta,alta,api_football_events
1565177,2026-06-30,World Cup 2026,2,France,5,Sweden,153.0,O. Dembele,,,subst,Substitution 2,75,,0,0,0,0,0,0,,1,alta,alta,api_football_events
1565177,2026-06-30,World Cup 2026,2,France,5,Sweden,2724.0,L. Digne,,,subst,Substitution 3,78,,0,0,0,0,0,0,,1,alta,alta,api_football_events
1565177,2026-06-30,World Cup 2026,5,Sweden,2,France,198654.0,D. Svensson,,,subst,Substitution 3,82,,0,0,0,0,0,0,,1,alta,alta,api_football_events
1565177,2026-06-30,World Cup 2026,5,Sweden,2,France,265820.0,Y. Ayari,,,subst,Substitution 4,82,,0,0,0,0,0,0,,1,alta,alta,api_football_events
1565177,2026-06-30,World Cup 2026,2,France,5,Sweden,278.0,K. Mbappe,,,subst,Substitution 4,85,,0,0,0,0,0,0,,1,alta,alta,api_football_events
1565177,2026-06-30,World Cup 2026,2,France,5,Sweden,19617.0,M. Olise,,,subst,Substitution 5,85,,0,0,0,0,0,0,,1,alta,alta,api_football_events
1565177,2026-06-30,World Cup 2026,5,Sweden,2,France,2864.0,A. Isak,,,subst,Substitution 5,89,,0,0,0,0,0,0,,1,alta,alta,api_football_events
1567306,2026-07-01,World Cup 2026,16,Mexico,2382,Ecuador,35532.0,J. Quinones,2879.0,R. Alvarado,Goal,Normal Goal,22,,1,1,0,0,0,0,,0,alta,alta,api_football_events
1567306,2026-07-01,World Cup 2026,16,Mexico,2382,Ecuador,2887.0,R. Jimenez,35532.0,J. Quinones,Goal,Normal Goal,31,,1,1,0,0,0,0,,0,alta,alta,api_football_events
1567306,2026-07-01,World Cup 2026,2382,Ecuador,16,Mexico,16360.0,A. Franco,,,Card,Yellow Card,45,1.0,0,0,0,0,0,1,Yellow Card,0,alta,alta,api_football_events
1567306,2026-07-01,World Cup 2026,2382,Ecuador,16,Mexico,354027.0,J. Ordonez,,,subst,Substitution 1,46,,0,0,0,0,0,0,,1,alta,alta,api_football_events
1567306,2026-07-01,World Cup 2026,2382,Ecuador,16,Mexico,16360.0,A. Franco,,,subst,Substitution 2,46,,0,0,0,0,0,0,,1,alta,alta,api_football_events
1567306,2026-07-01,World Cup 2026,16,Mexico,2382,Ecuador,482605.0,G. Mora,,,subst,Substitution 1,58,,0,0,0,0,0,0,,1,alta,alta,api_football_events
1567306,2026-07-01,World Cup 2026,2382,Ecuador,16,Mexico,35533.0,E. Valencia,,,subst,Substitution 3,59,,0,0,0,0,0,0,,1,alta,alta,api_football_events
1567306,2026-07-01,World Cup 2026,16,Mexico,2382,Ecuador,35970.0,L. Romo,,,subst,Substitution 2,73,,0,0,0,0,0,0,,1,alta,alta,api_football_events
1567306,2026-07-01,World Cup 2026,16,Mexico,2382,Ecuador,2887.0,R. Jimenez,,,subst,Substitution 3,74,,0,0,0,0,0,0,,1,alta,alta,api_football_events
1567306,2026-07-01,World Cup 2026,2382,Ecuador,16,Mexico,25414.0,J. Yeboah,,,subst,Substitution 4,79,,0,0,0,0,0,0,,1,alta,alta,api_football_events
1567306,2026-07-01,World Cup 2026,2382,Ecuador,16,Mexico,311543.0,N. Angulo,,,subst,Substitution 5,79,,0,0,0,0,0,0,,1,alta,alta,api_football_events
1567306,2026-07-01,World Cup 2026,16,Mexico,2382,Ecuador,2879.0,R. Alvarado,,,subst,Substitution 4,80,,0,0,0,0,0,0,,1,alta,alta,api_football_events
1567306,2026-07-01,World Cup 2026,16,Mexico,2382,Ecuador,35532.0,J. Quinones,,,subst,Substitution 5,80,,0,0,0,0,0,0,,1,alta,alta,api_football_events
1567306,2026-07-01,World Cup 2026,2382,Ecuador,16,Mexico,406303.0,K. Paez,,,Card,Yellow Card,90,3.0,0,0,0,0,0,1,Yellow Card,0,alta,alta,api_football_events
1567306,2026-07-01,World Cup 2026,2382,Ecuador,16,Mexico,127817.0,P. Hincapie,,,Card,Red Card,90,5.0,0,0,0,0,0,1,Red Card,0,alta,alta,api_football_events
1567306,2026-07-01,World Cup 2026,2382,Ecuador,16,Mexico,116117.0,M. Caicedo,,,Card,Yellow Card,90,9.0,0,0,0,0,0,1,Yellow Card,0,alta,alta,api_football_events
1567307,2026-07-01,World Cup 2026,1508,Congo DR,10,England,279482.0,B. Cipenga,375.0,C. Mbemba,Goal,Normal Goal,7,,1,1,0,0,0,0,,0,alta,alta,api_football_events
1567307,2026-07-01,World Cup 2026,10,England,1508,Congo DR,129718.0,Jude Bellingham,,,Card,Yellow Card,19,,0,0,0,0,0,1,Yellow Card,0,alta,alta,api_football_events
1567307,2026-07-01,World Cup 2026,1508,Congo DR,10,England,365331.0,Noah Sadiki,,,Card,Yellow Card,27,,0,0,0,0,0,1,Yellow Card,0,alta,alta,api_football_events
1567307,2026-07-01,World Cup 2026,10,England,1508,Congo DR,184.0,Harry Kane,,,Var,Penalty cancelled,44,,0,0,0,0,0,0,,0,alta,media,api_football_events
1567307,2026-07-01,World Cup 2026,10,England,1508,Congo DR,909.0,M. Rashford,,,subst,Substitution 1,61,,0,0,0,0,0,0,,1,alta,alta,api_football_events
1567307,2026-07-01,World Cup 2026,10,England,1508,Congo DR,136723.0,N. Madueke,,,subst,Substitution 2,61,,0,0,0,0,0,0,,1,alta,alta,api_football_events
1567307,2026-07-01,World Cup 2026,1508,Congo DR,10,England,129670.0,N. Mbuku,,,subst,Substitution 1,64,,0,0,0,0,0,0,,1,alta,alta,api_football_events
1567307,2026-07-01,World Cup 2026,10,England,1508,Congo DR,19235.0,D. Spence,,,subst,Substitution 3,70,,0,0,0,0,0,0,,1,alta,alta,api_football_events
1567307,2026-07-01,World Cup 2026,10,England,1508,Congo DR,184.0,H. Kane,138787.0,A. Gordon,Goal,Normal Goal,75,,1,1,0,0,0,0,,0,alta,alta,api_football_events
1567307,2026-07-01,World Cup 2026,1508,Congo DR,10,England,375598.0,N. Mukau,,,subst,Substitution 2,76,,0,0,0,0,0,0,,1,alta,alta,api_football_events
1567307,2026-07-01,World Cup 2026,1508,Congo DR,10,England,279482.0,B. Cipenga,,,subst,Substitution 3,76,,0,0,0,0,0,0,,1,alta,alta,api_football_events
1567307,2026-07-01,World Cup 2026,10,England,1508,Congo DR,184.0,H. Kane,138787.0,A. Gordon,Goal,Normal Goal,86,,1,1,0,0,0,0,,0,alta,alta,api_football_events
1567307,2026-07-01,World Cup 2026,1508,Congo DR,10,England,18816.0,A. Masuaku,,,subst,Substitution 4,89,,0,0,0,0,0,0,,1,alta,alta,api_football_events
1567307,2026-07-01,World Cup 2026,1508,Congo DR,10,England,21101.0,S. Moutoussamy,,,subst,Substitution 5,89,,0,0,0,0,0,0,,1,alta,alta,api_football_events
1567307,2026-07-01,World Cup 2026,10,England,1508,Congo DR,2937.0,D. Rice,,,subst,Substitution 4,90,1.0,0,0,0,0,0,0,,1,alta,alta,api_football_events
1567308,2026-07-01,World Cup 2026,13,Senegal,1,Belgium,327631.0,H. Diarra,,,Goal,Normal Goal,24,,1,0,0,0,0,0,,0,alta,alta,api_football_events
1567308,2026-07-01,World Cup 2026,1,Belgium,13,Senegal,147859.0,C. De Ketelaere,,,subst,Substitution 1,46,,0,0,0,0,0,0,,1,alta,alta,api_football_events
1567308,2026-07-01,World Cup 2026,13,Senegal,1,Belgium,2218.0,I. Sarr,25916.0,M. Niakhate,Goal,Normal Goal,51,,1,1,0,0,0,0,,0,alta,alta,api_football_events
1567308,2026-07-01,World Cup 2026,1,Belgium,13,Senegal,629.0,K. De Bruyne,,,subst,Substitution 2,56,,0,0,0,0,0,0,,1,alta,alta,api_football_events
1567308,2026-07-01,World Cup 2026,1,Belgium,13,Senegal,1422.0,J. Doku,,,subst,Substitution 3,56,,0,0,0,0,0,0,,1,alta,alta,api_football_events
1567308,2026-07-01,World Cup 2026,1,Belgium,13,Senegal,78.0,H. Vanaken,,,subst,Substitution 4,63,,0,0,0,0,0,0,,1,alta,alta,api_football_events
1567308,2026-07-01,World Cup 2026,1,Belgium,13,Senegal,69.0,Brandon Mechele,,,Card,Yellow Card,64,,0,0,0,0,0,1,Yellow Card,0,alta,alta,api_football_events
1567308,2026-07-01,World Cup 2026,13,Senegal,1,Belgium,20696.0,P. Gueye,,,subst,Substitution 1,66,,0,0,0,0,0,0,,1,alta,alta,api_football_events
1567308,2026-07-01,World Cup 2026,13,Senegal,1,Belgium,374058.0,Lamine Camara,,,Card,Yellow Card,67,,0,0,0,0,0,1,Yellow Card,0,alta,alta,api_football_events
1567308,2026-07-01,World Cup 2026,13,Senegal,1,Belgium,327631.0,H. Diarra,,,subst,Substitution 2,73,,0,0,0,0,0,0,,1,alta,alta,api_football_events
1567308,2026-07-01,World Cup 2026,13,Senegal,1,Belgium,18592.0,I. Ndiaye,,,subst,Substitution 3,73,,0,0,0,0,0,0,,1,alta,alta,api_football_events
1567308,2026-07-01,World Cup 2026,1,Belgium,13,Senegal,162007.0,M. De Cuyper,,,subst,Substitution 5,78,,0,0,0,0,0,0,,1,alta,alta,api_football_events
1567308,2026-07-01,World Cup 2026,1,Belgium,13,Senegal,907.0,R. Lukaku,264.0,T. Meunier,Goal,Normal Goal,86,,1,1,0,0,0,0,,0,alta,alta,api_football_events
1567308,2026-07-01,World Cup 2026,1,Belgium,13,Senegal,2926.0,Y. Tielemans,1946.0,L. Trossard,Goal,Normal Goal,89,,1,1,0,0,0,0,,0,alta,alta,api_football_events
1567308,2026-07-01,World Cup 2026,13,Senegal,1,Belgium,304.0,S. Mane,,,subst,Substitution 4,94,,0,0,0,0,0,0,,1,alta,alta,api_football_events
1567308,2026-07-01,World Cup 2026,13,Senegal,1,Belgium,158121.0,I. Jakobs,,,subst,Substitution 5,94,,0,0,0,0,0,0,,1,alta,alta,api_football_events
1567308,2026-07-01,World Cup 2026,13,Senegal,1,Belgium,2990.0,I. Gueye,,,subst,Substitution 6,96,,0,0,0,0,0,0,,1,alta,alta,api_football_events
1567308,2026-07-01,World Cup 2026,1,Belgium,13,Senegal,1946.0,L. Trossard,,,subst,Substitution 6,109,,0,0,0,0,0,0,,1,alta,alta,api_football_events
1567308,2026-07-01,World Cup 2026,1,Belgium,13,Senegal,2926.0,Youri Tielemans,,,Var,Penalty confirmed,120,,0,0,0,0,0,0,,0,alta,media,api_football_events
1567308,2026-07-01,World Cup 2026,1,Belgium,13,Senegal,2926.0,Y. Tielemans,,,Goal,Penalty,120,,1,0,1,0,0,0,,0,alta,alta,api_football_events
1562586,2026-07-02,World Cup 2026,2384,USA,1113,Bosnia & Herzegovina,138835.0,F. Balogun,,,Goal,Normal Goal,45,,1,0,0,0,0,0,,0,alta,alta,api_football_events
1562586,2026-07-02,World Cup 2026,1113,Bosnia & Herzegovina,2384,USA,790.0,E. Dzeko,,,subst,Substitution 1,51,,0,0,0,0,0,0,,1,alta,alta,api_football_events
1562586,2026-07-02,World Cup 2026,1113,Bosnia & Herzegovina,2384,USA,70514.0,A. Gigovic,,,subst,Substitution 2,51,,0,0,0,0,0,0,,1,alta,alta,api_football_events
1562586,2026-07-02,World Cup 2026,1113,Bosnia & Herzegovina,2384,USA,1324.0,I. Sunjic,,,subst,Substitution 3,51,,0,0,0,0,0,0,,1,alta,alta,api_football_events
1562586,2026-07-02,World Cup 2026,2384,USA,1113,Bosnia & Herzegovina,138835.0,F. Balogun,,,Card,Red Card,64,,0,0,0,0,0,1,Red Card,0,alta,alta,api_football_events
1562586,2026-07-02,World Cup 2026,1113,Bosnia & Herzegovina,2384,USA,1442.0,S. Kolasinac,,,subst,Substitution 4,75,,0,0,0,0,0,0,,1,alta,alta,api_football_events
1562586,2026-07-02,World Cup 2026,1113,Bosnia & Herzegovina,2384,USA,1741.0,N. Katic,,,subst,Substitution 5,75,,0,0,0,0,0,0,,1,alta,alta,api_football_events
1562586,2026-07-02,World Cup 2026,1113,Bosnia & Herzegovina,2384,USA,,S. Barbarez,,,Card,Yellow Card,80,,0,0,0,0,0,1,Yellow Card,0,alta,alta,api_football_events
1562586,2026-07-02,World Cup 2026,1113,Bosnia & Herzegovina,2384,USA,14301.0,S. Radeljic,,,Card,Yellow Card,80,,0,0,0,0,0,1,Yellow Card,0,alta,alta,api_football_events
1562586,2026-07-02,World Cup 2026,2384,USA,1113,Bosnia & Herzegovina,162037.0,M. Tillman,,,Goal,Normal Goal,82,,1,0,0,0,0,0,,0,alta,alta,api_football_events
1562586,2026-07-02,World Cup 2026,2384,USA,1113,Bosnia & Herzegovina,38735.0,S. Dest,,,subst,Substitution 1,87,,0,0,0,0,0,0,,1,alta,alta,api_football_events
1562586,2026-07-02,World Cup 2026,2384,USA,1113,Bosnia & Herzegovina,17.0,C. Pulisic,,,subst,Substitution 2,88,,0,0,0,0,0,0,,1,alta,alta,api_football_events
1562586,2026-07-02,World Cup 2026,2384,USA,1113,Bosnia & Herzegovina,415.0,W. McKennie,,,subst,Substitution 3,90,5.0,0,0,0,0,0,0,,1,alta,alta,api_football_events
1567311,2026-07-02,World Cup 2026,9,Spain,775,Austria,47323.0,M. Oyarzabal,47380.0,M. Cucurella,Goal,Normal Goal,36,,1,1,0,0,0,0,,0,alta,alta,api_football_events
1567311,2026-07-02,World Cup 2026,775,Austria,9,Spain,1095.0,X. Schlager,,,subst,Substitution 1,46,,0,0,0,0,0,0,,1,alta,alta,api_football_events
1567311,2026-07-02,World Cup 2026,775,Austria,9,Spain,7328.0,N. Seiwald,,,subst,Substitution 2,46,,0,0,0,0,0,0,,1,alta,alta,api_football_events
1567311,2026-07-02,World Cup 2026,775,Austria,9,Spain,25297.0,M. Gregoritsch,,,subst,Substitution 3,60,,0,0,0,0,0,0,,1,alta,alta,api_football_events
1567311,2026-07-02,World Cup 2026,775,Austria,9,Spain,7562.0,R. Schmid,,,subst,Substitution 4,60,,0,0,0,0,0,0,,1,alta,alta,api_football_events
1567311,2026-07-02,World Cup 2026,9,Spain,775,Austria,47519.0,P. Porro,182219.0,A. Baena,Goal,Normal Goal,66,,1,1,0,0,0,0,,0,alta,alta,api_football_events
1567311,2026-07-02,World Cup 2026,9,Spain,775,Austria,182219.0,A. Baena,,,subst,Substitution 1,71,,0,0,0,0,0,0,,1,alta,alta,api_football_events
1567311,2026-07-02,World Cup 2026,9,Spain,775,Austria,1323.0,D. Olmo,,,subst,Substitution 2,71,,0,0,0,0,0,0,,1,alta,alta,api_football_events
1567311,2026-07-02,World Cup 2026,775,Austria,9,Spain,711.0,Stefan Posch,,,Card,Yellow Card,83,,0,0,0,0,0,1,Yellow Card,0,alta,alta,api_football_events
1567311,2026-07-02,World Cup 2026,9,Spain,775,Austria,386828.0,Lamine Yamal,,,subst,Substitution 3,85,,0,0,0,0,0,0,,1,alta,alta,api_football_events
1567311,2026-07-02,World Cup 2026,775,Austria,9,Spain,711.0,S. Posch,,,subst,Substitution 5,85,,0,0,0,0,0,0,,1,alta,alta,api_football_events
1567311,2026-07-02,World Cup 2026,9,Spain,775,Austria,47323.0,M. Oyarzabal,47380.0,M. Cucurella,Goal,Normal Goal,89,,1,1,0,0,0,0,,0,alta,alta,api_football_events
1567311,2026-07-02,World Cup 2026,9,Spain,775,Austria,133609.0,Pedri,,,subst,Substitution 4,90,3.0,0,0,0,0,0,0,,1,alta,alta,api_football_events
1567311,2026-07-02,World Cup 2026,9,Spain,775,Austria,622.0,A. Laporte,,,subst,Substitution 5,90,3.0,0,0,0,0,0,0,,1,alta,alta,api_football_events
1567309,2026-07-02,World Cup 2026,27,Portugal,3,Croatia,567.0,Rúben Dias,,,Card,Yellow Card,17,,0,0,0,0,0,1,Yellow Card,0,alta,alta,api_football_events
1567309,2026-07-02,World Cup 2026,3,Croatia,27,Portugal,46746.0,A. Budimir,,,subst,Substitution 1,46,,0,0,0,0,0,0,,1,alta,alta,api_football_events
1567309,2026-07-02,World Cup 2026,3,Croatia,27,Portugal,207.0,I. Perisic,,,Goal,Normal Goal,53,,1,0,0,0,0,0,,0,alta,alta,api_football_events
1567309,2026-07-02,World Cup 2026,3,Croatia,27,Portugal,754.0,Luka Modrić,,,Card,Yellow Card,59,,0,0,0,0,0,1,Yellow Card,0,alta,alta,api_football_events
1567309,2026-07-02,World Cup 2026,27,Portugal,3,Croatia,874.0,Cristiano Ronaldo,,,Var,Goal cancelled,61,,0,0,0,0,0,0,,0,alta,media,api_football_events
1567309,2026-07-02,World Cup 2026,27,Portugal,3,Croatia,128384.0,Vitinha,,,subst,Substitution 1,62,,0,0,0,0,0,0,,1,alta,alta,api_football_events
1567309,2026-07-02,World Cup 2026,27,Portugal,3,Croatia,1485.0,B. Fernandes,,,subst,Substitution 2,63,,0,0,0,0,0,0,,1,alta,alta,api_football_events
1567309,2026-07-02,World Cup 2026,27,Portugal,3,Croatia,855.0,J. Cancelo,,,subst,Substitution 3,63,,0,0,0,0,0,0,,1,alta,alta,api_football_events
1567309,2026-07-02,World Cup 2026,27,Portugal,3,Croatia,1864.0,P. Neto,,,subst,Substitution 4,63,,0,0,0,0,0,0,,1,alta,alta,api_football_events
1567309,2026-07-02,World Cup 2026,27,Portugal,3,Croatia,336671.0,Renato Veiga,,,Var,Penalty confirmed,67,,0,0,0,0,0,0,,0,alta,media,api_football_events
1567309,2026-07-02,World Cup 2026,3,Croatia,27,Portugal,295026.0,M. Baturina,,,subst,Substitution 2,68,,0,0,0,0,0,0,,1,alta,alta,api_football_events
1567309,2026-07-02,World Cup 2026,27,Portugal,3,Croatia,874.0,C. Ronaldo,,,Goal,Penalty,68,,1,0,1,0,0,0,,0,alta,alta,api_football_events
1567309,2026-07-02,World Cup 2026,27,Portugal,3,Croatia,874.0,C. Ronaldo,,,subst,Substitution 5,81,,0,0,0,0,0,0,,1,alta,alta,api_football_events
1567309,2026-07-02,World Cup 2026,3,Croatia,27,Portugal,207.0,Ivan Perišić,,,Card,Yellow Card,90,8.0,0,0,0,0,0,1,Yellow Card,0,alta,alta,api_football_events
1567309,2026-07-02,World Cup 2026,3,Croatia,27,Portugal,129033.0,Joško Gvardiol,,,Var,Goal cancelled,90,16.0,0,0,0,0,0,0,,0,alta,media,api_football_events
1567309,2026-07-02,World Cup 2026,3,Croatia,27,Portugal,2291.0,M. Kovacic,,,subst,Substitution 3,90,6.0,0,0,0,0,0,0,,1,alta,alta,api_football_events
1567309,2026-07-02,World Cup 2026,3,Croatia,27,Portugal,842.0,N. Vlasic,,,subst,Substitution 4,90,2.0,0,0,0,0,0,0,,1,alta,alta,api_football_events
1567309,2026-07-02,World Cup 2026,27,Portugal,3,Croatia,41585.0,G. Ramos,22236.0,R. Leao,Goal,Normal Goal,90,,1,1,0,0,0,0,,0,alta,alta,api_football_events
1567312,2026-07-03,World Cup 2026,15,Switzerland,1532,Algeria,421.0,B. Embolo,406244.0,J. Manzambi,Goal,Normal Goal,10,,1,1,0,0,0,0,,0,alta,alta,api_football_events
1567312,2026-07-03,World Cup 2026,1532,Algeria,15,Switzerland,276670.0,F. Chaibi,,,Card,Yellow Card,36,,0,0,0,0,0,1,Yellow Card,0,alta,alta,api_football_events
1567312,2026-07-03,World Cup 2026,15,Switzerland,1532,Algeria,48648.0,D. Ndoye,,,Goal,Normal Goal,46,,1,0,0,0,0,0,,0,alta,alta,api_football_events
1567312,2026-07-03,World Cup 2026,1532,Algeria,15,Switzerland,658.0,H. Aouar,,,subst,Substitution 1,58,,0,0,0,0,0,0,,1,alta,alta,api_football_events
1567312,2026-07-03,World Cup 2026,1532,Algeria,15,Switzerland,129047.0,R. Zerrouki,,,subst,Substitution 2,58,,0,0,0,0,0,0,,1,alta,alta,api_football_events
1567312,2026-07-03,World Cup 2026,15,Switzerland,1532,Algeria,406244.0,J. Manzambi,,,subst,Substitution 1,71,,0,0,0,0,0,0,,1,alta,alta,api_football_events
1567312,2026-07-03,World Cup 2026,15,Switzerland,1532,Algeria,48471.0,R. Vargas,,,subst,Substitution 2,71,,0,0,0,0,0,0,,1,alta,alta,api_football_events
1567312,2026-07-03,World Cup 2026,1532,Algeria,15,Switzerland,409.0,N. Bentaleb,,,subst,Substitution 3,71,,0,0,0,0,0,0,,1,alta,alta,api_football_events
1567312,2026-07-03,World Cup 2026,1532,Algeria,15,Switzerland,635.0,R. Mahrez,,,subst,Substitution 4,71,,0,0,0,0,0,0,,1,alta,alta,api_football_events
1567312,2026-07-03,World Cup 2026,1532,Algeria,15,Switzerland,4399.0,H. Boudaoui,,,Card,Yellow Card,72,,0,0,0,0,0,1,Yellow Card,0,alta,alta,api_football_events
1567312,2026-07-03,World Cup 2026,1532,Algeria,15,Switzerland,303362.0,R. Belghali,,,subst,Substitution 5,82,,0,0,0,0,0,0,,1,alta,alta,api_football_events
1567312,2026-07-03,World Cup 2026,15,Switzerland,1532,Algeria,421.0,B. Embolo,,,subst,Substitution 3,83,,0,0,0,0,0,0,,1,alta,alta,api_football_events
1567312,2026-07-03,World Cup 2026,15,Switzerland,1532,Algeria,2810.0,D. Zakaria,,,subst,Substitution 4,87,,0,0,0,0,0,0,,1,alta,alta,api_football_events
1567312,2026-07-03,World Cup 2026,15,Switzerland,1532,Algeria,48648.0,D. Ndoye,,,subst,Substitution 5,87,,0,0,0,0,0,0,,1,alta,alta,api_football_events
1565178,2026-07-03,World Cup 2026,32,Egypt,20,Australia,17269.0,E. Ashour,2656.0,K. Hafez,Goal,Normal Goal,13,,1,1,0,0,0,0,,0,alta,alta,api_football_events
1565178,2026-07-03,World Cup 2026,20,Australia,32,Egypt,337587.0,J. Bos,,,subst,Substitution 1,46,,0,0,0,0,0,0,,1,alta,alta,api_football_events
1565178,2026-07-03,World Cup 2026,20,Australia,32,Egypt,2654.0,M. Hany,,,Goal,Own Goal,55,,0,0,0,0,1,0,,0,alta,alta,api_football_events
1565178,2026-07-03,World Cup 2026,32,Egypt,20,Australia,395075.0,M. Ziko,,,subst,Substitution 1,67,,0,0,0,0,0,0,,1,alta,alta,api_football_events
1565178,2026-07-03,World Cup 2026,32,Egypt,20,Australia,16813.0,H. Fathy,,,subst,Substitution 2,67,,0,0,0,0,0,0,,1,alta,alta,api_football_events
1565178,2026-07-03,World Cup 2026,20,Australia,32,Egypt,342035.0,C. Volpato,,,subst,Substitution 2,74,,0,0,0,0,0,0,,1,alta,alta,api_football_events
1565178,2026-07-03,World Cup 2026,20,Australia,32,Egypt,338014.0,N. Irankunda,,,subst,Substitution 3,74,,0,0,0,0,0,0,,1,alta,alta,api_football_events
1565178,2026-07-03,World Cup 2026,32,Egypt,20,Australia,2656.0,K. Hafez,,,subst,Substitution 3,80,,0,0,0,0,0,0,,1,alta,alta,api_football_events
1565178,2026-07-03,World Cup 2026,20,Australia,32,Egypt,6904.0,C. Metcalfe,,,subst,Substitution 4,91,,0,0,0,0,0,0,,1,alta,alta,api_football_events
1565178,2026-07-03,World Cup 2026,20,Australia,32,Egypt,7050.0,A. O'Neill,,,subst,Substitution 5,91,,0,0,0,0,0,0,,1,alta,alta,api_football_events
1565178,2026-07-03,World Cup 2026,32,Egypt,20,Australia,20844.0,Haissem Hassan,,,Card,Yellow Card,105,,0,0,0,0,0,1,Yellow Card,0,alta,alta,api_football_events
1565178,2026-07-03,World Cup 2026,32,Egypt,20,Australia,81573.0,O. Marmoush,,,subst,Substitution 4,106,,0,0,0,0,0,0,,1,alta,alta,api_football_events
1565178,2026-07-03,World Cup 2026,20,Australia,32,Egypt,353883.0,P. Beach,,,subst,Substitution 6,119,,0,0,0,0,0,0,,1,alta,alta,api_football_events
1565178,2026-07-03,World Cup 2026,32,Egypt,20,Australia,16804.0,Yasser Ibrahim,,,Card,Yellow Card,120,,0,0,0,0,0,1,Yellow Card,0,alta,alta,api_football_events
1565178,2026-07-03,World Cup 2026,32,Egypt,20,Australia,190575.0,M. Attia,,,subst,Substitution 5,120,1.0,0,0,0,0,0,0,,1,alta,alta,api_football_events
1565179,2026-07-03,World Cup 2026,26,Argentina,1533,Cape Verde Islands,154.0,L. Messi,2467.0,L. Martinez,Goal,Normal Goal,29,,1,1,0,0,0,0,,0,alta,alta,api_football_events
1565179,2026-07-03,World Cup 2026,1533,Cape Verde Islands,26,Argentina,37435.0,D. Duarte,50270.0,R. Mendes,Goal,Normal Goal,59,,1,1,0,0,0,0,,0,alta,alta,api_football_events
1565179,2026-07-03,World Cup 2026,26,Argentina,1533,Cape Verde Islands,217.0,L. Martinez,,,subst,Substitution 1,63,,0,0,0,0,0,0,,1,alta,alta,api_football_events
1565179,2026-07-03,World Cup 2026,26,Argentina,1533,Cape Verde Islands,6067.0,T. Almada,,,subst,Substitution 2,64,,0,0,0,0,0,0,,1,alta,alta,api_football_events
1565179,2026-07-03,World Cup 2026,1533,Cape Verde Islands,26,Argentina,37436.0,L. Duarte,,,subst,Substitution 1,67,,0,0,0,0,0,0,,1,alta,alta,api_football_events
1565179,2026-07-03,World Cup 2026,1533,Cape Verde Islands,26,Argentina,22265.0,N. Da Costa,,,subst,Substitution 2,67,,0,0,0,0,0,0,,1,alta,alta,api_football_events
1565179,2026-07-03,World Cup 2026,1533,Cape Verde Islands,26,Argentina,96512.0,Kevin Lenini,,,Card,Yellow Card,68,,0,0,0,0,0,1,Yellow Card,0,alta,alta,api_football_events
1565179,2026-07-03,World Cup 2026,1533,Cape Verde Islands,26,Argentina,1494.0,J. Cabral,,,subst,Substitution 3,80,,0,0,0,0,0,0,,1,alta,alta,api_football_events
1565179,2026-07-03,World Cup 2026,1533,Cape Verde Islands,26,Argentina,50270.0,R. Mendes,,,subst,Substitution 4,80,,0,0,0,0,0,0,,1,alta,alta,api_football_events
1565179,2026-07-03,World Cup 2026,26,Argentina,1533,Cape Verde Islands,2472.0,R. de Paul,,,subst,Substitution 3,84,,0,0,0,0,0,0,,1,alta,alta,api_football_events
1565179,2026-07-03,World Cup 2026,26,Argentina,1533,Cape Verde Islands,6231.0,F. Medina,,,subst,Substitution 4,86,,0,0,0,0,0,0,,1,alta,alta,api_football_events
1565179,2026-07-03,World Cup 2026,26,Argentina,1533,Cape Verde Islands,2467.0,L. Martinez,6716.0,A. Mac Allister,Goal,Normal Goal,92,,1,1,0,0,0,0,,0,alta,alta,api_football_events
1565179,2026-07-03,World Cup 2026,1533,Cape Verde Islands,26,Argentina,37435.0,D. Duarte,,,subst,Substitution 5,100,,0,0,0,0,0,0,,1,alta,alta,api_football_events
1565179,2026-07-03,World Cup 2026,1533,Cape Verde Islands,26,Argentina,96512.0,K. Lenini,,,subst,Substitution 6,100,,0,0,0,0,0,0,,1,alta,alta,api_football_events
1565179,2026-07-03,World Cup 2026,1533,Cape Verde Islands,26,Argentina,308689.0,S. Lopes Cabral,128007.0,Y. Semedo,Goal,Normal Goal,103,,1,1,0,0,0,0,,0,alta,alta,api_football_events
1565179,2026-07-03,World Cup 2026,26,Argentina,1533,Cape Verde Islands,6503.0,N. Molina,,,subst,Substitution 5,104,,0,0,0,0,0,0,,1,alta,alta,api_football_events
1565179,2026-07-03,World Cup 2026,26,Argentina,1533,Cape Verde Islands,41608.0,D. Borges,,,Goal,Own Goal,111,,0,0,0,0,1,0,,0,alta,alta,api_football_events
1565179,2026-07-03,World Cup 2026,26,Argentina,1533,Cape Verde Islands,2468.0,Gonzalo Montiel,,,Card,Yellow Card,115,,0,0,0,0,0,1,Yellow Card,0,alta,alta,api_football_events
1567310,2026-07-04,World Cup 2026,8,Colombia,1504,Ghana,24810.0,J. Cordoba,,,subst,Substitution 1,8,,0,0,0,0,0,0,,1,alta,alta,api_football_events
1567310,2026-07-04,World Cup 2026,8,Colombia,1504,Ghana,13708.0,J. Arias,,,Card,Yellow Card,12,,0,0,0,0,0,1,Yellow Card,0,alta,alta,api_football_events
1567310,2026-07-04,World Cup 2026,1504,Ghana,8,Colombia,191240.0,M. Senaya,,,subst,Substitution 1,13,,0,0,0,0,0,0,,1,alta,alta,api_football_events
1567310,2026-07-04,World Cup 2026,8,Colombia,1504,Ghana,13708.0,J. Arias,47237.0,L. Suarez,Goal,Normal Goal,14,,1,1,0,0,0,0,,0,alta,alta,api_football_events
1567310,2026-07-04,World Cup 2026,8,Colombia,1504,Ghana,517.0,J. Rodriguez,,,subst,Substitution 2,46,,0,0,0,0,0,0,,1,alta,alta,api_football_events
1567310,2026-07-04,World Cup 2026,1504,Ghana,8,Colombia,475575.0,C. Yirenkyi,,,Card,Yellow Card,49,,0,0,0,0,0,1,Yellow Card,0,alta,alta,api_football_events
1567310,2026-07-04,World Cup 2026,8,Colombia,1504,Ghana,2489.0,L. Diaz,,,Var,Goal Disallowed - offside,56,,0,0,0,0,0,0,,0,alta,media,api_football_events
1567310,2026-07-04,World Cup 2026,1504,Ghana,8,Colombia,3608.0,K. Sibo,,,subst,Substitution 2,62,,0,0,0,0,0,0,,1,alta,alta,api_football_events
1567310,2026-07-04,World Cup 2026,1504,Ghana,8,Colombia,47294.0,I. Williams,,,subst,Substitution 3,62,,0,0,0,0,0,0,,1,alta,alta,api_football_events
1567310,2026-07-04,World Cup 2026,1504,Ghana,8,Colombia,303467.0,I. Fatawu,,,Card,Yellow Card,66,,0,0,0,0,0,1,Yellow Card,0,alta,alta,api_football_events
1567310,2026-07-04,World Cup 2026,8,Colombia,1504,Ghana,13708.0,J. Arias,,,subst,Substitution 3,73,,0,0,0,0,0,0,,1,alta,alta,api_football_events
1567310,2026-07-04,World Cup 2026,1504,Ghana,8,Colombia,196187.0,A. Seidu,,,Card,Yellow Card,76,,0,0,0,0,0,1,Yellow Card,0,alta,alta,api_football_events
1567310,2026-07-04,World Cup 2026,8,Colombia,1504,Ghana,195104.0,R. Rios,,,Card,Yellow Card,78,,0,0,0,0,0,1,Yellow Card,0,alta,alta,api_football_events
1567310,2026-07-04,World Cup 2026,1504,Ghana,8,Colombia,475575.0,C. Yirenkyi,,,subst,Substitution 4,79,,0,0,0,0,0,0,,1,alta,alta,api_football_events
1567310,2026-07-04,World Cup 2026,1504,Ghana,8,Colombia,3428.0,J. Ayew,,,subst,Substitution 5,79,,0,0,0,0,0,0,,1,alta,alta,api_football_events
1567310,2026-07-04,World Cup 2026,8,Colombia,1504,Ghana,2489.0,L. Diaz,,,subst,Substitution 4,90,,0,0,0,0,0,0,,1,alta,alta,api_football_events
1567824,2026-07-04,World Cup 2026,31,Morocco,5529,Canada,326183.0,Redouane Halhal,,,Card,Yellow Card,20,,0,0,0,0,0,1,Yellow Card,0,alta,alta,api_football_events
1567824,2026-07-04,World Cup 2026,31,Morocco,5529,Canada,161897.0,I. Saibari,,,subst,Substitution 1,22,,0,0,0,0,0,0,,1,alta,alta,api_football_events
1567824,2026-07-04,World Cup 2026,5529,Canada,31,Morocco,50816.0,Richie Laryea,,,Card,Yellow Card,40,,0,0,0,0,0,1,Yellow Card,0,alta,alta,api_football_events
1567824,2026-07-04,World Cup 2026,31,Morocco,5529,Canada,9.0,Achraf Hakimi,,,Card,Yellow Card,40,,0,0,0,0,0,1,Yellow Card,0,alta,alta,api_football_events
1567824,2026-07-04,World Cup 2026,5529,Canada,31,Morocco,8489.0,Jonathan David,,,Card,Yellow Card,43,,0,0,0,0,0,1,Yellow Card,0,alta,alta,api_football_events
1567824,2026-07-04,World Cup 2026,31,Morocco,5529,Canada,340573.0,Bilal El Khannouss,,,Card,Yellow Card,45,6.0,0,0,0,0,0,1,Yellow Card,0,alta,alta,api_football_events
1567824,2026-07-04,World Cup 2026,31,Morocco,5529,Canada,129678.0,Azzedine Ounahi,,,Card,Yellow Card,45,,0,0,0,0,0,1,Yellow Card,0,alta,alta,api_football_events
1567824,2026-07-04,World Cup 2026,5529,Canada,31,Morocco,327738.0,Luc De Fougerolles,,,Card,Yellow Card,49,,0,0,0,0,0,1,Yellow Card,0,alta,alta,api_football_events
1567824,2026-07-04,World Cup 2026,31,Morocco,5529,Canada,129678.0,A. Ounahi,9.0,A. Hakimi,Goal,Normal Goal,50,,1,1,0,0,0,0,,0,alta,alta,api_football_events
1567824,2026-07-04,World Cup 2026,5529,Canada,31,Morocco,351587.0,T. Oluwaseyi,,,subst,Substitution 1,63,,0,0,0,0,0,0,,1,alta,alta,api_football_events
1567824,2026-07-04,World Cup 2026,31,Morocco,5529,Canada,438688.0,A. Bouaddi,,,subst,Substitution 2,63,,0,0,0,0,0,0,,1,alta,alta,api_football_events
1567824,2026-07-04,World Cup 2026,31,Morocco,5529,Canada,340573.0,B. El Khannouss,,,subst,Substitution 3,63,,0,0,0,0,0,0,,1,alta,alta,api_football_events
1567824,2026-07-04,World Cup 2026,5529,Canada,31,Morocco,2001.0,Cyle Larin,,,Card,Yellow Card,67,,0,0,0,0,0,1,Yellow Card,0,alta,alta,api_football_events
1567824,2026-07-04,World Cup 2026,5529,Canada,31,Morocco,50816.0,R. Laryea,,,subst,Substitution 2,78,,0,0,0,0,0,0,,1,alta,alta,api_football_events
1567824,2026-07-04,World Cup 2026,5529,Canada,31,Morocco,362145.0,A. Ahmed,,,subst,Substitution 3,78,,0,0,0,0,0,0,,1,alta,alta,api_football_events
1567824,2026-07-04,World Cup 2026,31,Morocco,5529,Canada,129678.0,A. Ounahi,744.0,B. Diaz,Goal,Normal Goal,82,,1,1,0,0,0,0,,0,alta,alta,api_football_events
1567824,2026-07-04,World Cup 2026,5529,Canada,31,Morocco,51016.0,T. Buchanan,,,subst,Substitution 4,87,,0,0,0,0,0,0,,1,alta,alta,api_football_events
1567824,2026-07-04,World Cup 2026,5529,Canada,31,Morocco,416901.0,N. Sigur,,,subst,Substitution 5,87,,0,0,0,0,0,0,,1,alta,alta,api_football_events
1567824,2026-07-04,World Cup 2026,31,Morocco,5529,Canada,129678.0,A. Ounahi,,,subst,Substitution 4,87,,0,0,0,0,0,0,,1,alta,alta,api_football_events
1567824,2026-07-04,World Cup 2026,31,Morocco,5529,Canada,18814.0,I. Diop,,,subst,Substitution 5,87,,0,0,0,0,0,0,,1,alta,alta,api_football_events
1567824,2026-07-04,World Cup 2026,31,Morocco,5529,Canada,36579.0,S. Rahimi,744.0,B. Diaz,Goal,Normal Goal,90,,1,1,0,0,0,0,,0,alta,alta,api_football_events
1569870,2026-07-04,World Cup 2026,2,France,2380,Paraguay,161904.0,Bradley Barcola,,,Card,Yellow Card,19,,0,0,0,0,0,1,Yellow Card,0,alta,alta,api_football_events
1569870,2026-07-04,World Cup 2026,2380,Paraguay,2,France,6168.0,O. Alderete,,,subst,Substitution 1,58,,0,0,0,0,0,0,,1,alta,alta,api_football_events
1569870,2026-07-04,World Cup 2026,2380,Paraguay,2,France,70747.0,J. Enciso,,,subst,Substitution 2,61,,0,0,0,0,0,0,,1,alta,alta,api_football_events
1569870,2026-07-04,World Cup 2026,2,France,2380,Paraguay,161904.0,B. Barcola,,,subst,Substitution 1,61,,0,0,0,0,0,0,,1,alta,alta,api_football_events
1569870,2026-07-04,World Cup 2026,2,France,2380,Paraguay,343027.0,Désiré Doué,,,Var,Penalty confirmed,67,,0,0,0,0,0,0,,0,alta,media,api_football_events
1569870,2026-07-04,World Cup 2026,2,France,2380,Paraguay,278.0,K. Mbappe,,,Goal,Penalty,70,,1,0,1,0,0,0,,0,alta,alta,api_football_events
1569870,2026-07-04,World Cup 2026,2380,Paraguay,2,France,2507.0,M. Almiron,,,subst,Substitution 3,71,,0,0,0,0,0,0,,1,alta,alta,api_football_events
1569870,2026-07-04,World Cup 2026,2380,Paraguay,2,France,2502.0,G. Gomez,,,subst,Substitution 4,71,,0,0,0,0,0,0,,1,alta,alta,api_football_events
1569870,2026-07-04,World Cup 2026,2,France,2380,Paraguay,22147.0,Manu Koné,,,Card,Yellow Card,81,,0,0,0,0,0,1,Yellow Card,0,alta,alta,api_football_events
1569870,2026-07-04,World Cup 2026,2,France,2380,Paraguay,153.0,O. Dembele,,,subst,Substitution 2,84,,0,0,0,0,0,0,,1,alta,alta,api_football_events
1569870,2026-07-04,World Cup 2026,2,France,2380,Paraguay,19617.0,Michael Olise,,,Card,Yellow Card,90,7.0,0,0,0,0,0,1,Yellow Card,0,alta,alta,api_football_events
1568100,2026-07-05,World Cup 2026,6,Brazil,1090,Norway,1165.0,Matheus Cunha,,,Var,Penalty confirmed,12,,0,0,0,0,0,0,,0,alta,media,api_football_events
1568100,2026-07-05,World Cup 2026,6,Brazil,1090,Norway,10135.0,Bruno Guimarães,,,Goal,Missed Penalty,14,,0,0,0,1,0,0,,0,alta,alta,api_football_events
1568100,2026-07-05,World Cup 2026,1090,Norway,6,Brazil,8492.0,A. Sorloth,,,subst,Substitution 1,46,,0,0,0,0,0,0,,1,alta,alta,api_football_events
1568100,2026-07-05,World Cup 2026,1090,Norway,6,Brazil,314511.0,A. Nusa,,,subst,Substitution 2,46,,0,0,0,0,0,0,,1,alta,alta,api_football_events
1568100,2026-07-05,World Cup 2026,6,Brazil,1090,Norway,1165.0,M. Cunha,,,subst,Substitution 1,58,,0,0,0,0,0,0,,1,alta,alta,api_football_events
1568100,2026-07-05,World Cup 2026,1090,Norway,6,Brazil,24845.0,J. Ryerson,,,subst,Substitution 3,63,,0,0,0,0,0,0,,1,alta,alta,api_football_events
1568100,2026-07-05,World Cup 2026,6,Brazil,1090,Norway,127769.0,G. Martinelli,,,subst,Substitution 2,67,,0,0,0,0,0,0,,1,alta,alta,api_football_events
1568100,2026-07-05,World Cup 2026,6,Brazil,1090,Norway,407806.0,Rayan,,,subst,Substitution 3,67,,0,0,0,0,0,0,,1,alta,alta,api_football_events
1568100,2026-07-05,World Cup 2026,6,Brazil,1090,Norway,10135.0,Bruno Guimaraes,,,subst,Substitution 4,79,,0,0,0,0,0,0,,1,alta,alta,api_football_events
1568100,2026-07-05,World Cup 2026,1090,Norway,6,Brazil,1100.0,E. Haaland,301528.0,A. Schjelderup,Goal,Normal Goal,79,,1,1,0,0,0,0,,0,alta,alta,api_football_events
1568100,2026-07-05,World Cup 2026,6,Brazil,1090,Norway,276.0,Neymar,,,Card,Yellow Card,90,6.0,0,0,0,0,0,1,Yellow Card,0,alta,alta,api_football_events
1568100,2026-07-05,World Cup 2026,1090,Norway,6,Brazil,265782.0,D. Wolfe,,,subst,Substitution 4,90,5.0,0,0,0,0,0,0,,1,alta,alta,api_football_events
1568100,2026-07-05,World Cup 2026,1090,Norway,6,Brazil,1100.0,E. Haaland,301528.0,A. Schjelderup,Goal,Normal Goal,90,,1,1,0,0,0,0,,0,alta,alta,api_football_events
1568100,2026-07-05,World Cup 2026,6,Brazil,1090,Norway,276.0,Neymar,,,Goal,Penalty,90,,1,0,1,0,0,0,,0,alta,alta,api_football_events
1570714,2026-07-06,World Cup 2026,10,England,16,Mexico,2937.0,D. Rice,,,Card,Yellow Card,1,,0,0,0,0,0,1,Yellow Card,0,alta,alta,api_football_events
1570714,2026-07-06,World Cup 2026,10,England,16,Mexico,129718.0,J. Bellingham,1460.0,B. Saka,Goal,Normal Goal,36,,1,1,0,0,0,0,,0,alta,alta,api_football_events
1570714,2026-07-06,World Cup 2026,10,England,16,Mexico,129718.0,J. Bellingham,184.0,H. Kane,Goal,Normal Goal,38,,1,1,0,0,0,0,,0,alta,alta,api_football_events
1570714,2026-07-06,World Cup 2026,16,Mexico,10,England,35532.0,J. Quinones,,,Goal,Normal Goal,42,,1,0,0,0,0,0,,0,alta,alta,api_football_events
1570714,2026-07-06,World Cup 2026,16,Mexico,10,England,2873.0,C. Montes,,,subst,Substitution 1,46,,0,0,0,0,0,0,,1,alta,alta,api_football_events
1570714,2026-07-06,World Cup 2026,10,England,16,Mexico,158698.0,J. Quansah,,,Card,Red Card,54,,0,0,0,0,0,1,Red Card,0,alta,alta,api_football_events
1570714,2026-07-06,World Cup 2026,10,England,16,Mexico,1460.0,B. Saka,,,subst,Substitution 1,57,,0,0,0,0,0,0,,1,alta,alta,api_football_events
1570714,2026-07-06,World Cup 2026,10,England,16,Mexico,184.0,H. Kane,,,Goal,Penalty,60,,1,0,1,0,0,0,,0,alta,alta,api_football_events
1570714,2026-07-06,World Cup 2026,16,Mexico,10,England,482605.0,G. Mora,,,subst,Substitution 2,61,,0,0,0,0,0,0,,1,alta,alta,api_football_events
1570714,2026-07-06,World Cup 2026,16,Mexico,10,England,35970.0,L. Romo,,,subst,Substitution 3,61,,0,0,0,0,0,0,,1,alta,alta,api_football_events
1570714,2026-07-06,World Cup 2026,10,England,16,Mexico,67971.0,M. Guehi,,,Card,Yellow Card,68,,0,0,0,0,0,1,Yellow Card,0,alta,alta,api_football_events
1570714,2026-07-06,World Cup 2026,16,Mexico,10,England,2887.0,R. Jimenez,,,Goal,Penalty,69,,1,0,1,0,0,0,,0,alta,alta,api_football_events
1570714,2026-07-06,World Cup 2026,16,Mexico,10,England,2878.0,J. Sanchez,,,Card,Yellow Card,71,,0,0,0,0,0,1,Yellow Card,0,alta,alta,api_football_events
1570714,2026-07-06,World Cup 2026,10,England,16,Mexico,307123.0,N. O'Reilly,,,Card,Yellow Card,72,,0,0,0,0,0,1,Yellow Card,0,alta,alta,api_football_events
1570714,2026-07-06,World Cup 2026,10,England,16,Mexico,307123.0,N. O'Reilly,,,subst,Substitution 2,74,,0,0,0,0,0,0,,1,alta,alta,api_football_events
1570714,2026-07-06,World Cup 2026,10,England,16,Mexico,138908.0,E. Anderson,,,subst,Substitution 3,75,,0,0,0,0,0,0,,1,alta,alta,api_football_events
1570714,2026-07-06,World Cup 2026,16,Mexico,10,England,2878.0,J. Sanchez,,,subst,Substitution 4,79,,0,0,0,0,0,0,,1,alta,alta,api_football_events
1570714,2026-07-06,World Cup 2026,16,Mexico,10,England,35532.0,J. Quinones,,,subst,Substitution 5,81,,0,0,0,0,0,0,,1,alta,alta,api_football_events
1570714,2026-07-06,World Cup 2026,16,Mexico,10,England,35544.0,J. Vasquez,,,Card,Yellow Card,90,8.0,0,0,0,0,0,1,Yellow Card,0,alta,alta,api_football_events
1570714,2026-07-06,World Cup 2026,10,England,16,Mexico,292.0,J. Henderson,,,Card,Yellow Card,90,8.0,0,0,0,0,0,1,Yellow Card,0,alta,alta,api_football_events
1570714,2026-07-06,World Cup 2026,10,England,16,Mexico,184.0,H. Kane,,,subst,Substitution 4,90,,0,0,0,0,0,0,,1,alta,alta,api_football_events
1576756,2026-07-06,World Cup 2026,27,Portugal,9,Spain,263482.0,Nuno Mendes,,,subst,Substitution 1,56,,0,0,0,0,0,0,,1,alta,alta,api_football_events
1576756,2026-07-06,World Cup 2026,27,Portugal,9,Spain,855.0,João Cancelo,,,subst,Substitution 2,71,,0,0,0,0,0,0,,1,alta,alta,api_football_events
1576756,2026-07-06,World Cup 2026,27,Portugal,9,Spain,583.0,João Félix,,,subst,Substitution 3,71,,0,0,0,0,0,0,,1,alta,alta,api_football_events
1576756,2026-07-06,World Cup 2026,9,Spain,27,Portugal,182219.0,Alex Baena,,,subst,Substitution 1,75,,0,0,0,0,0,0,,1,alta,alta,api_football_events
1576756,2026-07-06,World Cup 2026,27,Portugal,9,Spain,128384.0,Vitinha,,,subst,Substitution 4,83,,0,0,0,0,0,0,,1,alta,alta,api_football_events
1576756,2026-07-06,World Cup 2026,27,Portugal,9,Spain,1864.0,Pedro Neto,,,subst,Substitution 5,83,,0,0,0,0,0,0,,1,alta,alta,api_football_events
1576756,2026-07-06,World Cup 2026,9,Spain,27,Portugal,1323.0,Dani Olmo,,,subst,Substitution 2,85,,0,0,0,0,0,0,,1,alta,alta,api_football_events
1576756,2026-07-06,World Cup 2026,9,Spain,27,Portugal,133609.0,Pedri,,,subst,Substitution 3,85,,0,0,0,0,0,0,,1,alta,alta,api_football_events
1576756,2026-07-06,World Cup 2026,27,Portugal,9,Spain,636.0,Bernardo Silva,,,Card,Yellow Card,89,,0,0,0,0,0,1,Yellow Card,0,alta,alta,api_football_events
1576756,2026-07-06,World Cup 2026,27,Portugal,9,Spain,336671.0,Renato Veiga,,,Card,Yellow Card,90,4.0,0,0,0,0,0,1,Yellow Card,0,alta,alta,api_football_events
1576756,2026-07-06,World Cup 2026,9,Spain,27,Portugal,47311.0,Mikel Merino,931.0,Ferran Torres,Goal,Normal Goal,90,1.0,1,1,0,0,0,0,,0,alta,alta,api_football_events
1576756,2026-07-06,World Cup 2026,9,Spain,27,Portugal,931.0,Ferran Torres,,,Card,Yellow Card,90,9.0,0,0,0,0,0,1,Yellow Card,0,alta,alta,api_football_events
1576756,2026-07-06,World Cup 2026,9,Spain,27,Portugal,47323.0,Mikel Oyarzabal,,,subst,Substitution 4,90,,0,0,0,0,0,0,,1,alta,alta,api_football_events
1570715,2026-07-07,World Cup 2026,1,Belgium,2384,USA,147859.0,C. De Ketelaere,2120.0,N. Raskin,Goal,Normal Goal,9,,1,1,0,0,0,0,,0,alta,alta,api_football_events
1570715,2026-07-07,World Cup 2026,1,Belgium,2384,USA,162714.0,A. Onana,,,subst,Substitution 1,21,,0,0,0,0,0,0,,1,alta,alta,api_football_events
1570715,2026-07-07,World Cup 2026,2384,USA,1,Belgium,162037.0,M. Tillman,,,Goal,Normal Goal,31,,1,0,0,0,0,0,,0,alta,alta,api_football_events
1570715,2026-07-07,World Cup 2026,1,Belgium,2384,USA,147859.0,C. De Ketelaere,1946.0,L. Trossard,Goal,Normal Goal,33,,1,1,0,0,0,0,,0,alta,alta,api_football_events
1570715,2026-07-07,World Cup 2026,2384,USA,1,Belgium,415.0,W. McKennie,,,Card,Yellow Card,35,,0,0,0,0,0,1,Yellow Card,0,alta,alta,api_football_events
1570715,2026-07-07,World Cup 2026,2384,USA,1,Belgium,38735.0,S. Dest,,,subst,Substitution 1,46,,0,0,0,0,0,0,,1,alta,alta,api_football_events
1570715,2026-07-07,World Cup 2026,1,Belgium,2384,USA,78.0,H. Vanaken,147859.0,C. De Ketelaere,Goal,Normal Goal,57,,1,1,0,0,0,0,,0,alta,alta,api_football_events
1570715,2026-07-07,World Cup 2026,2384,USA,1,Belgium,17.0,C. Pulisic,,,subst,Substitution 2,59,,0,0,0,0,0,0,,1,alta,alta,api_football_events
1570715,2026-07-07,World Cup 2026,1,Belgium,2384,USA,25458.0,D. Lukebakio,,,subst,Substitution 2,67,,0,0,0,0,0,0,,1,alta,alta,api_football_events
1570715,2026-07-07,World Cup 2026,1,Belgium,2384,USA,147859.0,C. De Ketelaere,,,subst,Substitution 3,67,,0,0,0,0,0,0,,1,alta,alta,api_football_events
1570715,2026-07-07,World Cup 2026,2384,USA,1,Belgium,162037.0,M. Tillman,,,Card,Yellow Card,69,,0,0,0,0,0,1,Yellow Card,0,alta,alta,api_football_events
1570715,2026-07-07,World Cup 2026,2384,USA,1,Belgium,1150.0,T. Adams,,,subst,Substitution 3,72,,0,0,0,0,0,0,,1,alta,alta,api_football_events
1570715,2026-07-07,World Cup 2026,1,Belgium,2384,USA,1946.0,L. Trossard,,,subst,Substitution 4,89,,0,0,0,0,0,0,,1,alta,alta,api_football_events
1570715,2026-07-07,World Cup 2026,1,Belgium,2384,USA,2120.0,N. Raskin,,,subst,Substitution 5,89,,0,0,0,0,0,0,,1,alta,alta,api_football_events
1570715,2026-07-07,World Cup 2026,2384,USA,1,Belgium,138835.0,F. Balogun,,,subst,Substitution 4,90,2.0,0,0,0,0,0,0,,1,alta,alta,api_football_events
1570715,2026-07-07,World Cup 2026,2384,USA,1,Belgium,19549.0,A. Robinson,,,subst,Substitution 5,90,2.0,0,0,0,0,0,0,,1,alta,alta,api_football_events
1570715,2026-07-07,World Cup 2026,1,Belgium,2384,USA,907.0,R. Lukaku,78.0,H. Vanaken,Goal,Normal Goal,90,3.0,1,1,0,0,0,0,,0,alta,alta,api_football_events
1576804,2026-07-07,World Cup 2026,32,Egypt,26,Argentina,16804,Yasser Ibrahim,190575,Marwan Attia,Goal,Normal Goal,15,,1,1,0,0,0,0,,0,alta,alta,api_football_events
1576804,2026-07-07,World Cup 2026,26,Argentina,32,Egypt,154,Lionel Messi,,,Goal,Missed Penalty,21,,0,0,0,1,0,0,,0,alta,alta,api_football_events
1576804,2026-07-07,World Cup 2026,32,Egypt,26,Argentina,17269,Emam Ashour,,,subst,Substitution 1,46,,0,0,0,0,0,0,,1,alta,alta,api_football_events
1576804,2026-07-07,World Cup 2026,32,Egypt,26,Argentina,395075,Mostafa Ziko,,,Var,Goal cancelled,60,,0,0,0,0,0,0,,0,alta,media,api_football_events
1576804,2026-07-07,World Cup 2026,26,Argentina,32,Egypt,529,Nicolás Tagliafico,,,subst,Substitution 1,66,,0,0,0,0,0,0,,1,alta,alta,api_football_events
1576804,2026-07-07,World Cup 2026,26,Argentina,32,Egypt,2472,Rodrigo De Paul,,,subst,Substitution 2,66,,0,0,0,0,0,0,,1,alta,alta,api_football_events
1576804,2026-07-07,World Cup 2026,32,Egypt,26,Argentina,395075,Mostafa Ziko,20844,Haissem Hassan,Goal,Normal Goal,67,,1,1,0,0,0,0,,0,alta,alta,api_football_events
1576804,2026-07-07,World Cup 2026,26,Argentina,32,Egypt,6503,Nahuel Molina,,,subst,Substitution 3,73,,0,0,0,0,0,0,,1,alta,alta,api_football_events
1576804,2026-07-07,World Cup 2026,32,Egypt,26,Argentina,20844,Haissem Hassan,,,subst,Substitution 2,73,,0,0,0,0,0,0,,1,alta,alta,api_football_events
1576804,2026-07-07,World Cup 2026,26,Argentina,32,Egypt,30776,Cristian Romero,154,Lionel Messi,Goal,Normal Goal,79,,1,1,0,0,0,0,,0,alta,alta,api_football_events
1576804,2026-07-07,World Cup 2026,32,Egypt,26,Argentina,395075,Mostafa Ziko,,,subst,Substitution 3,80,,0,0,0,0,0,0,,1,alta,alta,api_football_events
1576804,2026-07-07,World Cup 2026,26,Argentina,32,Egypt,154,Lionel Messi,2468,Gonzalo Montiel,Goal,Normal Goal,83,,1,1,0,0,0,0,,0,alta,alta,api_football_events
1576804,2026-07-07,World Cup 2026,26,Argentina,32,Egypt,5996,Enzo Fernández,217,Lautaro Martínez,Goal,Normal Goal,90,2,1,1,0,0,0,0,,0,alta,alta,api_football_events
1576804,2026-07-07,World Cup 2026,32,Egypt,26,Argentina,190575,Marwan Attia,,,Card,Yellow Card,90,8,0,0,0,0,0,1,Yellow Card,0,alta,alta,api_football_events
1576804,2026-07-07,World Cup 2026,32,Egypt,26,Argentina,16813,Hamdy Fathy,,,Card,Yellow Card,90,4,0,0,0,0,0,1,Yellow Card,0,alta,alta,api_football_events
1576804,2026-07-07,World Cup 2026,32,Egypt,26,Argentina,269174,Mostafa Shobeir,,,Card,Yellow Card,90,3,0,0,0,0,0,1,Yellow Card,0,alta,alta,api_football_events
1576804,2026-07-07,World Cup 2026,26,Argentina,32,Egypt,6009,Julián Alvarez,,,subst,Substitution 4,90,,0,0,0,0,0,0,,1,alta,alta,api_football_events
1576804,2026-07-07,World Cup 2026,26,Argentina,32,Egypt,30776,Cristian Romero,,,subst,Substitution 5,90,,0,0,0,0,0,0,,1,alta,alta,api_football_events
1576804,2026-07-07,World Cup 2026,32,Egypt,26,Argentina,16841,Mohanad Lasheen,,,subst,Substitution 4,90,,0,0,0,0,0,0,,1,alta,alta,api_football_events
1576805,2026-07-07,World Cup 2026,8,Colombia,15,Switzerland,13708,J. Arias,,,Var,Corner cancelled,40,,0,0,0,0,0,0,,0,alta,media,api_football_events
1576805,2026-07-07,World Cup 2026,15,Switzerland,8,Colombia,264705,A. Jashari,,,subst,Substitution 1,45,,0,0,0,0,0,0,,1,alta,alta,api_football_events
1576805,2026-07-07,World Cup 2026,15,Switzerland,8,Colombia,1464,G. Xhaka,,,Card,Yellow Card,51,,0,0,0,0,0,1,Yellow Card,0,alta,alta,api_football_events
1576805,2026-07-07,World Cup 2026,15,Switzerland,8,Colombia,2810,D. Zakaria,,,Card,Yellow Card,59,,0,0,0,0,0,1,Yellow Card,0,alta,alta,api_football_events
1576805,2026-07-07,World Cup 2026,8,Colombia,15,Switzerland,47237,L. Suárez,,,Card,Yellow Card,60,,0,0,0,0,0,1,Yellow Card,0,alta,alta,api_football_events
1576805,2026-07-07,World Cup 2026,8,Colombia,15,Switzerland,517,J. Rodríguez,,,subst,Substitution 1,66,,0,0,0,0,0,0,,1,alta,alta,api_football_events
1576805,2026-07-07,World Cup 2026,8,Colombia,15,Switzerland,13708,J. Arias,,,subst,Substitution 2,66,,0,0,0,0,0,0,,1,alta,alta,api_football_events
1576805,2026-07-07,World Cup 2026,15,Switzerland,8,Colombia,1631,R. Rodríguez,,,subst,Substitution 2,71,,0,0,0,0,0,0,,1,alta,alta,api_football_events
1576805,2026-07-07,World Cup 2026,8,Colombia,15,Switzerland,2490,J. Lerma,,,subst,Substitution 3,82,,0,0,0,0,0,0,,1,alta,alta,api_football_events
1576805,2026-07-07,World Cup 2026,8,Colombia,15,Switzerland,47237,L. Suárez,,,subst,Substitution 4,82,,0,0,0,0,0,0,,1,alta,alta,api_football_events
1576805,2026-07-07,World Cup 2026,15,Switzerland,8,Colombia,2810,D. Zakaria,,,subst,Substitution 3,87,,0,0,0,0,0,0,,1,alta,alta,api_football_events
1576805,2026-07-07,World Cup 2026,15,Switzerland,8,Colombia,421,B. Embolo,,,subst,Substitution 4,87,,0,0,0,0,0,0,,1,alta,alta,api_football_events
1576805,2026-07-07,World Cup 2026,15,Switzerland,8,Colombia,48648,D. Ndoye,,,subst,Substitution 5,90,2,0,0,0,0,0,0,,1,alta,alta,api_football_events
1576805,2026-07-07,World Cup 2026,8,Colombia,15,Switzerland,168,D. Sánchez,,,Card,Yellow Card,95,,0,0,0,0,0,1,Yellow Card,0,alta,alta,api_football_events
1576805,2026-07-07,World Cup 2026,8,Colombia,15,Switzerland,,Luis Amaranto Perea,,,Card,Yellow Card,95,,0,0,0,0,0,1,Yellow Card,0,alta,alta,api_football_events
1576805,2026-07-07,World Cup 2026,15,Switzerland,8,Colombia,163032,F. Rieder,,,subst,Substitution 6,103,,0,0,0,0,0,0,,1,alta,alta,api_football_events
1576805,2026-07-07,World Cup 2026,15,Switzerland,8,Colombia,48489,M. Muheim,,,Card,Yellow Card,105,,0,0,0,0,0,1,Yellow Card,0,alta,alta,api_football_events
1576805,2026-07-07,World Cup 2026,8,Colombia,15,Switzerland,1929,J. Lucumí,,,subst,Substitution 5,119,,0,0,0,0,0,0,,1,alta,alta,api_football_events
1576805,2026-07-07,World Cup 2026,8,Colombia,15,Switzerland,6005,J. Quintero,,,Goal,Penalty,122,,1,0,1,0,0,0,,0,alta,alta,api_football_events
1576805,2026-07-07,World Cup 2026,15,Switzerland,8,Colombia,1464,G. Xhaka,,,Goal,Penalty,123,,1,0,1,0,0,0,,0,alta,alta,api_football_events
1576805,2026-07-07,World Cup 2026,8,Colombia,15,Switzerland,168,D. Sánchez,,,Goal,Missed Penalty,124,,0,0,0,1,0,0,,0,alta,alta,api_football_events
1576805,2026-07-07,World Cup 2026,15,Switzerland,8,Colombia,123469,Z. Amdouni,,,Goal,Penalty,125,,1,0,1,0,0,0,,0,alta,alta,api_football_events
1576805,2026-07-07,World Cup 2026,8,Colombia,15,Switzerland,13376,J. Campaz,,,Goal,Penalty,126,,1,0,1,0,0,0,,0,alta,alta,api_football_events
1576805,2026-07-07,World Cup 2026,15,Switzerland,8,Colombia,5,M. Akanji,,,Goal,Missed Penalty,127,,0,0,0,1,0,0,,0,alta,alta,api_football_events
1576805,2026-07-07,World Cup 2026,8,Colombia,15,Switzerland,47582,C. Hernández,,,Goal,Missed Penalty,128,,0,0,0,1,0,0,,0,alta,alta,api_football_events
1576805,2026-07-07,World Cup 2026,15,Switzerland,8,Colombia,48497,C. Itten,,,Goal,Penalty,129,,1,0,1,0,0,0,,0,alta,alta,api_football_events
1576805,2026-07-07,World Cup 2026,8,Colombia,15,Switzerland,2489,L. Díaz,,,Goal,Penalty,130,,1,0,1,0,0,0,,0,alta,alta,api_football_events
1576805,2026-07-07,World Cup 2026,15,Switzerland,8,Colombia,48471,R. Vargas,,,Goal,Penalty,131,,1,0,1,0,0,0,,0,alta,alta,api_football_events
1578539,2026-07-09,World Cup 2026,2,France,31,Morocco,278,Kylian Mbappé,,,Goal,Missed Penalty,28,,0,0,0,1,0,0,,0,alta,alta,api_football_events
1578539,2026-07-09,World Cup 2026,2,France,31,Morocco,278,Kylian Mbappé,343027,Désiré Doué,Goal,Normal Goal,60,,1,1,0,0,0,0,,0,alta,alta,api_football_events
1578539,2026-07-09,World Cup 2026,31,Morocco,2,France,340573,Bilal El Khannouss,,,subst,Substitution 1,62,,0,0,0,0,0,0,,1,alta,alta,api_football_events
1578539,2026-07-09,World Cup 2026,31,Morocco,2,France,438688,Ayyoub Bouaddi,,,subst,Substitution 2,62,,0,0,0,0,0,0,,1,alta,alta,api_football_events
1578539,2026-07-09,World Cup 2026,31,Morocco,2,France,18814,Issa Diop,,,Card,Yellow Card,63,,0,0,0,0,0,1,Yellow Card,0,alta,alta,api_football_events
1578539,2026-07-09,World Cup 2026,2,France,31,Morocco,153,Ousmane Dembélé,278,Kylian Mbappé,Goal,Normal Goal,66,,1,1,0,0,0,0,,0,alta,alta,api_football_events
1578539,2026-07-09,World Cup 2026,2,France,31,Morocco,22147,Manu Koné,,,subst,Substitution 1,70,,0,0,0,0,0,0,,1,alta,alta,api_football_events
1578539,2026-07-09,World Cup 2026,31,Morocco,2,France,162451,Anass Salah-Eddine,,,subst,Substitution 3,74,,0,0,0,0,0,0,,1,alta,alta,api_football_events
1578539,2026-07-09,World Cup 2026,31,Morocco,2,France,744,Brahim Díaz,,,subst,Substitution 4,74,,0,0,0,0,0,0,,1,alta,alta,api_football_events
1578539,2026-07-09,World Cup 2026,2,France,31,Morocco,343027,Désiré Doué,,,subst,Substitution 2,77,,0,0,0,0,0,0,,1,alta,alta,api_football_events
1578539,2026-07-09,World Cup 2026,2,France,31,Morocco,278,Kylian Mbappé,,,subst,Substitution 3,77,,0,0,0,0,0,0,,1,alta,alta,api_football_events
1578539,2026-07-09,World Cup 2026,31,Morocco,2,France,336659,Chemsdine Talbi,,,subst,Substitution 5,85,,0,0,0,0,0,0,,1,alta,alta,api_football_events
1578539,2026-07-09,World Cup 2026,2,France,31,Morocco,1257,Jules Koundé,,,subst,Substitution 4,87,,0,0,0,0,0,0,,1,alta,alta,api_football_events
1581821,2026-07-10,World Cup 2026,9,Spain,1,Belgium,328,Fabián Ruiz,,,Goal,Normal Goal,30,,1,0,0,0,0,0,,0,alta,alta,api_football_events
1581821,2026-07-10,World Cup 2026,1,Belgium,9,Spain,147859,Charles De Ketelaere,2920,Timothy Castagne,Goal,Normal Goal,41,,1,1,0,0,0,0,,0,alta,alta,api_football_events
1581821,2026-07-10,World Cup 2026,9,Spain,1,Belgium,396623,Pau Cubarsí,,,Card,Yellow Card,43,,0,0,0,0,0,1,Yellow Card,0,alta,alta,api_football_events
1581821,2026-07-10,World Cup 2026,9,Spain,1,Belgium,328,Fabián Ruiz,,,subst,Substitution 1,55,,0,0,0,0,0,0,,1,alta,alta,api_football_events
1581821,2026-07-10,World Cup 2026,9,Spain,1,Belgium,182219,Alex Baena,,,subst,Substitution 2,55,,0,0,0,0,0,0,,1,alta,alta,api_football_events
1581821,2026-07-10,World Cup 2026,1,Belgium,9,Spain,78,Hans Vanaken,,,subst,Substitution 1,60,,0,0,0,0,0,0,,1,alta,alta,api_football_events
1581821,2026-07-10,World Cup 2026,1,Belgium,9,Spain,1946,Leandro Trossard,,,subst,Substitution 2,60,,0,0,0,0,0,0,,1,alta,alta,api_football_events
1581821,2026-07-10,World Cup 2026,1,Belgium,9,Spain,162007,Maxim De Cuyper,,,subst,Substitution 3,61,,0,0,0,0,0,0,,1,alta,alta,api_football_events
1581821,2026-07-10,World Cup 2026,1,Belgium,9,Spain,730,Thibaut Courtois,,,subst,Substitution 4,71,,0,0,0,0,0,0,,1,alta,alta,api_football_events
1581821,2026-07-10,World Cup 2026,9,Spain,1,Belgium,47323,Mikel Oyarzabal,,,subst,Substitution 3,79,,0,0,0,0,0,0,,1,alta,alta,api_football_events
1581821,2026-07-10,World Cup 2026,1,Belgium,9,Spain,629,Kevin De Bruyne,,,Card,Yellow Card,85,,0,0,0,0,0,1,Yellow Card,0,alta,alta,api_football_events
1581821,2026-07-10,World Cup 2026,9,Spain,1,Belgium,1323,Dani Olmo,,,subst,Substitution 4,86,,0,0,0,0,0,0,,1,alta,alta,api_football_events
1581821,2026-07-10,World Cup 2026,1,Belgium,9,Spain,629,Kevin De Bruyne,,,subst,Substitution 5,86,,0,0,0,0,0,0,,1,alta,alta,api_football_events
1581821,2026-07-10,World Cup 2026,9,Spain,1,Belgium,47311,Mikel Merino,,,Goal,Normal Goal,88,,1,0,0,0,0,0,,0,alta,alta,api_football_events
1581821,2026-07-10,World Cup 2026,9,Spain,1,Belgium,622,Aymeric Laporte,,,Card,Yellow Card,90,3,0,0,0,0,0,1,Yellow Card,0,alta,alta,api_football_events
1581821,2026-07-10,World Cup 2026,1,Belgium,9,Spain,20,Axel Witsel,,,Card,Yellow Card,90,5,0,0,0,0,0,1,Yellow Card,0,alta,alta,api_football_events
1581037,2026-07-11,World Cup 2026,1090,Norway,10,England,301528,Andreas Schjelderup,37127,Martin Ødegaard,Goal,Normal Goal,36,,1,1,0,0,0,0,,0,alta,alta,api_football_events
1581037,2026-07-11,World Cup 2026,10,England,1090,Norway,129718,Jude Bellingham,138787,Anthony Gordon,Goal,Normal Goal,45,2,1,1,0,0,0,0,,0,alta,alta,api_football_events
1581037,2026-07-11,World Cup 2026,10,England,1090,Norway,136723,Noni Madueke,,,subst,Substitution 1,46,,0,0,0,0,0,0,,1,alta,alta,api_football_events
1581037,2026-07-11,World Cup 2026,10,England,1090,Norway,2937,Declan Rice,,,subst,Substitution 2,46,,0,0,0,0,0,0,,1,alta,alta,api_football_events
1581037,2026-07-11,World Cup 2026,1090,Norway,10,England,39254,Torbjørn Heggem,,,Var,Goal cancelled,56,,0,0,0,0,0,0,,0,alta,media,api_football_events
1581037,2026-07-11,World Cup 2026,1090,Norway,10,England,24845,Julian Ryerson,,,subst,Substitution 1,60,,0,0,0,0,0,0,,1,alta,alta,api_football_events
1581037,2026-07-11,World Cup 2026,1090,Norway,10,England,301528,Andreas Schjelderup,,,subst,Substitution 2,68,,0,0,0,0,0,0,,1,alta,alta,api_football_events
1581037,2026-07-11,World Cup 2026,1090,Norway,10,England,8492,Alexander Sørloth,,,subst,Substitution 3,68,,0,0,0,0,0,0,,1,alta,alta,api_football_events
1581037,2026-07-11,World Cup 2026,10,England,1090,Norway,138787,Anthony Gordon,,,subst,Substitution 3,71,,0,0,0,0,0,0,,1,alta,alta,api_football_events
1581037,2026-07-11,World Cup 2026,10,England,1090,Norway,307123,Nico O'Reilly,,,subst,Substitution 4,86,,0,0,0,0,0,0,,1,alta,alta,api_football_events
1581037,2026-07-11,World Cup 2026,10,England,1090,Norway,19354,Ezri Konsa,,,subst,Substitution 5,89,,0,0,0,0,0,0,,1,alta,alta,api_football_events
1581037,2026-07-11,World Cup 2026,1090,Norway,10,England,265782,David Møller Wolfe,,,subst,Substitution 4,90,,0,0,0,0,0,0,,1,alta,alta,api_football_events
1581037,2026-07-11,World Cup 2026,1090,Norway,10,England,39254,Torbjørn Heggem,,,subst,Substitution 5,91,,0,0,0,0,0,0,,1,alta,alta,api_football_events
1581037,2026-07-11,World Cup 2026,10,England,1090,Norway,129718,Jude Bellingham,,,Goal,Normal Goal,93,,1,0,0,0,0,0,,0,alta,alta,api_football_events
1581037,2026-07-11,World Cup 2026,10,England,1090,Norway,19235,Djed Spence,,,Var,Penalty cancelled,101,,0,0,0,0,0,0,,0,alta,media,api_football_events
1581037,2026-07-11,World Cup 2026,1090,Norway,10,England,1100,Erling Haaland,,,subst,Substitution 6,106,,0,0,0,0,0,0,,1,alta,alta,api_football_events
1581037,2026-07-11,World Cup 2026,10,England,1090,Norway,129718,Jude Bellingham,,,subst,Substitution 6,111,,0,0,0,0,0,0,,1,alta,alta,api_football_events
1581037,2026-07-11,World Cup 2026,1090,Norway,10,England,1119,Kristoffer Ajer,,,Card,Yellow Card,117,,0,0,0,0,0,1,Yellow Card,0,alta,alta,api_football_events
1582681,2026-07-12,World Cup 2026,26,Argentina,15,Switzerland,6716,A. Mac Allister,154,L. Messi,Goal,Normal Goal,10,,1,1,0,0,0,0,,0,alta,alta,api_football_events
1582681,2026-07-12,World Cup 2026,15,Switzerland,26,Argentina,421,B. Embolo,,,Card,Yellow Card,44,,0,0,0,0,0,1,Yellow Card,0,alta,alta,api_football_events
1582681,2026-07-12,World Cup 2026,15,Switzerland,26,Argentina,48648,D. Ndoye,1631,R. Rodriguez,Goal,Normal Goal,67,,1,1,0,0,0,0,,0,alta,alta,api_football_events
1582681,2026-07-12,World Cup 2026,15,Switzerland,26,Argentina,421,B. Embolo,,,Card,Yellow Card,72,,0,0,0,0,0,1,Yellow Card,0,alta,alta,api_football_events
1582681,2026-07-12,World Cup 2026,15,Switzerland,26,Argentina,421,B. Embolo,,,Card,Red Card,72,,0,0,0,0,0,1,Red Card,0,alta,alta,api_football_events
1582681,2026-07-12,World Cup 2026,26,Argentina,15,Switzerland,529,N. Tagliafico,,,subst,Substitution 1,78,,0,0,0,0,0,0,,1,alta,alta,api_football_events
1582681,2026-07-12,World Cup 2026,26,Argentina,15,Switzerland,2472,R. de Paul,,,subst,Substitution 2,85,,0,0,0,0,0,0,,1,alta,alta,api_football_events
1582681,2026-07-12,World Cup 2026,26,Argentina,15,Switzerland,6503,N. Molina,,,subst,Substitution 3,85,,0,0,0,0,0,0,,1,alta,alta,api_football_events
1582681,2026-07-12,World Cup 2026,15,Switzerland,26,Argentina,957,D. Sow,,,subst,Substitution 1,86,,0,0,0,0,0,0,,1,alta,alta,api_football_events
1582681,2026-07-12,World Cup 2026,15,Switzerland,26,Argentina,48648,D. Ndoye,,,subst,Substitution 2,86,,0,0,0,0,0,0,,1,alta,alta,api_football_events
1582681,2026-07-12,World Cup 2026,15,Switzerland,26,Argentina,163032,F. Rieder,,,subst,Substitution 3,86,,0,0,0,0,0,0,,1,alta,alta,api_football_events
1582681,2026-07-12,World Cup 2026,15,Switzerland,26,Argentina,1631,R. Rodriguez,,,subst,Substitution 4,90,5,0,0,0,0,0,0,,1,alta,alta,api_football_events
1582681,2026-07-12,World Cup 2026,26,Argentina,15,Switzerland,5996,E. Fernandez,,,subst,Substitution 4,91,,0,0,0,0,0,0,,1,alta,alta,api_football_events
1582681,2026-07-12,World Cup 2026,15,Switzerland,26,Argentina,2810,D. Zakaria,,,subst,Substitution 5,96,,0,0,0,0,0,0,,1,alta,alta,api_football_events
1582681,2026-07-12,World Cup 2026,26,Argentina,15,Switzerland,6067,T. Almada,,,Card,Yellow Card,97,,0,0,0,0,0,1,Yellow Card,0,alta,alta,api_football_events
1582681,2026-07-12,World Cup 2026,26,Argentina,15,Switzerland,217,L. Martinez,,,Card,Yellow Card,98,,0,0,0,0,0,1,Yellow Card,0,alta,alta,api_football_events
1582681,2026-07-12,World Cup 2026,26,Argentina,15,Switzerland,30776,C. Romero,,,subst,Substitution 5,106,,0,0,0,0,0,0,,1,alta,alta,api_football_events
1582681,2026-07-12,World Cup 2026,26,Argentina,15,Switzerland,271,L. Paredes,,,subst,Substitution 6,110,,0,0,0,0,0,0,,1,alta,alta,api_football_events
1582681,2026-07-12,World Cup 2026,26,Argentina,15,Switzerland,6009,J. Alvarez,295513,J. Lopez,Goal,Normal Goal,112,,1,1,0,0,0,0,,0,alta,alta,api_football_events
1582681,2026-07-12,World Cup 2026,26,Argentina,15,Switzerland,295513,J. Lopez,,,Card,Yellow Card,114,,0,0,0,0,0,1,Yellow Card,0,alta,alta,api_football_events
1582681,2026-07-12,World Cup 2026,15,Switzerland,26,Argentina,2807,R. Freuler,,,subst,Substitution 6,115,,0,0,0,0,0,0,,1,alta,alta,api_football_events
1582681,2026-07-12,World Cup 2026,26,Argentina,15,Switzerland,217,L. Martinez,,,Goal,Normal Goal,120,1,1,0,0,0,0,0,,0,alta,alta,api_football_events
1585131,2026-07-14,World Cup 2026,2,France,9,Spain,272,Adrien Rabiot,,,Card,Yellow Card,9,,0,0,0,0,0,1,Yellow Card,0,alta,alta,api_football_events
1585131,2026-07-14,World Cup 2026,9,Spain,2,France,47323,Mikel Oyarzabal,,,Goal,Penalty,22,,1,0,1,0,0,0,,0,alta,alta,api_football_events
1585131,2026-07-14,World Cup 2026,2,France,9,Spain,22090,William Saliba,,,subst,Substitution 1,30,,0,0,0,0,0,0,,1,alta,alta,api_football_events
1585131,2026-07-14,World Cup 2026,9,Spain,2,France,47380,Marc Cucurella,,,Card,Yellow Card,31,,0,0,0,0,0,1,Yellow Card,0,alta,alta,api_football_events
1585131,2026-07-14,World Cup 2026,2,France,9,Spain,272,Adrien Rabiot,,,subst,Substitution 2,46,,0,0,0,0,0,0,,1,alta,alta,api_football_events
1585131,2026-07-14,World Cup 2026,2,France,9,Spain,161904,Bradley Barcola,,,subst,Substitution 3,57,,0,0,0,0,0,0,,1,alta,alta,api_football_events
1585131,2026-07-14,World Cup 2026,9,Spain,2,France,47519,Pedro Porro,1323,Dani Olmo,Goal,Normal Goal,58,,1,1,0,0,0,0,,0,alta,alta,api_football_events
1585131,2026-07-14,World Cup 2026,2,France,9,Spain,2724,Lucas Digne,,,subst,Substitution 4,72,,0,0,0,0,0,0,,1,alta,alta,api_football_events
1585131,2026-07-14,World Cup 2026,2,France,9,Spain,19617,Michael Olise,,,subst,Substitution 5,72,,0,0,0,0,0,0,,1,alta,alta,api_football_events
1585131,2026-07-14,World Cup 2026,9,Spain,2,France,47323,Mikel Oyarzabal,,,subst,Substitution 1,74,,0,0,0,0,0,0,,1,alta,alta,api_football_events
1585131,2026-07-14,World Cup 2026,9,Spain,2,France,328,Fabián Ruiz,,,subst,Substitution 2,78,,0,0,0,0,0,0,,1,alta,alta,api_football_events
1585131,2026-07-14,World Cup 2026,9,Spain,2,France,1323,Dani Olmo,,,subst,Substitution 3,78,,0,0,0,0,0,0,,1,alta,alta,api_football_events
1585131,2026-07-14,World Cup 2026,9,Spain,2,France,47519,Pedro Porro,,,subst,Substitution 4,84,,0,0,0,0,0,0,,1,alta,alta,api_football_events
1585131,2026-07-14,World Cup 2026,9,Spain,2,France,182219,Alex Baena,,,subst,Substitution 5,84,,0,0,0,0,0,0,,1,alta,alta,api_football_events
1585131,2026-07-14,World Cup 2026,2,France,9,Spain,278,Kylian Mbappé,,,Card,Yellow Card,86,,0,0,0,0,0,1,Yellow Card,0,alta,alta,api_football_events
1586077,2026-07-15,World Cup 2026,10,England,26,Argentina,138908,Elliot Anderson,,,Card,Yellow Card,37,,0,0,0,0,0,1,Yellow Card,0,alta,alta,api_football_events
1586077,2026-07-15,World Cup 2026,26,Argentina,10,England,2467,Lisandro Martínez,,,Card,Yellow Card,42,,0,0,0,0,0,1,Yellow Card,0,alta,alta,api_football_events
1586077,2026-07-15,World Cup 2026,26,Argentina,10,England,30776,Cristian Romero,,,Card,Yellow Card,51,,0,0,0,0,0,1,Yellow Card,0,alta,alta,api_football_events
1586077,2026-07-15,World Cup 2026,10,England,26,Argentina,138787,Anthony Gordon,19170,Morgan Rogers,Goal,Normal Goal,55,,1,1,0,0,0,0,,0,alta,alta,api_football_events
1586077,2026-07-15,World Cup 2026,26,Argentina,10,England,271,Leandro Paredes,,,subst,Substitution 1,64,,0,0,0,0,0,0,,1,alta,alta,api_football_events
1586077,2026-07-15,World Cup 2026,10,England,26,Argentina,138787,Anthony Gordon,,,subst,Substitution 1,72,,0,0,0,0,0,0,,1,alta,alta,api_football_events
1586077,2026-07-15,World Cup 2026,26,Argentina,10,England,2467,Lisandro Martínez,,,subst,Substitution 2,72,,0,0,0,0,0,0,,1,alta,alta,api_football_events
1586077,2026-07-15,World Cup 2026,26,Argentina,10,England,6503,Nahuel Molina,,,subst,Substitution 3,72,,0,0,0,0,0,0,,1,alta,alta,api_football_events
1586077,2026-07-15,World Cup 2026,26,Argentina,10,England,323935,Giuliano Simeone,,,subst,Substitution 4,72,,0,0,0,0,0,0,,1,alta,alta,api_football_events
1586077,2026-07-15,World Cup 2026,26,Argentina,10,England,529,Nicolás Tagliafico,,,subst,Substitution 5,81,,0,0,0,0,0,0,,1,alta,alta,api_football_events
1586077,2026-07-15,World Cup 2026,10,England,26,Argentina,19545,Reece James,,,subst,Substitution 2,82,,0,0,0,0,0,0,,1,alta,alta,api_football_events
1586077,2026-07-15,World Cup 2026,10,England,26,Argentina,2937,Declan Rice,,,subst,Substitution 3,82,,0,0,0,0,0,0,,1,alta,alta,api_football_events
1586077,2026-07-15,World Cup 2026,26,Argentina,10,England,5996,Enzo Fernández,154,Lionel Messi,Goal,Normal Goal,86,,1,1,0,0,0,0,,0,alta,alta,api_football_events
1586077,2026-07-15,World Cup 2026,26,Argentina,10,England,217,Lautaro Martínez,154,Lionel Messi,Goal,Normal Goal,90,2,1,1,0,0,0,0,,0,alta,alta,api_football_events
1586077,2026-07-15,World Cup 2026,26,Argentina,10,England,2472,Rodrigo De Paul,,,Card,Yellow Card,90,4,0,0,0,0,0,1,Yellow Card,0,alta,alta,api_football_events
1586077,2026-07-15,World Cup 2026,10,England,26,Argentina,626,John Stones,,,subst,Substitution 4,90,,0,0,0,0,0,0,,1,alta,alta,api_football_events
1586077,2026-07-15,World Cup 2026,10,England,26,Argentina,19235,Djed Spence,,,subst,Substitution 5,90,,0,0,0,0,0,0,,1,alta,alta,api_football_events
1591865,2026-07-18,World Cup 2026,10,England,2,France,2937,Declan Rice,,,Goal,Normal Goal,3,,1,0,0,0,0,0,,0,alta,alta,api_football_events
1591865,2026-07-18,World Cup 2026,10,England,2,France,19354,Ezri Konsa,2937,Declan Rice,Goal,Normal Goal,18,,1,1,0,0,0,0,,0,alta,alta,api_football_events
1591865,2026-07-18,World Cup 2026,10,England,2,France,1460,Bukayo Saka,909,Marcus Rashford,Goal,Normal Goal,37,,1,1,0,0,0,0,,0,alta,alta,api_football_events
1591865,2026-07-18,World Cup 2026,10,England,2,France,1460,Bukayo Saka,19586,Eberechi Eze,Goal,Normal Goal,45,1,1,1,0,0,0,0,,0,alta,alta,api_football_events
1591865,2026-07-18,World Cup 2026,2,France,10,England,343027,Désiré Doué,,,subst,Substitution 1,46,,0,0,0,0,0,0,,1,alta,alta,api_football_events
1591865,2026-07-18,World Cup 2026,2,France,10,England,156477,Rayan Cherki,,,subst,Substitution 2,46,,0,0,0,0,0,0,,1,alta,alta,api_football_events
1591865,2026-07-18,World Cup 2026,2,France,10,England,1145,Ibrahima Konaté,,,subst,Substitution 3,46,,0,0,0,0,0,0,,1,alta,alta,api_football_events
1591865,2026-07-18,World Cup 2026,2,France,10,England,47300,Theo Hernández,,,subst,Substitution 4,46,,0,0,0,0,0,0,,1,alta,alta,api_football_events
1591865,2026-07-18,World Cup 2026,10,England,2,France,909,Marcus Rashford,,,subst,Substitution 1,46,,0,0,0,0,0,0,,1,alta,alta,api_football_events
1591865,2026-07-18,World Cup 2026,2,France,10,England,278,Kylian Mbappé,19617,Michael Olise,Goal,Normal Goal,48,,1,1,0,0,0,0,,0,alta,alta,api_football_events
1591865,2026-07-18,World Cup 2026,2,France,10,England,161904,Bradley Barcola,278,Kylian Mbappé,Goal,Normal Goal,54,,1,1,0,0,0,0,,0,alta,alta,api_football_events
1591865,2026-07-18,World Cup 2026,2,France,10,England,278,Kylian Mbappé,19617,Michael Olise,Goal,Normal Goal,66,,1,1,0,0,0,0,,0,alta,alta,api_football_events
1591865,2026-07-18,World Cup 2026,10,England,2,France,19586,Eberechi Eze,,,subst,Substitution 2,79,,0,0,0,0,0,0,,1,alta,alta,api_football_events
1591865,2026-07-18,World Cup 2026,10,England,2,France,19974,Ivan Toney,,,subst,Substitution 3,79,,0,0,0,0,0,0,,1,alta,alta,api_football_events
1591865,2026-07-18,World Cup 2026,10,England,2,France,158698,Jarell Quansah,,,subst,Substitution 4,83,,0,0,0,0,0,0,,1,alta,alta,api_football_events
1591865,2026-07-18,World Cup 2026,10,England,2,France,1460,Bukayo Saka,,,Goal,Penalty,87,,1,0,1,0,0,0,,0,alta,alta,api_football_events
1591865,2026-07-18,World Cup 2026,2,France,10,England,153,Ousmane Dembélé,1149,Dayot Upamecano,Goal,Normal Goal,90,6,1,1,0,0,0,0,,0,alta,alta,api_football_events
1591865,2026-07-18,World Cup 2026,10,England,2,France,129718,Jude Bellingham,,,Goal,Normal Goal,90,8,1,0,0,0,0,0,,0,alta,alta,api_football_events
1591865,2026-07-18,World Cup 2026,2,France,10,England,161907,Malo Gusto,,,subst,Substitution 5,90,,0,0,0,0,0,0,,1,alta,alta,api_football_events
1591865,2026-07-18,World Cup 2026,10,England,2,France,67971,Marc Guéhi,,,subst,Substitution 5,90,,0,0,0,0,0,0,,1,alta,alta,api_football_events
1489369,2026-06-11,World Cup 2026,16,Mexico,1531,South Africa,35532,J. Quinones,266345,E. Lira,Goal,Normal Goal,9,,1,1,0,0,0,0,,0,alta,alta,api_football_events
1489369,2026-06-11,World Cup 2026,1531,South Africa,16,Mexico,3287,Teboho Mokoena,,,Card,Yellow Card,17,,0,0,0,0,0,1,Yellow Card,0,alta,alta,api_football_events
1489369,2026-06-11,World Cup 2026,16,Mexico,1531,South Africa,212233,Brian Gutiérrez,,,Card,Yellow Card,23,,0,0,0,0,0,1,Yellow Card,0,alta,alta,api_football_events
1489369,2026-06-11,World Cup 2026,1531,South Africa,16,Mexico,158433,Siphephelo Sithole,,,Card,Red Card,49,,0,0,0,0,0,1,Red Card,0,alta,alta,api_football_events
1489369,2026-06-11,World Cup 2026,1531,South Africa,16,Mexico,98936,L. Foster,,,subst,Substitution 1,56,,0,0,0,0,0,0,,1,alta,alta,api_football_events
1489369,2026-06-11,World Cup 2026,1531,South Africa,16,Mexico,268710,J. Adams,,,subst,Substitution 2,61,,0,0,0,0,0,0,,1,alta,alta,api_football_events
1489369,2026-06-11,World Cup 2026,16,Mexico,1531,South Africa,212233,B. Gutierrez,,,subst,Substitution 1,66,,0,0,0,0,0,0,,1,alta,alta,api_football_events
1489369,2026-06-11,World Cup 2026,16,Mexico,1531,South Africa,750,A. Fidalgo,,,subst,Substitution 2,66,,0,0,0,0,0,0,,1,alta,alta,api_football_events
1489369,2026-06-11,World Cup 2026,16,Mexico,1531,South Africa,2887,R. Jimenez,2879,R. Alvarado,Goal,Normal Goal,67,,1,1,0,0,0,0,,0,alta,alta,api_football_events
1489369,2026-06-11,World Cup 2026,1531,South Africa,16,Mexico,46458,Nkosinathi Sibisi,,,Card,Yellow Card,74,,0,0,0,0,0,1,Yellow Card,0,alta,alta,api_football_events
1489369,2026-06-11,World Cup 2026,16,Mexico,1531,South Africa,266345,E. Lira,,,subst,Substitution 3,76,,0,0,0,0,0,0,,1,alta,alta,api_football_events
1489369,2026-06-11,World Cup 2026,16,Mexico,1531,South Africa,2887,R. Jimenez,,,subst,Substitution 4,76,,0,0,0,0,0,0,,1,alta,alta,api_football_events
1489369,2026-06-11,World Cup 2026,1531,South Africa,16,Mexico,127429,I. Rayners,,,subst,Substitution 3,76,,0,0,0,0,0,0,,1,alta,alta,api_football_events
1489369,2026-06-11,World Cup 2026,1531,South Africa,16,Mexico,46334,A. Modiba,,,subst,Substitution 4,77,,0,0,0,0,0,0,,1,alta,alta,api_football_events
1489369,2026-06-11,World Cup 2026,16,Mexico,1531,South Africa,35532,J. Quinones,,,subst,Substitution 5,79,,0,0,0,0,0,0,,1,alta,alta,api_football_events
1489369,2026-06-11,World Cup 2026,1531,South Africa,16,Mexico,3289,Themba Zwane,,,Var,Card upgrade,82,,0,0,0,0,0,0,,0,alta,media,api_football_events
1489369,2026-06-11,World Cup 2026,1531,South Africa,16,Mexico,3289,Themba Zwane,,,Card,Red Card,84,,0,0,0,0,0,1,Red Card,0,alta,alta,api_football_events
1489369,2026-06-11,World Cup 2026,16,Mexico,1531,South Africa,2873,César Montes,,,Card,Red Card,90,2,0,0,0,0,0,1,Red Card,0,alta,alta,api_football_events
1538999,2026-06-12,World Cup 2026,770,Czechia,17,South Korea,66407,L. Krejci,1231,V. Coufal,Goal,Normal Goal,59,,1,1,0,0,0,0,,0,alta,alta,api_football_events
1538999,2026-06-12,World Cup 2026,17,South Korea,770,Czechia,2906,Lee Jae-Sung,,,subst,Substitution 1,62,,0,0,0,0,0,0,,1,alta,alta,api_football_events
1538999,2026-06-12,World Cup 2026,770,Czechia,17,South Korea,66387,P. Sulc,,,subst,Substitution 1,64,,0,0,0,0,0,0,,1,alta,alta,api_football_events
1538999,2026-06-12,World Cup 2026,770,Czechia,17,South Korea,794,P. Schick,,,subst,Substitution 2,64,,0,0,0,0,0,0,,1,alta,alta,api_football_events
1538999,2026-06-12,World Cup 2026,770,Czechia,17,South Korea,66353,L. Provod,,,subst,Substitution 3,64,,0,0,0,0,0,0,,1,alta,alta,api_football_events
1538999,2026-06-12,World Cup 2026,17,South Korea,770,Czechia,2901,Hwang In-Beom,927,Lee Kang-In,Goal,Normal Goal,67,,1,1,0,0,0,0,,0,alta,alta,api_football_events
1538999,2026-06-12,World Cup 2026,17,South Korea,770,Czechia,186,Son Heung-Min,,,subst,Substitution 2,69,,0,0,0,0,0,0,,1,alta,alta,api_football_events
1538999,2026-06-12,World Cup 2026,17,South Korea,770,Czechia,237220,Lee Tae-Seok,,,subst,Substitution 3,69,,0,0,0,0,0,0,,1,alta,alta,api_football_events
1538999,2026-06-12,World Cup 2026,17,South Korea,770,Czechia,34710,Oh Hyeon-Gyu,2901,Hwang In-Beom,Goal,Normal Goal,80,,1,1,0,0,0,0,,0,alta,alta,api_football_events
1538999,2026-06-12,World Cup 2026,17,South Korea,770,Czechia,2901,Hwang In-Beom,,,subst,Substitution 4,84,,0,0,0,0,0,0,,1,alta,alta,api_football_events
1538999,2026-06-12,World Cup 2026,17,South Korea,770,Czechia,2909,Paik Seung-Ho,,,subst,Substitution 5,84,,0,0,0,0,0,0,,1,alta,alta,api_football_events
1538999,2026-06-12,World Cup 2026,770,Czechia,17,South Korea,386837,A. Sojka,,,subst,Substitution 4,84,,0,0,0,0,0,0,,1,alta,alta,api_football_events
1538999,2026-06-12,World Cup 2026,17,South Korea,770,Czechia,304951,Gi-Hyuk Lee,,,Card,Yellow Card,90,6,0,0,0,0,0,1,Yellow Card,0,alta,alta,api_football_events
1539000,2026-06-12,World Cup 2026,5529,Canada,1113,Bosnia & Herzegovina,78547,Alistair Johnston,,,Card,Yellow Card,11,,0,0,0,0,0,1,Yellow Card,0,alta,alta,api_football_events
1539000,2026-06-12,World Cup 2026,1113,Bosnia & Herzegovina,5529,Canada,77037,J. Lukic,1442,S. Kolasinac,Goal,Normal Goal,21,,1,1,0,0,0,0,,0,alta,alta,api_football_events
1539000,2026-06-12,World Cup 2026,1113,Bosnia & Herzegovina,5529,Canada,77037,Jovo Lukić,,,Card,Yellow Card,45,1,0,0,0,0,0,1,Yellow Card,0,alta,alta,api_football_events
1539000,2026-06-12,World Cup 2026,1113,Bosnia & Herzegovina,5529,Canada,46930,Ermedin Demirović,,,Card,Yellow Card,45,,0,0,0,0,0,1,Yellow Card,0,alta,alta,api_football_events
1539000,2026-06-12,World Cup 2026,5529,Canada,1113,Bosnia & Herzegovina,327738,Luc De Fougerolles,,,Card,Yellow Card,53,,0,0,0,0,0,1,Yellow Card,0,alta,alta,api_football_events
1539000,2026-06-12,World Cup 2026,5529,Canada,1113,Bosnia & Herzegovina,44798,L. Millar,,,subst,Substitution 1,61,,0,0,0,0,0,0,,1,alta,alta,api_football_events
1539000,2026-06-12,World Cup 2026,5529,Canada,1113,Bosnia & Herzegovina,8489,J. David,,,subst,Substitution 2,61,,0,0,0,0,0,0,,1,alta,alta,api_football_events
1539000,2026-06-12,World Cup 2026,5529,Canada,1113,Bosnia & Herzegovina,51016,T. Buchanan,,,subst,Substitution 3,61,,0,0,0,0,0,0,,1,alta,alta,api_football_events
1539000,2026-06-12,World Cup 2026,1113,Bosnia & Herzegovina,5529,Canada,162222,I. Basic,,,subst,Substitution 1,62,,0,0,0,0,0,0,,1,alta,alta,api_football_events
1539000,2026-06-12,World Cup 2026,1113,Bosnia & Herzegovina,5529,Canada,77037,J. Lukic,,,subst,Substitution 2,62,,0,0,0,0,0,0,,1,alta,alta,api_football_events
1539000,2026-06-12,World Cup 2026,1113,Bosnia & Herzegovina,5529,Canada,329409,E. Bajraktarevic,,,subst,Substitution 3,74,,0,0,0,0,0,0,,1,alta,alta,api_football_events
1539000,2026-06-12,World Cup 2026,1113,Bosnia & Herzegovina,5529,Canada,322101,A. Memic,,,subst,Substitution 4,74,,0,0,0,0,0,0,,1,alta,alta,api_football_events
1539000,2026-06-12,World Cup 2026,5529,Canada,1113,Bosnia & Herzegovina,351587,T. Oluwaseyi,,,subst,Substitution 4,76,,0,0,0,0,0,0,,1,alta,alta,api_football_events
1539000,2026-06-12,World Cup 2026,5529,Canada,1113,Bosnia & Herzegovina,2001,C. Larin,313353,P. David,Goal,Normal Goal,78,,1,1,0,0,0,0,,0,alta,alta,api_football_events
1539000,2026-06-12,World Cup 2026,1113,Bosnia & Herzegovina,5529,Canada,1442,S. Kolasinac,,,subst,Substitution 5,84,,0,0,0,0,0,0,,1,alta,alta,api_football_events
1539000,2026-06-12,World Cup 2026,1113,Bosnia & Herzegovina,5529,Canada,1741,Nikola Katić,,,Card,Yellow Card,90,3,0,0,0,0,0,1,Yellow Card,0,alta,alta,api_football_events
1539000,2026-06-12,World Cup 2026,5529,Canada,1113,Bosnia & Herzegovina,35570,S. Eustaquio,,,subst,Substitution 5,90,1,0,0,0,0,0,0,,1,alta,alta,api_football_events
1489370,2026-06-13,World Cup 2026,2384,USA,2380,Paraguay,195107,D. Bobadilla,,,Goal,Own Goal,7,,0,0,0,0,1,0,,0,alta,alta,api_football_events
1489370,2026-06-13,World Cup 2026,2380,Paraguay,2384,USA,195992,Juan Cáceres,,,Card,Yellow Card,10,,0,0,0,0,0,1,Yellow Card,0,alta,alta,api_football_events
1489370,2026-06-13,World Cup 2026,2384,USA,2380,Paraguay,138835,F. Balogun,17,C. Pulisic,Goal,Normal Goal,31,,1,1,0,0,0,0,,0,alta,alta,api_football_events
1489370,2026-06-13,World Cup 2026,2384,USA,2380,Paraguay,138835,F. Balogun,162037,M. Tillman,Goal,Normal Goal,45,,1,1,0,0,0,0,,0,alta,alta,api_football_events
1489370,2026-06-13,World Cup 2026,2384,USA,2380,Paraguay,17,C. Pulisic,,,subst,Substitution 1,46,,0,0,0,0,0,0,,1,alta,alta,api_football_events
1489370,2026-06-13,World Cup 2026,2380,Paraguay,2384,USA,195107,D. Bobadilla,,,subst,Substitution 1,46,,0,0,0,0,0,0,,1,alta,alta,api_football_events
1489370,2026-06-13,World Cup 2026,2380,Paraguay,2384,USA,2507,Miguel Almirón,,,Card,Yellow Card,53,,0,0,0,0,0,1,Yellow Card,0,alta,alta,api_football_events
1489370,2026-06-13,World Cup 2026,2384,USA,2380,Paraguay,1150,Tyler Adams,,,Card,Yellow Card,59,,0,0,0,0,0,1,Yellow Card,0,alta,alta,api_football_events
1489370,2026-06-13,World Cup 2026,2380,Paraguay,2384,USA,2522,A. Sanabria,,,subst,Substitution 2,62,,0,0,0,0,0,0,,1,alta,alta,api_football_events
1489370,2026-06-13,World Cup 2026,2384,USA,2380,Paraguay,138835,F. Balogun,,,subst,Substitution 2,72,,0,0,0,0,0,0,,1,alta,alta,api_football_events
1489370,2026-06-13,World Cup 2026,2384,USA,2380,Paraguay,38735,S. Dest,,,subst,Substitution 3,72,,0,0,0,0,0,0,,1,alta,alta,api_football_events
1489370,2026-06-13,World Cup 2026,2380,Paraguay,2384,USA,106485,Mauricio,70747,J. Enciso,Goal,Normal Goal,73,,1,1,0,0,0,0,,0,alta,alta,api_football_events
1489370,2026-06-13,World Cup 2026,2380,Paraguay,2384,USA,278370,Diego Gómez,,,Card,Yellow Card,79,,0,0,0,0,0,1,Yellow Card,0,alta,alta,api_football_events
1489370,2026-06-13,World Cup 2026,2380,Paraguay,2384,USA,195992,J. Caceres,,,subst,Substitution 3,79,,0,0,0,0,0,0,,1,alta,alta,api_football_events
1489370,2026-06-13,World Cup 2026,2380,Paraguay,2384,USA,2507,M. Almiron,,,subst,Substitution 4,79,,0,0,0,0,0,0,,1,alta,alta,api_football_events
1489370,2026-06-13,World Cup 2026,2380,Paraguay,2384,USA,278370,D. Gomez,,,subst,Substitution 5,80,,0,0,0,0,0,0,,1,alta,alta,api_football_events
1489370,2026-06-13,World Cup 2026,2384,USA,2380,Paraguay,162037,M. Tillman,,,subst,Substitution 4,82,,0,0,0,0,0,0,,1,alta,alta,api_football_events
1489370,2026-06-13,World Cup 2026,2380,Paraguay,2384,USA,95460,Alex Arce,,,Card,Yellow Card,88,,0,0,0,0,0,1,Yellow Card,0,alta,alta,api_football_events
1489370,2026-06-13,World Cup 2026,2380,Paraguay,2384,USA,2499,Junior Alonso,,,Card,Yellow Card,90,3,0,0,0,0,0,1,Yellow Card,0,alta,alta,api_football_events
1489370,2026-06-13,World Cup 2026,2384,USA,2380,Paraguay,161921,G. Reyna,355994,A. Freeman,Goal,Normal Goal,90,,1,1,0,0,0,0,,0,alta,alta,api_football_events
1489373,2026-06-13,World Cup 2026,1569,Qatar,15,Switzerland,42207,Mahmud Abunada,,,Card,Yellow Card,16,,0,0,0,0,0,1,Yellow Card,0,alta,alta,api_football_events
1489373,2026-06-13,World Cup 2026,15,Switzerland,1569,Qatar,2807,Remo Freuler,,,Var,Penalty confirmed,16,,0,0,0,0,0,0,,0,alta,media,api_football_events
1489373,2026-06-13,World Cup 2026,15,Switzerland,1569,Qatar,421,B. Embolo,,,Goal,Penalty,17,,1,0,1,0,0,0,,0,alta,alta,api_football_events
1489373,2026-06-13,World Cup 2026,1569,Qatar,15,Switzerland,200981,Jassem Gaber Abdulsallam,,,Card,Yellow Card,23,,0,0,0,0,0,1,Yellow Card,0,alta,alta,api_football_events
1489373,2026-06-13,World Cup 2026,15,Switzerland,1569,Qatar,2810,Denis Zakaria,,,Card,Yellow Card,42,,0,0,0,0,0,1,Yellow Card,0,alta,alta,api_football_events
1489373,2026-06-13,World Cup 2026,1569,Qatar,15,Switzerland,377930,A. Al Oui,,,subst,Substitution 1,60,,0,0,0,0,0,0,,1,alta,alta,api_football_events
1489373,2026-06-13,World Cup 2026,1569,Qatar,15,Switzerland,200981,J. Gaber,,,subst,Substitution 2,60,,0,0,0,0,0,0,,1,alta,alta,api_football_events
1489373,2026-06-13,World Cup 2026,1569,Qatar,15,Switzerland,542541,Y. Abdurisag,,,subst,Substitution 3,60,,0,0,0,0,0,0,,1,alta,alta,api_football_events
1489373,2026-06-13,World Cup 2026,15,Switzerland,1569,Qatar,951,M. Aebischer,,,subst,Substitution 1,65,,0,0,0,0,0,0,,1,alta,alta,api_football_events
1489373,2026-06-13,World Cup 2026,15,Switzerland,1569,Qatar,48648,D. Ndoye,,,subst,Substitution 2,65,,0,0,0,0,0,0,,1,alta,alta,api_football_events
1489373,2026-06-13,World Cup 2026,1569,Qatar,15,Switzerland,2535,A. O. Madibo,,,subst,Substitution 4,79,,0,0,0,0,0,0,,1,alta,alta,api_football_events
1489373,2026-06-13,World Cup 2026,15,Switzerland,1569,Qatar,48471,R. Vargas,,,subst,Substitution 3,79,,0,0,0,0,0,0,,1,alta,alta,api_football_events
1489373,2026-06-13,World Cup 2026,1569,Qatar,15,Switzerland,42075,Edmilson Junior,,,subst,Substitution 5,88,,0,0,0,0,0,0,,1,alta,alta,api_football_events
1489373,2026-06-13,World Cup 2026,15,Switzerland,1569,Qatar,1631,R. Rodriguez,,,subst,Substitution 4,89,,0,0,0,0,0,0,,1,alta,alta,api_football_events
1489373,2026-06-13,World Cup 2026,15,Switzerland,1569,Qatar,2807,R. Freuler,,,subst,Substitution 5,89,,0,0,0,0,0,0,,1,alta,alta,api_football_events
1489373,2026-06-13,World Cup 2026,1569,Qatar,15,Switzerland,48489,M. Muheim,,,Goal,Own Goal,90,,0,0,0,0,1,0,,0,alta,alta,api_football_events
1489371,2026-06-13,World Cup 2026,31,Morocco,6,Brazil,161897,I. Saibari,744,B. Diaz,Goal,Normal Goal,21,,1,1,0,0,0,0,,0,alta,alta,api_football_events
1489371,2026-06-13,World Cup 2026,6,Brazil,31,Morocco,762,Vinicius Junior,10135,Bruno Guimaraes,Goal,Normal Goal,32,,1,1,0,0,0,0,,0,alta,alta,api_football_events
1489371,2026-06-13,World Cup 2026,6,Brazil,31,Morocco,747,Casemiro,,,Card,Yellow Card,37,,0,0,0,0,0,1,Yellow Card,0,alta,alta,api_football_events
1489371,2026-06-13,World Cup 2026,6,Brazil,31,Morocco,30424,Roger Ibañez,,,Card,Yellow Card,43,,0,0,0,0,0,1,Yellow Card,0,alta,alta,api_football_events
1489371,2026-06-13,World Cup 2026,6,Brazil,31,Morocco,30424,Ibanez,,,subst,Substitution 1,46,,0,0,0,0,0,0,,1,alta,alta,api_football_events
1489371,2026-06-13,World Cup 2026,6,Brazil,31,Morocco,747,Casemiro,,,subst,Substitution 2,46,,0,0,0,0,0,0,,1,alta,alta,api_football_events
1489371,2026-06-13,World Cup 2026,6,Brazil,31,Morocco,1646,Lucas Paqueta,,,subst,Substitution 3,61,,0,0,0,0,0,0,,1,alta,alta,api_football_events
1489371,2026-06-13,World Cup 2026,6,Brazil,31,Morocco,196156,I. Thiago,,,subst,Substitution 4,62,,0,0,0,0,0,0,,1,alta,alta,api_football_events
1489371,2026-06-13,World Cup 2026,31,Morocco,6,Brazil,744,B. Diaz,,,subst,Substitution 1,65,,0,0,0,0,0,0,,1,alta,alta,api_football_events
1489371,2026-06-13,World Cup 2026,31,Morocco,6,Brazil,129678,A. Ounahi,,,subst,Substitution 2,65,,0,0,0,0,0,0,,1,alta,alta,api_football_events
1489371,2026-06-13,World Cup 2026,6,Brazil,31,Morocco,10135,Bruno Guimaraes,,,subst,Substitution 5,80,,0,0,0,0,0,0,,1,alta,alta,api_football_events
1489371,2026-06-13,World Cup 2026,31,Morocco,6,Brazil,545,N. Mazraoui,,,subst,Substitution 3,80,,0,0,0,0,0,0,,1,alta,alta,api_football_events
1489371,2026-06-13,World Cup 2026,31,Morocco,6,Brazil,340573,B. El Khannouss,,,subst,Substitution 4,80,,0,0,0,0,0,0,,1,alta,alta,api_football_events
1489371,2026-06-13,World Cup 2026,31,Morocco,6,Brazil,161897,I. Saibari,,,subst,Substitution 5,89,,0,0,0,0,0,0,,1,alta,alta,api_football_events
1489372,2026-06-14,World Cup 2026,1108,Scotland,2386,Haiti,19191,J. McGinn,,,Goal,Normal Goal,28,,1,0,0,0,0,0,,0,alta,alta,api_football_events
1489372,2026-06-14,World Cup 2026,2386,Haiti,1108,Scotland,20665,Jean-Ricner Bellegarde,,,Card,Yellow Card,39,,0,0,0,0,0,1,Yellow Card,0,alta,alta,api_football_events
1489372,2026-06-14,World Cup 2026,1108,Scotland,2386,Haiti,44871,Aaron Hickey,,,Card,Yellow Card,46,,0,0,0,0,0,1,Yellow Card,0,alta,alta,api_football_events
1489372,2026-06-14,World Cup 2026,2386,Haiti,1108,Scotland,128766,L. Deedson,,,subst,Substitution 1,61,,0,0,0,0,0,0,,1,alta,alta,api_football_events
1489372,2026-06-14,World Cup 2026,1108,Scotland,2386,Haiti,343576,B. Gannon-Doak,,,subst,Substitution 1,75,,0,0,0,0,0,0,,1,alta,alta,api_football_events
1489372,2026-06-14,World Cup 2026,1108,Scotland,2386,Haiti,19524,C. Adams,,,subst,Substitution 2,75,,0,0,0,0,0,0,,1,alta,alta,api_football_events
1489372,2026-06-14,World Cup 2026,1108,Scotland,2386,Haiti,44871,A. Hickey,,,subst,Substitution 3,75,,0,0,0,0,0,0,,1,alta,alta,api_football_events
1489372,2026-06-14,World Cup 2026,2386,Haiti,1108,Scotland,84087,W. Isidor,,,subst,Substitution 2,76,,0,0,0,0,0,0,,1,alta,alta,api_football_events
1489372,2026-06-14,World Cup 2026,1108,Scotland,2386,Haiti,45175,L. Shankland,,,subst,Substitution 4,83,,0,0,0,0,0,0,,1,alta,alta,api_football_events
1489372,2026-06-14,World Cup 2026,1108,Scotland,2386,Haiti,19191,J. McGinn,,,subst,Substitution 5,83,,0,0,0,0,0,0,,1,alta,alta,api_football_events
1489372,2026-06-14,World Cup 2026,2386,Haiti,1108,Scotland,162733,R. Providence,,,subst,Substitution 3,85,,0,0,0,0,0,0,,1,alta,alta,api_football_events
1489372,2026-06-14,World Cup 2026,1108,Scotland,2386,Haiti,19077,Kenny McLean,,,Card,Yellow Card,90,5,0,0,0,0,0,1,Yellow Card,0,alta,alta,api_football_events
1489372,2026-06-14,World Cup 2026,1108,Scotland,2386,Haiti,433272,Findlay Curtis,,,Card,Yellow Card,90,1,0,0,0,0,0,1,Yellow Card,0,alta,alta,api_football_events
1539001,2026-06-14,World Cup 2026,20,Australia,777,Türkiye,338014,N. Irankunda,441269,P. Okon-Engstler,Goal,Normal Goal,27,,1,1,0,0,0,0,,0,alta,alta,api_football_events
1539001,2026-06-14,World Cup 2026,777,Türkiye,20,Australia,63274,B. Yilmaz,,,subst,Substitution 1,46,,0,0,0,0,0,0,,1,alta,alta,api_football_events
1539001,2026-06-14,World Cup 2026,20,Australia,777,Türkiye,338014,N. Irankunda,,,subst,Substitution 1,61,,0,0,0,0,0,0,,1,alta,alta,api_football_events
1539001,2026-06-14,World Cup 2026,777,Türkiye,20,Australia,37155,O. Kokcu,,,subst,Substitution 2,62,,0,0,0,0,0,0,,1,alta,alta,api_football_events
1539001,2026-06-14,World Cup 2026,20,Australia,777,Türkiye,6808,J. Italiano,,,subst,Substitution 2,74,,0,0,0,0,0,0,,1,alta,alta,api_football_events
1539001,2026-06-14,World Cup 2026,20,Australia,777,Türkiye,198352,M. Toure,,,subst,Substitution 3,74,,0,0,0,0,0,0,,1,alta,alta,api_football_events
1539001,2026-06-14,World Cup 2026,20,Australia,777,Türkiye,6904,C. Metcalfe,,,Goal,Normal Goal,75,,1,0,0,0,0,0,,0,alta,alta,api_football_events
1539001,2026-06-14,World Cup 2026,777,Türkiye,20,Australia,22222,Z. Celik,,,subst,Substitution 3,81,,0,0,0,0,0,0,,1,alta,alta,api_football_events
1539001,2026-06-14,World Cup 2026,777,Türkiye,20,Australia,214463,I. Yuksek,,,subst,Substitution 4,81,,0,0,0,0,0,0,,1,alta,alta,api_football_events
1539001,2026-06-14,World Cup 2026,20,Australia,777,Türkiye,337587,J. Bos,,,subst,Substitution 4,84,,0,0,0,0,0,0,,1,alta,alta,api_football_events
1539001,2026-06-14,World Cup 2026,20,Australia,777,Türkiye,441269,P. Okon-Engstler,,,subst,Substitution 5,84,,0,0,0,0,0,0,,1,alta,alta,api_football_events
1539001,2026-06-14,World Cup 2026,777,Türkiye,20,Australia,142959,K. Akturkoglu,,,subst,Substitution 5,85,,0,0,0,0,0,0,,1,alta,alta,api_football_events
1539001,2026-06-14,World Cup 2026,777,Türkiye,20,Australia,454,Yunus Akgün,,,Card,Yellow Card,86,,0,0,0,0,0,1,Yellow Card,0,alta,alta,api_football_events
1489374,2026-06-14,World Cup 2026,25,Germany,5530,Curaçao,637,F. Nmecha,203224,F. Wirtz,Goal,Normal Goal,6,,1,1,0,0,0,0,,0,alta,alta,api_football_events
1489374,2026-06-14,World Cup 2026,5530,Curaçao,25,Germany,309763,L. Comenencia,,,Goal,Normal Goal,21,,1,0,0,0,0,0,,0,alta,alta,api_football_events
1489374,2026-06-14,World Cup 2026,25,Germany,5530,Curaçao,26243,N. Schlotterbeck,280074,N. Brown,Goal,Normal Goal,38,,1,1,0,0,0,0,,0,alta,alta,api_football_events
1489374,2026-06-14,World Cup 2026,25,Germany,5530,Curaçao,978,K. Havertz,,,Goal,Penalty,45,,1,0,1,0,0,0,,0,alta,alta,api_football_events
1489374,2026-06-14,World Cup 2026,5530,Curaçao,25,Germany,161884,S. Hansen,,,subst,Substitution 1,46,,0,0,0,0,0,0,,1,alta,alta,api_football_events
1489374,2026-06-14,World Cup 2026,25,Germany,5530,Curaçao,181812,J. Musiala,502,J. Kimmich,Goal,Normal Goal,47,,1,1,0,0,0,0,,0,alta,alta,api_football_events
1489374,2026-06-14,World Cup 2026,25,Germany,5530,Curaçao,181812,J. Musiala,,,subst,Substitution 1,64,,0,0,0,0,0,0,,1,alta,alta,api_football_events
1489374,2026-06-14,World Cup 2026,5530,Curaçao,25,Germany,18981,J. Locadia,,,subst,Substitution 2,65,,0,0,0,0,0,0,,1,alta,alta,api_football_events
1489374,2026-06-14,World Cup 2026,25,Germany,5530,Curaçao,280074,N. Brown,26475,D. Undav,Goal,Normal Goal,68,,1,1,0,0,0,0,,0,alta,alta,api_football_events
1489374,2026-06-14,World Cup 2026,25,Germany,5530,Curaçao,637,F. Nmecha,,,subst,Substitution 2,73,,0,0,0,0,0,0,,1,alta,alta,api_football_events
1489374,2026-06-14,World Cup 2026,25,Germany,5530,Curaçao,972,J. Tah,,,subst,Substitution 3,73,,0,0,0,0,0,0,,1,alta,alta,api_football_events
1489374,2026-06-14,World Cup 2026,25,Germany,5530,Curaçao,280074,N. Brown,,,subst,Substitution 4,73,,0,0,0,0,0,0,,1,alta,alta,api_football_events
1489374,2026-06-14,World Cup 2026,25,Germany,5530,Curaçao,26475,D. Undav,502,J. Kimmich,Goal,Normal Goal,78,,1,1,0,0,0,0,,0,alta,alta,api_football_events
1489374,2026-06-14,World Cup 2026,25,Germany,5530,Curaçao,502,J. Kimmich,,,subst,Substitution 5,83,,0,0,0,0,0,0,,1,alta,alta,api_football_events
1489374,2026-06-14,World Cup 2026,5530,Curaçao,25,Germany,906,T. Chong,,,subst,Substitution 3,83,,0,0,0,0,0,0,,1,alta,alta,api_football_events
1489374,2026-06-14,World Cup 2026,25,Germany,5530,Curaçao,978,K. Havertz,26475,D. Undav,Goal,Normal Goal,88,,1,1,0,0,0,0,,0,alta,alta,api_football_events
1489376,2026-06-14,World Cup 2026,1118,Netherlands,12,Japan,290,V. van Dijk,542,R. Gravenberch,Goal,Normal Goal,51,,1,1,0,0,0,0,,0,alta,alta,api_football_events
1489376,2026-06-14,World Cup 2026,12,Japan,1118,Netherlands,33321,K. Nakamura,32862,T. Kubo,Goal,Normal Goal,57,,1,1,0,0,0,0,,0,alta,alta,api_football_events
1489376,2026-06-14,World Cup 2026,1118,Netherlands,12,Japan,37724,Crysencio Summerville,,,Card,Yellow Card,61,,0,0,0,0,0,1,Yellow Card,0,alta,alta,api_football_events
1489376,2026-06-14,World Cup 2026,1118,Netherlands,12,Japan,37724,C. Summerville,542,R. Gravenberch,Goal,Normal Goal,64,,1,1,0,0,0,0,,0,alta,alta,api_football_events
1489376,2026-06-14,World Cup 2026,12,Japan,1118,Netherlands,33224,D. Maeda,,,subst,Substitution 1,66,,0,0,0,0,0,0,,1,alta,alta,api_football_events
1489376,2026-06-14,World Cup 2026,1118,Netherlands,12,Japan,249,D. Malen,,,subst,Substitution 1,70,,0,0,0,0,0,0,,1,alta,alta,api_football_events
1489376,2026-06-14,World Cup 2026,1118,Netherlands,12,Japan,36902,T. Reijnders,,,subst,Substitution 2,70,,0,0,0,0,0,0,,1,alta,alta,api_football_events
1489376,2026-06-14,World Cup 2026,1118,Netherlands,12,Japan,37724,C. Summerville,,,subst,Substitution 3,70,,0,0,0,0,0,0,,1,alta,alta,api_football_events
1489376,2026-06-14,World Cup 2026,12,Japan,1118,Netherlands,32858,T. Watanabe,,,subst,Substitution 2,75,,0,0,0,0,0,0,,1,alta,alta,api_football_events
1489376,2026-06-14,World Cup 2026,12,Japan,1118,Netherlands,2598,R. Doan,,,subst,Substitution 3,75,,0,0,0,0,0,0,,1,alta,alta,api_football_events
1489376,2026-06-14,World Cup 2026,12,Japan,1118,Netherlands,32862,T. Kubo,,,subst,Substitution 4,75,,0,0,0,0,0,0,,1,alta,alta,api_football_events
1489376,2026-06-14,World Cup 2026,1118,Netherlands,12,Japan,542,R. Gravenberch,,,subst,Substitution 4,81,,0,0,0,0,0,0,,1,alta,alta,api_football_events
1489376,2026-06-14,World Cup 2026,1118,Netherlands,12,Japan,667,Memphis Depay,,,Card,Yellow Card,83,,0,0,0,0,0,1,Yellow Card,0,alta,alta,api_football_events
1489376,2026-06-14,World Cup 2026,12,Japan,1118,Netherlands,72155,A. Ueda,,,subst,Substitution 5,84,,0,0,0,0,0,0,,1,alta,alta,api_football_events
1489376,2026-06-14,World Cup 2026,1118,Netherlands,12,Japan,247,C. Gakpo,,,subst,Substitution 5,85,,0,0,0,0,0,0,,1,alta,alta,api_football_events
1489376,2026-06-14,World Cup 2026,12,Japan,1118,Netherlands,2601,D. Kamada,33289,K. Ogawa,Goal,Normal Goal,89,,1,1,0,0,0,0,,0,alta,alta,api_football_events
1489376,2026-06-14,World Cup 2026,1118,Netherlands,12,Japan,152849,Micky van de Ven,,,Card,Yellow Card,90,1,0,0,0,0,0,1,Yellow Card,0,alta,alta,api_football_events
1489375,2026-06-14,World Cup 2026,1501,Ivory Coast,2382,Ecuador,30807,Seko Fofana,,,Card,Yellow Card,28,,0,0,0,0,0,1,Yellow Card,0,alta,alta,api_football_events
1489375,2026-06-14,World Cup 2026,1501,Ivory Coast,2382,Ecuador,1642,Franck Kessié,,,Card,Yellow Card,38,,0,0,0,0,0,1,Yellow Card,0,alta,alta,api_football_events
1489375,2026-06-14,World Cup 2026,1501,Ivory Coast,2382,Ecuador,161747,Guéla Doué,,,Card,Yellow Card,40,,0,0,0,0,0,1,Yellow Card,0,alta,alta,api_football_events
1489375,2026-06-14,World Cup 2026,1501,Ivory Coast,2382,Ecuador,387643,B. Toure,,,subst,Substitution 1,56,,0,0,0,0,0,0,,1,alta,alta,api_football_events
1489375,2026-06-14,World Cup 2026,1501,Ivory Coast,2382,Ecuador,162707,E. Wahi,,,subst,Substitution 2,56,,0,0,0,0,0,0,,1,alta,alta,api_football_events
1489375,2026-06-14,World Cup 2026,2382,Ecuador,1501,Ivory Coast,280695,A. Minda,,,subst,Substitution 1,56,,0,0,0,0,0,0,,1,alta,alta,api_football_events
1489375,2026-06-14,World Cup 2026,2382,Ecuador,1501,Ivory Coast,25414,J. Yeboah,,,subst,Substitution 2,62,,0,0,0,0,0,0,,1,alta,alta,api_football_events
1489375,2026-06-14,World Cup 2026,2382,Ecuador,1501,Ivory Coast,16360,A. Franco,,,subst,Substitution 3,62,,0,0,0,0,0,0,,1,alta,alta,api_football_events
1489375,2026-06-14,World Cup 2026,2382,Ecuador,1501,Ivory Coast,2575,Jackson Porozo,,,Card,Yellow Card,73,,0,0,0,0,0,1,Yellow Card,0,alta,alta,api_football_events
1489375,2026-06-14,World Cup 2026,1501,Ivory Coast,2382,Ecuador,30807,S. Fofana,,,subst,Substitution 3,77,,0,0,0,0,0,0,,1,alta,alta,api_football_events
1489375,2026-06-14,World Cup 2026,1501,Ivory Coast,2382,Ecuador,3246,N. Pepe,,,subst,Substitution 4,77,,0,0,0,0,0,0,,1,alta,alta,api_football_events
1489375,2026-06-14,World Cup 2026,2382,Ecuador,1501,Ivory Coast,35533,E. Valencia,,,subst,Substitution 4,77,,0,0,0,0,0,0,,1,alta,alta,api_football_events
1489375,2026-06-14,World Cup 2026,1501,Ivory Coast,2382,Ecuador,161747,G. Doue,,,subst,Substitution 5,89,,0,0,0,0,0,0,,1,alta,alta,api_football_events
1489375,2026-06-14,World Cup 2026,1501,Ivory Coast,2382,Ecuador,157997,A. Diallo,30504,W. Singo,Goal,Normal Goal,90,,1,1,0,0,0,0,,0,alta,alta,api_football_events
1539002,2026-06-15,World Cup 2026,5,Sweden,28,Tunisia,265820,Y. Ayari,,,Goal,Normal Goal,7,,1,0,0,0,0,0,,0,alta,alta,api_football_events
1539002,2026-06-15,World Cup 2026,5,Sweden,28,Tunisia,2864,A. Isak,18979,V. Gyokeres,Goal,Normal Goal,30,,1,1,0,0,0,0,,0,alta,alta,api_football_events
1539002,2026-06-15,World Cup 2026,28,Tunisia,5,Sweden,163068,O. Rekik,180560,H. Mejbri,Goal,Normal Goal,43,,1,1,0,0,0,0,,0,alta,alta,api_football_events
1539002,2026-06-15,World Cup 2026,28,Tunisia,5,Sweden,25300,Rani Khedira,,,Card,Yellow Card,54,,0,0,0,0,0,1,Yellow Card,0,alta,alta,api_football_events
1539002,2026-06-15,World Cup 2026,5,Sweden,28,Tunisia,18979,V. Gyokeres,2864,A. Isak,Goal,Normal Goal,59,,1,1,0,0,0,0,,0,alta,alta,api_football_events
1539002,2026-06-15,World Cup 2026,5,Sweden,28,Tunisia,47969,G. Gudmundsson,,,subst,Substitution 1,65,,0,0,0,0,0,0,,1,alta,alta,api_football_events
1539002,2026-06-15,World Cup 2026,5,Sweden,28,Tunisia,48002,B. Nygren,,,subst,Substitution 2,65,,0,0,0,0,0,0,,1,alta,alta,api_football_events
1539002,2026-06-15,World Cup 2026,28,Tunisia,5,Sweden,323974,E. Saad,,,subst,Substitution 1,72,,0,0,0,0,0,0,,1,alta,alta,api_football_events
1539002,2026-06-15,World Cup 2026,28,Tunisia,5,Sweden,21587,E. Skhiri,,,subst,Substitution 2,72,,0,0,0,0,0,0,,1,alta,alta,api_football_events
1539002,2026-06-15,World Cup 2026,28,Tunisia,5,Sweden,18942,Y. Valery,,,subst,Substitution 3,72,,0,0,0,0,0,0,,1,alta,alta,api_football_events
1539002,2026-06-15,World Cup 2026,28,Tunisia,5,Sweden,25300,R. Khedira,,,subst,Substitution 4,83,,0,0,0,0,0,0,,1,alta,alta,api_football_events
1539002,2026-06-15,World Cup 2026,5,Sweden,28,Tunisia,48047,J. Karlstrom,,,subst,Substitution 3,84,,0,0,0,0,0,0,,1,alta,alta,api_football_events
1539002,2026-06-15,World Cup 2026,28,Tunisia,5,Sweden,199310,A. Slimane,,,subst,Substitution 5,84,,0,0,0,0,0,0,,1,alta,alta,api_football_events
1539002,2026-06-15,World Cup 2026,5,Sweden,28,Tunisia,30484,M. Svanberg,2864,A. Isak,Goal,Normal Goal,84,,1,1,0,0,0,0,,0,alta,alta,api_football_events
1539002,2026-06-15,World Cup 2026,5,Sweden,28,Tunisia,30484,Mattias Svanberg,,,Var,Goal confirmed,86,,0,0,0,0,0,0,,0,alta,media,api_football_events
1539002,2026-06-15,World Cup 2026,5,Sweden,28,Tunisia,2864,A. Isak,,,subst,Substitution 4,90,,0,0,0,0,0,0,,1,alta,alta,api_football_events
1539002,2026-06-15,World Cup 2026,5,Sweden,28,Tunisia,47696,A. Bernhardsson,,,subst,Substitution 5,90,1,0,0,0,0,0,0,,1,alta,alta,api_football_events
1539002,2026-06-15,World Cup 2026,5,Sweden,28,Tunisia,265820,Y. Ayari,347316,L. Bergvall,Goal,Normal Goal,90,,1,1,0,0,0,0,,0,alta,alta,api_football_events
1489380,2026-06-15,World Cup 2026,1533,Cape Verde Islands,9,Spain,308689,Sidny Lopes Cabral,,,Card,Yellow Card,16,,0,0,0,0,0,1,Yellow Card,0,alta,alta,api_football_events
1489380,2026-06-15,World Cup 2026,1533,Cape Verde Islands,9,Spain,37436,L. Duarte,,,subst,Substitution 1,61,,0,0,0,0,0,0,,1,alta,alta,api_football_events
1489380,2026-06-15,World Cup 2026,1533,Cape Verde Islands,9,Spain,343287,D. Livramento,,,subst,Substitution 2,61,,0,0,0,0,0,0,,1,alta,alta,api_football_events
1489380,2026-06-15,World Cup 2026,1533,Cape Verde Islands,9,Spain,1494,J. Cabral,,,subst,Substitution 3,61,,0,0,0,0,0,0,,1,alta,alta,api_football_events
1489380,2026-06-15,World Cup 2026,9,Spain,1533,Cape Verde Islands,296667,Gavi,,,subst,Substitution 1,71,,0,0,0,0,0,0,,1,alta,alta,api_football_events
1489380,2026-06-15,World Cup 2026,9,Spain,1533,Cape Verde Islands,328,F. Ruiz,,,subst,Substitution 2,71,,0,0,0,0,0,0,,1,alta,alta,api_football_events
1489380,2026-06-15,World Cup 2026,1533,Cape Verde Islands,9,Spain,308689,S. Lopes Cabral,,,subst,Substitution 4,76,,0,0,0,0,0,0,,1,alta,alta,api_football_events
1489380,2026-06-15,World Cup 2026,1533,Cape Verde Islands,9,Spain,50745,J. Monteiro,,,subst,Substitution 5,79,,0,0,0,0,0,0,,1,alta,alta,api_football_events
1489380,2026-06-15,World Cup 2026,9,Spain,1533,Cape Verde Islands,931,F. Torres,,,subst,Substitution 3,81,,0,0,0,0,0,0,,1,alta,alta,api_football_events
1489380,2026-06-15,World Cup 2026,9,Spain,1533,Cape Verde Islands,44,Rodri,,,subst,Substitution 4,87,,0,0,0,0,0,0,,1,alta,alta,api_football_events
1489380,2026-06-15,World Cup 2026,9,Spain,1533,Cape Verde Islands,133609,Pedri,,,Card,Yellow Card,90,3,0,0,0,0,0,1,Yellow Card,0,alta,alta,api_football_events
1489377,2026-06-15,World Cup 2026,32,Egypt,1,Belgium,190575,Marwan Attia,,,Card,Yellow Card,13,,0,0,0,0,0,1,Yellow Card,0,alta,alta,api_football_events
1489377,2026-06-15,World Cup 2026,1,Belgium,32,Egypt,2920,Timothy Castagne,,,Card,Yellow Card,14,,0,0,0,0,0,1,Yellow Card,0,alta,alta,api_football_events
1489377,2026-06-15,World Cup 2026,32,Egypt,1,Belgium,17269,E. Ashour,306,M. Salah,Goal,Normal Goal,20,,1,1,0,0,0,0,,0,alta,alta,api_football_events
1489377,2026-06-15,World Cup 2026,32,Egypt,1,Belgium,2649,Ahmed Fatouh,,,Card,Yellow Card,34,,0,0,0,0,0,1,Yellow Card,0,alta,alta,api_football_events
1489377,2026-06-15,World Cup 2026,1,Belgium,32,Egypt,2920,T. Castagne,,,subst,Substitution 1,56,,0,0,0,0,0,0,,1,alta,alta,api_football_events
1489377,2026-06-15,World Cup 2026,1,Belgium,32,Egypt,162714,A. Onana,,,subst,Substitution 2,56,,0,0,0,0,0,0,,1,alta,alta,api_football_events
1489377,2026-06-15,World Cup 2026,1,Belgium,32,Egypt,147859,C. De Ketelaere,,,subst,Substitution 3,66,,0,0,0,0,0,0,,1,alta,alta,api_football_events
1489377,2026-06-15,World Cup 2026,1,Belgium,32,Egypt,2654,M. Hany,,,Goal,Own Goal,66,,0,0,0,0,1,0,,0,alta,alta,api_football_events
1489377,2026-06-15,World Cup 2026,32,Egypt,1,Belgium,17269,E. Ashour,,,subst,Substitution 1,71,,0,0,0,0,0,0,,1,alta,alta,api_football_events
1489377,2026-06-15,World Cup 2026,1,Belgium,32,Egypt,162007,Maxim De Cuyper,,,Card,Yellow Card,75,,0,0,0,0,0,1,Yellow Card,0,alta,alta,api_football_events
1489377,2026-06-15,World Cup 2026,32,Egypt,1,Belgium,306,M. Salah,,,subst,Substitution 2,76,,0,0,0,0,0,0,,1,alta,alta,api_football_events
1489377,2026-06-15,World Cup 2026,32,Egypt,1,Belgium,395075,M. Ziko,,,subst,Substitution 3,76,,0,0,0,0,0,0,,1,alta,alta,api_football_events
1489377,2026-06-15,World Cup 2026,1,Belgium,32,Egypt,629,K. De Bruyne,,,subst,Substitution 4,86,,0,0,0,0,0,0,,1,alta,alta,api_football_events
1489377,2026-06-15,World Cup 2026,1,Belgium,32,Egypt,1422,J. Doku,,,subst,Substitution 5,86,,0,0,0,0,0,0,,1,alta,alta,api_football_events
1489377,2026-06-15,World Cup 2026,32,Egypt,1,Belgium,16813,H. Fathy,,,subst,Substitution 4,88,,0,0,0,0,0,0,,1,alta,alta,api_football_events
1489377,2026-06-15,World Cup 2026,32,Egypt,1,Belgium,2649,A. Fatouh,,,subst,Substitution 5,88,,0,0,0,0,0,0,,1,alta,alta,api_football_events
1489379,2026-06-15,World Cup 2026,23,Saudi Arabia,7,Uruguay,44475,A. Al Amri,,,Goal,Normal Goal,41,,1,0,0,0,0,0,,0,alta,alta,api_football_events
1489379,2026-06-15,World Cup 2026,23,Saudi Arabia,7,Uruguay,44475,Abdulelah Al-Amri,,,Card,Yellow Card,44,,0,0,0,0,0,1,Yellow Card,0,alta,alta,api_football_events
1489379,2026-06-15,World Cup 2026,7,Uruguay,23,Saudi Arabia,51617,D. Nunez,,,subst,Substitution 1,46,,0,0,0,0,0,0,,1,alta,alta,api_football_events
1489379,2026-06-15,World Cup 2026,7,Uruguay,23,Saudi Arabia,51572,M. Vina,,,subst,Substitution 2,46,,0,0,0,0,0,0,,1,alta,alta,api_football_events
1489379,2026-06-15,World Cup 2026,23,Saudi Arabia,7,Uruguay,306380,M. Al Juwayr,,,subst,Substitution 1,63,,0,0,0,0,0,0,,1,alta,alta,api_football_events
1489379,2026-06-15,World Cup 2026,7,Uruguay,23,Saudi Arabia,51494,M. Ugarte,,,subst,Substitution 3,72,,0,0,0,0,0,0,,1,alta,alta,api_football_events
1489379,2026-06-15,World Cup 2026,7,Uruguay,23,Saudi Arabia,51776,M. Araujo,,,Goal,Normal Goal,80,,1,0,0,0,0,0,,0,alta,alta,api_football_events
1489379,2026-06-15,World Cup 2026,23,Saudi Arabia,7,Uruguay,403087,M. Abu Al Shamat,,,subst,Substitution 2,81,,0,0,0,0,0,0,,1,alta,alta,api_football_events
1489379,2026-06-15,World Cup 2026,7,Uruguay,23,Saudi Arabia,51776,M. Araujo,,,subst,Substitution 4,81,,0,0,0,0,0,0,,1,alta,alta,api_football_events
1489379,2026-06-15,World Cup 2026,23,Saudi Arabia,7,Uruguay,44594,S. Abdulhamid,,,subst,Substitution 3,90,3,0,0,0,0,0,0,,1,alta,alta,api_football_events
1489379,2026-06-15,World Cup 2026,23,Saudi Arabia,7,Uruguay,202381,M. Al Harbi,,,subst,Substitution 4,90,3,0,0,0,0,0,0,,1,alta,alta,api_football_events
1489379,2026-06-15,World Cup 2026,23,Saudi Arabia,7,Uruguay,44324,F. Al Buraikan,,,subst,Substitution 5,90,3,0,0,0,0,0,0,,1,alta,alta,api_football_events
1489379,2026-06-15,World Cup 2026,7,Uruguay,23,Saudi Arabia,51530,F. Vinas,,,subst,Substitution 5,90,,0,0,0,0,0,0,,1,alta,alta,api_football_events
1489378,2026-06-16,World Cup 2026,4673,New Zealand,22,Iran,94333,E. Just,18931,C. Wood,Goal,Normal Goal,7,,1,1,0,0,0,0,,0,alta,alta,api_football_events
1489378,2026-06-16,World Cup 2026,22,Iran,4673,New Zealand,2691,R. Rezaeian,,,Goal,Normal Goal,32,,1,0,0,0,0,0,,0,alta,alta,api_football_events
1489378,2026-06-16,World Cup 2026,22,Iran,4673,New Zealand,343405,A. Yousefi,,,subst,Substitution 1,46,,0,0,0,0,0,0,,1,alta,alta,api_football_events
1489378,2026-06-16,World Cup 2026,22,Iran,4673,New Zealand,89982,S. Moghanlou,,,subst,Substitution 2,53,,0,0,0,0,0,0,,1,alta,alta,api_football_events
1489378,2026-06-16,World Cup 2026,4673,New Zealand,22,Iran,94333,E. Just,18931,C. Wood,Goal,Normal Goal,54,,1,1,0,0,0,0,,0,alta,alta,api_football_events
1489378,2026-06-16,World Cup 2026,22,Iran,4673,New Zealand,134217,M. Mohebi,2691,R. Rezaeian,Goal,Normal Goal,64,,1,1,0,0,0,0,,0,alta,alta,api_football_events
1489378,2026-06-16,World Cup 2026,22,Iran,4673,New Zealand,2699,S. Ghoddos,,,subst,Substitution 3,65,,0,0,0,0,0,0,,1,alta,alta,api_football_events
1489378,2026-06-16,World Cup 2026,4673,New Zealand,22,Iran,94322,C. McCowatt,,,subst,Substitution 1,68,,0,0,0,0,0,0,,1,alta,alta,api_football_events
1489378,2026-06-16,World Cup 2026,4673,New Zealand,22,Iran,6931,L. Cacace,,,subst,Substitution 2,68,,0,0,0,0,0,0,,1,alta,alta,api_football_events
1489378,2026-06-16,World Cup 2026,4673,New Zealand,22,Iran,94346,T. Payne,,,subst,Substitution 3,78,,0,0,0,0,0,0,,1,alta,alta,api_football_events
1489378,2026-06-16,World Cup 2026,22,Iran,4673,New Zealand,42315,M. Taremi,,,subst,Substitution 4,80,,0,0,0,0,0,0,,1,alta,alta,api_football_events
1489378,2026-06-16,World Cup 2026,22,Iran,4673,New Zealand,2685,Ehsan Hajsafi,,,Card,Yellow Card,89,,0,0,0,0,0,1,Yellow Card,0,alta,alta,api_football_events
1489378,2026-06-16,World Cup 2026,4673,New Zealand,22,Iran,6935,S. Singh,,,subst,Substitution 4,90,2,0,0,0,0,0,0,,1,alta,alta,api_football_events
1489378,2026-06-16,World Cup 2026,4673,New Zealand,22,Iran,179862,M. Stamenic,,,subst,Substitution 5,90,2,0,0,0,0,0,0,,1,alta,alta,api_football_events
1489383,2026-06-16,World Cup 2026,2,France,13,Senegal,278,Kylian Mbappé,,,Var,Penalty cancelled,60,,0,0,0,0,0,0,,0,alta,media,api_football_events
1489383,2026-06-16,World Cup 2026,2,France,13,Senegal,278,K. Mbappe,19617,M. Olise,Goal,Normal Goal,66,,1,1,0,0,0,0,,0,alta,alta,api_football_events
1489383,2026-06-16,World Cup 2026,13,Senegal,2,France,2218,I. Sarr,,,subst,Substitution 1,75,,0,0,0,0,0,0,,1,alta,alta,api_football_events
1489383,2026-06-16,World Cup 2026,13,Senegal,2,France,374058,L. Camara,,,subst,Substitution 2,76,,0,0,0,0,0,0,,1,alta,alta,api_football_events
1489383,2026-06-16,World Cup 2026,2,France,13,Senegal,153,O. Dembele,,,subst,Substitution 1,80,,0,0,0,0,0,0,,1,alta,alta,api_football_events
1489383,2026-06-16,World Cup 2026,2,France,13,Senegal,161904,B. Barcola,272,A. Rabiot,Goal,Normal Goal,82,,1,1,0,0,0,0,,0,alta,alta,api_football_events
1489383,2026-06-16,World Cup 2026,13,Senegal,2,France,283058,N. Jackson,,,subst,Substitution 3,83,,0,0,0,0,0,0,,1,alta,alta,api_football_events
1489383,2026-06-16,World Cup 2026,13,Senegal,2,France,20696,P. Gueye,,,subst,Substitution 4,83,,0,0,0,0,0,0,,1,alta,alta,api_football_events
1489383,2026-06-16,World Cup 2026,2,France,13,Senegal,343027,D. Doue,,,subst,Substitution 2,87,,0,0,0,0,0,0,,1,alta,alta,api_football_events
1489383,2026-06-16,World Cup 2026,13,Senegal,2,France,2990,I. Gueye,,,subst,Substitution 5,88,,0,0,0,0,0,0,,1,alta,alta,api_football_events
1489383,2026-06-16,World Cup 2026,13,Senegal,2,France,446249,I. Mbaye,18592,I. Ndiaye,Goal,Normal Goal,90,,1,1,0,0,0,0,,0,alta,alta,api_football_events
1489383,2026-06-16,World Cup 2026,2,France,13,Senegal,278,K. Mbappe,,,Goal,Normal Goal,90,,1,0,0,0,0,0,,0,alta,alta,api_football_events
1539016,2026-06-16,World Cup 2026,1090,Norway,1567,Iraq,1100,E. Haaland,265782,D. Wolfe,Goal,Normal Goal,29,,1,1,0,0,0,0,,0,alta,alta,api_football_events
1539016,2026-06-16,World Cup 2026,1567,Iraq,1090,Norway,49451,A. Hussein,47792,A. Al Ammari,Goal,Normal Goal,39,,1,1,0,0,0,0,,0,alta,alta,api_football_events
1539016,2026-06-16,World Cup 2026,1090,Norway,1567,Iraq,1100,E. Haaland,,,Goal,Normal Goal,43,,1,0,0,0,0,0,,0,alta,alta,api_football_events
1539016,2026-06-16,World Cup 2026,1567,Iraq,1090,Norway,626479,Z. Ismaeel,,,subst,Substitution 1,59,,0,0,0,0,0,0,,1,alta,alta,api_football_events
1539016,2026-06-16,World Cup 2026,1567,Iraq,1090,Norway,299813,A. Al Hamadi,,,subst,Substitution 2,59,,0,0,0,0,0,0,,1,alta,alta,api_football_events
1539016,2026-06-16,World Cup 2026,1567,Iraq,1090,Norway,542644,A. Jasim,,,subst,Substitution 3,73,,0,0,0,0,0,0,,1,alta,alta,api_football_events
1539016,2026-06-16,World Cup 2026,1567,Iraq,1090,Norway,145465,H. Ali,,,subst,Substitution 4,73,,0,0,0,0,0,0,,1,alta,alta,api_football_events
1539016,2026-06-16,World Cup 2026,1090,Norway,1567,Iraq,8492,A. Sorloth,,,subst,Substitution 1,73,,0,0,0,0,0,0,,1,alta,alta,api_football_events
1539016,2026-06-16,World Cup 2026,1090,Norway,1567,Iraq,265782,D. Wolfe,,,subst,Substitution 2,73,,0,0,0,0,0,0,,1,alta,alta,api_football_events
1539016,2026-06-16,World Cup 2026,1090,Norway,1567,Iraq,39043,F. Aursnes,,,subst,Substitution 3,73,,0,0,0,0,0,0,,1,alta,alta,api_football_events
1539016,2026-06-16,World Cup 2026,1090,Norway,1567,Iraq,314511,A. Nusa,,,subst,Substitution 4,73,,0,0,0,0,0,0,,1,alta,alta,api_football_events
1539016,2026-06-16,World Cup 2026,1090,Norway,1567,Iraq,18967,L. Ostigard,37127,M. Odegaard,Goal,Normal Goal,76,,1,1,0,0,0,0,,0,alta,alta,api_football_events
1539016,2026-06-16,World Cup 2026,1567,Iraq,1090,Norway,140747,I. Bayesh,,,subst,Substitution 5,78,,0,0,0,0,0,0,,1,alta,alta,api_football_events
1539016,2026-06-16,World Cup 2026,1090,Norway,1567,Iraq,37127,M. Odegaard,,,subst,Substitution 5,81,,0,0,0,0,0,0,,1,alta,alta,api_football_events
1539016,2026-06-16,World Cup 2026,1567,Iraq,1090,Norway,296373,Zaid Tahseen,,,Card,Yellow Card,86,,0,0,0,0,0,1,Yellow Card,0,alta,alta,api_football_events
1539016,2026-06-16,World Cup 2026,1090,Norway,1567,Iraq,49451,A. Hussein,,,Goal,Own Goal,90,,0,0,0,0,1,0,,0,alta,alta,api_football_events
1489381,2026-06-17,World Cup 2026,1532,Algeria,26,Argentina,276670,Farès Chaïbi,,,Var,Goal cancelled,9,,0,0,0,0,0,0,,0,alta,media,api_football_events
1489381,2026-06-17,World Cup 2026,26,Argentina,1532,Algeria,154,L. Messi,2472,R. de Paul,Goal,Normal Goal,17,,1,1,0,0,0,0,,0,alta,alta,api_football_events
1489381,2026-06-17,World Cup 2026,26,Argentina,1532,Algeria,2468,G. Montiel,,,subst,Substitution 1,46,,0,0,0,0,0,0,,1,alta,alta,api_football_events
1489381,2026-06-17,World Cup 2026,26,Argentina,1532,Algeria,6067,T. Almada,,,subst,Substitution 2,55,,0,0,0,0,0,0,,1,alta,alta,api_football_events
1489381,2026-06-17,World Cup 2026,26,Argentina,1532,Algeria,217,L. Martinez,,,subst,Substitution 3,55,,0,0,0,0,0,0,,1,alta,alta,api_football_events
1489381,2026-06-17,World Cup 2026,26,Argentina,1532,Algeria,154,L. Messi,,,Goal,Normal Goal,60,,1,0,0,0,0,0,,0,alta,alta,api_football_events
1489381,2026-06-17,World Cup 2026,1532,Algeria,26,Argentina,326067,A. Hadj Moussa,,,subst,Substitution 1,64,,0,0,0,0,0,0,,1,alta,alta,api_football_events
1489381,2026-06-17,World Cup 2026,1532,Algeria,26,Argentina,4399,H. Boudaoui,,,subst,Substitution 2,64,,0,0,0,0,0,0,,1,alta,alta,api_football_events
1489381,2026-06-17,World Cup 2026,1532,Algeria,26,Argentina,85041,A. Gouiri,,,subst,Substitution 3,64,,0,0,0,0,0,0,,1,alta,alta,api_football_events
1489381,2026-06-17,World Cup 2026,26,Argentina,1532,Algeria,154,L. Messi,26315,N. Gonzalez,Goal,Normal Goal,76,,1,1,0,0,0,0,,0,alta,alta,api_football_events
1489381,2026-06-17,World Cup 2026,26,Argentina,1532,Algeria,30776,C. Romero,,,subst,Substitution 4,80,,0,0,0,0,0,0,,1,alta,alta,api_football_events
1489381,2026-06-17,World Cup 2026,26,Argentina,1532,Algeria,154,L. Messi,,,subst,Substitution 5,80,,0,0,0,0,0,0,,1,alta,alta,api_football_events
1489381,2026-06-17,World Cup 2026,1532,Algeria,26,Argentina,380587,I. Maza,,,subst,Substitution 4,81,,0,0,0,0,0,0,,1,alta,alta,api_football_events
1489381,2026-06-17,World Cup 2026,1532,Algeria,26,Argentina,409,N. Bentaleb,,,subst,Substitution 5,82,,0,0,0,0,0,0,,1,alta,alta,api_football_events
1489382,2026-06-17,World Cup 2026,775,Austria,1548,Jordan,7562,R. Schmid,1095,X. Schlager,Goal,Normal Goal,21,,1,1,0,0,0,0,,0,alta,alta,api_football_events
1489382,2026-06-17,World Cup 2026,775,Austria,1548,Jordan,7722,S. Kalajdzic,,,subst,Substitution 1,46,,0,0,0,0,0,0,,1,alta,alta,api_football_events
1489382,2026-06-17,World Cup 2026,1548,Jordan,775,Austria,164026,A. Olwan,140609,N. Al Rawabdeh,Goal,Normal Goal,50,,1,1,0,0,0,0,,0,alta,alta,api_football_events
1489382,2026-06-17,World Cup 2026,775,Austria,1548,Jordan,25915,P. Mwene,,,subst,Substitution 2,59,,0,0,0,0,0,0,,1,alta,alta,api_football_events
1489382,2026-06-17,World Cup 2026,775,Austria,1548,Jordan,505,D. Alaba,,,subst,Substitution 3,59,,0,0,0,0,0,0,,1,alta,alta,api_football_events
1489382,2026-06-17,World Cup 2026,775,Austria,1548,Jordan,1095,X. Schlager,,,subst,Substitution 4,59,,0,0,0,0,0,0,,1,alta,alta,api_football_events
1489382,2026-06-17,World Cup 2026,775,Austria,1548,Jordan,18830,Marko Arnautović,,,Var,Goal cancelled,70,,0,0,0,0,0,0,,0,alta,media,api_football_events
1489382,2026-06-17,World Cup 2026,1548,Jordan,775,Austria,102538,M. Abualnadi,,,subst,Substitution 1,72,,0,0,0,0,0,0,,1,alta,alta,api_football_events
1489382,2026-06-17,World Cup 2026,775,Austria,1548,Jordan,53900,Y. Al Arab,,,Goal,Own Goal,76,,0,0,0,0,1,0,,0,alta,alta,api_football_events
1489382,2026-06-17,World Cup 2026,775,Austria,1548,Jordan,1159,Marcel Sabitzer,,,Card,Yellow Card,77,,0,0,0,0,0,1,Yellow Card,0,alta,alta,api_football_events
1489382,2026-06-17,World Cup 2026,1548,Jordan,775,Austria,310835,A. Nasib,,,subst,Substitution 2,81,,0,0,0,0,0,0,,1,alta,alta,api_football_events
1489382,2026-06-17,World Cup 2026,1548,Jordan,775,Austria,53902,E. Haddad,,,subst,Substitution 3,81,,0,0,0,0,0,0,,1,alta,alta,api_football_events
1489382,2026-06-17,World Cup 2026,775,Austria,1548,Jordan,7562,R. Schmid,,,subst,Substitution 5,83,,0,0,0,0,0,0,,1,alta,alta,api_football_events
1489382,2026-06-17,World Cup 2026,1548,Jordan,775,Austria,15286,M. Tamari,,,subst,Substitution 4,88,,0,0,0,0,0,0,,1,alta,alta,api_football_events
1489382,2026-06-17,World Cup 2026,1548,Jordan,775,Austria,568556,O. Al Fakhouri,,,subst,Substitution 5,89,,0,0,0,0,0,0,,1,alta,alta,api_football_events
1489382,2026-06-17,World Cup 2026,775,Austria,1548,Jordan,18830,Marko Arnautović,,,Var,Penalty confirmed,90,10,0,0,0,0,0,0,,0,alta,media,api_football_events
1489382,2026-06-17,World Cup 2026,775,Austria,1548,Jordan,18830,M. Arnautovic,,,Goal,Penalty,90,,1,0,1,0,0,0,,0,alta,alta,api_football_events
1489384,2026-06-17,World Cup 2026,10,England,3,Croatia,184,H. Kane,,,Goal,Penalty,12,,1,0,1,0,0,0,,0,alta,alta,api_football_events
1489384,2026-06-17,World Cup 2026,3,Croatia,10,England,295026,M. Baturina,348205,P. Sucic,Goal,Normal Goal,36,,1,1,0,0,0,0,,0,alta,alta,api_football_events
1489384,2026-06-17,World Cup 2026,10,England,3,Croatia,184,H. Kane,2937,D. Rice,Goal,Normal Goal,42,,1,1,0,0,0,0,,0,alta,alta,api_football_events
1489384,2026-06-17,World Cup 2026,3,Croatia,10,England,66055,P. Musa,207,I. Perisic,Goal,Normal Goal,45,,1,1,0,0,0,0,,0,alta,alta,api_football_events
1489384,2026-06-17,World Cup 2026,10,England,3,Croatia,129718,J. Bellingham,138908,E. Anderson,Goal,Normal Goal,47,,1,1,0,0,0,0,,0,alta,alta,api_football_events
1489384,2026-06-17,World Cup 2026,3,Croatia,10,England,754,L. Modric,,,subst,Substitution 1,58,,0,0,0,0,0,0,,1,alta,alta,api_football_events
1489384,2026-06-17,World Cup 2026,3,Croatia,10,England,387521,L. Vuskovic,,,subst,Substitution 2,66,,0,0,0,0,0,0,,1,alta,alta,api_football_events
1489384,2026-06-17,World Cup 2026,3,Croatia,10,England,66055,P. Musa,,,subst,Substitution 3,66,,0,0,0,0,0,0,,1,alta,alta,api_football_events
1489384,2026-06-17,World Cup 2026,10,England,3,Croatia,2937,D. Rice,,,subst,Substitution 1,72,,0,0,0,0,0,0,,1,alta,alta,api_football_events
1489384,2026-06-17,World Cup 2026,10,England,3,Croatia,136723,N. Madueke,,,subst,Substitution 2,72,,0,0,0,0,0,0,,1,alta,alta,api_football_events
1489384,2026-06-17,World Cup 2026,10,England,3,Croatia,138787,A. Gordon,,,subst,Substitution 3,72,,0,0,0,0,0,0,,1,alta,alta,api_football_events
1489384,2026-06-17,World Cup 2026,3,Croatia,10,England,2763,M. Pasalic,,,subst,Substitution 4,78,,0,0,0,0,0,0,,1,alta,alta,api_football_events
1489384,2026-06-17,World Cup 2026,3,Croatia,10,England,295026,M. Baturina,,,subst,Substitution 5,78,,0,0,0,0,0,0,,1,alta,alta,api_football_events
1489384,2026-06-17,World Cup 2026,10,England,3,Croatia,129718,J. Bellingham,,,subst,Substitution 4,80,,0,0,0,0,0,0,,1,alta,alta,api_football_events
1489384,2026-06-17,World Cup 2026,10,England,3,Croatia,909,M. Rashford,1460,B. Saka,Goal,Normal Goal,85,,1,1,0,0,0,0,,0,alta,alta,api_football_events
1489384,2026-06-17,World Cup 2026,10,England,3,Croatia,626,J. Stones,,,subst,Substitution 5,87,,0,0,0,0,0,0,,1,alta,alta,api_football_events
1489385,2026-06-17,World Cup 2026,1504,Ghana,11,Panama,475575,Caleb Yirenkyi,,,Card,Yellow Card,16,,0,0,0,0,0,1,Yellow Card,0,alta,alta,api_football_events
1489385,2026-06-17,World Cup 2026,1504,Ghana,11,Panama,3412,L. Ati Zigi,,,subst,Substitution 1,46,,0,0,0,0,0,0,,1,alta,alta,api_football_events
1489385,2026-06-17,World Cup 2026,1504,Ghana,11,Panama,199837,K. Sulemana,,,subst,Substitution 2,58,,0,0,0,0,0,0,,1,alta,alta,api_football_events
1489385,2026-06-17,World Cup 2026,1504,Ghana,11,Panama,350856,E. Nuamah,,,subst,Substitution 3,58,,0,0,0,0,0,0,,1,alta,alta,api_football_events
1489385,2026-06-17,World Cup 2026,11,Panama,1504,Ghana,51648,C. Waterman,,,subst,Substitution 1,63,,0,0,0,0,0,0,,1,alta,alta,api_football_events
1489385,2026-06-17,World Cup 2026,11,Panama,1504,Ghana,554208,C. Martinez,,,subst,Substitution 2,63,,0,0,0,0,0,0,,1,alta,alta,api_football_events
1489385,2026-06-17,World Cup 2026,11,Panama,1504,Ghana,2975,César Blackman,,,Card,Yellow Card,72,,0,0,0,0,0,1,Yellow Card,0,alta,alta,api_football_events
1489385,2026-06-17,World Cup 2026,11,Panama,1504,Ghana,2979,J. Rodriguez,,,subst,Substitution 3,74,,0,0,0,0,0,0,,1,alta,alta,api_football_events
1489385,2026-06-17,World Cup 2026,1504,Ghana,11,Panama,21010,E. Owusu,,,subst,Substitution 4,78,,0,0,0,0,0,0,,1,alta,alta,api_football_events
1489385,2026-06-17,World Cup 2026,1504,Ghana,11,Panama,3428,J. Ayew,,,subst,Substitution 5,87,,0,0,0,0,0,0,,1,alta,alta,api_football_events
1489385,2026-06-17,World Cup 2026,11,Panama,1504,Ghana,71230,Carlos Harvey,,,Card,Yellow Card,90,9,0,0,0,0,0,1,Yellow Card,0,alta,alta,api_football_events
1489385,2026-06-17,World Cup 2026,11,Panama,1504,Ghana,2975,C. Blackman,,,subst,Substitution 4,90,,0,0,0,0,0,0,,1,alta,alta,api_football_events
1489385,2026-06-17,World Cup 2026,1504,Ghana,11,Panama,475575,C. Yirenkyi,82090,B. Thomas-Asante,Goal,Normal Goal,90,,1,1,0,0,0,0,,0,alta,alta,api_football_events
1539003,2026-06-17,World Cup 2026,27,Portugal,1508,Congo DR,335051,J. Neves,1864,P. Neto,Goal,Normal Goal,6,,1,1,0,0,0,0,,0,alta,alta,api_football_events
1539003,2026-06-17,World Cup 2026,27,Portugal,1508,Congo DR,636,Bernardo Silva,,,Card,Yellow Card,13,,0,0,0,0,0,1,Yellow Card,0,alta,alta,api_football_events
1539003,2026-06-17,World Cup 2026,1508,Congo DR,27,Portugal,375,Chancel Mbemba,,,Card,Yellow Card,32,,0,0,0,0,0,1,Yellow Card,0,alta,alta,api_football_events
1539003,2026-06-17,World Cup 2026,1508,Congo DR,27,Portugal,20649,Y. Wissa,18816,A. Masuaku,Goal,Normal Goal,45,,1,1,0,0,0,0,,0,alta,alta,api_football_events
1539003,2026-06-17,World Cup 2026,27,Portugal,1508,Congo DR,636,B. Silva,,,subst,Substitution 1,46,,0,0,0,0,0,0,,1,alta,alta,api_football_events
1539003,2026-06-17,World Cup 2026,1508,Congo DR,27,Portugal,375598,N. Mukau,,,subst,Substitution 1,57,,0,0,0,0,0,0,,1,alta,alta,api_football_events
1539003,2026-06-17,World Cup 2026,27,Portugal,1508,Congo DR,1864,P. Neto,,,subst,Substitution 2,71,,0,0,0,0,0,0,,1,alta,alta,api_football_events
1539003,2026-06-17,World Cup 2026,27,Portugal,1508,Congo DR,263482,N. Mendes,,,subst,Substitution 3,72,,0,0,0,0,0,0,,1,alta,alta,api_football_events
1539003,2026-06-17,World Cup 2026,1508,Congo DR,27,Portugal,18816,A. Masuaku,,,subst,Substitution 2,74,,0,0,0,0,0,0,,1,alta,alta,api_football_events
1539003,2026-06-17,World Cup 2026,1508,Congo DR,27,Portugal,1424,E. Kayembe,,,subst,Substitution 3,74,,0,0,0,0,0,0,,1,alta,alta,api_football_events
1539003,2026-06-17,World Cup 2026,27,Portugal,1508,Congo DR,128384,Vitinha,,,subst,Substitution 4,83,,0,0,0,0,0,0,,1,alta,alta,api_football_events
1539003,2026-06-17,World Cup 2026,1508,Congo DR,27,Portugal,18846,A. Wan-Bissaka,,,subst,Substitution 4,85,,0,0,0,0,0,0,,1,alta,alta,api_football_events
1539003,2026-06-17,World Cup 2026,1508,Congo DR,27,Portugal,3033,C. Bakambu,,,subst,Substitution 5,85,,0,0,0,0,0,0,,1,alta,alta,api_football_events
1539003,2026-06-17,World Cup 2026,27,Portugal,1508,Congo DR,130,Nélson Semedo,,,Card,Yellow Card,88,,0,0,0,0,0,1,Yellow Card,0,alta,alta,api_football_events
1539003,2026-06-17,World Cup 2026,27,Portugal,1508,Congo DR,161939,Tomás Araújo,,,Card,Yellow Card,90,2,0,0,0,0,0,1,Yellow Card,0,alta,alta,api_football_events
1489386,2026-06-18,World Cup 2026,8,Colombia,1568,Uzbekistan,64268,Johan Mojica,,,Card,Yellow Card,7,,0,0,0,0,0,1,Yellow Card,0,alta,alta,api_football_events
1489386,2026-06-18,World Cup 2026,1568,Uzbekistan,8,Colombia,360114,Abdukodir Khusanov,,,Card,Yellow Card,34,,0,0,0,0,0,1,Yellow Card,0,alta,alta,api_football_events
1489386,2026-06-18,World Cup 2026,8,Colombia,1568,Uzbekistan,13736,D. Munoz,2489,L. Diaz,Goal,Normal Goal,40,,1,1,0,0,0,0,,0,alta,alta,api_football_events
1489386,2026-06-18,World Cup 2026,1568,Uzbekistan,8,Colombia,72127,O. Urunov,,,subst,Substitution 1,46,,0,0,0,0,0,0,,1,alta,alta,api_football_events
1489386,2026-06-18,World Cup 2026,1568,Uzbekistan,8,Colombia,73514,S. Nasrullaev,,,subst,Substitution 2,46,,0,0,0,0,0,0,,1,alta,alta,api_football_events
1489386,2026-06-18,World Cup 2026,1568,Uzbekistan,8,Colombia,263676,A. Fayzullaev,,,Goal,Normal Goal,60,,1,0,0,0,0,0,,0,alta,alta,api_football_events
1489386,2026-06-18,World Cup 2026,8,Colombia,1568,Uzbekistan,2489,L. Diaz,324034,G. Puerta,Goal,Normal Goal,65,,1,1,0,0,0,0,,0,alta,alta,api_football_events
1489386,2026-06-18,World Cup 2026,8,Colombia,1568,Uzbekistan,517,J. Rodriguez,,,subst,Substitution 1,72,,0,0,0,0,0,0,,1,alta,alta,api_football_events
1489386,2026-06-18,World Cup 2026,1568,Uzbekistan,8,Colombia,263676,A. Fayzullaev,,,subst,Substitution 3,77,,0,0,0,0,0,0,,1,alta,alta,api_football_events
1489386,2026-06-18,World Cup 2026,1568,Uzbekistan,8,Colombia,34121,R. Ashurmatov,,,subst,Substitution 4,77,,0,0,0,0,0,0,,1,alta,alta,api_football_events
1489386,2026-06-18,World Cup 2026,8,Colombia,1568,Uzbekistan,47237,L. Suarez,,,subst,Substitution 2,80,,0,0,0,0,0,0,,1,alta,alta,api_football_events
1489386,2026-06-18,World Cup 2026,8,Colombia,1568,Uzbekistan,324034,G. Puerta,,,subst,Substitution 3,80,,0,0,0,0,0,0,,1,alta,alta,api_football_events
1489386,2026-06-18,World Cup 2026,1568,Uzbekistan,8,Colombia,53535,E. Shomurodov,,,subst,Substitution 5,90,3,0,0,0,0,0,0,,1,alta,alta,api_football_events
1489386,2026-06-18,World Cup 2026,8,Colombia,1568,Uzbekistan,13708,J. Arias,,,subst,Substitution 4,90,3,0,0,0,0,0,0,,1,alta,alta,api_football_events
1489386,2026-06-18,World Cup 2026,8,Colombia,1568,Uzbekistan,2489,L. Diaz,,,subst,Substitution 5,90,3,0,0,0,0,0,0,,1,alta,alta,api_football_events
1489386,2026-06-18,World Cup 2026,8,Colombia,1568,Uzbekistan,13376,J. Campaz,47582,C. Hernandez,Goal,Normal Goal,90,,1,1,0,0,0,0,,0,alta,alta,api_football_events
1489387,2026-06-18,World Cup 2026,5529,Canada,1569,Qatar,51295,Derek Cornelius,,,Card,Yellow Card,9,,0,0,0,0,0,1,Yellow Card,0,alta,alta,api_football_events
1489387,2026-06-18,World Cup 2026,5529,Canada,1569,Qatar,2001,C. Larin,,,Goal,Normal Goal,16,,1,0,0,0,0,0,,0,alta,alta,api_football_events
1489387,2026-06-18,World Cup 2026,5529,Canada,1569,Qatar,8489,J. David,,,Goal,Normal Goal,29,,1,0,0,0,0,0,,0,alta,alta,api_football_events
1489387,2026-06-18,World Cup 2026,5529,Canada,1569,Qatar,51016,Tajon Buchanan,,,Var,Penalty cancelled,33,,0,0,0,0,0,0,,0,alta,media,api_football_events
1489387,2026-06-18,World Cup 2026,1569,Qatar,5529,Canada,175439,Homam Al-Amin,,,Card,Red Card,33,,0,0,0,0,0,1,Red Card,0,alta,alta,api_football_events
1489387,2026-06-18,World Cup 2026,1569,Qatar,5529,Canada,175439,Homam Al-Amin,,,Var,Card upgrade,33,,0,0,0,0,0,0,,0,alta,media,api_football_events
1489387,2026-06-18,World Cup 2026,5529,Canada,1569,Qatar,,,,,Goal,Normal Goal,33,,1,0,0,0,0,0,,0,alta,alta,api_football_events
1489387,2026-06-18,World Cup 2026,1569,Qatar,5529,Canada,542541,Y. Abdurisag,,,subst,Substitution 1,40,,0,0,0,0,0,0,,1,alta,alta,api_football_events
1489387,2026-06-18,World Cup 2026,5529,Canada,1569,Qatar,8489,J. David,,,Goal,Normal Goal,45,,1,0,0,0,0,0,,0,alta,alta,api_football_events
1489387,2026-06-18,World Cup 2026,5529,Canada,1569,Qatar,51295,D. Cornelius,,,subst,Substitution 1,46,,0,0,0,0,0,0,,1,alta,alta,api_football_events
1489387,2026-06-18,World Cup 2026,1569,Qatar,5529,Canada,42075,Edmilson Junior,,,subst,Substitution 2,46,,0,0,0,0,0,0,,1,alta,alta,api_football_events
1489387,2026-06-18,World Cup 2026,1569,Qatar,5529,Canada,200981,J. Gaber,,,subst,Substitution 3,46,,0,0,0,0,0,0,,1,alta,alta,api_football_events
1489387,2026-06-18,World Cup 2026,1569,Qatar,5529,Canada,2535,Assim Madibo,,,Card,Red Card,53,,0,0,0,0,0,1,Red Card,0,alta,alta,api_football_events
1489387,2026-06-18,World Cup 2026,1569,Qatar,5529,Canada,2535,Assim Madibo,,,Var,Card upgrade,53,,0,0,0,0,0,0,,0,alta,media,api_football_events
1489387,2026-06-18,World Cup 2026,5529,Canada,1569,Qatar,328046,I. Kone,,,subst,Substitution 2,57,,0,0,0,0,0,0,,1,alta,alta,api_football_events
1489387,2026-06-18,World Cup 2026,1569,Qatar,5529,Canada,2544,A. Afif,,,subst,Substitution 4,59,,0,0,0,0,0,0,,1,alta,alta,api_football_events
1489387,2026-06-18,World Cup 2026,1569,Qatar,5529,Canada,2539,Ahmed Fathi,,,Card,Yellow Card,62,,0,0,0,0,0,1,Yellow Card,0,alta,alta,api_football_events
1489387,2026-06-18,World Cup 2026,5529,Canada,1569,Qatar,294824,N. Saliba,,,Goal,Normal Goal,64,,1,0,0,0,0,0,,0,alta,alta,api_football_events
1489387,2026-06-18,World Cup 2026,5529,Canada,1569,Qatar,327738,L. De Fougerolles,,,subst,Substitution 3,71,,0,0,0,0,0,0,,1,alta,alta,api_football_events
1489387,2026-06-18,World Cup 2026,5529,Canada,1569,Qatar,362145,A. Ahmed,,,subst,Substitution 4,71,,0,0,0,0,0,0,,1,alta,alta,api_football_events
1489387,2026-06-18,World Cup 2026,5529,Canada,1569,Qatar,283174,M. Al Mannai,,,Goal,Own Goal,75,,0,0,0,0,1,0,,0,alta,alta,api_football_events
1489387,2026-06-18,World Cup 2026,5529,Canada,1569,Qatar,51016,T. Buchanan,,,subst,Substitution 5,83,,0,0,0,0,0,0,,1,alta,alta,api_football_events
1489387,2026-06-18,World Cup 2026,1569,Qatar,5529,Canada,,,,,subst,Substitution 5,87,,0,0,0,0,0,0,,1,alta,alta,api_football_events
1489387,2026-06-18,World Cup 2026,5529,Canada,1569,Qatar,8489,J. David,294824,N. Saliba,Goal,Normal Goal,90,,1,1,0,0,0,0,,0,alta,alta,api_football_events
1539004,2026-06-18,World Cup 2026,770,Czechia,1531,South Africa,241,M. Sadilek,386837,A. Sojka,Goal,Normal Goal,6,,1,1,0,0,0,0,,0,alta,alta,api_football_events
1539004,2026-06-18,World Cup 2026,1531,South Africa,770,Czechia,3287,Teboho Mokoena,,,Card,Yellow Card,33,,0,0,0,0,0,1,Yellow Card,0,alta,alta,api_football_events
1539004,2026-06-18,World Cup 2026,1531,South Africa,770,Czechia,194430,Thalente Mbatha,,,Card,Yellow Card,40,,0,0,0,0,0,1,Yellow Card,0,alta,alta,api_football_events
1539004,2026-06-18,World Cup 2026,1531,South Africa,770,Czechia,268710,J. Adams,,,subst,Substitution 1,46,,0,0,0,0,0,0,,1,alta,alta,api_football_events
1539004,2026-06-18,World Cup 2026,770,Czechia,1531,South Africa,386837,A. Sojka,,,subst,Substitution 1,55,,0,0,0,0,0,0,,1,alta,alta,api_football_events
1539004,2026-06-18,World Cup 2026,770,Czechia,1531,South Africa,25348,V. Darida,,,subst,Substitution 2,55,,0,0,0,0,0,0,,1,alta,alta,api_football_events
1539004,2026-06-18,World Cup 2026,1531,South Africa,770,Czechia,127429,I. Rayners,,,subst,Substitution 2,66,,0,0,0,0,0,0,,1,alta,alta,api_football_events
1539004,2026-06-18,World Cup 2026,770,Czechia,1531,South Africa,66019,A. Hlozek,,,subst,Substitution 3,67,,0,0,0,0,0,0,,1,alta,alta,api_football_events
1539004,2026-06-18,World Cup 2026,770,Czechia,1531,South Africa,241,M. Sadilek,,,subst,Substitution 4,67,,0,0,0,0,0,0,,1,alta,alta,api_football_events
1539004,2026-06-18,World Cup 2026,770,Czechia,1531,South Africa,66407,Ladislav Krejčí,,,Card,Yellow Card,75,,0,0,0,0,0,1,Yellow Card,0,alta,alta,api_football_events
1539004,2026-06-18,World Cup 2026,770,Czechia,1531,South Africa,162194,L. Cerv,,,subst,Substitution 5,78,,0,0,0,0,0,0,,1,alta,alta,api_football_events
1539004,2026-06-18,World Cup 2026,1531,South Africa,770,Czechia,3287,T. Mokoena,,,Goal,Penalty,83,,1,0,1,0,0,0,,0,alta,alta,api_football_events
1539004,2026-06-18,World Cup 2026,1531,South Africa,770,Czechia,354831,T. Maseko,,,subst,Substitution 3,84,,0,0,0,0,0,0,,1,alta,alta,api_football_events
1539005,2026-06-18,World Cup 2026,1113,Bosnia & Herzegovina,15,Switzerland,7318,Amar Dedić,,,Card,Yellow Card,59,,0,0,0,0,0,1,Yellow Card,0,alta,alta,api_football_events
1539005,2026-06-18,World Cup 2026,1113,Bosnia & Herzegovina,15,Switzerland,790,Edin Džeko,,,Card,Yellow Card,61,,0,0,0,0,0,1,Yellow Card,0,alta,alta,api_football_events
1539005,2026-06-18,World Cup 2026,1113,Bosnia & Herzegovina,15,Switzerland,264094,B. Tahirovic,,,subst,Substitution 1,63,,0,0,0,0,0,0,,1,alta,alta,api_football_events
1539005,2026-06-18,World Cup 2026,1113,Bosnia & Herzegovina,15,Switzerland,790,E. Dzeko,,,subst,Substitution 2,64,,0,0,0,0,0,0,,1,alta,alta,api_football_events
1539005,2026-06-18,World Cup 2026,15,Switzerland,1113,Bosnia & Herzegovina,2803,Nico Elvedi,,,Card,Yellow Card,65,,0,0,0,0,0,1,Yellow Card,0,alta,alta,api_football_events
1539005,2026-06-18,World Cup 2026,15,Switzerland,1113,Bosnia & Herzegovina,951,M. Aebischer,,,subst,Substitution 1,71,,0,0,0,0,0,0,,1,alta,alta,api_football_events
1539005,2026-06-18,World Cup 2026,15,Switzerland,1113,Bosnia & Herzegovina,163032,F. Rieder,,,subst,Substitution 2,71,,0,0,0,0,0,0,,1,alta,alta,api_football_events
1539005,2026-06-18,World Cup 2026,15,Switzerland,1113,Bosnia & Herzegovina,48648,D. Ndoye,,,subst,Substitution 3,71,,0,0,0,0,0,0,,1,alta,alta,api_football_events
1539005,2026-06-18,World Cup 2026,15,Switzerland,1113,Bosnia & Herzegovina,406244,J. Manzambi,,,Goal,Normal Goal,74,,1,0,0,0,0,0,,0,alta,alta,api_football_events
1539005,2026-06-18,World Cup 2026,1113,Bosnia & Herzegovina,15,Switzerland,271350,Tarik Muharemović,,,Card,Red Card,80,,0,0,0,0,0,1,Red Card,0,alta,alta,api_football_events
1539005,2026-06-18,World Cup 2026,15,Switzerland,1113,Bosnia & Herzegovina,48471,R. Vargas,421,B. Embolo,Goal,Normal Goal,84,,1,1,0,0,0,0,,0,alta,alta,api_football_events
1539005,2026-06-18,World Cup 2026,15,Switzerland,1113,Bosnia & Herzegovina,48378,S. Widmer,,,subst,Substitution 4,86,,0,0,0,0,0,0,,1,alta,alta,api_football_events
1539005,2026-06-18,World Cup 2026,1113,Bosnia & Herzegovina,15,Switzerland,46930,E. Demirovic,,,subst,Substitution 3,86,,0,0,0,0,0,0,,1,alta,alta,api_football_events
1539005,2026-06-18,World Cup 2026,1113,Bosnia & Herzegovina,15,Switzerland,1324,I. Sunjic,,,subst,Substitution 4,86,,0,0,0,0,0,0,,1,alta,alta,api_football_events
1539005,2026-06-18,World Cup 2026,15,Switzerland,1113,Bosnia & Herzegovina,421,B. Embolo,,,subst,Substitution 5,89,,0,0,0,0,0,0,,1,alta,alta,api_football_events
1539005,2026-06-18,World Cup 2026,1113,Bosnia & Herzegovina,15,Switzerland,395559,K. Alajbegovic,,,subst,Substitution 5,90,1,0,0,0,0,0,0,,1,alta,alta,api_football_events
1539005,2026-06-18,World Cup 2026,15,Switzerland,1113,Bosnia & Herzegovina,406244,J. Manzambi,48471,R. Vargas,Goal,Normal Goal,90,,1,1,0,0,0,0,,0,alta,alta,api_football_events
1539005,2026-06-18,World Cup 2026,1113,Bosnia & Herzegovina,15,Switzerland,340173,E. Mahmic,,,Goal,Normal Goal,90,,1,0,0,0,0,0,,0,alta,alta,api_football_events
1539005,2026-06-18,World Cup 2026,15,Switzerland,1113,Bosnia & Herzegovina,1464,G. Xhaka,,,Goal,Penalty,90,,1,0,1,0,0,0,,0,alta,alta,api_football_events
1489388,2026-06-19,World Cup 2026,17,South Korea,16,Mexico,927,Kang-in Lee,,,Card,Yellow Card,4,,0,0,0,0,0,1,Yellow Card,0,alta,alta,api_football_events
1489388,2026-06-19,World Cup 2026,16,Mexico,17,South Korea,35970,L. Romo,,,Goal,Normal Goal,50,,1,0,0,0,0,0,,0,alta,alta,api_football_events
1489388,2026-06-19,World Cup 2026,17,South Korea,16,Mexico,2906,Lee Jae-Sung,,,subst,Substitution 1,57,,0,0,0,0,0,0,,1,alta,alta,api_football_events
1489388,2026-06-19,World Cup 2026,17,South Korea,16,Mexico,186,Son Heung-Min,,,subst,Substitution 2,57,,0,0,0,0,0,0,,1,alta,alta,api_football_events
1489388,2026-06-19,World Cup 2026,17,South Korea,16,Mexico,2909,Seung Ho Paik,,,Card,Yellow Card,58,,0,0,0,0,0,1,Yellow Card,0,alta,alta,api_football_events
1489388,2026-06-19,World Cup 2026,16,Mexico,17,South Korea,35970,L. Romo,,,subst,Substitution 1,71,,0,0,0,0,0,0,,1,alta,alta,api_football_events
1489388,2026-06-19,World Cup 2026,16,Mexico,17,South Korea,212233,B. Gutierrez,,,subst,Substitution 2,71,,0,0,0,0,0,0,,1,alta,alta,api_football_events
1489388,2026-06-19,World Cup 2026,17,South Korea,16,Mexico,2912,Kim Moon-Hwan,,,subst,Substitution 3,71,,0,0,0,0,0,0,,1,alta,alta,api_football_events
1489388,2026-06-19,World Cup 2026,17,South Korea,16,Mexico,197985,Seol Young-Woo,,,subst,Substitution 4,71,,0,0,0,0,0,0,,1,alta,alta,api_football_events
1489388,2026-06-19,World Cup 2026,17,South Korea,16,Mexico,2909,Paik Seung-Ho,,,subst,Substitution 5,77,,0,0,0,0,0,0,,1,alta,alta,api_football_events
1489388,2026-06-19,World Cup 2026,16,Mexico,17,South Korea,2879,R. Alvarado,,,subst,Substitution 3,80,,0,0,0,0,0,0,,1,alta,alta,api_football_events
1489388,2026-06-19,World Cup 2026,16,Mexico,17,South Korea,2887,R. Jimenez,,,subst,Substitution 4,80,,0,0,0,0,0,0,,1,alta,alta,api_football_events
1489388,2026-06-19,World Cup 2026,16,Mexico,17,South Korea,35532,J. Quinones,,,subst,Substitution 5,84,,0,0,0,0,0,0,,1,alta,alta,api_football_events
1489391,2026-06-19,World Cup 2026,2384,USA,20,Australia,20457,C. Burgess,,,Goal,Own Goal,11,,0,0,0,0,1,0,,0,alta,alta,api_football_events
1489391,2026-06-19,World Cup 2026,20,Australia,2384,USA,337587,Jordan Bos,,,Card,Yellow Card,16,,0,0,0,0,0,1,Yellow Card,0,alta,alta,api_football_events
1489391,2026-06-19,World Cup 2026,20,Australia,2384,USA,348568,Alessandro Circati,,,Card,Yellow Card,32,,0,0,0,0,0,1,Yellow Card,0,alta,alta,api_football_events
1489391,2026-06-19,World Cup 2026,2384,USA,20,Australia,355994,A. Freeman,,,Goal,Normal Goal,43,,1,0,0,0,0,0,,0,alta,alta,api_football_events
1489391,2026-06-19,World Cup 2026,2384,USA,20,Australia,355994,Alexander Freeman,,,Var,Goal confirmed,45,,0,0,0,0,0,0,,0,alta,media,api_football_events
1489391,2026-06-19,World Cup 2026,20,Australia,2384,USA,20457,C. Burgess,,,subst,Substitution 1,46,,0,0,0,0,0,0,,1,alta,alta,api_football_events
1489391,2026-06-19,World Cup 2026,20,Australia,2384,USA,312459,N. Velupillay,,,subst,Substitution 2,46,,0,0,0,0,0,0,,1,alta,alta,api_football_events
1489391,2026-06-19,World Cup 2026,20,Australia,2384,USA,198352,M. Toure,,,subst,Substitution 3,46,,0,0,0,0,0,0,,1,alta,alta,api_football_events
1489391,2026-06-19,World Cup 2026,2384,USA,20,Australia,19549,Antonee Robinson,,,Card,Yellow Card,56,,0,0,0,0,0,1,Yellow Card,0,alta,alta,api_football_events
1489391,2026-06-19,World Cup 2026,20,Australia,2384,USA,2751,M. Leckie,,,subst,Substitution 4,61,,0,0,0,0,0,0,,1,alta,alta,api_football_events
1489391,2026-06-19,World Cup 2026,2384,USA,20,Australia,73868,R. Pepi,,,subst,Substitution 1,74,,0,0,0,0,0,0,,1,alta,alta,api_football_events
1489391,2026-06-19,World Cup 2026,20,Australia,2384,USA,441269,P. Okon-Engstler,,,subst,Substitution 5,78,,0,0,0,0,0,0,,1,alta,alta,api_football_events
1489391,2026-06-19,World Cup 2026,2384,USA,20,Australia,19549,A. Robinson,,,subst,Substitution 2,80,,0,0,0,0,0,0,,1,alta,alta,api_football_events
1489391,2026-06-19,World Cup 2026,2384,USA,20,Australia,38735,S. Dest,,,subst,Substitution 3,80,,0,0,0,0,0,0,,1,alta,alta,api_football_events
1489391,2026-06-19,World Cup 2026,20,Australia,2384,USA,20079,Harry Souttar,,,Card,Yellow Card,88,,0,0,0,0,0,1,Yellow Card,0,alta,alta,api_football_events
1489391,2026-06-19,World Cup 2026,2384,USA,20,Australia,138835,Folarin Balogun,,,Card,Yellow Card,89,,0,0,0,0,0,1,Yellow Card,0,alta,alta,api_football_events
1489391,2026-06-19,World Cup 2026,20,Australia,2384,USA,6808,Jacob Italiano,,,Card,Yellow Card,89,,0,0,0,0,0,1,Yellow Card,0,alta,alta,api_football_events
1489391,2026-06-19,World Cup 2026,2384,USA,20,Australia,126949,Chris Richards,,,Card,Yellow Card,90,3,0,0,0,0,0,1,Yellow Card,0,alta,alta,api_football_events
1489391,2026-06-19,World Cup 2026,2384,USA,20,Australia,415,W. McKennie,,,subst,Substitution 4,90,6,0,0,0,0,0,0,,1,alta,alta,api_football_events
1489391,2026-06-19,World Cup 2026,2384,USA,20,Australia,138835,F. Balogun,,,subst,Substitution 5,90,6,0,0,0,0,0,0,,1,alta,alta,api_football_events
