{
  "corners": {
    "mu": 1.2174439782094344,
    "gamma": 0.18982606786588485,
    "oppstr_beta": -0.243,
    "lift": 19.91,
    "show": true,
    "line": 7.5
  },
  "cards": {
    "mu": 0.7245506002799035,
    "gamma": -0.09456486504090969,
    "oppstr_beta": 0.1177,
    "lift": 3.47,
    "show": false,
    "line": 2.5
  },
  "shots": {
    "mu": 2.1702691124673965,
    "gamma": 0.21493214251398504,
    "oppstr_beta": -0.2436,
    "lift": 38.05,
    "show": true,
    "line": 21.5
  },
  "_oppstr": {
    "mean": 0.8448,
    "std": 0.7055
  }
}