metric,L3,MAX,delta_L3_minus_MAX,ci_lo,ci_hi,p,signif
logloss,0.93211,0.93798,-0.00587,-0.01538,0.00227,0.916,no
brier,0.55123,0.55212,-0.00088,-0.00464,0.00287,0.674,no
accuracy,0.55669,0.55638,,,,,
ECE,0.01842,0.01253,,,,,
OU2.5_ll,0.68594,0.6877,-0.00176,-0.00427,0.00082,0.909,no
BTTS_ll,0.68037,0.68319,-0.00283,-0.00483,-0.00073,0.994,WORSE
