{
  "corners": {
    "mu": 1.2617606725959594,
    "gamma": 0.21103262890804425,
    "lift": 14.31,
    "show": true,
    "line": 7.5
  },
  "cards": {
    "mu": 0.6997748767067854,
    "gamma": -0.10220931612230548,
    "lift": 2.22,
    "show": false,
    "line": 2.5
  },
  "shots": {
    "mu": 2.2125609476906205,
    "gamma": 0.2355231155532517,
    "lift": 28.33,
    "show": true,
    "line": 21.5
  }
}