player_id,player_name,team_id,team_name,position,matches_sample,yellow_cards_total,red_cards_total,second_yellow_total,cards_total,yellow_cards_pg,red_cards_pg,cards_pg,card_risk_player_history,data_quality,confidence,reason,source
5,M. Akanji,15,Switzerland,DEF,1,0,0,0,0,0.0,0.0,0.0,bajo,baja,baja,"1 partido(s) con eventos, sin tarjetas — muestra insuficiente, no asumir riesgo cero",worldcup_events_auto
9,A. Hakimi,31,Morocco,DEF,3,1,0,0,1,0.333,0.0,0.333,medio,baja,media-baja,"3 partidos con eventos reales — muestra reducida, orientativo",worldcup_events_auto
17,C. Pulisic,2384,USA,FWD,3,0,0,0,0,0.0,0.0,0.0,bajo,baja,media-baja,"3 partido(s) con eventos, sin tarjetas — muestra insuficiente, no asumir riesgo cero",worldcup_events_auto
30,S. Arias,8,Colombia,DEF,1,0,0,0,0,0.0,0.0,0.0,bajo,baja,baja,"1 partido(s) con eventos, sin tarjetas — muestra insuficiente, no asumir riesgo cero",worldcup_events_auto
44,Rodri,9,Spain,MID,1,0,0,0,0,0.0,0.0,0.0,bajo,baja,baja,"1 partido(s) con eventos, sin tarjetas — muestra insuficiente, no asumir riesgo cero",worldcup_events_auto
69,Brandon Mechele,1,Belgium,DEF,1,1,0,0,1,1.0,0.0,1.0,medio,baja,baja,"solo 1 partido con eventos, no extrapolar fuerte",worldcup_events_auto
78,H. Vanaken,1,Belgium,MID,2,0,0,0,0,0.0,0.0,0.0,bajo,baja,media-baja,"2 partido(s) con eventos, sin tarjetas — muestra insuficiente, no asumir riesgo cero",worldcup_events_auto
130,Nélson Semedo,27,Portugal,DEF,1,1,0,0,1,1.0,0.0,1.0,medio,baja,baja,"solo 1 partido con eventos, no extrapolar fuerte",worldcup_events_auto
153,O. Dembele,2,France,MID,5,0,0,0,0,0.0,0.0,0.0,bajo,media,media,"5 partido(s) con eventos, sin tarjetas — muestra insuficiente, no asumir riesgo cero",worldcup_events_auto
154,Lionel Messi,26,Argentina,FWD,5,0,0,0,0,0.0,0.0,0.0,bajo,media,media,"5 partido(s) con eventos, sin tarjetas — muestra insuficiente, no asumir riesgo cero",worldcup_events_auto
168,D. Sánchez,8,Colombia,DEF,1,1,0,0,1,1.0,0.0,1.0,medio,baja,baja,"solo 1 partido con eventos, no extrapolar fuerte",worldcup_events_auto
184,H. Kane,10,England,FWD,4,0,0,0,0,0.0,0.0,0.0,bajo,media,media,"4 partido(s) con eventos, sin tarjetas — muestra insuficiente, no asumir riesgo cero",worldcup_events_auto
186,Son Heung-Min,17,South Korea,FWD,2,0,0,0,0,0.0,0.0,0.0,bajo,baja,media-baja,"2 partido(s) con eventos, sin tarjetas — muestra insuficiente, no asumir riesgo cero",worldcup_events_auto
207,Ivan Perišić,3,Croatia,DEF,2,2,0,0,2,1.0,0.0,1.0,alto,baja,media-baja,"2 partidos con eventos reales — muestra reducida, orientativo",worldcup_events_auto
217,Lautaro Martínez,26,Argentina,FWD,4,0,0,0,0,0.0,0.0,0.0,bajo,media,media,"4 partido(s) con eventos, sin tarjetas — muestra insuficiente, no asumir riesgo cero",worldcup_events_auto
241,M. Sadilek,770,Czechia,MID,1,0,0,0,0,0.0,0.0,0.0,bajo,baja,baja,"1 partido(s) con eventos, sin tarjetas — muestra insuficiente, no asumir riesgo cero",worldcup_events_auto
242,R. Thomas,4673,New Zealand,MID,1,0,0,0,0,0.0,0.0,0.0,bajo,baja,baja,"1 partido(s) con eventos, sin tarjetas — muestra insuficiente, no asumir riesgo cero",worldcup_events_auto
247,C. Gakpo,1118,Netherlands,FWD,4,0,0,0,0,0.0,0.0,0.0,bajo,media,media,"4 partido(s) con eventos, sin tarjetas — muestra insuficiente, no asumir riesgo cero",worldcup_events_auto
249,D. Malen,1118,Netherlands,FWD,3,0,0,0,0,0.0,0.0,0.0,bajo,baja,media-baja,"3 partido(s) con eventos, sin tarjetas — muestra insuficiente, no asumir riesgo cero",worldcup_events_auto
264,T. Meunier,1,Belgium,DEF,1,0,0,0,0,0.0,0.0,0.0,bajo,baja,baja,"1 partido(s) con eventos, sin tarjetas — muestra insuficiente, no asumir riesgo cero",worldcup_events_auto
271,Leandro Paredes,26,Argentina,MID,1,1,0,0,1,1.0,0.0,1.0,medio,baja,baja,"solo 1 partido con eventos, no extrapolar fuerte",worldcup_events_auto
276,Neymar,6,Brazil,FWD,1,1,0,0,1,1.0,0.0,1.0,medio,baja,baja,"solo 1 partido con eventos, no extrapolar fuerte",worldcup_events_auto
278,K. Mbappe,2,France,FWD,5,0,0,0,0,0.0,0.0,0.0,bajo,media,media,"5 partido(s) con eventos, sin tarjetas — muestra insuficiente, no asumir riesgo cero",worldcup_events_auto
289,Andy Robertson,1108,Scotland,DEF,2,1,0,0,1,0.5,0.0,0.5,alto,baja,media-baja,"2 partidos con eventos reales — muestra reducida, orientativo",worldcup_events_auto
290,V. van Dijk,1118,Netherlands,DEF,1,0,0,0,0,0.0,0.0,0.0,bajo,baja,baja,"1 partido(s) con eventos, sin tarjetas — muestra insuficiente, no asumir riesgo cero",worldcup_events_auto
292,J. Henderson,10,England,MID,1,1,0,0,1,1.0,0.0,1.0,medio,baja,baja,"solo 1 partido con eventos, no extrapolar fuerte",worldcup_events_auto
299,Fabinho,6,Brazil,MID,1,1,0,0,1,1.0,0.0,1.0,medio,baja,baja,"solo 1 partido con eventos, no extrapolar fuerte",worldcup_events_auto
304,S. Mane,13,Senegal,FWD,1,0,0,0,0,0.0,0.0,0.0,bajo,baja,baja,"1 partido(s) con eventos, sin tarjetas — muestra insuficiente, no asumir riesgo cero",worldcup_events_auto
306,M. Salah,32,Egypt,FWD,3,0,0,0,0,0.0,0.0,0.0,bajo,baja,media-baja,"3 partido(s) con eventos, sin tarjetas — muestra insuficiente, no asumir riesgo cero",worldcup_events_auto
318,K. Koulibaly,13,Senegal,DEF,1,0,0,0,0,0.0,0.0,0.0,bajo,baja,baja,"1 partido(s) con eventos, sin tarjetas — muestra insuficiente, no asumir riesgo cero",worldcup_events_auto
328,F. Ruiz,9,Spain,MID,1,0,0,0,0,0.0,0.0,0.0,bajo,baja,baja,"1 partido(s) con eventos, sin tarjetas — muestra insuficiente, no asumir riesgo cero",worldcup_events_auto
375,Chancel Mbemba,1508,Congo DR,DEF,1,1,0,0,1,1.0,0.0,1.0,medio,baja,baja,"solo 1 partido con eventos, no extrapolar fuerte",worldcup_events_auto
409,N. Bentaleb,1532,Algeria,MID,2,0,0,0,0,0.0,0.0,0.0,bajo,baja,media-baja,"2 partido(s) con eventos, sin tarjetas — muestra insuficiente, no asumir riesgo cero",worldcup_events_auto
415,W. McKennie,2384,USA,MID,4,1,0,0,1,0.25,0.0,0.25,medio,media,media,4 partidos con eventos reales — muestra media,worldcup_events_auto
421,B. Embolo,15,Switzerland,FWD,5,0,0,0,0,0.0,0.0,0.0,bajo,media,media,"5 partido(s) con eventos, sin tarjetas — muestra insuficiente, no asumir riesgo cero",worldcup_events_auto
429,F. Muslera,7,Uruguay,GK,1,0,0,0,0,0.0,0.0,0.0,bajo,baja,baja,"1 partido(s) con eventos, sin tarjetas — muestra insuficiente, no asumir riesgo cero",worldcup_events_auto
454,Y. Akgun,777,Türkiye,FWD,2,1,0,0,1,0.5,0.0,0.5,alto,baja,media-baja,"2 partidos con eventos reales — muestra reducida, orientativo",worldcup_events_auto
502,J. Kimmich,25,Germany,DEF,2,0,0,0,0,0.0,0.0,0.0,bajo,baja,media-baja,"2 partido(s) con eventos, sin tarjetas — muestra insuficiente, no asumir riesgo cero",worldcup_events_auto
505,D. Alaba,775,Austria,DEF,3,0,0,0,0,0.0,0.0,0.0,bajo,baja,media-baja,"3 partido(s) con eventos, sin tarjetas — muestra insuficiente, no asumir riesgo cero",worldcup_events_auto
517,J. Rodriguez,8,Colombia,FWD,5,0,0,0,0,0.0,0.0,0.0,bajo,media,media,"5 partido(s) con eventos, sin tarjetas — muestra insuficiente, no asumir riesgo cero",worldcup_events_auto
529,Nicolás Tagliafico,26,Argentina,DEF,1,0,0,0,0,0.0,0.0,0.0,bajo,baja,baja,"1 partido(s) con eventos, sin tarjetas — muestra insuficiente, no asumir riesgo cero",worldcup_events_auto
538,F. de Jong,1118,Netherlands,MID,3,0,0,0,0,0.0,0.0,0.0,bajo,baja,media-baja,"3 partido(s) con eventos, sin tarjetas — muestra insuficiente, no asumir riesgo cero",worldcup_events_auto
542,R. Gravenberch,1118,Netherlands,MID,2,0,0,0,0,0.0,0.0,0.0,bajo,baja,media-baja,"2 partido(s) con eventos, sin tarjetas — muestra insuficiente, no asumir riesgo cero",worldcup_events_auto
545,N. Mazraoui,31,Morocco,DEF,1,0,0,0,0,0.0,0.0,0.0,bajo,baja,baja,"1 partido(s) con eventos, sin tarjetas — muestra insuficiente, no asumir riesgo cero",worldcup_events_auto
567,Rúben Dias,27,Portugal,DEF,1,1,0,0,1,1.0,0.0,1.0,medio,baja,baja,"solo 1 partido con eventos, no extrapolar fuerte",worldcup_events_auto
583,Joao Felix,27,Portugal,MID,3,0,0,0,0,0.0,0.0,0.0,bajo,baja,media-baja,"3 partido(s) con eventos, sin tarjetas — muestra insuficiente, no asumir riesgo cero",worldcup_events_auto
618,Danilo,6,Brazil,DEF,2,2,0,0,2,1.0,0.0,1.0,alto,baja,media-baja,"2 partidos con eventos reales — muestra reducida, orientativo",worldcup_events_auto
622,A. Laporte,9,Spain,DEF,1,0,0,0,0,0.0,0.0,0.0,bajo,baja,baja,"1 partido(s) con eventos, sin tarjetas — muestra insuficiente, no asumir riesgo cero",worldcup_events_auto
626,J. Stones,10,England,DEF,1,0,0,0,0,0.0,0.0,0.0,bajo,baja,baja,"1 partido(s) con eventos, sin tarjetas — muestra insuficiente, no asumir riesgo cero",worldcup_events_auto
629,K. De Bruyne,1,Belgium,MID,4,0,0,0,0,0.0,0.0,0.0,bajo,media,media,"4 partido(s) con eventos, sin tarjetas — muestra insuficiente, no asumir riesgo cero",worldcup_events_auto
635,R. Mahrez,1532,Algeria,FWD,3,0,0,0,0,0.0,0.0,0.0,bajo,baja,media-baja,"3 partido(s) con eventos, sin tarjetas — muestra insuficiente, no asumir riesgo cero",worldcup_events_auto
636,Bernardo Silva,27,Portugal,MID,2,2,0,0,2,1.0,0.0,1.0,alto,baja,media-baja,"2 partidos con eventos reales — muestra reducida, orientativo",worldcup_events_auto
637,F. Nmecha,25,Germany,MID,3,0,0,0,0,0.0,0.0,0.0,bajo,baja,media-baja,"3 partido(s) con eventos, sin tarjetas — muestra insuficiente, no asumir riesgo cero",worldcup_events_auto
644,L. Sane,25,Germany,MID,3,0,0,0,0,0.0,0.0,0.0,bajo,baja,media-baja,"3 partido(s) con eventos, sin tarjetas — muestra insuficiente, no asumir riesgo cero",worldcup_events_auto
658,H. Aouar,1532,Algeria,FWD,2,0,0,0,0,0.0,0.0,0.0,bajo,baja,media-baja,"2 partido(s) con eventos, sin tarjetas — muestra insuficiente, no asumir riesgo cero",worldcup_events_auto
667,Memphis Depay,1118,Netherlands,FWD,1,1,0,0,1,1.0,0.0,1.0,medio,baja,baja,"solo 1 partido con eventos, no extrapolar fuerte",worldcup_events_auto
706,J. Brenet,5530,Curaçao,DEF,1,0,0,0,0,0.0,0.0,0.0,bajo,baja,baja,"1 partido(s) con eventos, sin tarjetas — muestra insuficiente, no asumir riesgo cero",worldcup_events_auto
711,Stefan Posch,775,Austria,DEF,2,2,0,0,2,1.0,0.0,1.0,alto,baja,media-baja,"2 partidos con eventos reales — muestra reducida, orientativo",worldcup_events_auto
744,B. Diaz,31,Morocco,MID,4,0,0,0,0,0.0,0.0,0.0,bajo,media,media,"4 partido(s) con eventos, sin tarjetas — muestra insuficiente, no asumir riesgo cero",worldcup_events_auto
747,Casemiro,6,Brazil,MID,3,2,0,0,2,0.667,0.0,0.667,alto,baja,media-baja,"3 partidos con eventos reales — muestra reducida, orientativo",worldcup_events_auto
750,A. Fidalgo,16,Mexico,MID,2,0,0,0,0,0.0,0.0,0.0,bajo,baja,media-baja,"2 partido(s) con eventos, sin tarjetas — muestra insuficiente, no asumir riesgo cero",worldcup_events_auto
754,L. Modric,3,Croatia,MID,3,1,0,0,1,0.333,0.0,0.333,medio,baja,media-baja,"3 partidos con eventos reales — muestra reducida, orientativo",worldcup_events_auto
756,F. Valverde,7,Uruguay,MID,1,0,0,0,0,0.0,0.0,0.0,bajo,baja,baja,"1 partido(s) con eventos, sin tarjetas — muestra insuficiente, no asumir riesgo cero",worldcup_events_auto
762,Vinicius Junior,6,Brazil,FWD,3,0,0,0,0,0.0,0.0,0.0,bajo,baja,media-baja,"3 partido(s) con eventos, sin tarjetas — muestra insuficiente, no asumir riesgo cero",worldcup_events_auto
790,E. Dzeko,1113,Bosnia & Herzegovina,FWD,3,1,0,0,1,0.333,0.0,0.333,medio,baja,media-baja,"3 partidos con eventos reales — muestra reducida, orientativo",worldcup_events_auto
792,J. Kluivert,1118,Netherlands,FWD,1,0,0,0,0,0.0,0.0,0.0,bajo,baja,baja,"1 partido(s) con eventos, sin tarjetas — muestra insuficiente, no asumir riesgo cero",worldcup_events_auto
794,P. Schick,770,Czechia,FWD,1,0,0,0,0,0.0,0.0,0.0,bajo,baja,baja,"1 partido(s) con eventos, sin tarjetas — muestra insuficiente, no asumir riesgo cero",worldcup_events_auto
842,N. Vlasic,3,Croatia,MID,2,0,0,0,0,0.0,0.0,0.0,bajo,baja,media-baja,"2 partido(s) con eventos, sin tarjetas — muestra insuficiente, no asumir riesgo cero",worldcup_events_auto
855,J. Cancelo,27,Portugal,DEF,4,0,0,0,0,0.0,0.0,0.0,bajo,media,media,"4 partido(s) con eventos, sin tarjetas — muestra insuficiente, no asumir riesgo cero",worldcup_events_auto
863,Rodrigo Bentancur,7,Uruguay,MID,1,1,0,0,1,1.0,0.0,1.0,medio,baja,baja,"solo 1 partido con eventos, no extrapolar fuerte",worldcup_events_auto
874,C. Ronaldo,27,Portugal,FWD,2,0,0,0,0,0.0,0.0,0.0,bajo,baja,media-baja,"2 partido(s) con eventos, sin tarjetas — muestra insuficiente, no asumir riesgo cero",worldcup_events_auto
889,V. Lindelof,5,Sweden,DEF,1,0,0,0,0,0.0,0.0,0.0,bajo,baja,baja,"1 partido(s) con eventos, sin tarjetas — muestra insuficiente, no asumir riesgo cero",worldcup_events_auto
906,T. Chong,5530,Curaçao,MID,2,0,0,0,0,0.0,0.0,0.0,bajo,baja,media-baja,"2 partido(s) con eventos, sin tarjetas — muestra insuficiente, no asumir riesgo cero",worldcup_events_auto
907,Romelu Lukaku,1,Belgium,FWD,4,1,0,0,1,0.25,0.0,0.25,medio,media,media,4 partidos con eventos reales — muestra media,worldcup_events_auto
909,M. Rashford,10,England,FWD,2,0,0,0,0,0.0,0.0,0.0,bajo,baja,media-baja,"2 partido(s) con eventos, sin tarjetas — muestra insuficiente, no asumir riesgo cero",worldcup_events_auto
927,Kang-in Lee,17,South Korea,FWD,1,1,0,0,1,1.0,0.0,1.0,medio,baja,baja,"solo 1 partido con eventos, no extrapolar fuerte",worldcup_events_auto
931,Ferran Torres,9,Spain,FWD,3,1,0,0,1,0.333,0.0,0.333,medio,baja,media-baja,"3 partidos con eventos reales — muestra reducida, orientativo",worldcup_events_auto
951,M. Aebischer,15,Switzerland,MID,2,0,0,0,0,0.0,0.0,0.0,bajo,baja,media-baja,"2 partido(s) con eventos, sin tarjetas — muestra insuficiente, no asumir riesgo cero",worldcup_events_auto
957,D. Sow,15,Switzerland,MID,1,0,0,0,0,0.0,0.0,0.0,bajo,baja,baja,"1 partido(s) con eventos, sin tarjetas — muestra insuficiente, no asumir riesgo cero",worldcup_events_auto
972,Jonathan Tah,25,Germany,DEF,2,0,0,0,0,0.0,0.0,0.0,bajo,baja,media-baja,"2 partido(s) con eventos, sin tarjetas — muestra insuficiente, no asumir riesgo cero",worldcup_events_auto
978,K. Havertz,25,Germany,FWD,4,1,0,0,1,0.25,0.0,0.25,medio,media,media,4 partidos con eventos reales — muestra media,worldcup_events_auto
1095,X. Schlager,775,Austria,MID,3,0,0,0,0,0.0,0.0,0.0,bajo,baja,media-baja,"3 partido(s) con eventos, sin tarjetas — muestra insuficiente, no asumir riesgo cero",worldcup_events_auto
1100,E. Haaland,1090,Norway,FWD,4,0,0,0,0,0.0,0.0,0.0,bajo,media,media,"4 partido(s) con eventos, sin tarjetas — muestra insuficiente, no asumir riesgo cero",worldcup_events_auto
1117,K. Tierney,1108,Scotland,DEF,1,0,0,0,0,0.0,0.0,0.0,bajo,baja,baja,"1 partido(s) con eventos, sin tarjetas — muestra insuficiente, no asumir riesgo cero",worldcup_events_auto
1125,R. Christie,1108,Scotland,MID,2,1,0,0,1,0.5,0.0,0.5,alto,baja,media-baja,"2 partidos con eventos reales — muestra reducida, orientativo",worldcup_events_auto
1138,T. Weah,2384,USA,FWD,1,0,0,0,0,0.0,0.0,0.0,bajo,baja,baja,"1 partido(s) con eventos, sin tarjetas — muestra insuficiente, no asumir riesgo cero",worldcup_events_auto
1149,D. Upamecano,2,France,DEF,1,0,0,0,0,0.0,0.0,0.0,bajo,baja,baja,"1 partido(s) con eventos, sin tarjetas — muestra insuficiente, no asumir riesgo cero",worldcup_events_auto
1150,T. Adams,2384,USA,MID,2,1,0,0,1,0.5,0.0,0.5,alto,baja,media-baja,"2 partidos con eventos reales — muestra reducida, orientativo",worldcup_events_auto
1157,Konrad Laimer,775,Austria,DEF,1,1,0,0,1,1.0,0.0,1.0,medio,baja,baja,"solo 1 partido con eventos, no extrapolar fuerte",worldcup_events_auto
1159,M. Sabitzer,775,Austria,MID,2,1,0,0,1,0.5,0.0,0.5,alto,baja,media-baja,"2 partidos con eventos reales — muestra reducida, orientativo",worldcup_events_auto
1165,M. Cunha,6,Brazil,FWD,4,0,0,0,0,0.0,0.0,0.0,bajo,media,media,"4 partido(s) con eventos, sin tarjetas — muestra insuficiente, no asumir riesgo cero",worldcup_events_auto
1257,J. Kounde,2,France,DEF,3,0,0,0,0,0.0,0.0,0.0,bajo,baja,media-baja,"3 partido(s) con eventos, sin tarjetas — muestra insuficiente, no asumir riesgo cero",worldcup_events_auto
1271,Aurélien Tchouaméni,2,France,MID,1,1,0,0,1,1.0,0.0,1.0,medio,baja,baja,"solo 1 partido con eventos, no extrapolar fuerte",worldcup_events_auto
1290,Guillermo Varela,7,Uruguay,DEF,1,1,0,0,1,1.0,0.0,1.0,medio,baja,baja,"solo 1 partido con eventos, no extrapolar fuerte",worldcup_events_auto
1323,D. Olmo,9,Spain,MID,3,0,0,0,0,0.0,0.0,0.0,bajo,baja,media-baja,"3 partido(s) con eventos, sin tarjetas — muestra insuficiente, no asumir riesgo cero",worldcup_events_auto
1324,I. Sunjic,1113,Bosnia & Herzegovina,MID,3,0,0,0,0,0.0,0.0,0.0,bajo,baja,media-baja,"3 partido(s) con eventos, sin tarjetas — muestra insuficiente, no asumir riesgo cero",worldcup_events_auto
1361,F. Kadioglu,777,Türkiye,DEF,1,0,0,0,0,0.0,0.0,0.0,bajo,baja,baja,"1 partido(s) con eventos, sin tarjetas — muestra insuficiente, no asumir riesgo cero",worldcup_events_auto
1417,A. Saelemaekers,1,Belgium,FWD,2,0,0,0,0,0.0,0.0,0.0,bajo,baja,media-baja,"2 partido(s) con eventos, sin tarjetas — muestra insuficiente, no asumir riesgo cero",worldcup_events_auto
1422,J. Doku,1,Belgium,FWD,3,0,0,0,0,0.0,0.0,0.0,bajo,baja,media-baja,"3 partido(s) con eventos, sin tarjetas — muestra insuficiente, no asumir riesgo cero",worldcup_events_auto
1424,E. Kayembe,1508,Congo DR,MID,2,0,0,0,0,0.0,0.0,0.0,bajo,baja,media-baja,"2 partido(s) con eventos, sin tarjetas — muestra insuficiente, no asumir riesgo cero",worldcup_events_auto
1442,S. Kolasinac,1113,Bosnia & Herzegovina,DEF,2,0,0,0,0,0.0,0.0,0.0,bajo,baja,media-baja,"2 partido(s) con eventos, sin tarjetas — muestra insuficiente, no asumir riesgo cero",worldcup_events_auto
1460,B. Saka,10,England,MID,2,0,0,0,0,0.0,0.0,0.0,bajo,baja,media-baja,"2 partido(s) con eventos, sin tarjetas — muestra insuficiente, no asumir riesgo cero",worldcup_events_auto
1464,Granit Xhaka,15,Switzerland,MID,3,2,0,0,2,0.667,0.0,0.667,alto,baja,media-baja,"3 partidos con eventos reales — muestra reducida, orientativo",worldcup_events_auto
1485,B. Fernandes,27,Portugal,MID,1,0,0,0,0,0.0,0.0,0.0,bajo,baja,baja,"1 partido(s) con eventos, sin tarjetas — muestra insuficiente, no asumir riesgo cero",worldcup_events_auto
1494,J. Cabral,1533,Cape Verde Islands,MID,2,0,0,0,0,0.0,0.0,0.0,bajo,baja,media-baja,"2 partido(s) con eventos, sin tarjetas — muestra insuficiente, no asumir riesgo cero",worldcup_events_auto
1496,Raphinha,6,Brazil,FWD,1,0,0,0,0,0.0,0.0,0.0,bajo,baja,baja,"1 partido(s) con eventos, sin tarjetas — muestra insuficiente, no asumir riesgo cero",worldcup_events_auto
1578,G. Lo Celso,26,Argentina,MID,1,0,0,0,0,0.0,0.0,0.0,bajo,baja,baja,"1 partido(s) con eventos, sin tarjetas — muestra insuficiente, no asumir riesgo cero",worldcup_events_auto
1631,R. Rodríguez,15,Switzerland,DEF,2,0,0,0,0,0.0,0.0,0.0,bajo,baja,media-baja,"2 partido(s) con eventos, sin tarjetas — muestra insuficiente, no asumir riesgo cero",worldcup_events_auto
1642,F. Kessie,1501,Ivory Coast,MID,3,1,0,0,1,0.333,0.0,0.333,medio,baja,media-baja,"3 partidos con eventos reales — muestra reducida, orientativo",worldcup_events_auto
1646,Lucas Paqueta,6,Brazil,MID,4,0,0,0,0,0.0,0.0,0.0,bajo,media,media,"4 partido(s) con eventos, sin tarjetas — muestra insuficiente, no asumir riesgo cero",worldcup_events_auto
1741,N. Katic,1113,Bosnia & Herzegovina,DEF,3,1,0,0,1,0.333,0.0,0.333,medio,baja,media-baja,"3 partidos con eventos reales — muestra reducida, orientativo",worldcup_events_auto
1864,P. Neto,27,Portugal,MID,4,0,0,0,0,0.0,0.0,0.0,bajo,media,media,"4 partido(s) con eventos, sin tarjetas — muestra insuficiente, no asumir riesgo cero",worldcup_events_auto
1929,Jhon Lucumí,8,Colombia,DEF,2,1,0,0,1,0.5,0.0,0.5,alto,baja,media-baja,"2 partidos con eventos reales — muestra reducida, orientativo",worldcup_events_auto
1942,J. Ito,12,Japan,FWD,2,0,0,0,0,0.0,0.0,0.0,bajo,baja,media-baja,"2 partido(s) con eventos, sin tarjetas — muestra insuficiente, no asumir riesgo cero",worldcup_events_auto
1946,Leandro Trossard,1,Belgium,MID,3,0,0,0,0,0.0,0.0,0.0,bajo,baja,media-baja,"3 partido(s) con eventos, sin tarjetas — muestra insuficiente, no asumir riesgo cero",worldcup_events_auto
2001,Cyle Larin,5529,Canada,FWD,4,2,0,0,2,0.5,0.0,0.5,alto,media,media,4 partidos con eventos reales — muestra media,worldcup_events_auto
2032,Jørgen Strand Larsen,1090,Norway,FWD,1,0,0,0,0,0.0,0.0,0.0,bajo,baja,baja,"1 partido(s) con eventos, sin tarjetas — muestra insuficiente, no asumir riesgo cero",worldcup_events_auto
2120,N. Raskin,1,Belgium,MID,2,0,0,0,0,0.0,0.0,0.0,bajo,baja,media-baja,"2 partido(s) con eventos, sin tarjetas — muestra insuficiente, no asumir riesgo cero",worldcup_events_auto
2218,I. Sarr,13,Senegal,FWD,4,0,0,0,0,0.0,0.0,0.0,bajo,media,media,"4 partido(s) con eventos, sin tarjetas — muestra insuficiente, no asumir riesgo cero",worldcup_events_auto
2252,T. Holes,770,Czechia,DEF,1,0,0,0,0,0.0,0.0,0.0,bajo,baja,baja,"1 partido(s) con eventos, sin tarjetas — muestra insuficiente, no asumir riesgo cero",worldcup_events_auto
2285,A. Rudiger,25,Germany,DEF,1,0,0,0,0,0.0,0.0,0.0,bajo,baja,baja,"1 partido(s) con eventos, sin tarjetas — muestra insuficiente, no asumir riesgo cero",worldcup_events_auto
2291,M. Kovacic,3,Croatia,MID,3,0,0,0,0,0.0,0.0,0.0,bajo,baja,media-baja,"3 partido(s) con eventos, sin tarjetas — muestra insuficiente, no asumir riesgo cero",worldcup_events_auto
2467,L. Martinez,26,Argentina,DEF,1,0,0,0,0,0.0,0.0,0.0,bajo,baja,baja,"1 partido(s) con eventos, sin tarjetas — muestra insuficiente, no asumir riesgo cero",worldcup_events_auto
2468,Gonzalo Montiel,26,Argentina,DEF,2,1,0,0,1,0.5,0.0,0.5,alto,baja,media-baja,"2 partidos con eventos reales — muestra reducida, orientativo",worldcup_events_auto
2472,R. de Paul,26,Argentina,MID,3,0,0,0,0,0.0,0.0,0.0,bajo,baja,media-baja,"3 partido(s) con eventos, sin tarjetas — muestra insuficiente, no asumir riesgo cero",worldcup_events_auto
2489,L. Diaz,8,Colombia,MID,3,0,0,0,0,0.0,0.0,0.0,bajo,baja,media-baja,"3 partido(s) con eventos, sin tarjetas — muestra insuficiente, no asumir riesgo cero",worldcup_events_auto
2490,Jefferson Lerma,8,Colombia,MID,3,1,0,0,1,0.333,0.0,0.333,medio,baja,media-baja,"3 partidos con eventos reales — muestra reducida, orientativo",worldcup_events_auto
2499,J. Alonso,2380,Paraguay,DEF,2,1,0,0,1,0.5,0.0,0.5,alto,baja,media-baja,"2 partidos con eventos reales — muestra reducida, orientativo",worldcup_events_auto
2502,G. Gomez,2380,Paraguay,DEF,1,0,0,0,0,0.0,0.0,0.0,bajo,baja,baja,"1 partido(s) con eventos, sin tarjetas — muestra insuficiente, no asumir riesgo cero",worldcup_events_auto
2507,Miguel Almirón,2380,Paraguay,MID,4,1,1,0,2,0.25,0.25,0.5,alto,media,media,4 partidos con eventos reales — muestra media,worldcup_events_auto
2522,A. Sanabria,2380,Paraguay,FWD,1,0,0,0,0,0.0,0.0,0.0,bajo,baja,baja,"1 partido(s) con eventos, sin tarjetas — muestra insuficiente, no asumir riesgo cero",worldcup_events_auto
2535,A. O. Madibo,1569,Qatar,,2,0,1,0,1,0.0,0.5,0.5,alto,baja,media-baja,"2 partidos con eventos reales — muestra reducida, orientativo",worldcup_events_auto
2537,K. Boudiaf,1569,Qatar,MID,1,0,0,0,0,0.0,0.0,0.0,bajo,baja,baja,"1 partido(s) con eventos, sin tarjetas — muestra insuficiente, no asumir riesgo cero",worldcup_events_auto
2539,Ahmed Fathi,1569,Qatar,MID,2,2,0,0,2,1.0,0.0,1.0,alto,baja,media-baja,"2 partidos con eventos reales — muestra reducida, orientativo",worldcup_events_auto
2544,A. Afif,1569,Qatar,FWD,1,0,0,0,0,0.0,0.0,0.0,bajo,baja,baja,"1 partido(s) con eventos, sin tarjetas — muestra insuficiente, no asumir riesgo cero",worldcup_events_auto
2545,H. Al Haydos,1569,Qatar,FWD,1,0,0,0,0,0.0,0.0,0.0,bajo,baja,baja,"1 partido(s) con eventos, sin tarjetas — muestra insuficiente, no asumir riesgo cero",worldcup_events_auto
2575,Jackson Porozo,2382,Ecuador,DEF,1,1,0,0,1,1.0,0.0,1.0,medio,baja,baja,"solo 1 partido con eventos, no extrapolar fuerte",worldcup_events_auto
2597,T. Tomiyasu,12,Japan,DEF,1,0,0,0,0,0.0,0.0,0.0,bajo,baja,baja,"1 partido(s) con eventos, sin tarjetas — muestra insuficiente, no asumir riesgo cero",worldcup_events_auto
2598,R. Doan,12,Japan,MID,4,0,0,0,0,0.0,0.0,0.0,bajo,media,media,"4 partido(s) con eventos, sin tarjetas — muestra insuficiente, no asumir riesgo cero",worldcup_events_auto
2601,D. Kamada,12,Japan,MID,3,1,0,0,1,0.333,0.0,0.333,medio,baja,media-baja,"3 partidos con eventos reales — muestra reducida, orientativo",worldcup_events_auto
2639,S. Mandash,23,Saudi Arabia,MID,1,0,0,0,0,0.0,0.0,0.0,bajo,baja,baja,"1 partido(s) con eventos, sin tarjetas — muestra insuficiente, no asumir riesgo cero",worldcup_events_auto
2649,Ahmed Fatouh,32,Egypt,DEF,1,1,0,0,1,1.0,0.0,1.0,medio,baja,baja,"solo 1 partido con eventos, no extrapolar fuerte",worldcup_events_auto
2654,M. Hany,20,Australia,DEF,2,0,0,0,0,0.0,0.0,0.0,bajo,baja,media-baja,"2 partido(s) con eventos, sin tarjetas — muestra insuficiente, no asumir riesgo cero",worldcup_events_auto
2656,K. Hafez,32,Egypt,DEF,1,0,0,0,0,0.0,0.0,0.0,bajo,baja,baja,"1 partido(s) con eventos, sin tarjetas — muestra insuficiente, no asumir riesgo cero",worldcup_events_auto
2664,Trezeguet,32,Egypt,FWD,1,0,0,0,0,0.0,0.0,0.0,bajo,baja,baja,"1 partido(s) con eventos, sin tarjetas — muestra insuficiente, no asumir riesgo cero",worldcup_events_auto
2676,R. Neves,27,Portugal,MID,1,0,0,0,0,0.0,0.0,0.0,bajo,baja,baja,"1 partido(s) con eventos, sin tarjetas — muestra insuficiente, no asumir riesgo cero",worldcup_events_auto
2685,E. Hajsafi,22,Iran,DEF,2,1,0,0,1,0.5,0.0,0.5,alto,baja,media-baja,"2 partidos con eventos reales — muestra reducida, orientativo",worldcup_events_auto
2687,Hossein Kanaani,22,Iran,DEF,1,1,0,0,1,1.0,0.0,1.0,medio,baja,baja,"solo 1 partido con eventos, no extrapolar fuerte",worldcup_events_auto
2691,R. Rezaeian,22,Iran,DEF,2,0,0,0,0,0.0,0.0,0.0,bajo,baja,media-baja,"2 partido(s) con eventos, sin tarjetas — muestra insuficiente, no asumir riesgo cero",worldcup_events_auto
2699,S. Ghoddos,22,Iran,MID,3,0,0,0,0,0.0,0.0,0.0,bajo,baja,media-baja,"3 partido(s) con eventos, sin tarjetas — muestra insuficiente, no asumir riesgo cero",worldcup_events_auto
2701,Bono,2386,Haiti,GK,1,0,0,0,0,0.0,0.0,0.0,bajo,baja,baja,"1 partido(s) con eventos, sin tarjetas — muestra insuficiente, no asumir riesgo cero",worldcup_events_auto
2722,A. El Kaabi,31,Morocco,FWD,1,0,0,0,0,0.0,0.0,0.0,bajo,baja,baja,"1 partido(s) con eventos, sin tarjetas — muestra insuficiente, no asumir riesgo cero",worldcup_events_auto
2724,L. Digne,2,France,DEF,1,0,0,0,0,0.0,0.0,0.0,bajo,baja,baja,"1 partido(s) con eventos, sin tarjetas — muestra insuficiente, no asumir riesgo cero",worldcup_events_auto
2749,Jackson Irvine,20,Australia,MID,1,1,0,0,1,1.0,0.0,1.0,medio,baja,baja,"solo 1 partido con eventos, no extrapolar fuerte",worldcup_events_auto
2751,M. Leckie,20,Australia,,1,0,0,0,0,0.0,0.0,0.0,bajo,baja,baja,"1 partido(s) con eventos, sin tarjetas — muestra insuficiente, no asumir riesgo cero",worldcup_events_auto
2763,M. Pasalic,3,Croatia,MID,1,0,0,0,0,0.0,0.0,0.0,bajo,baja,baja,"1 partido(s) con eventos, sin tarjetas — muestra insuficiente, no asumir riesgo cero",worldcup_events_auto
2803,Nico Elvedi,15,Switzerland,DEF,1,1,0,0,1,1.0,0.0,1.0,medio,baja,baja,"solo 1 partido con eventos, no extrapolar fuerte",worldcup_events_auto
2807,Remo Freuler,15,Switzerland,MID,1,0,0,0,0,0.0,0.0,0.0,bajo,baja,baja,"1 partido(s) con eventos, sin tarjetas — muestra insuficiente, no asumir riesgo cero",worldcup_events_auto
2810,D. Zakaria,15,Switzerland,DEF,3,2,0,0,2,0.667,0.0,0.667,alto,baja,media-baja,"3 partidos con eventos reales — muestra reducida, orientativo",worldcup_events_auto
2864,A. Isak,5,Sweden,FWD,2,0,0,0,0,0.0,0.0,0.0,bajo,baja,media-baja,"2 partido(s) con eventos, sin tarjetas — muestra insuficiente, no asumir riesgo cero",worldcup_events_auto
2869,Edson Álvarez,16,Mexico,MID,1,1,0,0,1,1.0,0.0,1.0,medio,baja,baja,"solo 1 partido con eventos, no extrapolar fuerte",worldcup_events_auto
2873,C. Montes,16,Mexico,DEF,2,0,1,0,1,0.0,0.5,0.5,alto,baja,media-baja,"2 partidos con eventos reales — muestra reducida, orientativo",worldcup_events_auto
2878,J. Sanchez,16,Mexico,DEF,1,1,0,0,1,1.0,0.0,1.0,medio,baja,baja,"solo 1 partido con eventos, no extrapolar fuerte",worldcup_events_auto
2879,R. Alvarado,16,Mexico,FWD,2,0,0,0,0,0.0,0.0,0.0,bajo,baja,media-baja,"2 partido(s) con eventos, sin tarjetas — muestra insuficiente, no asumir riesgo cero",worldcup_events_auto
2887,R. Jimenez,16,Mexico,FWD,4,0,0,0,0,0.0,0.0,0.0,bajo,media,media,"4 partido(s) con eventos, sin tarjetas — muestra insuficiente, no asumir riesgo cero",worldcup_events_auto
2897,Kim Min-Jae,17,South Korea,DEF,1,0,0,0,0,0.0,0.0,0.0,bajo,baja,baja,"1 partido(s) con eventos, sin tarjetas — muestra insuficiente, no asumir riesgo cero",worldcup_events_auto
2901,Hwang In-Beom,17,South Korea,MID,1,0,0,0,0,0.0,0.0,0.0,bajo,baja,baja,"1 partido(s) con eventos, sin tarjetas — muestra insuficiente, no asumir riesgo cero",worldcup_events_auto
2906,Lee Jae-Sung,17,South Korea,MID,2,0,0,0,0,0.0,0.0,0.0,bajo,baja,media-baja,"2 partido(s) con eventos, sin tarjetas — muestra insuficiente, no asumir riesgo cero",worldcup_events_auto
2909,Paik Seung-Ho,17,South Korea,MID,3,1,0,0,1,0.333,0.0,0.333,medio,baja,media-baja,"3 partidos con eventos reales — muestra reducida, orientativo",worldcup_events_auto
2912,Kim Moon-Hwan,17,South Korea,DEF,1,0,0,0,0,0.0,0.0,0.0,bajo,baja,baja,"1 partido(s) con eventos, sin tarjetas — muestra insuficiente, no asumir riesgo cero",worldcup_events_auto
2920,Timothy Castagne,1,Belgium,DEF,1,1,0,0,1,1.0,0.0,1.0,medio,baja,baja,"solo 1 partido con eventos, no extrapolar fuerte",worldcup_events_auto
2926,Y. Tielemans,1,Belgium,MID,2,0,0,0,0,0.0,0.0,0.0,bajo,baja,media-baja,"2 partido(s) con eventos, sin tarjetas — muestra insuficiente, no asumir riesgo cero",worldcup_events_auto
2937,Declan Rice,10,England,MID,4,2,0,0,2,0.5,0.0,0.5,alto,media,media,4 partidos con eventos reales — muestra media,worldcup_events_auto
2945,D. Bronn,28,Tunisia,DEF,1,0,0,0,0,0.0,0.0,0.0,bajo,baja,baja,"1 partido(s) con eventos, sin tarjetas — muestra insuficiente, no asumir riesgo cero",worldcup_events_auto
2975,C. Blackman,11,Panama,DEF,2,1,0,0,1,0.5,0.0,0.5,alto,baja,media-baja,"2 partidos con eventos reales — muestra reducida, orientativo",worldcup_events_auto
2979,J. Rodriguez,11,Panama,MID,2,0,0,0,0,0.0,0.0,0.0,bajo,baja,media-baja,"2 partido(s) con eventos, sin tarjetas — muestra insuficiente, no asumir riesgo cero",worldcup_events_auto
2983,J. Fajardo,11,Panama,FWD,2,1,0,0,1,0.5,0.0,0.5,alto,baja,media-baja,"2 partidos con eventos reales — muestra reducida, orientativo",worldcup_events_auto
2986,E. Mendy,13,Senegal,GK,1,0,0,0,0,0.0,0.0,0.0,bajo,baja,baja,"1 partido(s) con eventos, sin tarjetas — muestra insuficiente, no asumir riesgo cero",worldcup_events_auto
2990,I. Gueye,13,Senegal,MID,2,0,0,0,0,0.0,0.0,0.0,bajo,baja,media-baja,"2 partido(s) con eventos, sin tarjetas — muestra insuficiente, no asumir riesgo cero",worldcup_events_auto
3033,C. Bakambu,1508,Congo DR,FWD,3,0,0,0,0,0.0,0.0,0.0,bajo,baja,media-baja,"3 partido(s) con eventos, sin tarjetas — muestra insuficiente, no asumir riesgo cero",worldcup_events_auto
3246,N. Pepe,1501,Ivory Coast,MID,3,1,0,0,1,0.333,0.0,0.333,medio,baja,media-baja,"3 partidos con eventos reales — muestra reducida, orientativo",worldcup_events_auto
3287,Teboho Mokoena,1531,South Africa,MID,2,2,0,0,2,1.0,0.0,1.0,alto,baja,media-baja,"2 partidos con eventos reales — muestra reducida, orientativo",worldcup_events_auto
3289,Themba Zwane,1531,South Africa,,1,0,1,0,1,0.0,1.0,1.0,medio,baja,baja,"solo 1 partido con eventos, no extrapolar fuerte",worldcup_events_auto
3412,L. Ati Zigi,1504,Ghana,GK,1,0,0,0,0,0.0,0.0,0.0,bajo,baja,baja,"1 partido(s) con eventos, sin tarjetas — muestra insuficiente, no asumir riesgo cero",worldcup_events_auto
3428,J. Ayew,1504,Ghana,FWD,4,0,0,0,0,0.0,0.0,0.0,bajo,media,media,"4 partido(s) con eventos, sin tarjetas — muestra insuficiente, no asumir riesgo cero",worldcup_events_auto
3608,K. Sibo,1504,Ghana,MID,2,0,0,0,0,0.0,0.0,0.0,bajo,baja,media-baja,"2 partido(s) con eventos, sin tarjetas — muestra insuficiente, no asumir riesgo cero",worldcup_events_auto
4399,H. Boudaoui,1532,Algeria,MID,3,1,0,0,1,0.333,0.0,0.333,medio,baja,media-baja,"3 partidos con eventos reales — muestra reducida, orientativo",worldcup_events_auto
5995,Nicolás de la Cruz,7,Uruguay,MID,1,1,0,0,1,1.0,0.0,1.0,medio,baja,baja,"solo 1 partido con eventos, no extrapolar fuerte",worldcup_events_auto
5996,Enzo Fernández,26,Argentina,MID,1,0,0,0,0,0.0,0.0,0.0,bajo,baja,baja,"1 partido(s) con eventos, sin tarjetas — muestra insuficiente, no asumir riesgo cero",worldcup_events_auto
6005,J. Quintero,8,Colombia,MID,1,0,0,0,0,0.0,0.0,0.0,bajo,baja,baja,"1 partido(s) con eventos, sin tarjetas — muestra insuficiente, no asumir riesgo cero",worldcup_events_auto
6009,J. Alvarez,26,Argentina,FWD,2,0,0,0,0,0.0,0.0,0.0,bajo,baja,media-baja,"2 partido(s) con eventos, sin tarjetas — muestra insuficiente, no asumir riesgo cero",worldcup_events_auto
6067,T. Almada,26,Argentina,MID,3,0,0,0,0,0.0,0.0,0.0,bajo,baja,media-baja,"3 partido(s) con eventos, sin tarjetas — muestra insuficiente, no asumir riesgo cero",worldcup_events_auto
6168,O. Alderete,2380,Paraguay,DEF,2,0,0,0,0,0.0,0.0,0.0,bajo,baja,media-baja,"2 partido(s) con eventos, sin tarjetas — muestra insuficiente, no asumir riesgo cero",worldcup_events_auto
6231,Facundo Medina,26,Argentina,DEF,2,1,0,0,1,0.5,0.0,0.5,alto,baja,media-baja,"2 partidos con eventos reales — muestra reducida, orientativo",worldcup_events_auto
6236,Andrés Cubas,2380,Paraguay,MID,1,1,0,0,1,1.0,0.0,1.0,medio,baja,baja,"solo 1 partido con eventos, no extrapolar fuerte",worldcup_events_auto
6483,G. Avalos,2380,Paraguay,FWD,2,0,0,0,0,0.0,0.0,0.0,bajo,baja,media-baja,"2 partido(s) con eventos, sin tarjetas — muestra insuficiente, no asumir riesgo cero",worldcup_events_auto
6503,N. Molina,26,Argentina,DEF,2,0,0,0,0,0.0,0.0,0.0,bajo,baja,media-baja,"2 partido(s) con eventos, sin tarjetas — muestra insuficiente, no asumir riesgo cero",worldcup_events_auto
6808,J. Italiano,20,Australia,,2,1,0,0,1,0.5,0.0,0.5,alto,baja,media-baja,"2 partidos con eventos reales — muestra reducida, orientativo",worldcup_events_auto
6904,C. Metcalfe,20,Australia,FWD,2,0,0,0,0,0.0,0.0,0.0,bajo,baja,media-baja,"2 partido(s) con eventos, sin tarjetas — muestra insuficiente, no asumir riesgo cero",worldcup_events_auto
6931,L. Cacace,4673,New Zealand,DEF,3,0,0,0,0,0.0,0.0,0.0,bajo,baja,media-baja,"3 partido(s) con eventos, sin tarjetas — muestra insuficiente, no asumir riesgo cero",worldcup_events_auto
6935,Sarpreet Singh,4673,New Zealand,MID,3,1,0,0,1,0.333,0.0,0.333,medio,baja,media-baja,"3 partidos con eventos reales — muestra reducida, orientativo",worldcup_events_auto
7050,A. O'Neill,20,Australia,MID,1,0,0,0,0,0.0,0.0,0.0,bajo,baja,baja,"1 partido(s) con eventos, sin tarjetas — muestra insuficiente, no asumir riesgo cero",worldcup_events_auto
7197,Andrés Andrade,11,Panama,DEF,1,1,0,0,1,1.0,0.0,1.0,medio,baja,baja,"solo 1 partido con eventos, no extrapolar fuerte",worldcup_events_auto
7318,Amar Dedić,1113,Bosnia & Herzegovina,DEF,1,1,0,0,1,1.0,0.0,1.0,medio,baja,baja,"solo 1 partido con eventos, no extrapolar fuerte",worldcup_events_auto
7328,N. Seiwald,775,Austria,MID,1,0,0,0,0,0.0,0.0,0.0,bajo,baja,baja,"1 partido(s) con eventos, sin tarjetas — muestra insuficiente, no asumir riesgo cero",worldcup_events_auto
7562,R. Schmid,775,Austria,MID,4,0,0,0,0,0.0,0.0,0.0,bajo,media,media,"4 partido(s) con eventos, sin tarjetas — muestra insuficiente, no asumir riesgo cero",worldcup_events_auto
7722,S. Kalajdzic,775,Austria,FWD,2,0,0,0,0,0.0,0.0,0.0,bajo,baja,media-baja,"2 partido(s) con eventos, sin tarjetas — muestra insuficiente, no asumir riesgo cero",worldcup_events_auto
8450,Abdoulaye Seck,13,Senegal,DEF,1,1,0,0,1,1.0,0.0,1.0,medio,baja,baja,"solo 1 partido con eventos, no extrapolar fuerte",worldcup_events_auto
8489,Jonathan David,5529,Canada,FWD,3,1,0,0,1,0.333,0.0,0.333,medio,baja,media-baja,"3 partidos con eventos reales — muestra reducida, orientativo",worldcup_events_auto
8492,A. Sorloth,1090,Norway,FWD,4,0,0,0,0,0.0,0.0,0.0,bajo,media,media,"4 partido(s) con eventos, sin tarjetas — muestra insuficiente, no asumir riesgo cero",worldcup_events_auto
8601,Frantzdy Pierrot,2386,Haiti,FWD,1,1,0,0,1,1.0,0.0,1.0,medio,baja,baja,"solo 1 partido con eventos, no extrapolar fuerte",worldcup_events_auto
10135,Bruno Guimaraes,6,Brazil,MID,4,0,0,0,0,0.0,0.0,0.0,bajo,media,media,"4 partido(s) con eventos, sin tarjetas — muestra insuficiente, no asumir riesgo cero",worldcup_events_auto
13376,J. Campaz,8,Colombia,MID,2,0,0,0,0,0.0,0.0,0.0,bajo,baja,media-baja,"2 partido(s) con eventos, sin tarjetas — muestra insuficiente, no asumir riesgo cero",worldcup_events_auto
13708,J. Arias,8,Colombia,MID,5,1,0,0,1,0.2,0.0,0.2,bajo,media,media,5 partidos con eventos reales — muestra media,worldcup_events_auto
13736,D. Munoz,8,Colombia,DEF,2,0,0,0,0,0.0,0.0,0.0,bajo,baja,media-baja,"2 partido(s) con eventos, sin tarjetas — muestra insuficiente, no asumir riesgo cero",worldcup_events_auto
14301,S. Radeljic,1113,Bosnia & Herzegovina,DEF,1,1,0,0,1,1.0,0.0,1.0,medio,baja,baja,"solo 1 partido con eventos, no extrapolar fuerte",worldcup_events_auto
15286,M. Tamari,1548,Jordan,FWD,3,0,0,0,0,0.0,0.0,0.0,bajo,baja,media-baja,"3 partido(s) con eventos, sin tarjetas — muestra insuficiente, no asumir riesgo cero",worldcup_events_auto
16360,A. Franco,2382,Ecuador,DEF,4,2,0,0,2,0.5,0.0,0.5,alto,media,media,4 partidos con eventos reales — muestra media,worldcup_events_auto
16369,G. Plata,2382,Ecuador,FWD,1,1,0,0,1,1.0,0.0,1.0,medio,baja,baja,"solo 1 partido con eventos, no extrapolar fuerte",worldcup_events_auto
16470,Jordy Alcivar,2382,Ecuador,MID,1,1,0,0,1,1.0,0.0,1.0,medio,baja,baja,"solo 1 partido con eventos, no extrapolar fuerte",worldcup_events_auto
16804,Yasser Ibrahim,32,Egypt,DEF,3,2,0,0,2,0.667,0.0,0.667,alto,baja,media-baja,"3 partidos con eventos reales — muestra reducida, orientativo",worldcup_events_auto
16813,H. Fathy,32,Egypt,MID,4,1,0,0,1,0.25,0.0,0.25,medio,media,media,4 partidos con eventos reales — muestra media,worldcup_events_auto
16841,Mohanad Lasheen,32,Egypt,MID,3,2,0,0,2,0.667,0.0,0.667,alto,baja,media-baja,"3 partidos con eventos reales — muestra reducida, orientativo",worldcup_events_auto
17269,E. Ashour,32,Egypt,MID,5,0,0,0,0,0.0,0.0,0.0,bajo,media,media,"5 partido(s) con eventos, sin tarjetas — muestra insuficiente, no asumir riesgo cero",worldcup_events_auto
18592,I. Ndiaye,13,Senegal,FWD,2,0,0,0,0,0.0,0.0,0.0,bajo,baja,media-baja,"2 partido(s) con eventos, sin tarjetas — muestra insuficiente, no asumir riesgo cero",worldcup_events_auto
18814,Issa Diop,31,Morocco,DEF,3,2,0,0,2,0.667,0.0,0.667,alto,baja,media-baja,"3 partidos con eventos reales — muestra reducida, orientativo",worldcup_events_auto
18816,A. Masuaku,1508,Congo DR,DEF,4,0,0,0,0,0.0,0.0,0.0,bajo,media,media,"4 partido(s) con eventos, sin tarjetas — muestra insuficiente, no asumir riesgo cero",worldcup_events_auto
18830,M. Arnautovic,775,Austria,FWD,2,1,0,0,1,0.5,0.0,0.5,alto,baja,media-baja,"2 partidos con eventos reales — muestra reducida, orientativo",worldcup_events_auto
18846,A. Wan-Bissaka,1508,Congo DR,DEF,1,0,0,0,0,0.0,0.0,0.0,bajo,baja,baja,"1 partido(s) con eventos, sin tarjetas — muestra insuficiente, no asumir riesgo cero",worldcup_events_auto
18861,N. Ake,1118,Netherlands,DEF,1,0,0,0,0,0.0,0.0,0.0,bajo,baja,baja,"1 partido(s) con eventos, sin tarjetas — muestra insuficiente, no asumir riesgo cero",worldcup_events_auto
18942,Y. Valery,28,Tunisia,DEF,1,0,0,0,0,0.0,0.0,0.0,bajo,baja,baja,"1 partido(s) con eventos, sin tarjetas — muestra insuficiente, no asumir riesgo cero",worldcup_events_auto
18967,L. Ostigard,1090,Norway,DEF,1,0,0,0,0,0.0,0.0,0.0,bajo,baja,baja,"1 partido(s) con eventos, sin tarjetas — muestra insuficiente, no asumir riesgo cero",worldcup_events_auto
18979,Viktor Gyökeres,5,Sweden,FWD,2,1,0,0,1,0.5,0.0,0.5,alto,baja,media-baja,"2 partidos con eventos reales — muestra reducida, orientativo",worldcup_events_auto
18981,J. Locadia,5530,Curaçao,FWD,3,0,0,0,0,0.0,0.0,0.0,bajo,baja,media-baja,"3 partido(s) con eventos, sin tarjetas — muestra insuficiente, no asumir riesgo cero",worldcup_events_auto
18997,Leandro Bacuna,5530,Curaçao,MID,1,1,0,0,1,1.0,0.0,1.0,medio,baja,baja,"solo 1 partido con eventos, no extrapolar fuerte",worldcup_events_auto
19047,Juninho Bacuna,5530,Curaçao,MID,2,2,0,0,2,1.0,0.0,1.0,alto,baja,media-baja,"2 partidos con eventos reales — muestra reducida, orientativo",worldcup_events_auto
19077,Kenny McLean,1108,Scotland,MID,1,1,0,0,1,1.0,0.0,1.0,medio,baja,baja,"solo 1 partido con eventos, no extrapolar fuerte",worldcup_events_auto
19191,J. McGinn,1108,Scotland,MID,3,0,0,0,0,0.0,0.0,0.0,bajo,baja,media-baja,"3 partido(s) con eventos, sin tarjetas — muestra insuficiente, no asumir riesgo cero",worldcup_events_auto
19235,D. Spence,10,England,DEF,2,0,0,0,0,0.0,0.0,0.0,bajo,baja,media-baja,"2 partido(s) con eventos, sin tarjetas — muestra insuficiente, no asumir riesgo cero",worldcup_events_auto
19524,C. Adams,1108,Scotland,FWD,2,0,0,0,0,0.0,0.0,0.0,bajo,baja,media-baja,"2 partido(s) con eventos, sin tarjetas — muestra insuficiente, no asumir riesgo cero",worldcup_events_auto
19549,A. Robinson,2384,USA,DEF,2,1,0,0,1,0.5,0.0,0.5,alto,baja,media-baja,"2 partidos con eventos reales — muestra reducida, orientativo",worldcup_events_auto
19614,Saeid Ezatolahi,22,Iran,MID,2,2,0,0,2,1.0,0.0,1.0,alto,baja,media-baja,"2 partidos con eventos reales — muestra reducida, orientativo",worldcup_events_auto
19617,M. Olise,2,France,MID,4,1,0,0,1,0.25,0.0,0.25,medio,media,media,4 partidos con eventos reales — muestra media,worldcup_events_auto
20079,Harry Souttar,20,Australia,DEF,1,1,0,0,1,1.0,0.0,1.0,medio,baja,baja,"solo 1 partido con eventos, no extrapolar fuerte",worldcup_events_auto
20457,C. Burgess,2384,USA,DEF,1,0,0,0,0,0.0,0.0,0.0,bajo,baja,baja,"1 partido(s) con eventos, sin tarjetas — muestra insuficiente, no asumir riesgo cero",worldcup_events_auto
20649,Y. Wissa,1508,Congo DR,FWD,2,0,0,0,0,0.0,0.0,0.0,bajo,baja,media-baja,"2 partido(s) con eventos, sin tarjetas — muestra insuficiente, no asumir riesgo cero",worldcup_events_auto
20655,J. Duverne,2386,Haiti,DEF,1,0,0,0,0,0.0,0.0,0.0,bajo,baja,baja,"1 partido(s) con eventos, sin tarjetas — muestra insuficiente, no asumir riesgo cero",worldcup_events_auto
20665,J. Bellegarde,2386,Haiti,MID,2,1,0,0,1,0.5,0.0,0.5,alto,baja,media-baja,"2 partidos con eventos reales — muestra reducida, orientativo",worldcup_events_auto
20696,P. Gueye,13,Senegal,MID,4,1,0,0,1,0.25,0.0,0.25,medio,media,media,4 partidos con eventos reales — muestra media,worldcup_events_auto
20844,Haissem Hassan,32,Egypt,MID,2,1,0,0,1,0.5,0.0,0.5,alto,baja,media-baja,"2 partidos con eventos reales — muestra reducida, orientativo",worldcup_events_auto
20850,Carlens Arcus,2386,Haiti,DEF,1,1,0,0,1,1.0,0.0,1.0,medio,baja,baja,"solo 1 partido con eventos, no extrapolar fuerte",worldcup_events_auto
21010,E. Owusu,1504,Ghana,MID,2,0,0,0,0,0.0,0.0,0.0,bajo,baja,media-baja,"2 partido(s) con eventos, sin tarjetas — muestra insuficiente, no asumir riesgo cero",worldcup_events_auto
21101,S. Moutoussamy,1508,Congo DR,MID,3,1,0,0,1,0.333,0.0,0.333,medio,baja,media-baja,"3 partidos con eventos reales — muestra reducida, orientativo",worldcup_events_auto
21138,R. Ait-Nouri,1532,Algeria,DEF,1,0,0,0,0,0.0,0.0,0.0,bajo,baja,baja,"1 partido(s) con eventos, sin tarjetas — muestra insuficiente, no asumir riesgo cero",worldcup_events_auto
21587,E. Skhiri,28,Tunisia,DEF,3,0,0,0,0,0.0,0.0,0.0,bajo,baja,media-baja,"3 partido(s) con eventos, sin tarjetas — muestra insuficiente, no asumir riesgo cero",worldcup_events_auto
21613,L. Joseph,2386,Haiti,FWD,1,0,0,0,0,0.0,0.0,0.0,bajo,baja,baja,"1 partido(s) con eventos, sin tarjetas — muestra insuficiente, no asumir riesgo cero",worldcup_events_auto
22002,G. Konan,1501,Ivory Coast,DEF,1,0,0,0,0,0.0,0.0,0.0,bajo,baja,baja,"1 partido(s) con eventos, sin tarjetas — muestra insuficiente, no asumir riesgo cero",worldcup_events_auto
22147,Manu Koné,2,France,MID,1,1,0,0,1,1.0,0.0,1.0,medio,baja,baja,"solo 1 partido con eventos, no extrapolar fuerte",worldcup_events_auto
22149,I. Sangare,1501,Ivory Coast,MID,1,0,0,0,0,0.0,0.0,0.0,bajo,baja,baja,"1 partido(s) con eventos, sin tarjetas — muestra insuficiente, no asumir riesgo cero",worldcup_events_auto
22222,Z. Celik,777,Türkiye,DEF,2,0,0,0,0,0.0,0.0,0.0,bajo,baja,media-baja,"2 partido(s) con eventos, sin tarjetas — muestra insuficiente, no asumir riesgo cero",worldcup_events_auto
22236,R. Leao,27,Portugal,FWD,1,0,0,0,0,0.0,0.0,0.0,bajo,baja,baja,"1 partido(s) con eventos, sin tarjetas — muestra insuficiente, no asumir riesgo cero",worldcup_events_auto
22265,N. Da Costa,1533,Cape Verde Islands,FWD,1,0,0,0,0,0.0,0.0,0.0,bajo,baja,baja,"1 partido(s) con eventos, sin tarjetas — muestra insuficiente, no asumir riesgo cero",worldcup_events_auto
24810,J. Cordoba,8,Colombia,FWD,2,0,0,0,0,0.0,0.0,0.0,bajo,baja,media-baja,"2 partido(s) con eventos, sin tarjetas — muestra insuficiente, no asumir riesgo cero",worldcup_events_auto
24845,J. Ryerson,1090,Norway,DEF,2,0,0,0,0,0.0,0.0,0.0,bajo,baja,media-baja,"2 partido(s) con eventos, sin tarjetas — muestra insuficiente, no asumir riesgo cero",worldcup_events_auto
24866,Douglas Santos,6,Brazil,DEF,2,1,0,0,1,0.5,0.0,0.5,alto,baja,media-baja,"2 partidos con eventos reales — muestra reducida, orientativo",worldcup_events_auto
24888,Hwang Hee-Chan,17,South Korea,FWD,1,0,0,0,0,0.0,0.0,0.0,bajo,baja,baja,"1 partido(s) con eventos, sin tarjetas — muestra insuficiente, no asumir riesgo cero",worldcup_events_auto
25297,M. Gregoritsch,775,Austria,FWD,2,0,0,0,0,0.0,0.0,0.0,bajo,baja,media-baja,"2 partido(s) con eventos, sin tarjetas — muestra insuficiente, no asumir riesgo cero",worldcup_events_auto
25300,R. Khedira,28,Tunisia,MID,2,1,0,0,1,0.5,0.0,0.5,alto,baja,media-baja,"2 partidos con eventos reales — muestra reducida, orientativo",worldcup_events_auto
25341,D. Luckassen,1504,Ghana,DEF,1,0,0,0,0,0.0,0.0,0.0,bajo,baja,baja,"1 partido(s) con eventos, sin tarjetas — muestra insuficiente, no asumir riesgo cero",worldcup_events_auto
25348,V. Darida,770,Czechia,MID,1,0,0,0,0,0.0,0.0,0.0,bajo,baja,baja,"1 partido(s) con eventos, sin tarjetas — muestra insuficiente, no asumir riesgo cero",worldcup_events_auto
25414,J. Yeboah,2382,Ecuador,MID,4,0,0,0,0,0.0,0.0,0.0,bajo,media,media,"4 partido(s) con eventos, sin tarjetas — muestra insuficiente, no asumir riesgo cero",worldcup_events_auto
25416,W. Weghorst,1118,Netherlands,FWD,1,0,0,0,0,0.0,0.0,0.0,bajo,baja,baja,"1 partido(s) con eventos, sin tarjetas — muestra insuficiente, no asumir riesgo cero",worldcup_events_auto
25448,K. Ayhan,777,Türkiye,DEF,1,0,0,0,0,0.0,0.0,0.0,bajo,baja,baja,"1 partido(s) con eventos, sin tarjetas — muestra insuficiente, no asumir riesgo cero",worldcup_events_auto
25458,D. Lukebakio,1,Belgium,MID,1,0,0,0,0,0.0,0.0,0.0,bajo,baja,baja,"1 partido(s) con eventos, sin tarjetas — muestra insuficiente, no asumir riesgo cero",worldcup_events_auto
25915,P. Mwene,775,Austria,DEF,2,0,0,0,0,0.0,0.0,0.0,bajo,baja,media-baja,"2 partido(s) con eventos, sin tarjetas — muestra insuficiente, no asumir riesgo cero",worldcup_events_auto
26243,N. Schlotterbeck,25,Germany,DEF,2,0,0,0,0,0.0,0.0,0.0,bajo,baja,media-baja,"2 partido(s) con eventos, sin tarjetas — muestra insuficiente, no asumir riesgo cero",worldcup_events_auto
26475,D. Undav,25,Germany,FWD,3,0,0,0,0,0.0,0.0,0.0,bajo,baja,media-baja,"3 partido(s) con eventos, sin tarjetas — muestra insuficiente, no asumir riesgo cero",worldcup_events_auto
29704,Shoja Khalilzadeh,22,Iran,DEF,1,1,0,0,1,1.0,0.0,1.0,medio,baja,baja,"solo 1 partido con eventos, no extrapolar fuerte",worldcup_events_auto
29809,Ali Nemati,22,Iran,DEF,1,1,0,0,1,1.0,0.0,1.0,medio,baja,baja,"solo 1 partido con eventos, no extrapolar fuerte",worldcup_events_auto
30424,Roger Ibañez,6,Brazil,DEF,1,1,0,0,1,1.0,0.0,1.0,medio,baja,baja,"solo 1 partido con eventos, no extrapolar fuerte",worldcup_events_auto
30484,M. Svanberg,5,Sweden,MID,1,0,0,0,0,0.0,0.0,0.0,bajo,baja,baja,"1 partido(s) con eventos, sin tarjetas — muestra insuficiente, no asumir riesgo cero",worldcup_events_auto
30504,W. Singo,1501,Ivory Coast,DEF,1,0,0,0,0,0.0,0.0,0.0,bajo,baja,baja,"1 partido(s) con eventos, sin tarjetas — muestra insuficiente, no asumir riesgo cero",worldcup_events_auto
30776,C. Romero,26,Argentina,DEF,3,0,0,0,0,0.0,0.0,0.0,bajo,baja,media-baja,"3 partido(s) con eventos, sin tarjetas — muestra insuficiente, no asumir riesgo cero",worldcup_events_auto
30807,Seko Fofana,1501,Ivory Coast,MID,1,1,0,0,1,1.0,0.0,1.0,medio,baja,baja,"solo 1 partido con eventos, no extrapolar fuerte",worldcup_events_auto
32858,T. Watanabe,12,Japan,DEF,1,0,0,0,0,0.0,0.0,0.0,bajo,baja,baja,"1 partido(s) con eventos, sin tarjetas — muestra insuficiente, no asumir riesgo cero",worldcup_events_auto
32862,T. Kubo,12,Japan,FWD,1,0,0,0,0,0.0,0.0,0.0,bajo,baja,baja,"1 partido(s) con eventos, sin tarjetas — muestra insuficiente, no asumir riesgo cero",worldcup_events_auto
32954,Shogo Taniguchi,12,Japan,DEF,1,1,0,0,1,1.0,0.0,1.0,medio,baja,baja,"solo 1 partido con eventos, no extrapolar fuerte",worldcup_events_auto
33165,A. Seko,12,Japan,DEF,1,0,0,0,0,0.0,0.0,0.0,bajo,baja,baja,"1 partido(s) con eventos, sin tarjetas — muestra insuficiente, no asumir riesgo cero",worldcup_events_auto
33224,D. Maeda,12,Japan,FWD,3,0,0,0,0,0.0,0.0,0.0,bajo,baja,media-baja,"3 partido(s) con eventos, sin tarjetas — muestra insuficiente, no asumir riesgo cero",worldcup_events_auto
33321,K. Nakamura,12,Japan,MID,4,0,0,0,0,0.0,0.0,0.0,bajo,media,media,"4 partido(s) con eventos, sin tarjetas — muestra insuficiente, no asumir riesgo cero",worldcup_events_auto
33889,Kaishu Sano,12,Japan,MID,1,1,0,0,1,1.0,0.0,1.0,medio,baja,baja,"solo 1 partido con eventos, no extrapolar fuerte",worldcup_events_auto
34121,R. Ashurmatov,1568,Uzbekistan,DEF,1,0,0,0,0,0.0,0.0,0.0,bajo,baja,baja,"1 partido(s) con eventos, sin tarjetas — muestra insuficiente, no asumir riesgo cero",worldcup_events_auto
34211,Gue-sung Cho,17,South Korea,FWD,1,1,0,0,1,1.0,0.0,1.0,medio,baja,baja,"solo 1 partido con eventos, no extrapolar fuerte",worldcup_events_auto
34710,Oh Hyeon-Gyu,17,South Korea,FWD,2,0,0,0,0,0.0,0.0,0.0,bajo,baja,media-baja,"2 partido(s) con eventos, sin tarjetas — muestra insuficiente, no asumir riesgo cero",worldcup_events_auto
35532,J. Quinones,16,Mexico,FWD,5,0,0,0,0,0.0,0.0,0.0,bajo,media,media,"5 partido(s) con eventos, sin tarjetas — muestra insuficiente, no asumir riesgo cero",worldcup_events_auto
35533,E. Valencia,2382,Ecuador,FWD,3,0,0,0,0,0.0,0.0,0.0,bajo,baja,media-baja,"3 partido(s) con eventos, sin tarjetas — muestra insuficiente, no asumir riesgo cero",worldcup_events_auto
35544,J. Vasquez,16,Mexico,DEF,1,1,0,0,1,1.0,0.0,1.0,medio,baja,baja,"solo 1 partido con eventos, no extrapolar fuerte",worldcup_events_auto
35570,S. Eustaquio,5529,Canada,MID,2,0,0,0,0,0.0,0.0,0.0,bajo,baja,media-baja,"2 partido(s) con eventos, sin tarjetas — muestra insuficiente, no asumir riesgo cero",worldcup_events_auto
35970,L. Romo,16,Mexico,MID,4,0,0,0,0,0.0,0.0,0.0,bajo,media,media,"4 partido(s) con eventos, sin tarjetas — muestra insuficiente, no asumir riesgo cero",worldcup_events_auto
36088,G. Martinez,16,Mexico,FWD,1,0,0,0,0,0.0,0.0,0.0,bajo,baja,baja,"1 partido(s) con eventos, sin tarjetas — muestra insuficiente, no asumir riesgo cero",worldcup_events_auto
36579,S. Rahimi,31,Morocco,FWD,3,0,0,0,0,0.0,0.0,0.0,bajo,baja,media-baja,"3 partido(s) con eventos, sin tarjetas — muestra insuficiente, no asumir riesgo cero",worldcup_events_auto
36857,Jurien Gaari,5530,Curaçao,DEF,2,1,0,0,1,0.5,0.0,0.5,alto,baja,media-baja,"2 partidos con eventos reales — muestra reducida, orientativo",worldcup_events_auto
36899,T. Koopmeiners,1118,Netherlands,MID,1,0,0,0,0,0.0,0.0,0.0,bajo,baja,baja,"1 partido(s) con eventos, sin tarjetas — muestra insuficiente, no asumir riesgo cero",worldcup_events_auto
36902,T. Reijnders,1118,Netherlands,MID,3,0,0,0,0,0.0,0.0,0.0,bajo,baja,media-baja,"3 partido(s) con eventos, sin tarjetas — muestra insuficiente, no asumir riesgo cero",worldcup_events_auto
37127,M. Odegaard,1090,Norway,MID,1,0,0,0,0,0.0,0.0,0.0,bajo,baja,baja,"1 partido(s) con eventos, sin tarjetas — muestra insuficiente, no asumir riesgo cero",worldcup_events_auto
37155,O. Kokcu,777,Türkiye,MID,2,0,0,0,0,0.0,0.0,0.0,bajo,baja,media-baja,"2 partido(s) con eventos, sin tarjetas — muestra insuficiente, no asumir riesgo cero",worldcup_events_auto
37435,D. Duarte,1533,Cape Verde Islands,MID,1,0,0,0,0,0.0,0.0,0.0,bajo,baja,baja,"1 partido(s) con eventos, sin tarjetas — muestra insuficiente, no asumir riesgo cero",worldcup_events_auto
37436,L. Duarte,1533,Cape Verde Islands,MID,2,0,0,0,0,0.0,0.0,0.0,bajo,baja,media-baja,"2 partido(s) con eventos, sin tarjetas — muestra insuficiente, no asumir riesgo cero",worldcup_events_auto
37724,C. Summerville,1118,Netherlands,FWD,3,1,0,0,1,0.333,0.0,0.333,medio,baja,media-baja,"3 partidos con eventos reales — muestra reducida, orientativo",worldcup_events_auto
38114,K. Itakura,12,Japan,DEF,1,0,0,0,0,0.0,0.0,0.0,bajo,baja,baja,"1 partido(s) con eventos, sin tarjetas — muestra insuficiente, no asumir riesgo cero",worldcup_events_auto
38695,J. P. van Hecke,1118,Netherlands,DEF,1,0,0,0,0,0.0,0.0,0.0,bajo,baja,baja,"1 partido(s) con eventos, sin tarjetas — muestra insuficiente, no asumir riesgo cero",worldcup_events_auto
38708,Gervane Kastaneer,5530,Curaçao,FWD,2,2,0,0,2,1.0,0.0,1.0,alto,baja,media-baja,"2 partidos con eventos reales — muestra reducida, orientativo",worldcup_events_auto
38735,S. Dest,2384,USA,FWD,4,0,0,0,0,0.0,0.0,0.0,bajo,media,media,"4 partido(s) con eventos, sin tarjetas — muestra insuficiente, no asumir riesgo cero",worldcup_events_auto
38747,Q. Timber,1118,Netherlands,MID,1,0,0,0,0,0.0,0.0,0.0,bajo,baja,baja,"1 partido(s) con eventos, sin tarjetas — muestra insuficiente, no asumir riesgo cero",worldcup_events_auto
38750,B. Brobbey,1118,Netherlands,FWD,3,0,0,0,0,0.0,0.0,0.0,bajo,baja,media-baja,"3 partido(s) con eventos, sin tarjetas — muestra insuficiente, no asumir riesgo cero",worldcup_events_auto
39043,F. Aursnes,1090,Norway,MID,2,0,0,0,0,0.0,0.0,0.0,bajo,baja,media-baja,"2 partido(s) con eventos, sin tarjetas — muestra insuficiente, no asumir riesgo cero",worldcup_events_auto
39058,F. Bjorkan,1090,Norway,DEF,1,0,0,0,0,0.0,0.0,0.0,bajo,baja,baja,"1 partido(s) con eventos, sin tarjetas — muestra insuficiente, no asumir riesgo cero",worldcup_events_auto
39064,Patrick Berg,1090,Norway,MID,1,1,0,0,1,1.0,0.0,1.0,medio,baja,baja,"solo 1 partido con eventos, no extrapolar fuerte",worldcup_events_auto
39143,K. Thorstvedt,1090,Norway,MID,1,0,0,0,0,0.0,0.0,0.0,bajo,baja,baja,"1 partido(s) con eventos, sin tarjetas — muestra insuficiente, no asumir riesgo cero",worldcup_events_auto
39254,T. Heggem,1090,Norway,DEF,1,0,0,0,0,0.0,0.0,0.0,bajo,baja,baja,"1 partido(s) con eventos, sin tarjetas — muestra insuficiente, no asumir riesgo cero",worldcup_events_auto
39362,M. Pedersen,1090,Norway,DEF,2,0,0,0,0,0.0,0.0,0.0,bajo,baja,media-baja,"2 partido(s) con eventos, sin tarjetas — muestra insuficiente, no asumir riesgo cero",worldcup_events_auto
41585,G. Ramos,27,Portugal,FWD,1,0,0,0,0,0.0,0.0,0.0,bajo,baja,baja,"1 partido(s) con eventos, sin tarjetas — muestra insuficiente, no asumir riesgo cero",worldcup_events_auto
41608,Diney Borges,1533,Cape Verde Islands,DEF,2,1,0,0,1,0.5,0.0,0.5,alto,baja,media-baja,"2 partidos con eventos reales — muestra reducida, orientativo",worldcup_events_auto
42075,Edmilson Junior,1569,Qatar,FWD,3,0,0,0,0,0.0,0.0,0.0,bajo,baja,media-baja,"3 partido(s) con eventos, sin tarjetas — muestra insuficiente, no asumir riesgo cero",worldcup_events_auto
42207,M. Abunada,1113,Bosnia & Herzegovina,GK,2,1,0,0,1,0.5,0.0,0.5,alto,baja,media-baja,"2 partidos con eventos reales — muestra reducida, orientativo",worldcup_events_auto
42261,Rebin Sulaka,1567,Iraq,DEF,1,0,1,0,1,0.0,1.0,1.0,medio,baja,baja,"solo 1 partido con eventos, no extrapolar fuerte",worldcup_events_auto
42315,Mehdi Taremi,22,Iran,FWD,3,0,0,0,0,0.0,0.0,0.0,bajo,baja,media-baja,"3 partido(s) con eventos, sin tarjetas — muestra insuficiente, no asumir riesgo cero",worldcup_events_auto
44315,A. Al Khaibari,23,Saudi Arabia,MID,2,0,0,0,0,0.0,0.0,0.0,bajo,baja,media-baja,"2 partido(s) con eventos, sin tarjetas — muestra insuficiente, no asumir riesgo cero",worldcup_events_auto
44324,F. Al Buraikan,23,Saudi Arabia,FWD,3,1,0,0,1,0.333,0.0,0.333,medio,baja,media-baja,"3 partidos con eventos reales — muestra reducida, orientativo",worldcup_events_auto
44339,N. Al Dawsari,23,Saudi Arabia,MID,2,1,0,0,1,0.5,0.0,0.5,alto,baja,media-baja,"2 partidos con eventos reales — muestra reducida, orientativo",worldcup_events_auto
44340,Salem Al-Dawsari,23,Saudi Arabia,MID,2,1,0,0,1,0.5,0.0,0.5,alto,baja,media-baja,"2 partidos con eventos reales — muestra reducida, orientativo",worldcup_events_auto
44349,Mohamed Kanno,23,Saudi Arabia,FWD,1,1,0,0,1,1.0,0.0,1.0,medio,baja,baja,"solo 1 partido con eventos, no extrapolar fuerte",worldcup_events_auto
44362,H. Tambakti,9,Spain,DEF,2,0,0,0,0,0.0,0.0,0.0,bajo,baja,media-baja,"2 partido(s) con eventos, sin tarjetas — muestra insuficiente, no asumir riesgo cero",worldcup_events_auto
44475,A. Al Amri,23,Saudi Arabia,DEF,2,1,0,0,1,0.5,0.0,0.5,alto,baja,media-baja,"2 partidos con eventos reales — muestra reducida, orientativo",worldcup_events_auto
44594,Saud Abdulhamid,23,Saudi Arabia,DEF,2,1,0,0,1,0.5,0.0,0.5,alto,baja,media-baja,"2 partidos con eventos reales — muestra reducida, orientativo",worldcup_events_auto
44612,G. Rodrigues,1533,Cape Verde Islands,FWD,1,0,0,0,0,0.0,0.0,0.0,bajo,baja,baja,"1 partido(s) con eventos, sin tarjetas — muestra insuficiente, no asumir riesgo cero",worldcup_events_auto
44798,Liam Millar,5529,Canada,FWD,3,1,0,0,1,0.333,0.0,0.333,medio,baja,media-baja,"3 partidos con eventos reales — muestra reducida, orientativo",worldcup_events_auto
44871,Aaron Hickey,1108,Scotland,DEF,1,1,0,0,1,1.0,0.0,1.0,medio,baja,baja,"solo 1 partido con eventos, no extrapolar fuerte",worldcup_events_auto
45020,Duckens Nazon,2386,Haiti,FWD,1,1,0,0,1,1.0,0.0,1.0,medio,baja,baja,"solo 1 partido con eventos, no extrapolar fuerte",worldcup_events_auto
45175,L. Shankland,1108,Scotland,FWD,2,0,0,0,0,0.0,0.0,0.0,bajo,baja,media-baja,"2 partido(s) con eventos, sin tarjetas — muestra insuficiente, no asumir riesgo cero",worldcup_events_auto
46334,Aubrey Modiba,1531,South Africa,DEF,2,1,0,0,1,0.5,0.0,0.5,alto,baja,media-baja,"2 partidos con eventos reales — muestra reducida, orientativo",worldcup_events_auto
46458,Nkosinathi Sibisi,1531,South Africa,DEF,1,1,0,0,1,1.0,0.0,1.0,medio,baja,baja,"solo 1 partido con eventos, no extrapolar fuerte",worldcup_events_auto
46731,P. Estupinan,2382,Ecuador,DEF,1,0,0,0,0,0.0,0.0,0.0,bajo,baja,baja,"1 partido(s) con eventos, sin tarjetas — muestra insuficiente, no asumir riesgo cero",worldcup_events_auto
46746,A. Budimir,3,Croatia,FWD,3,0,0,0,0,0.0,0.0,0.0,bajo,baja,media-baja,"3 partido(s) con eventos, sin tarjetas — muestra insuficiente, no asumir riesgo cero",worldcup_events_auto
46855,Yoel Bárcenas,11,Panama,MID,2,1,0,0,1,0.5,0.0,0.5,alto,baja,media-baja,"2 partidos con eventos reales — muestra reducida, orientativo",worldcup_events_auto
46930,Ermedin Demirović,1113,Bosnia & Herzegovina,FWD,2,1,0,0,1,0.5,0.0,0.5,alto,baja,media-baja,"2 partidos con eventos reales — muestra reducida, orientativo",worldcup_events_auto
47237,L. Suarez,8,Colombia,FWD,3,1,0,0,1,0.333,0.0,0.333,medio,baja,media-baja,"3 partidos con eventos reales — muestra reducida, orientativo",worldcup_events_auto
47254,Mathías Olivera,7,Uruguay,DEF,1,1,0,0,1,1.0,0.0,1.0,medio,baja,baja,"solo 1 partido con eventos, no extrapolar fuerte",worldcup_events_auto
47294,Iñaki Williams,1504,Ghana,MID,2,1,0,0,1,0.5,0.0,0.5,alto,baja,media-baja,"2 partidos con eventos reales — muestra reducida, orientativo",worldcup_events_auto
47311,M. Merino,9,Spain,MID,2,0,0,0,0,0.0,0.0,0.0,bajo,baja,media-baja,"2 partido(s) con eventos, sin tarjetas — muestra insuficiente, no asumir riesgo cero",worldcup_events_auto
47323,M. Oyarzabal,9,Spain,FWD,4,0,0,0,0,0.0,0.0,0.0,bajo,media,media,"4 partido(s) con eventos, sin tarjetas — muestra insuficiente, no asumir riesgo cero",worldcup_events_auto
47519,P. Porro,9,Spain,DEF,1,0,0,0,0,0.0,0.0,0.0,bajo,baja,baja,"1 partido(s) con eventos, sin tarjetas — muestra insuficiente, no asumir riesgo cero",worldcup_events_auto
47582,C. Hernández,8,Colombia,FWD,1,0,0,0,0,0.0,0.0,0.0,bajo,baja,baja,"1 partido(s) con eventos, sin tarjetas — muestra insuficiente, no asumir riesgo cero",worldcup_events_auto
47696,A. Bernhardsson,5,Sweden,FWD,3,0,0,0,0,0.0,0.0,0.0,bajo,baja,media-baja,"3 partido(s) con eventos, sin tarjetas — muestra insuficiente, no asumir riesgo cero",worldcup_events_auto
47792,Amir Al-Ammari,1567,Iraq,MID,2,2,0,0,2,1.0,0.0,1.0,alto,baja,media-baja,"2 partidos con eventos reales — muestra reducida, orientativo",worldcup_events_auto
47969,Gabriel Gudmundsson,5,Sweden,DEF,3,1,0,0,1,0.333,0.0,0.333,medio,baja,media-baja,"3 partidos con eventos reales — muestra reducida, orientativo",worldcup_events_auto
48002,B. Nygren,5,Sweden,FWD,2,0,0,0,0,0.0,0.0,0.0,bajo,baja,media-baja,"2 partido(s) con eventos, sin tarjetas — muestra insuficiente, no asumir riesgo cero",worldcup_events_auto
48047,J. Karlstrom,5,Sweden,MID,2,0,0,0,0,0.0,0.0,0.0,bajo,baja,media-baja,"2 partido(s) con eventos, sin tarjetas — muestra insuficiente, no asumir riesgo cero",worldcup_events_auto
48378,S. Widmer,15,Switzerland,DEF,1,0,0,0,0,0.0,0.0,0.0,bajo,baja,baja,"1 partido(s) con eventos, sin tarjetas — muestra insuficiente, no asumir riesgo cero",worldcup_events_auto
48471,R. Vargas,15,Switzerland,MID,5,0,0,0,0,0.0,0.0,0.0,bajo,media,media,"5 partido(s) con eventos, sin tarjetas — muestra insuficiente, no asumir riesgo cero",worldcup_events_auto
48489,M. Muheim,15,Switzerland,DEF,2,1,0,0,1,0.5,0.0,0.5,alto,baja,media-baja,"2 partidos con eventos reales — muestra reducida, orientativo",worldcup_events_auto
48497,C. Itten,15,Switzerland,FWD,1,0,0,0,0,0.0,0.0,0.0,bajo,baja,baja,"1 partido(s) con eventos, sin tarjetas — muestra insuficiente, no asumir riesgo cero",worldcup_events_auto
48555,Charles Pickel,1508,Congo DR,MID,1,1,0,0,1,1.0,0.0,1.0,medio,baja,baja,"solo 1 partido con eventos, no extrapolar fuerte",worldcup_events_auto
48648,D. Ndoye,15,Switzerland,MID,4,0,0,0,0,0.0,0.0,0.0,bajo,media,media,"4 partido(s) con eventos, sin tarjetas — muestra insuficiente, no asumir riesgo cero",worldcup_events_auto
49451,A. Hussein,1567,Iraq,FWD,2,0,0,0,0,0.0,0.0,0.0,bajo,baja,media-baja,"2 partido(s) con eventos, sin tarjetas — muestra insuficiente, no asumir riesgo cero",worldcup_events_auto
49583,A. Abdi,28,Tunisia,DEF,1,0,0,0,0,0.0,0.0,0.0,bajo,baja,baja,"1 partido(s) con eventos, sin tarjetas — muestra insuficiente, no asumir riesgo cero",worldcup_events_auto
50057,Eren Elmalı,777,Türkiye,MID,1,1,0,0,1,1.0,0.0,1.0,medio,baja,baja,"solo 1 partido con eventos, no extrapolar fuerte",worldcup_events_auto
50270,R. Mendes,1533,Cape Verde Islands,MID,2,0,0,0,0,0.0,0.0,0.0,bajo,baja,media-baja,"2 partido(s) con eventos, sin tarjetas — muestra insuficiente, no asumir riesgo cero",worldcup_events_auto
50272,O. Shukurov,1568,Uzbekistan,MID,2,0,0,0,0,0.0,0.0,0.0,bajo,baja,media-baja,"2 partido(s) con eventos, sin tarjetas — muestra insuficiente, no asumir riesgo cero",worldcup_events_auto
50737,A. Trusty,2384,USA,DEF,1,0,0,0,0,0.0,0.0,0.0,bajo,baja,baja,"1 partido(s) con eventos, sin tarjetas — muestra insuficiente, no asumir riesgo cero",worldcup_events_auto
50739,B. Aaronson,2384,USA,MID,1,0,0,0,0,0.0,0.0,0.0,bajo,baja,baja,"1 partido(s) con eventos, sin tarjetas — muestra insuficiente, no asumir riesgo cero",worldcup_events_auto
50745,J. Monteiro,1533,Cape Verde Islands,MID,3,0,0,0,0,0.0,0.0,0.0,bajo,baja,media-baja,"3 partido(s) con eventos, sin tarjetas — muestra insuficiente, no asumir riesgo cero",worldcup_events_auto
50788,M. Choiniere,5529,Canada,MID,1,0,0,0,0,0.0,0.0,0.0,bajo,baja,baja,"1 partido(s) con eventos, sin tarjetas — muestra insuficiente, no asumir riesgo cero",worldcup_events_auto
50816,R. Laryea,5529,Canada,DEF,2,1,0,0,1,0.5,0.0,0.5,alto,baja,media-baja,"2 partidos con eventos reales — muestra reducida, orientativo",worldcup_events_auto
50852,J. Scally,2384,USA,DEF,1,0,0,0,0,0.0,0.0,0.0,bajo,baja,baja,"1 partido(s) con eventos, sin tarjetas — muestra insuficiente, no asumir riesgo cero",worldcup_events_auto
51016,T. Buchanan,5529,Canada,MID,5,0,0,0,0,0.0,0.0,0.0,bajo,media,media,"5 partido(s) con eventos, sin tarjetas — muestra insuficiente, no asumir riesgo cero",worldcup_events_auto
51295,Derek Cornelius,5529,Canada,DEF,1,1,0,0,1,1.0,0.0,1.0,medio,baja,baja,"solo 1 partido con eventos, no extrapolar fuerte",worldcup_events_auto
51494,M. Ugarte,7,Uruguay,MID,3,0,0,0,0,0.0,0.0,0.0,bajo,baja,media-baja,"3 partido(s) con eventos, sin tarjetas — muestra insuficiente, no asumir riesgo cero",worldcup_events_auto
51530,F. Vinas,7,Uruguay,FWD,2,0,0,0,0,0.0,0.0,0.0,bajo,baja,media-baja,"2 partido(s) con eventos, sin tarjetas — muestra insuficiente, no asumir riesgo cero",worldcup_events_auto
51572,M. Vina,7,Uruguay,DEF,1,0,0,0,0,0.0,0.0,0.0,bajo,baja,baja,"1 partido(s) con eventos, sin tarjetas — muestra insuficiente, no asumir riesgo cero",worldcup_events_auto
51603,A. Canobbio,7,Uruguay,MID,2,0,1,0,1,0.0,0.5,0.5,alto,baja,media-baja,"2 partidos con eventos reales — muestra reducida, orientativo",worldcup_events_auto
51617,D. Nunez,7,Uruguay,FWD,1,0,0,0,0,0.0,0.0,0.0,bajo,baja,baja,"1 partido(s) con eventos, sin tarjetas — muestra insuficiente, no asumir riesgo cero",worldcup_events_auto
51648,C. Waterman,11,Panama,FWD,1,0,0,0,0,0.0,0.0,0.0,bajo,baja,baja,"1 partido(s) con eventos, sin tarjetas — muestra insuficiente, no asumir riesgo cero",worldcup_events_auto
51776,M. Araujo,7,Uruguay,MID,2,0,0,0,0,0.0,0.0,0.0,bajo,baja,media-baja,"2 partido(s) con eventos, sin tarjetas — muestra insuficiente, no asumir riesgo cero",worldcup_events_auto
53535,E. Shomurodov,1568,Uzbekistan,FWD,2,0,0,0,0,0.0,0.0,0.0,bajo,baja,media-baja,"2 partido(s) con eventos, sin tarjetas — muestra insuficiente, no asumir riesgo cero",worldcup_events_auto
53834,D. Khamdamov,1568,Uzbekistan,FWD,1,0,0,0,0,0.0,0.0,0.0,bajo,baja,baja,"1 partido(s) con eventos, sin tarjetas — muestra insuficiente, no asumir riesgo cero",worldcup_events_auto
53835,Odiljon Khamrobekov,1568,Uzbekistan,MID,1,1,0,0,1,1.0,0.0,1.0,medio,baja,baja,"solo 1 partido con eventos, no extrapolar fuerte",worldcup_events_auto
53900,Y. Al Arab,1548,Jordan,DEF,2,1,0,0,1,0.5,0.0,0.5,alto,baja,media-baja,"2 partidos con eventos reales — muestra reducida, orientativo",worldcup_events_auto
53902,E. Haddad,1548,Jordan,MID,1,0,0,0,0,0.0,0.0,0.0,bajo,baja,baja,"1 partido(s) con eventos, sin tarjetas — muestra insuficiente, no asumir riesgo cero",worldcup_events_auto
57518,S. Tounekti,28,Tunisia,FWD,1,0,0,0,0,0.0,0.0,0.0,bajo,baja,baja,"1 partido(s) con eventos, sin tarjetas — muestra insuficiente, no asumir riesgo cero",worldcup_events_auto
57667,J. Ramos,11,Panama,DEF,1,0,0,0,0,0.0,0.0,0.0,bajo,baja,baja,"1 partido(s) con eventos, sin tarjetas — muestra insuficiente, no asumir riesgo cero",worldcup_events_auto
57803,J. Gutierrez,11,Panama,DEF,1,0,0,0,0,0.0,0.0,0.0,bajo,baja,baja,"1 partido(s) con eventos, sin tarjetas — muestra insuficiente, no asumir riesgo cero",worldcup_events_auto
57910,T. Rodriguez,11,Panama,FWD,1,0,0,0,0,0.0,0.0,0.0,bajo,baja,baja,"1 partido(s) con eventos, sin tarjetas — muestra insuficiente, no asumir riesgo cero",worldcup_events_auto
61837,A. Bardakci,777,Türkiye,DEF,1,0,0,0,0,0.0,0.0,0.0,bajo,baja,baja,"1 partido(s) con eventos, sin tarjetas — muestra insuficiente, no asumir riesgo cero",worldcup_events_auto
63274,B. Yilmaz,777,Türkiye,FWD,2,0,0,0,0,0.0,0.0,0.0,bajo,baja,media-baja,"2 partido(s) con eventos, sin tarjetas — muestra insuficiente, no asumir riesgo cero",worldcup_events_auto
64268,Johan Mojica,8,Colombia,DEF,1,1,0,0,1,1.0,0.0,1.0,medio,baja,baja,"solo 1 partido con eventos, no extrapolar fuerte",worldcup_events_auto
66019,A. Hlozek,770,Czechia,FWD,2,0,0,0,0,0.0,0.0,0.0,bajo,baja,media-baja,"2 partido(s) con eventos, sin tarjetas — muestra insuficiente, no asumir riesgo cero",worldcup_events_auto
66055,P. Musa,3,Croatia,FWD,2,0,0,0,0,0.0,0.0,0.0,bajo,baja,media-baja,"2 partido(s) con eventos, sin tarjetas — muestra insuficiente, no asumir riesgo cero",worldcup_events_auto
66353,L. Provod,770,Czechia,MID,1,0,0,0,0,0.0,0.0,0.0,bajo,baja,baja,"1 partido(s) con eventos, sin tarjetas — muestra insuficiente, no asumir riesgo cero",worldcup_events_auto
66387,P. Sulc,770,Czechia,FWD,1,0,0,0,0,0.0,0.0,0.0,bajo,baja,baja,"1 partido(s) con eventos, sin tarjetas — muestra insuficiente, no asumir riesgo cero",worldcup_events_auto
66407,L. Krejci,770,Czechia,DEF,2,1,0,0,1,0.5,0.0,0.5,alto,baja,media-baja,"2 partidos con eventos reales — muestra reducida, orientativo",worldcup_events_auto
67971,M. Guehi,10,England,DEF,1,1,0,0,1,1.0,0.0,1.0,medio,baja,baja,"solo 1 partido con eventos, no extrapolar fuerte",worldcup_events_auto
69196,M. Saber,32,Egypt,MID,1,1,0,0,1,1.0,0.0,1.0,medio,baja,baja,"solo 1 partido con eventos, no extrapolar fuerte",worldcup_events_auto
70514,A. Gigovic,1113,Bosnia & Herzegovina,MID,1,0,0,0,0,0.0,0.0,0.0,bajo,baja,baja,"1 partido(s) con eventos, sin tarjetas — muestra insuficiente, no asumir riesgo cero",worldcup_events_auto
70670,I. Pitta,2380,Paraguay,FWD,1,0,0,0,0,0.0,0.0,0.0,bajo,baja,baja,"1 partido(s) con eventos, sin tarjetas — muestra insuficiente, no asumir riesgo cero",worldcup_events_auto
70747,J. Enciso,2380,Paraguay,FWD,3,0,0,0,0,0.0,0.0,0.0,bajo,baja,media-baja,"3 partido(s) con eventos, sin tarjetas — muestra insuficiente, no asumir riesgo cero",worldcup_events_auto
71230,C. Harvey,11,Panama,MID,2,1,0,0,1,0.5,0.0,0.5,alto,baja,media-baja,"2 partidos con eventos reales — muestra reducida, orientativo",worldcup_events_auto
72127,O. Urunov,1568,Uzbekistan,MID,1,0,0,0,0,0.0,0.0,0.0,bajo,baja,baja,"1 partido(s) con eventos, sin tarjetas — muestra insuficiente, no asumir riesgo cero",worldcup_events_auto
72142,Shararh,1548,Jordan,FWD,1,1,0,0,1,1.0,0.0,1.0,medio,baja,baja,"solo 1 partido con eventos, no extrapolar fuerte",worldcup_events_auto
72155,A. Ueda,12,Japan,FWD,3,0,0,0,0,0.0,0.0,0.0,bajo,baja,media-baja,"3 partido(s) con eventos, sin tarjetas — muestra insuficiente, no asumir riesgo cero",worldcup_events_auto
73507,A. Nematov,27,Portugal,GK,1,0,0,0,0,0.0,0.0,0.0,bajo,baja,baja,"1 partido(s) con eventos, sin tarjetas — muestra insuficiente, no asumir riesgo cero",worldcup_events_auto
73514,S. Nasrullaev,1568,Uzbekistan,MID,3,1,0,0,1,0.333,0.0,0.333,medio,baja,media-baja,"3 partidos con eventos reales — muestra reducida, orientativo",worldcup_events_auto
73520,Azizjon Ganiev,1568,Uzbekistan,MID,1,0,0,0,0,0.0,0.0,0.0,bajo,baja,baja,"1 partido(s) con eventos, sin tarjetas — muestra insuficiente, no asumir riesgo cero",worldcup_events_auto
73522,A. Mozgovoy,1568,Uzbekistan,MID,1,0,0,0,0,0.0,0.0,0.0,bajo,baja,baja,"1 partido(s) con eventos, sin tarjetas — muestra insuficiente, no asumir riesgo cero",worldcup_events_auto
73868,R. Pepi,2384,USA,FWD,1,0,0,0,0,0.0,0.0,0.0,bajo,baja,baja,"1 partido(s) con eventos, sin tarjetas — muestra insuficiente, no asumir riesgo cero",worldcup_events_auto
77037,J. Lukic,1113,Bosnia & Herzegovina,FWD,1,1,0,0,1,1.0,0.0,1.0,medio,baja,baja,"solo 1 partido con eventos, no extrapolar fuerte",worldcup_events_auto
78547,Alistair Johnston,5529,Canada,DEF,1,1,0,0,1,1.0,0.0,1.0,medio,baja,baja,"solo 1 partido con eventos, no extrapolar fuerte",worldcup_events_auto
81573,O. Marmoush,32,Egypt,FWD,2,0,0,0,0,0.0,0.0,0.0,bajo,baja,media-baja,"2 partido(s) con eventos, sin tarjetas — muestra insuficiente, no asumir riesgo cero",worldcup_events_auto
84087,W. Isidor,2386,Haiti,FWD,2,0,0,0,0,0.0,0.0,0.0,bajo,baja,media-baja,"2 partido(s) con eventos, sin tarjetas — muestra insuficiente, no asumir riesgo cero",worldcup_events_auto
85041,A. Gouiri,1532,Algeria,FWD,3,0,0,0,0,0.0,0.0,0.0,bajo,baja,media-baja,"3 partido(s) con eventos, sin tarjetas — muestra insuficiente, no asumir riesgo cero",worldcup_events_auto
87789,Johny Placide,2386,Haiti,GK,1,1,0,0,1,1.0,0.0,1.0,medio,baja,baja,"solo 1 partido con eventos, no extrapolar fuerte",worldcup_events_auto
89982,S. Moghanlou,22,Iran,FWD,1,0,0,0,0,0.0,0.0,0.0,bajo,baja,baja,"1 partido(s) con eventos, sin tarjetas — muestra insuficiente, no asumir riesgo cero",worldcup_events_auto
94322,Callum McCowatt,4673,New Zealand,MID,2,1,0,0,1,0.5,0.0,0.5,alto,baja,media-baja,"2 partidos con eventos reales — muestra reducida, orientativo",worldcup_events_auto
94333,E. Just,4673,New Zealand,MID,3,1,0,0,1,0.333,0.0,0.333,medio,baja,media-baja,"3 partidos con eventos reales — muestra reducida, orientativo",worldcup_events_auto
94346,T. Payne,4673,New Zealand,DEF,3,0,0,0,0,0.0,0.0,0.0,bajo,baja,media-baja,"3 partido(s) con eventos, sin tarjetas — muestra insuficiente, no asumir riesgo cero",worldcup_events_auto
94541,J. Bell,4673,New Zealand,MID,1,0,0,0,0,0.0,0.0,0.0,bajo,baja,baja,"1 partido(s) con eventos, sin tarjetas — muestra insuficiente, no asumir riesgo cero",worldcup_events_auto
95460,Alex Arce,2380,Paraguay,FWD,1,1,0,0,1,1.0,0.0,1.0,medio,baja,baja,"solo 1 partido con eventos, no extrapolar fuerte",worldcup_events_auto
96512,K. Lenini,1533,Cape Verde Islands,MID,2,1,0,0,1,0.5,0.0,0.5,alto,baja,media-baja,"2 partidos con eventos reales — muestra reducida, orientativo",worldcup_events_auto
98936,L. Foster,1531,South Africa,FWD,1,0,0,0,0,0.0,0.0,0.0,bajo,baja,baja,"1 partido(s) con eventos, sin tarjetas — muestra insuficiente, no asumir riesgo cero",worldcup_events_auto
102538,M. Abualnadi,1548,Jordan,DEF,1,0,0,0,0,0.0,0.0,0.0,bajo,baja,baja,"1 partido(s) con eventos, sin tarjetas — muestra insuficiente, no asumir riesgo cero",worldcup_events_auto
106485,Mauricio,2380,Paraguay,MID,1,0,0,0,0,0.0,0.0,0.0,bajo,baja,baja,"1 partido(s) con eventos, sin tarjetas — muestra insuficiente, no asumir riesgo cero",worldcup_events_auto
113580,W. Semedo,1533,Cape Verde Islands,FWD,1,0,0,0,0,0.0,0.0,0.0,bajo,baja,baja,"1 partido(s) con eventos, sin tarjetas — muestra insuficiente, no asumir riesgo cero",worldcup_events_auto
116117,M. Caicedo,2382,Ecuador,MID,1,1,0,0,1,1.0,0.0,1.0,medio,baja,baja,"solo 1 partido con eventos, no extrapolar fuerte",worldcup_events_auto
123469,Z. Amdouni,15,Switzerland,FWD,1,0,0,0,0,0.0,0.0,0.0,bajo,baja,baja,"1 partido(s) con eventos, sin tarjetas — muestra insuficiente, no asumir riesgo cero",worldcup_events_auto
123530,M. Al Mardi,1548,Jordan,FWD,1,0,0,0,0,0.0,0.0,0.0,bajo,baja,baja,"1 partido(s) con eventos, sin tarjetas — muestra insuficiente, no asumir riesgo cero",worldcup_events_auto
126949,Chris Richards,2384,USA,DEF,1,1,0,0,1,1.0,0.0,1.0,medio,baja,baja,"solo 1 partido con eventos, no extrapolar fuerte",worldcup_events_auto
127429,I. Rayners,1531,South Africa,FWD,2,0,0,0,0,0.0,0.0,0.0,bajo,baja,media-baja,"2 partido(s) con eventos, sin tarjetas — muestra insuficiente, no asumir riesgo cero",worldcup_events_auto
127769,G. Martinelli,6,Brazil,MID,2,0,0,0,0,0.0,0.0,0.0,bajo,baja,media-baja,"2 partido(s) con eventos, sin tarjetas — muestra insuficiente, no asumir riesgo cero",worldcup_events_auto
127817,Piero Hincapié,2382,Ecuador,DEF,2,1,1,0,2,0.5,0.5,1.0,alto,baja,media-baja,"2 partidos con eventos reales — muestra reducida, orientativo",worldcup_events_auto
128384,Vitinha,27,Portugal,MID,5,0,0,0,0,0.0,0.0,0.0,bajo,media,media,"5 partido(s) con eventos, sin tarjetas — muestra insuficiente, no asumir riesgo cero",worldcup_events_auto
128766,L. Deedson,2386,Haiti,FWD,1,0,0,0,0,0.0,0.0,0.0,bajo,baja,baja,"1 partido(s) con eventos, sin tarjetas — muestra insuficiente, no asumir riesgo cero",worldcup_events_auto
129033,J. Gvardiol,3,Croatia,DEF,2,0,0,0,0,0.0,0.0,0.0,bajo,baja,media-baja,"2 partido(s) con eventos, sin tarjetas — muestra insuficiente, no asumir riesgo cero",worldcup_events_auto
129047,Ramiz Zerrouki,1532,Algeria,MID,2,1,0,0,1,0.5,0.0,0.5,alto,baja,media-baja,"2 partidos con eventos reales — muestra reducida, orientativo",worldcup_events_auto
129670,Nathanaël Mbuku,1508,Congo DR,FWD,2,1,0,0,1,0.5,0.0,0.5,alto,baja,media-baja,"2 partidos con eventos reales — muestra reducida, orientativo",worldcup_events_auto
129678,A. Ounahi,31,Morocco,MID,4,1,0,0,1,0.25,0.0,0.25,medio,media,media,4 partidos con eventos reales — muestra media,worldcup_events_auto
129718,J. Bellingham,10,England,MID,5,1,0,0,1,0.2,0.0,0.2,bajo,media,media,5 partidos con eventos reales — muestra media,worldcup_events_auto
133609,Pedri,9,Spain,MID,5,1,0,0,1,0.2,0.0,0.2,bajo,media,media,5 partidos con eventos reales — muestra media,worldcup_events_auto
134217,M. Mohebi,22,Iran,MID,3,0,0,0,0,0.0,0.0,0.0,bajo,baja,media-baja,"3 partido(s) con eventos, sin tarjetas — muestra insuficiente, no asumir riesgo cero",worldcup_events_auto
134590,O. Aydin,777,Türkiye,MID,1,0,0,0,0,0.0,0.0,0.0,bajo,baja,baja,"1 partido(s) con eventos, sin tarjetas — muestra insuficiente, no asumir riesgo cero",worldcup_events_auto
134995,N. Boushal,23,Saudi Arabia,DEF,1,0,0,0,0,0.0,0.0,0.0,bajo,baja,baja,"1 partido(s) con eventos, sin tarjetas — muestra insuficiente, no asumir riesgo cero",worldcup_events_auto
135059,M. Ben Hamida,28,Tunisia,DEF,1,0,0,0,0,0.0,0.0,0.0,bajo,baja,baja,"1 partido(s) con eventos, sin tarjetas — muestra insuficiente, no asumir riesgo cero",worldcup_events_auto
136723,N. Madueke,10,England,FWD,3,0,0,0,0,0.0,0.0,0.0,bajo,baja,media-baja,"3 partido(s) con eventos, sin tarjetas — muestra insuficiente, no asumir riesgo cero",worldcup_events_auto
136880,S. Hardani,22,Iran,DEF,1,0,0,0,0,0.0,0.0,0.0,bajo,baja,baja,"1 partido(s) con eventos, sin tarjetas — muestra insuficiente, no asumir riesgo cero",worldcup_events_auto
137976,Isak Hien,5,Sweden,DEF,1,1,0,0,1,1.0,0.0,1.0,medio,baja,baja,"solo 1 partido con eventos, no extrapolar fuerte",worldcup_events_auto
138417,N. Patterson,1108,Scotland,DEF,2,0,0,0,0,0.0,0.0,0.0,bajo,baja,media-baja,"2 partido(s) con eventos, sin tarjetas — muestra insuficiente, no asumir riesgo cero",worldcup_events_auto
138787,A. Gordon,10,England,MID,2,0,0,0,0,0.0,0.0,0.0,bajo,baja,media-baja,"2 partido(s) con eventos, sin tarjetas — muestra insuficiente, no asumir riesgo cero",worldcup_events_auto
138835,F. Balogun,2384,USA,FWD,4,1,1,0,2,0.25,0.25,0.5,alto,media,media,4 partidos con eventos reales — muestra media,worldcup_events_auto
138908,E. Anderson,10,England,MID,3,0,0,0,0,0.0,0.0,0.0,bajo,baja,media-baja,"3 partido(s) con eventos, sin tarjetas — muestra insuficiente, no asumir riesgo cero",worldcup_events_auto
140747,I. Bayesh,1567,Iraq,MID,2,0,0,0,0,0.0,0.0,0.0,bajo,baja,media-baja,"2 partido(s) con eventos, sin tarjetas — muestra insuficiente, no asumir riesgo cero",worldcup_events_auto
142959,K. Akturkoglu,777,Türkiye,FWD,2,0,0,0,0,0.0,0.0,0.0,bajo,baja,media-baja,"2 partido(s) con eventos, sin tarjetas — muestra insuficiente, no asumir riesgo cero",worldcup_events_auto
145465,H. Ali,1567,Iraq,DEF,1,0,0,0,0,0.0,0.0,0.0,bajo,baja,baja,"1 partido(s) con eventos, sin tarjetas — muestra insuficiente, no asumir riesgo cero",worldcup_events_auto
147859,C. De Ketelaere,1,Belgium,FWD,4,0,0,0,0,0.0,0.0,0.0,bajo,media,media,"4 partido(s) con eventos, sin tarjetas — muestra insuficiente, no asumir riesgo cero",worldcup_events_auto
152849,M. van de Ven,1118,Netherlands,MID,2,1,0,0,1,0.5,0.0,0.5,alto,baja,media-baja,"2 partidos con eventos reales — muestra reducida, orientativo",worldcup_events_auto
153430,A. Elanga,5,Sweden,MID,2,0,0,0,0,0.0,0.0,0.0,bajo,baja,media-baja,"2 partido(s) con eventos, sin tarjetas — muestra insuficiente, no asumir riesgo cero",worldcup_events_auto
157997,A. Diallo,1501,Ivory Coast,FWD,4,0,0,0,0,0.0,0.0,0.0,bajo,media,media,"4 partido(s) con eventos, sin tarjetas — muestra insuficiente, no asumir riesgo cero",worldcup_events_auto
158121,I. Jakobs,13,Senegal,DEF,1,0,0,0,0,0.0,0.0,0.0,bajo,baja,baja,"1 partido(s) con eventos, sin tarjetas — muestra insuficiente, no asumir riesgo cero",worldcup_events_auto
158433,Siphephelo Sithole,1531,South Africa,MID,1,0,1,0,1,0.0,1.0,1.0,medio,baja,baja,"solo 1 partido con eventos, no extrapolar fuerte",worldcup_events_auto
158698,Jarell Quansah,10,England,DEF,2,1,1,0,2,0.5,0.5,1.0,alto,baja,media-baja,"2 partidos con eventos reales — muestra reducida, orientativo",worldcup_events_auto
161747,Guéla Doué,1501,Ivory Coast,DEF,1,1,0,0,1,1.0,0.0,1.0,medio,baja,baja,"solo 1 partido con eventos, no extrapolar fuerte",worldcup_events_auto
161884,S. Hansen,5530,Curaçao,FWD,1,0,0,0,0,0.0,0.0,0.0,bajo,baja,baja,"1 partido(s) con eventos, sin tarjetas — muestra insuficiente, no asumir riesgo cero",worldcup_events_auto
161897,I. Saibari,31,Morocco,FWD,5,0,0,0,0,0.0,0.0,0.0,bajo,media,media,"5 partido(s) con eventos, sin tarjetas — muestra insuficiente, no asumir riesgo cero",worldcup_events_auto
161904,B. Barcola,2,France,MID,4,1,0,0,1,0.25,0.0,0.25,medio,media,media,4 partidos con eventos reales — muestra media,worldcup_events_auto
161921,G. Reyna,2384,USA,MID,2,0,0,0,0,0.0,0.0,0.0,bajo,baja,media-baja,"2 partido(s) con eventos, sin tarjetas — muestra insuficiente, no asumir riesgo cero",worldcup_events_auto
161939,Tomás Araújo,27,Portugal,DEF,1,1,0,0,1,1.0,0.0,1.0,medio,baja,baja,"solo 1 partido con eventos, no extrapolar fuerte",worldcup_events_auto
162007,M. De Cuyper,1,Belgium,DEF,2,1,0,0,1,0.5,0.0,0.5,alto,baja,media-baja,"2 partidos con eventos reales — muestra reducida, orientativo",worldcup_events_auto
162037,M. Tillman,2384,USA,MID,3,1,0,0,1,0.333,0.0,0.333,medio,baja,media-baja,"3 partidos con eventos reales — muestra reducida, orientativo",worldcup_events_auto
162194,L. Cerv,770,Czechia,MID,2,0,0,0,0,0.0,0.0,0.0,bajo,baja,media-baja,"2 partido(s) con eventos, sin tarjetas — muestra insuficiente, no asumir riesgo cero",worldcup_events_auto
162222,I. Basic,1113,Bosnia & Herzegovina,MID,1,0,0,0,0,0.0,0.0,0.0,bajo,baja,baja,"1 partido(s) con eventos, sin tarjetas — muestra insuficiente, no asumir riesgo cero",worldcup_events_auto
162451,A. Salah-Eddine,31,Morocco,DEF,1,0,0,0,0,0.0,0.0,0.0,bajo,baja,baja,"1 partido(s) con eventos, sin tarjetas — muestra insuficiente, no asumir riesgo cero",worldcup_events_auto
162707,E. Wahi,1501,Ivory Coast,FWD,1,0,0,0,0,0.0,0.0,0.0,bajo,baja,baja,"1 partido(s) con eventos, sin tarjetas — muestra insuficiente, no asumir riesgo cero",worldcup_events_auto
162714,A. Onana,1,Belgium,MID,2,0,0,0,0,0.0,0.0,0.0,bajo,baja,media-baja,"2 partido(s) con eventos, sin tarjetas — muestra insuficiente, no asumir riesgo cero",worldcup_events_auto
162733,R. Providence,2386,Haiti,MID,3,0,0,0,0,0.0,0.0,0.0,bajo,baja,media-baja,"3 partido(s) con eventos, sin tarjetas — muestra insuficiente, no asumir riesgo cero",worldcup_events_auto
162891,Juan Sanabria,7,Uruguay,DEF,1,1,0,0,1,1.0,0.0,1.0,medio,baja,baja,"solo 1 partido con eventos, no extrapolar fuerte",worldcup_events_auto
163032,F. Rieder,15,Switzerland,MID,2,0,0,0,0,0.0,0.0,0.0,bajo,baja,media-baja,"2 partido(s) con eventos, sin tarjetas — muestra insuficiente, no asumir riesgo cero",worldcup_events_auto
163068,O. Rekik,28,Tunisia,DEF,1,0,0,0,0,0.0,0.0,0.0,bajo,baja,baja,"1 partido(s) con eventos, sin tarjetas — muestra insuficiente, no asumir riesgo cero",worldcup_events_auto
164026,A. Olwan,1548,Jordan,FWD,3,0,0,0,0,0.0,0.0,0.0,bajo,baja,media-baja,"3 partido(s) con eventos, sin tarjetas — muestra insuficiente, no asumir riesgo cero",worldcup_events_auto
174915,J. Casimir,2386,Haiti,MID,2,1,0,0,1,0.5,0.0,0.5,alto,baja,media-baja,"2 partidos con eventos reales — muestra reducida, orientativo",worldcup_events_auto
175439,Homam Al-Amin,1569,Qatar,,1,0,1,0,1,0.0,1.0,1.0,medio,baja,baja,"solo 1 partido con eventos, no extrapolar fuerte",worldcup_events_auto
179699,F. Mayele,1508,Congo DR,FWD,1,0,0,0,0,0.0,0.0,0.0,bajo,baja,baja,"1 partido(s) con eventos, sin tarjetas — muestra insuficiente, no asumir riesgo cero",worldcup_events_auto
179862,Marko Stamenić,4673,New Zealand,MID,2,1,0,0,1,0.5,0.0,0.5,alto,baja,media-baja,"2 partidos con eventos reales — muestra reducida, orientativo",worldcup_events_auto
179893,O. Appollis,1531,South Africa,MID,1,0,0,0,0,0.0,0.0,0.0,bajo,baja,baja,"1 partido(s) con eventos, sin tarjetas — muestra insuficiente, no asumir riesgo cero",worldcup_events_auto
180937,H. Falchener,1090,Norway,DEF,1,0,0,0,0,0.0,0.0,0.0,bajo,baja,baja,"1 partido(s) con eventos, sin tarjetas — muestra insuficiente, no asumir riesgo cero",worldcup_events_auto
181812,J. Musiala,25,Germany,MID,3,1,0,0,1,0.333,0.0,0.333,medio,baja,media-baja,"3 partidos con eventos reales — muestra reducida, orientativo",worldcup_events_auto
182219,A. Baena,9,Spain,MID,4,1,0,0,1,0.25,0.0,0.25,medio,media,media,4 partidos con eventos reales — muestra media,worldcup_events_auto
190575,M. Attia,32,Egypt,MID,3,2,0,0,2,0.667,0.0,0.667,alto,baja,media-baja,"3 partidos con eventos reales — muestra reducida, orientativo",worldcup_events_auto
191240,M. Senaya,1504,Ghana,DEF,2,0,0,0,0,0.0,0.0,0.0,bajo,baja,media-baja,"2 partido(s) con eventos, sin tarjetas — muestra insuficiente, no asumir riesgo cero",worldcup_events_auto
194430,Thalente Mbatha,1531,South Africa,MID,1,1,0,0,1,1.0,0.0,1.0,medio,baja,baja,"solo 1 partido con eventos, no extrapolar fuerte",worldcup_events_auto
195104,R. Rios,8,Colombia,MID,1,1,0,0,1,1.0,0.0,1.0,medio,baja,baja,"solo 1 partido con eventos, no extrapolar fuerte",worldcup_events_auto
195107,D. Bobadilla,2380,Paraguay,MID,2,0,0,0,0,0.0,0.0,0.0,bajo,baja,media-baja,"2 partido(s) con eventos, sin tarjetas — muestra insuficiente, no asumir riesgo cero",worldcup_events_auto
195992,J. Caceres,2380,Paraguay,DEF,3,1,0,0,1,0.333,0.0,0.333,medio,baja,media-baja,"3 partidos con eventos reales — muestra reducida, orientativo",worldcup_events_auto
196156,I. Thiago,6,Brazil,FWD,1,0,0,0,0,0.0,0.0,0.0,bajo,baja,baja,"1 partido(s) con eventos, sin tarjetas — muestra insuficiente, no asumir riesgo cero",worldcup_events_auto
196187,A. Seidu,1504,Ghana,DEF,1,1,0,0,1,1.0,0.0,1.0,medio,baja,baja,"solo 1 partido con eventos, no extrapolar fuerte",worldcup_events_auto
196343,M. Abdelmonem,32,Egypt,DEF,1,0,0,0,0,0.0,0.0,0.0,bajo,baja,baja,"1 partido(s) con eventos, sin tarjetas — muestra insuficiente, no asumir riesgo cero",worldcup_events_auto
197933,A. Basil,1567,Iraq,GK,1,0,0,0,0,0.0,0.0,0.0,bajo,baja,baja,"1 partido(s) con eventos, sin tarjetas — muestra insuficiente, no asumir riesgo cero",worldcup_events_auto
197985,Seol Young-Woo,17,South Korea,MID,1,0,0,0,0,0.0,0.0,0.0,bajo,baja,baja,"1 partido(s) con eventos, sin tarjetas — muestra insuficiente, no asumir riesgo cero",worldcup_events_auto
198352,M. Toure,20,Australia,FWD,2,0,0,0,0,0.0,0.0,0.0,bajo,baja,media-baja,"2 partido(s) con eventos, sin tarjetas — muestra insuficiente, no asumir riesgo cero",worldcup_events_auto
198654,D. Svensson,5,Sweden,DEF,1,0,0,0,0,0.0,0.0,0.0,bajo,baja,baja,"1 partido(s) con eventos, sin tarjetas — muestra insuficiente, no asumir riesgo cero",worldcup_events_auto
199310,A. Slimane,28,Tunisia,MID,2,0,0,0,0,0.0,0.0,0.0,bajo,baja,media-baja,"2 partido(s) con eventos, sin tarjetas — muestra insuficiente, no asumir riesgo cero",worldcup_events_auto
199837,K. Sulemana,1504,Ghana,FWD,2,0,0,0,0,0.0,0.0,0.0,bajo,baja,media-baja,"2 partido(s) con eventos, sin tarjetas — muestra insuficiente, no asumir riesgo cero",worldcup_events_auto
200981,J. Gaber,1569,Qatar,MID,3,1,0,0,1,0.333,0.0,0.333,medio,baja,media-baja,"3 partidos con eventos reales — muestra reducida, orientativo",worldcup_events_auto
201354,E. Makgopa,1531,South Africa,FWD,1,0,0,0,0,0.0,0.0,0.0,bajo,baja,baja,"1 partido(s) con eventos, sin tarjetas — muestra insuficiente, no asumir riesgo cero",worldcup_events_auto
201713,Sebastian Berhalter,2384,USA,MID,1,1,0,0,1,1.0,0.0,1.0,medio,baja,baja,"solo 1 partido con eventos, no extrapolar fuerte",worldcup_events_auto
202381,M. Al Harbi,23,Saudi Arabia,DEF,1,0,0,0,0,0.0,0.0,0.0,bajo,baja,baja,"1 partido(s) con eventos, sin tarjetas — muestra insuficiente, no asumir riesgo cero",worldcup_events_auto
203224,F. Wirtz,25,Germany,MID,2,0,0,0,0,0.0,0.0,0.0,bajo,baja,media-baja,"2 partido(s) con eventos, sin tarjetas — muestra insuficiente, no asumir riesgo cero",worldcup_events_auto
210165,F. Surman,4673,New Zealand,DEF,1,0,0,0,0,0.0,0.0,0.0,bajo,baja,baja,"1 partido(s) con eventos, sin tarjetas — muestra insuficiente, no asumir riesgo cero",worldcup_events_auto
212233,Brian Gutiérrez,16,Mexico,MID,2,1,0,0,1,0.5,0.0,0.5,alto,baja,media-baja,"2 partidos con eventos reales — muestra reducida, orientativo",worldcup_events_auto
213980,N. Al Rashdan,1548,Jordan,MID,2,0,0,0,0,0.0,0.0,0.0,bajo,baja,media-baja,"2 partido(s) con eventos, sin tarjetas — muestra insuficiente, no asumir riesgo cero",worldcup_events_auto
214463,I. Yuksek,777,Türkiye,MID,2,0,0,0,0,0.0,0.0,0.0,bajo,baja,media-baja,"2 partido(s) con eventos, sin tarjetas — muestra insuficiente, no asumir riesgo cero",worldcup_events_auto
226765,E. Stroud,5,Sweden,MID,2,0,0,0,0,0.0,0.0,0.0,bajo,baja,media-baja,"2 partido(s) con eventos, sin tarjetas — muestra insuficiente, no asumir riesgo cero",worldcup_events_auto
229112,A. Qasem,1567,Iraq,MID,1,0,0,0,0,0.0,0.0,0.0,bajo,baja,baja,"1 partido(s) con eventos, sin tarjetas — muestra insuficiente, no asumir riesgo cero",worldcup_events_auto
237220,Lee Tae-Seok,17,South Korea,MID,2,0,0,0,0,0.0,0.0,0.0,bajo,baja,media-baja,"2 partido(s) con eventos, sin tarjetas — muestra insuficiente, no asumir riesgo cero",worldcup_events_auto
260865,M. Pasalic,3,Croatia,FWD,1,0,0,0,0,0.0,0.0,0.0,bajo,baja,baja,"1 partido(s) con eventos, sin tarjetas — muestra insuficiente, no asumir riesgo cero",worldcup_events_auto
263482,N. Mendes,27,Portugal,DEF,4,0,0,0,0,0.0,0.0,0.0,bajo,media,media,"4 partido(s) con eventos, sin tarjetas — muestra insuficiente, no asumir riesgo cero",worldcup_events_auto
263676,A. Fayzullaev,1568,Uzbekistan,FWD,3,0,0,0,0,0.0,0.0,0.0,bajo,baja,media-baja,"3 partido(s) con eventos, sin tarjetas — muestra insuficiente, no asumir riesgo cero",worldcup_events_auto
264094,B. Tahirovic,1113,Bosnia & Herzegovina,MID,1,0,0,0,0,0.0,0.0,0.0,bajo,baja,baja,"1 partido(s) con eventos, sin tarjetas — muestra insuficiente, no asumir riesgo cero",worldcup_events_auto
264705,A. Jashari,15,Switzerland,MID,1,0,0,0,0,0.0,0.0,0.0,bajo,baja,baja,"1 partido(s) con eventos, sin tarjetas — muestra insuficiente, no asumir riesgo cero",worldcup_events_auto
265556,T. Arcanjo,1533,Cape Verde Islands,MID,1,0,0,0,0,0.0,0.0,0.0,bajo,baja,baja,"1 partido(s) con eventos, sin tarjetas — muestra insuficiente, no asumir riesgo cero",worldcup_events_auto
265782,D. Wolfe,1090,Norway,DEF,2,0,0,0,0,0.0,0.0,0.0,bajo,baja,media-baja,"2 partido(s) con eventos, sin tarjetas — muestra insuficiente, no asumir riesgo cero",worldcup_events_auto
265820,Yasin Ayari,5,Sweden,MID,3,1,0,0,1,0.333,0.0,0.333,medio,baja,media-baja,"3 partidos con eventos reales — muestra reducida, orientativo",worldcup_events_auto
266345,E. Lira,16,Mexico,MID,1,0,0,0,0,0.0,0.0,0.0,bajo,baja,baja,"1 partido(s) con eventos, sin tarjetas — muestra insuficiente, no asumir riesgo cero",worldcup_events_auto
268710,J. Adams,1531,South Africa,MID,2,0,0,0,0,0.0,0.0,0.0,bajo,baja,media-baja,"2 partido(s) con eventos, sin tarjetas — muestra insuficiente, no asumir riesgo cero",worldcup_events_auto
269174,Mostafa Shobeir,32,Egypt,GK,1,1,0,0,1,1.0,0.0,1.0,medio,baja,baja,"solo 1 partido con eventos, no extrapolar fuerte",worldcup_events_auto
270774,R. Rangel,16,Mexico,GK,1,0,0,0,0,0.0,0.0,0.0,bajo,baja,baja,"1 partido(s) con eventos, sin tarjetas — muestra insuficiente, no asumir riesgo cero",worldcup_events_auto
271350,Tarik Muharemović,1113,Bosnia & Herzegovina,DEF,1,0,1,0,1,0.0,1.0,1.0,medio,baja,baja,"solo 1 partido con eventos, no extrapolar fuerte",worldcup_events_auto
271444,Merchas Doski,1567,Iraq,DEF,1,1,0,0,1,1.0,0.0,1.0,medio,baja,baja,"solo 1 partido con eventos, no extrapolar fuerte",worldcup_events_auto
271539,J. Hadjam,1532,Algeria,DEF,1,0,0,0,0,0.0,0.0,0.0,bajo,baja,baja,"1 partido(s) con eventos, sin tarjetas — muestra insuficiente, no asumir riesgo cero",worldcup_events_auto
275651,A. Bonny,1501,Ivory Coast,FWD,3,0,0,0,0,0.0,0.0,0.0,bajo,baja,media-baja,"3 partido(s) con eventos, sin tarjetas — muestra insuficiente, no asumir riesgo cero",worldcup_events_auto
276670,F. Chaibi,1532,Algeria,MID,2,1,0,0,1,0.5,0.0,0.5,alto,baja,media-baja,"2 partidos con eventos reales — muestra reducida, orientativo",worldcup_events_auto
277003,N. El Aynaoui,31,Morocco,MID,2,0,0,0,0,0.0,0.0,0.0,bajo,baja,media-baja,"2 partido(s) con eventos, sin tarjetas — muestra insuficiente, no asumir riesgo cero",worldcup_events_auto
277930,T. Aasgaard,1090,Norway,MID,1,0,0,0,0,0.0,0.0,0.0,bajo,baja,baja,"1 partido(s) con eventos, sin tarjetas — muestra insuficiente, no asumir riesgo cero",worldcup_events_auto
278133,O. Bobb,1090,Norway,MID,1,0,0,0,0,0.0,0.0,0.0,bajo,baja,baja,"1 partido(s) con eventos, sin tarjetas — muestra insuficiente, no asumir riesgo cero",worldcup_events_auto
278370,D. Gomez,2380,Paraguay,MID,3,2,0,0,2,0.667,0.0,0.667,alto,baja,media-baja,"3 partidos con eventos reales — muestra reducida, orientativo",worldcup_events_auto
278898,C. Riad,31,Morocco,DEF,1,0,0,0,0,0.0,0.0,0.0,bajo,baja,baja,"1 partido(s) con eventos, sin tarjetas — muestra insuficiente, no asumir riesgo cero",worldcup_events_auto
279482,B. Cipenga,1508,Congo DR,FWD,2,0,0,0,0,0.0,0.0,0.0,bajo,baja,media-baja,"2 partido(s) con eventos, sin tarjetas — muestra insuficiente, no asumir riesgo cero",worldcup_events_auto
280074,N. Brown,25,Germany,DEF,1,0,0,0,0,0.0,0.0,0.0,bajo,baja,baja,"1 partido(s) con eventos, sin tarjetas — muestra insuficiente, no asumir riesgo cero",worldcup_events_auto
280695,A. Minda,2382,Ecuador,FWD,1,0,0,0,0,0.0,0.0,0.0,bajo,baja,baja,"1 partido(s) con eventos, sin tarjetas — muestra insuficiente, no asumir riesgo cero",worldcup_events_auto
283058,N. Jackson,13,Senegal,FWD,1,0,0,0,0,0.0,0.0,0.0,bajo,baja,baja,"1 partido(s) con eventos, sin tarjetas — muestra insuficiente, no asumir riesgo cero",worldcup_events_auto
283174,M. Al Mannai,5529,Canada,MID,1,0,0,0,0,0.0,0.0,0.0,bajo,baja,baja,"1 partido(s) con eventos, sin tarjetas — muestra insuficiente, no asumir riesgo cero",worldcup_events_auto
284295,Z. Iqbal,1567,Iraq,MID,1,0,0,0,0,0.0,0.0,0.0,bajo,baja,baja,"1 partido(s) con eventos, sin tarjetas — muestra insuficiente, no asumir riesgo cero",worldcup_events_auto
290212,D. Visinsky,770,Czechia,FWD,1,0,0,0,0,0.0,0.0,0.0,bajo,baja,baja,"1 partido(s) con eventos, sin tarjetas — muestra insuficiente, no asumir riesgo cero",worldcup_events_auto
291024,H. Varela,1533,Cape Verde Islands,FWD,1,0,0,0,0,0.0,0.0,0.0,bajo,baja,baja,"1 partido(s) con eventos, sin tarjetas — muestra insuficiente, no asumir riesgo cero",worldcup_events_auto
291964,A. Guler,777,Türkiye,FWD,1,0,0,0,0,0.0,0.0,0.0,bajo,baja,baja,"1 partido(s) con eventos, sin tarjetas — muestra insuficiente, no asumir riesgo cero",worldcup_events_auto
292924,N. Benbouali,1532,Algeria,FWD,1,0,0,0,0,0.0,0.0,0.0,bajo,baja,baja,"1 partido(s) con eventos, sin tarjetas — muestra insuficiente, no asumir riesgo cero",worldcup_events_auto
294824,Nathan-Dylan Saliba,5529,Canada,MID,2,1,0,0,1,0.5,0.0,0.5,alto,baja,media-baja,"2 partidos con eventos reales — muestra reducida, orientativo",worldcup_events_auto
295026,M. Baturina,3,Croatia,MID,3,0,0,0,0,0.0,0.0,0.0,bajo,baja,media-baja,"3 partido(s) con eventos, sin tarjetas — muestra insuficiente, no asumir riesgo cero",worldcup_events_auto
296373,Z. Tahseen,1567,Iraq,DEF,2,1,0,0,1,0.5,0.0,0.5,alto,baja,media-baja,"2 partidos con eventos reales — muestra reducida, orientativo",worldcup_events_auto
296667,Gavi,9,Spain,MID,1,0,0,0,0,0.0,0.0,0.0,bajo,baja,baja,"1 partido(s) con eventos, sin tarjetas — muestra insuficiente, no asumir riesgo cero",worldcup_events_auto
299813,A. Al Hamadi,1567,Iraq,FWD,2,0,0,0,0,0.0,0.0,0.0,bajo,baja,media-baja,"2 partido(s) con eventos, sin tarjetas — muestra insuficiente, no asumir riesgo cero",worldcup_events_auto
301528,A. Schjelderup,1090,Norway,FWD,1,0,0,0,0,0.0,0.0,0.0,bajo,baja,baja,"1 partido(s) con eventos, sin tarjetas — muestra insuficiente, no asumir riesgo cero",worldcup_events_auto
303362,R. Belghali,1532,Algeria,DEF,2,0,0,0,0,0.0,0.0,0.0,bajo,baja,media-baja,"2 partido(s) con eventos, sin tarjetas — muestra insuficiente, no asumir riesgo cero",worldcup_events_auto
303467,I. Fatawu,1504,Ghana,FWD,1,1,0,0,1,1.0,0.0,1.0,medio,baja,baja,"solo 1 partido con eventos, no extrapolar fuerte",worldcup_events_auto
304951,Gi-Hyuk Lee,17,South Korea,DEF,1,1,0,0,1,1.0,0.0,1.0,medio,baja,baja,"solo 1 partido con eventos, no extrapolar fuerte",worldcup_events_auto
305832,M. Galarza,2380,Paraguay,MID,3,2,0,0,2,0.667,0.0,0.667,alto,baja,media-baja,"3 partidos con eventos reales — muestra reducida, orientativo",worldcup_events_auto
306380,M. Al Juwayr,23,Saudi Arabia,MID,2,0,0,0,0,0.0,0.0,0.0,bajo,baja,media-baja,"2 partido(s) con eventos, sin tarjetas — muestra insuficiente, no asumir riesgo cero",worldcup_events_auto
307123,N. O'Reilly,10,England,DEF,1,1,0,0,1,1.0,0.0,1.0,medio,baja,baja,"solo 1 partido con eventos, no extrapolar fuerte",worldcup_events_auto
308689,Sidny Lopes Cabral,1533,Cape Verde Islands,DEF,3,2,0,0,2,0.667,0.0,0.667,alto,baja,media-baja,"3 partidos con eventos reales — muestra reducida, orientativo",worldcup_events_auto
309182,Benchimol,1533,Cape Verde Islands,FWD,1,0,0,0,0,0.0,0.0,0.0,bajo,baja,baja,"1 partido(s) con eventos, sin tarjetas — muestra insuficiente, no asumir riesgo cero",worldcup_events_auto
309763,Livano Comenencia,5530,Curaçao,MID,3,1,0,0,1,0.333,0.0,0.333,medio,baja,media-baja,"3 partidos con eventos reales — muestra reducida, orientativo",worldcup_events_auto
310196,I. Gharbi,28,Tunisia,MID,1,0,0,0,0,0.0,0.0,0.0,bajo,baja,baja,"1 partido(s) con eventos, sin tarjetas — muestra insuficiente, no asumir riesgo cero",worldcup_events_auto
310785,M. Abu Taha,1548,Jordan,MID,2,1,0,0,1,0.5,0.0,0.5,alto,baja,media-baja,"2 partidos con eventos reales — muestra reducida, orientativo",worldcup_events_auto
310835,A. Nasib,1548,Jordan,DEF,1,0,0,0,0,0.0,0.0,0.0,bajo,baja,baja,"1 partido(s) con eventos, sin tarjetas — muestra insuficiente, no asumir riesgo cero",worldcup_events_auto
311543,N. Angulo,2382,Ecuador,MID,2,0,0,0,0,0.0,0.0,0.0,bajo,baja,media-baja,"2 partido(s) con eventos, sin tarjetas — muestra insuficiente, no asumir riesgo cero",worldcup_events_auto
312459,N. Velupillay,20,Australia,FWD,1,0,0,0,0,0.0,0.0,0.0,bajo,baja,baja,"1 partido(s) con eventos, sin tarjetas — muestra insuficiente, no asumir riesgo cero",worldcup_events_auto
312964,Nathan Ngoy,1,Belgium,DEF,1,0,1,0,1,0.0,1.0,1.0,medio,baja,baja,"solo 1 partido con eventos, no extrapolar fuerte",worldcup_events_auto
313353,P. David,5529,Canada,FWD,1,0,0,0,0,0.0,0.0,0.0,bajo,baja,baja,"1 partido(s) con eventos, sin tarjetas — muestra insuficiente, no asumir riesgo cero",worldcup_events_auto
314511,A. Nusa,1090,Norway,FWD,4,1,0,0,1,0.25,0.0,0.25,medio,media,media,4 partidos con eventos reales — muestra media,worldcup_events_auto
322101,A. Memic,1113,Bosnia & Herzegovina,MID,1,0,0,0,0,0.0,0.0,0.0,bajo,baja,baja,"1 partido(s) con eventos, sin tarjetas — muestra insuficiente, no asumir riesgo cero",worldcup_events_auto
323935,G. Simeone,26,Argentina,FWD,1,0,0,0,0,0.0,0.0,0.0,bajo,baja,baja,"1 partido(s) con eventos, sin tarjetas — muestra insuficiente, no asumir riesgo cero",worldcup_events_auto
323974,E. Saad,28,Tunisia,FWD,2,0,0,0,0,0.0,0.0,0.0,bajo,baja,media-baja,"2 partido(s) con eventos, sin tarjetas — muestra insuficiente, no asumir riesgo cero",worldcup_events_auto
324034,Gustavo Puerta,8,Colombia,MID,2,1,0,0,1,0.5,0.0,0.5,alto,baja,media-baja,"2 partidos con eventos reales — muestra reducida, orientativo",worldcup_events_auto
326067,A. Hadj Moussa,1532,Algeria,FWD,1,0,0,0,0,0.0,0.0,0.0,bajo,baja,baja,"1 partido(s) con eventos, sin tarjetas — muestra insuficiente, no asumir riesgo cero",worldcup_events_auto
326183,Redouane Halhal,31,Morocco,DEF,1,1,0,0,1,1.0,0.0,1.0,medio,baja,baja,"solo 1 partido con eventos, no extrapolar fuerte",worldcup_events_auto
327631,H. Diarra,13,Senegal,MID,2,0,0,0,0,0.0,0.0,0.0,bajo,baja,media-baja,"2 partido(s) con eventos, sin tarjetas — muestra insuficiente, no asumir riesgo cero",worldcup_events_auto
327738,Luc De Fougerolles,5529,Canada,DEF,3,2,0,0,2,0.667,0.0,0.667,alto,baja,media-baja,"3 partidos con eventos reales — muestra reducida, orientativo",worldcup_events_auto
327895,P. Wanner,775,Austria,MID,1,0,0,0,0,0.0,0.0,0.0,bajo,baja,baja,"1 partido(s) con eventos, sin tarjetas — muestra insuficiente, no asumir riesgo cero",worldcup_events_auto
328033,A. Pavlovic,25,Germany,MID,3,1,0,0,1,0.333,0.0,0.333,medio,baja,media-baja,"3 partidos con eventos reales — muestra reducida, orientativo",worldcup_events_auto
328046,I. Kone,5529,Canada,,1,0,0,0,0,0.0,0.0,0.0,bajo,baja,baja,"1 partido(s) con eventos, sin tarjetas — muestra insuficiente, no asumir riesgo cero",worldcup_events_auto
329409,E. Bajraktarevic,1113,Bosnia & Herzegovina,FWD,1,0,0,0,0,0.0,0.0,0.0,bajo,baja,baja,"1 partido(s) con eventos, sin tarjetas — muestra insuficiente, no asumir riesgo cero",worldcup_events_auto
332056,Wagner Pina,1533,Cape Verde Islands,DEF,1,1,0,0,1,1.0,0.0,1.0,medio,baja,baja,"solo 1 partido con eventos, no extrapolar fuerte",worldcup_events_auto
335051,J. Neves,27,Portugal,MID,2,0,0,0,0,0.0,0.0,0.0,bajo,baja,media-baja,"2 partido(s) con eventos, sin tarjetas — muestra insuficiente, no asumir riesgo cero",worldcup_events_auto
336659,C. Talbi,31,Morocco,FWD,1,0,0,0,0,0.0,0.0,0.0,bajo,baja,baja,"1 partido(s) con eventos, sin tarjetas — muestra insuficiente, no asumir riesgo cero",worldcup_events_auto
336671,Renato Veiga,27,Portugal,DEF,3,2,0,0,2,0.667,0.0,0.667,alto,baja,media-baja,"3 partidos con eventos reales — muestra reducida, orientativo",worldcup_events_auto
337587,J. Bos,20,Australia,MID,3,1,0,0,1,0.333,0.0,0.333,medio,baja,media-baja,"3 partidos con eventos reales — muestra reducida, orientativo",worldcup_events_auto
338014,N. Irankunda,20,Australia,FWD,3,0,0,0,0,0.0,0.0,0.0,bajo,baja,media-baja,"3 partido(s) con eventos, sin tarjetas — muestra insuficiente, no asumir riesgo cero",worldcup_events_auto
338367,Danley Jean Jacques,2386,Haiti,MID,2,1,0,0,1,0.5,0.0,0.5,alto,baja,media-baja,"2 partidos con eventos reales — muestra reducida, orientativo",worldcup_events_auto
339883,K. Yildiz,777,Türkiye,FWD,1,0,0,0,0,0.0,0.0,0.0,bajo,baja,baja,"1 partido(s) con eventos, sin tarjetas — muestra insuficiente, no asumir riesgo cero",worldcup_events_auto
340173,E. Mahmic,1113,Bosnia & Herzegovina,MID,2,1,0,0,1,0.5,0.0,0.5,alto,baja,media-baja,"2 partidos con eventos reales — muestra reducida, orientativo",worldcup_events_auto
340573,B. El Khannouss,31,Morocco,MID,4,1,0,0,1,0.25,0.0,0.25,medio,media,media,4 partidos con eventos reales — muestra media,worldcup_events_auto
342035,C. Volpato,20,Australia,FWD,2,0,0,0,0,0.0,0.0,0.0,bajo,baja,media-baja,"2 partido(s) con eventos, sin tarjetas — muestra insuficiente, no asumir riesgo cero",worldcup_events_auto
343027,D. Doue,2,France,FWD,3,0,0,0,0,0.0,0.0,0.0,bajo,baja,media-baja,"3 partido(s) con eventos, sin tarjetas — muestra insuficiente, no asumir riesgo cero",worldcup_events_auto
343287,D. Livramento,1533,Cape Verde Islands,FWD,2,0,0,0,0,0.0,0.0,0.0,bajo,baja,media-baja,"2 partido(s) con eventos, sin tarjetas — muestra insuficiente, no asumir riesgo cero",worldcup_events_auto
343405,A. Yousefi,22,Iran,DEF,1,0,0,0,0,0.0,0.0,0.0,bajo,baja,baja,"1 partido(s) con eventos, sin tarjetas — muestra insuficiente, no asumir riesgo cero",worldcup_events_auto
343576,B. Gannon-Doak,1108,Scotland,MID,2,0,0,0,0,0.0,0.0,0.0,bajo,baja,media-baja,"2 partido(s) con eventos, sin tarjetas — muestra insuficiente, no asumir riesgo cero",worldcup_events_auto
344862,H. Mastouri,28,Tunisia,FWD,1,0,0,0,0,0.0,0.0,0.0,bajo,baja,baja,"1 partido(s) con eventos, sin tarjetas — muestra insuficiente, no asumir riesgo cero",worldcup_events_auto
347316,Lucas Bergvall,5,Sweden,MID,2,1,0,0,1,0.5,0.0,0.5,alto,baja,media-baja,"2 partidos con eventos reales — muestra reducida, orientativo",worldcup_events_auto
348205,Petar Sučić,3,Croatia,MID,2,1,0,0,1,0.5,0.0,0.5,alto,baja,media-baja,"2 partidos con eventos reales — muestra reducida, orientativo",worldcup_events_auto
348568,Alessandro Circati,20,Australia,DEF,1,1,0,0,1,1.0,0.0,1.0,medio,baja,baja,"solo 1 partido con eventos, no extrapolar fuerte",worldcup_events_auto
349344,L. Jaquez,15,Switzerland,DEF,1,0,0,0,0,0.0,0.0,0.0,bajo,baja,baja,"1 partido(s) con eventos, sin tarjetas — muestra insuficiente, no asumir riesgo cero",worldcup_events_auto
350037,N. Paz,26,Argentina,FWD,1,0,0,0,0,0.0,0.0,0.0,bajo,baja,baja,"1 partido(s) con eventos, sin tarjetas — muestra insuficiente, no asumir riesgo cero",worldcup_events_auto
350856,E. Nuamah,1504,Ghana,FWD,1,0,0,0,0,0.0,0.0,0.0,bajo,baja,baja,"1 partido(s) con eventos, sin tarjetas — muestra insuficiente, no asumir riesgo cero",worldcup_events_auto
351014,Junnosuke Suzuki,12,Japan,DEF,1,1,0,0,1,1.0,0.0,1.0,medio,baja,baja,"solo 1 partido con eventos, no extrapolar fuerte",worldcup_events_auto
351587,T. Oluwaseyi,5529,Canada,FWD,3,0,0,0,0,0.0,0.0,0.0,bajo,baja,media-baja,"3 partido(s) con eventos, sin tarjetas — muestra insuficiente, no asumir riesgo cero",worldcup_events_auto
353808,D. Fonville,5530,Curaçao,DEF,2,0,0,0,0,0.0,0.0,0.0,bajo,baja,media-baja,"2 partido(s) con eventos, sin tarjetas — muestra insuficiente, no asumir riesgo cero",worldcup_events_auto
353883,P. Beach,20,Australia,GK,1,0,0,0,0,0.0,0.0,0.0,bajo,baja,baja,"1 partido(s) con eventos, sin tarjetas — muestra insuficiente, no asumir riesgo cero",worldcup_events_auto
354027,J. Ordonez,2382,Ecuador,DEF,1,0,0,0,0,0.0,0.0,0.0,bajo,baja,baja,"1 partido(s) con eventos, sin tarjetas — muestra insuficiente, no asumir riesgo cero",worldcup_events_auto
354831,T. Maseko,1531,South Africa,MID,3,0,0,0,0,0.0,0.0,0.0,bajo,baja,media-baja,"3 partido(s) con eventos, sin tarjetas — muestra insuficiente, no asumir riesgo cero",worldcup_events_auto
355994,A. Freeman,2384,USA,DEF,1,0,0,0,0,0.0,0.0,0.0,bajo,baja,baja,"1 partido(s) con eventos, sin tarjetas — muestra insuficiente, no asumir riesgo cero",worldcup_events_auto
358427,J. Urozov,1568,Uzbekistan,DEF,1,0,0,0,0,0.0,0.0,0.0,bajo,baja,baja,"1 partido(s) con eventos, sin tarjetas — muestra insuficiente, no asumir riesgo cero",worldcup_events_auto
360114,Abdukodir Khusanov,1568,Uzbekistan,DEF,2,2,0,0,2,1.0,0.0,1.0,alto,baja,media-baja,"2 partidos con eventos reales — muestra reducida, orientativo",worldcup_events_auto
362145,A. Ahmed,5529,Canada,MID,3,0,0,0,0,0.0,0.0,0.0,bajo,baja,media-baja,"3 partido(s) con eventos, sin tarjetas — muestra insuficiente, no asumir riesgo cero",worldcup_events_auto
365331,Noah Sadiki,1508,Congo DR,MID,2,2,0,0,2,1.0,0.0,1.0,alto,baja,media-baja,"2 partidos con eventos reales — muestra reducida, orientativo",worldcup_events_auto
369425,J. Adjetey,1504,Ghana,DEF,1,0,0,0,0,0.0,0.0,0.0,bajo,baja,baja,"1 partido(s) con eventos, sin tarjetas — muestra insuficiente, no asumir riesgo cero",worldcup_events_auto
369544,G. Yassine,31,Morocco,FWD,1,0,0,0,0,0.0,0.0,0.0,bajo,baja,baja,"1 partido(s) con eventos, sin tarjetas — muestra insuficiente, no asumir riesgo cero",worldcup_events_auto
374058,L. Camara,13,Senegal,MID,4,1,0,0,1,0.25,0.0,0.25,medio,media,media,4 partidos con eventos reales — muestra media,worldcup_events_auto
375598,N. Mukau,1508,Congo DR,MID,3,0,0,0,0,0.0,0.0,0.0,bajo,baja,media-baja,"3 partido(s) con eventos, sin tarjetas — muestra insuficiente, no asumir riesgo cero",worldcup_events_auto
377930,A. Al Oui,1569,Qatar,DEF,1,0,0,0,0,0.0,0.0,0.0,bajo,baja,baja,"1 partido(s) con eventos, sin tarjetas — muestra insuficiente, no asumir riesgo cero",worldcup_events_auto
380587,I. Maza,1532,Algeria,FWD,1,0,0,0,0,0.0,0.0,0.0,bajo,baja,baja,"1 partido(s) con eventos, sin tarjetas — muestra insuficiente, no asumir riesgo cero",worldcup_events_auto
386828,Lamine Yamal,9,Spain,MID,3,0,0,0,0,0.0,0.0,0.0,bajo,baja,media-baja,"3 partido(s) con eventos, sin tarjetas — muestra insuficiente, no asumir riesgo cero",worldcup_events_auto
386837,A. Sojka,770,Czechia,MID,2,0,0,0,0,0.0,0.0,0.0,bajo,baja,media-baja,"2 partido(s) con eventos, sin tarjetas — muestra insuficiente, no asumir riesgo cero",worldcup_events_auto
387521,L. Vuskovic,3,Croatia,DEF,1,0,0,0,0,0.0,0.0,0.0,bajo,baja,baja,"1 partido(s) con eventos, sin tarjetas — muestra insuficiente, no asumir riesgo cero",worldcup_events_auto
387643,B. Toure,1501,Ivory Coast,FWD,1,0,0,0,0,0.0,0.0,0.0,bajo,baja,baja,"1 partido(s) con eventos, sin tarjetas — muestra insuficiente, no asumir riesgo cero",worldcup_events_auto
390002,M. Chavez Garcia,16,Mexico,DEF,1,0,0,0,0,0.0,0.0,0.0,bajo,baja,baja,"1 partido(s) con eventos, sin tarjetas — muestra insuficiente, no asumir riesgo cero",worldcup_events_auto
395075,M. Ziko,32,Egypt,FWD,5,0,0,0,0,0.0,0.0,0.0,bajo,media,media,"5 partido(s) con eventos, sin tarjetas — muestra insuficiente, no asumir riesgo cero",worldcup_events_auto
395559,K. Alajbegovic,1113,Bosnia & Herzegovina,MID,2,0,0,0,0,0.0,0.0,0.0,bajo,baja,media-baja,"2 partido(s) con eventos, sin tarjetas — muestra insuficiente, no asumir riesgo cero",worldcup_events_auto
403087,M. Abu Al Shamat,23,Saudi Arabia,MID,1,0,0,0,0,0.0,0.0,0.0,bajo,baja,baja,"1 partido(s) con eventos, sin tarjetas — muestra insuficiente, no asumir riesgo cero",worldcup_events_auto
404172,Kojo Peprah Oppong,1504,Ghana,DEF,1,1,0,0,1,1.0,0.0,1.0,medio,baja,baja,"solo 1 partido con eventos, no extrapolar fuerte",worldcup_events_auto
406244,J. Manzambi,15,Switzerland,MID,3,0,0,0,0,0.0,0.0,0.0,bajo,baja,media-baja,"3 partido(s) con eventos, sin tarjetas — muestra insuficiente, no asumir riesgo cero",worldcup_events_auto
406303,K. Paez,2382,Ecuador,MID,1,1,0,0,1,1.0,0.0,1.0,medio,baja,baja,"solo 1 partido con eventos, no extrapolar fuerte",worldcup_events_auto
407017,M. Bombito,5529,Canada,DEF,1,0,0,0,0,0.0,0.0,0.0,bajo,baja,baja,"1 partido(s) con eventos, sin tarjetas — muestra insuficiente, no asumir riesgo cero",worldcup_events_auto
407806,Rayan,6,Brazil,MID,2,0,0,0,0,0.0,0.0,0.0,bajo,baja,media-baja,"2 partido(s) con eventos, sin tarjetas — muestra insuficiente, no asumir riesgo cero",worldcup_events_auto
409303,M. Diouf,13,Senegal,DEF,1,0,0,0,0,0.0,0.0,0.0,bajo,baja,baja,"1 partido(s) con eventos, sin tarjetas — muestra insuficiente, no asumir riesgo cero",worldcup_events_auto
409670,A. Malic,1113,Bosnia & Herzegovina,DEF,1,0,0,0,0,0.0,0.0,0.0,bajo,baja,baja,"1 partido(s) con eventos, sin tarjetas — muestra insuficiente, no asumir riesgo cero",worldcup_events_auto
414149,R. Mofokeng,1531,South Africa,MID,2,0,0,0,0,0.0,0.0,0.0,bajo,baja,media-baja,"2 partido(s) con eventos, sin tarjetas — muestra insuficiente, no asumir riesgo cero",worldcup_events_auto
416901,Niko Sigur,5529,Canada,MID,2,1,0,0,1,0.5,0.0,0.5,alto,baja,media-baja,"2 partidos con eventos reales — muestra reducida, orientativo",worldcup_events_auto
416964,B. Karimov,1568,Uzbekistan,DEF,1,0,0,0,0,0.0,0.0,0.0,bajo,baja,baja,"1 partido(s) con eventos, sin tarjetas — muestra insuficiente, no asumir riesgo cero",worldcup_events_auto
425020,A. Maidana,2380,Paraguay,DEF,1,0,0,0,0,0.0,0.0,0.0,bajo,baja,baja,"1 partido(s) con eventos, sin tarjetas — muestra insuficiente, no asumir riesgo cero",worldcup_events_auto
433272,Findlay Curtis,1108,Scotland,FWD,1,1,0,0,1,1.0,0.0,1.0,medio,baja,baja,"solo 1 partido con eventos, no extrapolar fuerte",worldcup_events_auto
438688,A. Bouaddi,31,Morocco,MID,2,0,0,0,0,0.0,0.0,0.0,bajo,baja,media-baja,"2 partido(s) con eventos, sin tarjetas — muestra insuficiente, no asumir riesgo cero",worldcup_events_auto
441269,P. Okon-Engstler,20,Australia,MID,2,0,0,0,0,0.0,0.0,0.0,bajo,baja,media-baja,"2 partido(s) con eventos, sin tarjetas — muestra insuficiente, no asumir riesgo cero",worldcup_events_auto
446249,I. Mbaye,13,Senegal,FWD,2,0,0,0,0,0.0,0.0,0.0,bajo,baja,media-baja,"2 partido(s) con eventos, sin tarjetas — muestra insuficiente, no asumir riesgo cero",worldcup_events_auto
474591,C. Inao Oulai,1501,Ivory Coast,MID,1,0,0,0,0,0.0,0.0,0.0,bajo,baja,baja,"1 partido(s) con eventos, sin tarjetas — muestra insuficiente, no asumir riesgo cero",worldcup_events_auto
475575,C. Yirenkyi,1504,Ghana,MID,2,2,0,0,2,1.0,0.0,1.0,alto,baja,media-baja,"2 partidos con eventos reales — muestra reducida, orientativo",worldcup_events_auto
482605,G. Mora,16,Mexico,MID,3,0,0,0,0,0.0,0.0,0.0,bajo,baja,media-baja,"3 partido(s) con eventos, sin tarjetas — muestra insuficiente, no asumir riesgo cero",worldcup_events_auto
513776,Y. Diomande,1501,Ivory Coast,MID,3,0,0,0,0,0.0,0.0,0.0,bajo,baja,media-baja,"3 partido(s) con eventos, sin tarjetas — muestra insuficiente, no asumir riesgo cero",worldcup_events_auto
542541,Y. Abdurisag,1569,Qatar,FWD,2,0,0,0,0,0.0,0.0,0.0,bajo,baja,media-baja,"2 partido(s) con eventos, sin tarjetas — muestra insuficiente, no asumir riesgo cero",worldcup_events_auto
542644,A. Jasim,1567,Iraq,MID,2,0,0,0,0,0.0,0.0,0.0,bajo,baja,media-baja,"2 partido(s) con eventos, sin tarjetas — muestra insuficiente, no asumir riesgo cero",worldcup_events_auto
542822,H. Abu Dahab,1548,Jordan,,2,0,0,0,0,0.0,0.0,0.0,bajo,baja,media-baja,"2 partido(s) con eventos, sin tarjetas — muestra insuficiente, no asumir riesgo cero",worldcup_events_auto
543035,Husam Ali Mohammad Abudahab,1548,Jordan,DEF,1,1,0,0,1,1.0,0.0,1.0,medio,baja,baja,"solo 1 partido con eventos, no extrapolar fuerte",worldcup_events_auto
554208,C. Martinez,11,Panama,,1,0,0,0,0,0.0,0.0,0.0,bajo,baja,baja,"1 partido(s) con eventos, sin tarjetas — muestra insuficiente, no asumir riesgo cero",worldcup_events_auto
568556,O. Al Fakhouri,1548,Jordan,,2,0,0,0,0,0.0,0.0,0.0,bajo,baja,media-baja,"2 partido(s) con eventos, sin tarjetas — muestra insuficiente, no asumir riesgo cero",worldcup_events_auto
575283,A. Azaizeh,1548,Jordan,FWD,1,0,0,0,0,0.0,0.0,0.0,bajo,baja,baja,"1 partido(s) con eventos, sin tarjetas — muestra insuficiente, no asumir riesgo cero",worldcup_events_auto
626479,Z. Ismaeel,1567,Iraq,MID,2,0,0,0,0,0.0,0.0,0.0,bajo,baja,media-baja,"2 partido(s) con eventos, sin tarjetas — muestra insuficiente, no asumir riesgo cero",worldcup_events_auto
