{
 "features": [
  "l3_logit_h",
  "l3_logit_a",
  "l3_xg_h",
  "l3_xg_a",
  "neutral",
  "form_gf_diff",
  "form_ga_diff",
  "form_ppg_diff",
  "form_streak_diff",
  "rest_diff",
  "h2h_gd",
  "squad_diff",
  "team_rating_diff",
  "sot_diff",
  "shots_diff",
  "shots_inbox_diff",
  "shots_outbox_diff",
  "shots_blocked_diff",
  "gk_saves_diff",
  "passes_total_diff",
  "passes_acc_diff",
  "passes_pct_diff",
  "offsides_diff",
  "fouls_diff",
  "possession_diff",
  "corners_diff"
 ],
 "mean": [
  0.6459641636418946,
  0.05570390519666876,
  1.5615597735184128,
  1.1088763363464533,
  0.22399809160305342,
  0.06042220512102971,
  -0.03439098378496028,
  0.05381793837352086,
  0.05521955599085868,
  -0.003903955778200047,
  -0.01093842394550573,
  0.011878862636162384,
  0.03105945105006807,
  0.18194165130997408,
  0.3122571836878567,
  0.32922417938373433,
  -0.0016064951598453877,
  0.1768310518306605,
  -0.04160509023172327,
  7.906265688036778,
  8.110233929578682,
  0.18895381140103287,
  0.006095157637236224,
  -0.04883375369280007,
  0.18432165377404322,
  0.11045522749478
 ],
 "std": [
  0.9265744528243631,
  0.8188637464697438,
  0.7402926341051924,
  0.5815970468350636,
  0.4169207917113964,
  0.8218628098395651,
  0.8883570067219206,
  0.7688595680975795,
  0.9566355474152562,
  0.7846462125088677,
  1.9177382946585126,
  0.10565784143882828,
  0.1960418617773406,
  1.9573340181485064,
  4.538253927181019,
  3.476769404509051,
  1.6564997204113479,
  1.4832530680165394,
  1.6043067127529558,
  143.0933041517552,
  143.19355307069213,
  6.685384388115892,
  1.0784524217449938,
  3.831498550577331,
  13.19584228570917,
  1.9795921410677484
 ],
 "logit_W": [
  [
   0.0,
   0.0,
   0.0
  ],
  [
   0.0,
   0.0,
   0.2843642092857299
  ],
  [
   0.710952098498172,
   0.0,
   0.0
  ],
  [
   0.0,
   0.0,
   0.3233591157930259
  ],
  [
   0.0821034172266659,
   0.0,
   -0.02971546936083156
  ],
  [
   0.0,
   0.0,
   -0.02174121444621415
  ],
  [
   0.0,
   0.0,
   0.17012264212963166
  ],
  [
   0.0,
   0.0,
   -0.014528604184454149
  ],
  [
   0.04574065200985517,
   0.0,
   0.0
  ],
  [
   0.008694360005829254,
   0.0,
   -0.034137620205168175
  ],
  [
   0.10155713651987669,
   0.0,
   -0.09690370951219278
  ],
  [
   0.0,
   0.0,
   0.0
  ],
  [
   0.0,
   0.0,
   0.0
  ],
  [
   0.0,
   0.0,
   0.0
  ],
  [
   0.0,
   0.0,
   0.0
  ],
  [
   0.0,
   0.0,
   0.0
  ],
  [
   0.0,
   0.0,
   0.0
  ],
  [
   0.0,
   0.0,
   0.0
  ],
  [
   0.0,
   0.0,
   0.0
  ],
  [
   0.0,
   0.0,
   0.0
  ],
  [
   0.0,
   0.0,
   0.0
  ],
  [
   0.0,
   0.0,
   0.0
  ],
  [
   0.0,
   0.0,
   0.0
  ],
  [
   0.0,
   0.0,
   0.0
  ],
  [
   0.0,
   0.0,
   0.0
  ],
  [
   0.0,
   0.0,
   0.0
  ]
 ],
 "logit_b": [
  0.4028850408683051,
  -0.2334342602413866,
  -0.16945078062687902
 ],
 "temp": 0.95,
 "pois_gh_w": [
  0.08231450547019258,
  -0.07993456795161787,
  0.08245326678314024,
  -0.07939853258076911,
  0.01987985813136739,
  0.03195222086350832,
  -0.04827750104862653,
  0.013544229620063105,
  0.02648421409453546,
  0.011505364953284296,
  0.06133914965945904,
  0.0017545353449021435,
  0.0,
  0.0012991122661786501,
  0.0009646840107088336,
  0.005022836557325564,
  0.0033303433786189833,
  0.000802341238564876,
  -0.001090008738403681,
  0.008693279501707687,
  0.0076845389372502335,
  0.002500287706972156,
  0.000453461104127136,
  0.001586602883924661,
  0.010192302814761738,
  0.0017643904793617413
 ],
 "pois_gh_b": 0.3607081592332413,
 "pois_ga_w": [
  -0.07841109811251935,
  0.07457761981166047,
  -0.07999524254855829,
  0.07035562822377792,
  -0.00986078027710447,
  -0.014971058648083908,
  0.07557559625800286,
  -0.03556970690430228,
  -0.023033473293540444,
  -0.009520816815283072,
  -0.04795627670815062,
  0.0030161596508056668,
  0.0,
  0.006589006242721097,
  0.0017954243150050484,
  0.001090974118510683,
  -0.0026200469519292702,
  -0.0032927869987482814,
  0.0014707251683560363,
  0.00833572555033816,
  0.008393452025245681,
  0.0039165854604805705,
  -0.004233446650597292,
  0.00568164001381348,
  0.002026386013991066,
  -0.001870501612237817
 ],
 "pois_ga_b": 0.031365018701199635,
 "l3_recipe": {
  "a0": -0.11780741257685984,
  "a1": 1.532502524126626,
  "tb0": 2.387631731021131,
  "tb1": 0.10263860386404194,
  "tb2": 0.25586522769684394,
  "tcap": 5.5
 },
 "trained_on": {
  "n_burn": 4192,
  "n_oos": 2680,
  "cal_start": "2019-01-01",
  "oos": [
   "2024-01-01",
   "2026-01-01"
  ]
 },
 "reg": "l1c0.1",
 "penalty": "l1",
 "C": 0.1,
 "n_zero_feats": 16,
 "poisson_alpha": 1.0,
 "form_hl": 540.0,
 "note": "Full-data model. Matches the ensemble/L3 at best (L1 reg). NOT a precision claim."
}