{
 "features": [
  "l3_logit_h",
  "l3_logit_a",
  "l3_xg_h",
  "l3_xg_a",
  "neutral",
  "form_gf_diff",
  "form_ga_diff",
  "form_ppg_diff",
  "form_streak_diff",
  "rest_diff",
  "h2h_gd",
  "squad_diff",
  "team_rating_diff",
  "sot_diff",
  "shots_diff",
  "shots_inbox_diff",
  "shots_outbox_diff",
  "shots_blocked_diff",
  "gk_saves_diff",
  "passes_total_diff",
  "passes_acc_diff",
  "passes_pct_diff",
  "offsides_diff",
  "fouls_diff",
  "possession_diff",
  "corners_diff"
 ],
 "mean": [
  0.6459641636418946,
  0.05570390519666876,
  1.5615597735184128,
  1.1088763363464533,
  0.22399809160305342,
  0.06042220512102971,
  -0.03439098378496028,
  0.05381793837352086,
  0.05521955599085868,
  -0.003903955778200047,
  -0.01093842394550573,
  0.011878862636162384,
  0.03105945105006807,
  0.18194165130997408,
  0.3122571836878567,
  0.32922417938373433,
  -0.0016064951598453877,
  0.1768310518306605,
  -0.04160509023172327,
  7.906265688036778,
  8.110233929578682,
  0.18895381140103287,
  0.006095157637236224,
  -0.04883375369280007,
  0.18432165377404322,
  0.11045522749478
 ],
 "std": [
  0.9265744528243631,
  0.8188637464697438,
  0.7402926341051924,
  0.5815970468350636,
  0.4169207917113964,
  0.8218628098395651,
  0.8883570067219206,
  0.7688595680975795,
  0.9566355474152562,
  0.7846462125088677,
  1.9177382946585126,
  0.10565784143882828,
  0.1960418617773406,
  1.9573340181485064,
  4.538253927181019,
  3.476769404509051,
  1.6564997204113479,
  1.4832530680165394,
  1.6043067127529558,
  143.0933041517552,
  143.19355307069213,
  6.685384388115892,
  1.0784524217449938,
  3.831498550577331,
  13.19584228570917,
  1.9795921410677484
 ],
 "logit_W": [
  [
   0.24221707331023043,
   -0.07526699054189666,
   -0.1669500827683336
  ],
  [
   -0.10669100272549614,
   -0.07288581626363297,
   0.17957681898912925
  ],
  [
   0.3349612820860504,
   -0.19517926714703723,
   -0.13978201493901155
  ],
  [
   -0.025148460236306246,
   -0.15992044134975755,
   0.18506890158606226
  ],
  [
   0.08940195710811755,
   -0.017251303474326227,
   -0.0721506536337931
  ],
  [
   -0.008915231337191938,
   0.05252573118793404,
   -0.04361049985074261
  ],
  [
   -0.049033165618973466,
   -0.06714409469329868,
   0.11617726031227298
  ],
  [
   -0.007587832398658388,
   0.008516304009092684,
   -0.0009284716104337604
  ],
  [
   0.05153866909296863,
   -0.03738908328284516,
   -0.014149585810123847
  ],
  [
   0.03725371806456203,
   0.009107890636140769,
   -0.04636160870070239
  ],
  [
   0.13369441367144233,
   -0.007306769289766369,
   -0.12638764438167555
  ],
  [
   0.11547464363740552,
   -0.2521472460690003,
   0.13667260243159515
  ],
  [
   0.0,
   0.0,
   0.0
  ],
  [
   -0.3274971533052104,
   0.17443141079930236,
   0.15306574250590754
  ],
  [
   -0.26165283346543616,
   -0.019988934046051572,
   0.2816417675114873
  ],
  [
   0.5438774927881347,
   -0.5343884724224698,
   -0.009489020365664496
  ],
  [
   0.17931646071598584,
   -0.11042002615273658,
   -0.06889643456324838
  ],
  [
   -0.12053900481373168,
   0.29701226654451746,
   -0.17647326173078695
  ],
  [
   0.05690618641756695,
   -0.22589559869651363,
   0.16898941227894723
  ],
  [
   0.05633272057661934,
   -0.022839189154527435,
   -0.03349353142209188
  ],
  [
   -0.06461879366308583,
   -0.007156608249211683,
   0.07177540191229703
  ],
  [
   -0.25697537986372043,
   0.32181278517160805,
   -0.06483740530788791
  ],
  [
   0.15045467697079964,
   -0.07689521141518499,
   -0.07355946555561402
  ],
  [
   0.01001508129380041,
   0.0019178538716207848,
   -0.011932935165421326
  ],
  [
   0.4017693756681684,
   -0.46520650692211185,
   0.06343713125394329
  ],
  [
   -0.14632502129439065,
   0.23233247428939963,
   -0.08600745299500925
  ]
 ],
 "logit_b": [
  0.41148020021746673,
  -0.2278825434137887,
  -0.18359765680367765
 ],
 "temp": 1.0,
 "pois_gh_w": [
  0.08231450547019258,
  -0.07993456795161787,
  0.08245326678314024,
  -0.07939853258076911,
  0.01987985813136739,
  0.03195222086350832,
  -0.04827750104862653,
  0.013544229620063105,
  0.02648421409453546,
  0.011505364953284296,
  0.06133914965945904,
  0.0017545353449021435,
  0.0,
  0.0012991122661786501,
  0.0009646840107088336,
  0.005022836557325564,
  0.0033303433786189833,
  0.000802341238564876,
  -0.001090008738403681,
  0.008693279501707687,
  0.0076845389372502335,
  0.002500287706972156,
  0.000453461104127136,
  0.001586602883924661,
  0.010192302814761738,
  0.0017643904793617413
 ],
 "pois_gh_b": 0.3607081592332413,
 "pois_ga_w": [
  -0.07841109811251935,
  0.07457761981166047,
  -0.07999524254855829,
  0.07035562822377792,
  -0.00986078027710447,
  -0.014971058648083908,
  0.07557559625800286,
  -0.03556970690430228,
  -0.023033473293540444,
  -0.009520816815283072,
  -0.04795627670815062,
  0.0030161596508056668,
  0.0,
  0.006589006242721097,
  0.0017954243150050484,
  0.001090974118510683,
  -0.0026200469519292702,
  -0.0032927869987482814,
  0.0014707251683560363,
  0.00833572555033816,
  0.008393452025245681,
  0.0039165854604805705,
  -0.004233446650597292,
  0.00568164001381348,
  0.002026386013991066,
  -0.001870501612237817
 ],
 "pois_ga_b": 0.031365018701199635,
 "l3_recipe": {
  "a0": -0.11780741257685984,
  "a1": 1.532502524126626,
  "tb0": 2.387631731021131,
  "tb1": 0.10263860386404194,
  "tb2": 0.25586522769684394,
  "tcap": 5.5
 },
 "trained_on": {
  "n_burn": 4192,
  "n_oos": 2680,
  "cal_start": "2019-01-01",
  "oos": [
   "2024-01-01",
   "2026-01-01"
  ]
 },
 "C": 0.3,
 "poisson_alpha": 1.0,
 "form_hl": 540.0,
 "note": "Full-data model. KNOWN to measure worse than L3/ensemble. NOT a precision claim."
}