{
 "features": [
  "l3_logit_h",
  "l3_logit_a",
  "l3_xg_h",
  "l3_xg_a",
  "neutral",
  "form_gf_diff",
  "form_ga_diff",
  "form_ppg_diff",
  "form_streak_diff",
  "rest_diff",
  "h2h_gd",
  "squad_diff",
  "team_rating_diff",
  "sot_diff",
  "shots_diff",
  "shots_inbox_diff",
  "shots_outbox_diff",
  "shots_blocked_diff",
  "gk_saves_diff",
  "passes_total_diff",
  "passes_acc_diff",
  "passes_pct_diff",
  "offsides_diff",
  "fouls_diff",
  "possession_diff",
  "corners_diff",
  "club_form_diff"
 ],
 "mean": [
  0.6459641636418941,
  0.05570390519666802,
  1.5615597735184124,
  1.1088763363464522,
  0.22399809160305342,
  0.060422205121029735,
  -0.03439098378496028,
  0.05381793837352086,
  0.05521955599085869,
  -0.0039039557782000454,
  -0.010938423945505737,
  0.011878862636162384,
  0.0,
  0.18194165130997408,
  0.31225718368785665,
  0.32922417938373433,
  -0.0016064951598453877,
  0.1768310518306605,
  -0.04160509023172327,
  7.906265688036778,
  8.110233929578678,
  0.18895381140103287,
  0.006095157637236224,
  -0.04883375369280007,
  0.18432165377404322,
  0.11045522749478,
  0.21033840304182508
 ],
 "std": [
  0.9265744528243643,
  0.818863746469745,
  0.7402926341051919,
  0.5815970468350635,
  0.4169207917113964,
  0.821862809839565,
  0.8883570067219205,
  0.7688595680975795,
  0.9566355474152564,
  0.7846462125088677,
  1.9177382946585129,
  0.10565784143882828,
  1.0,
  1.9573340181485064,
  4.538253927181019,
  3.476769404509051,
  1.6564997204113479,
  1.4832530680165394,
  1.6043067127529558,
  143.0933041517552,
  143.19355307069213,
  6.685384388115892,
  1.0784524217449938,
  3.831498550577331,
  13.19584228570917,
  1.9795921410677484,
  1.0750504327760155
 ],
 "logit_W": [
  [
   0.24234899908981927,
   -0.07819362303142514,
   -0.16415537605839436
  ],
  [
   -0.10513006918835802,
   -0.07378238192811248,
   0.1789124511164701
  ],
  [
   0.33078978878665116,
   -0.19597915842120858,
   -0.1348106303654432
  ],
  [
   -0.021180125155132914,
   -0.1631616920801728,
   0.18434181723530585
  ],
  [
   0.08720201857657048,
   -0.016744725324368635,
   -0.0704572932522023
  ],
  [
   -0.009238151960064804,
   0.051789968367788985,
   -0.04255181640772457
  ],
  [
   -0.052456677625137095,
   -0.06567844195053914,
   0.11813511957567478
  ],
  [
   -0.005799753045229045,
   0.01050821951911975,
   -0.004708466473891554
  ],
  [
   0.04980660190186233,
   -0.037750572779883834,
   -0.012056029121977568
  ],
  [
   0.03720585579474511,
   0.009291808610166364,
   -0.046497664404911265
  ],
  [
   0.13581528311371935,
   -0.0072595727626614155,
   -0.12855571035105842
  ],
  [
   0.08874807052682031,
   -0.25535511638973357,
   0.16660704586291308
  ],
  [
   0.0,
   0.0,
   0.0
  ],
  [
   -0.34406903505522185,
   0.17914480620298553,
   0.1649242288522363
  ],
  [
   -0.24854015331528834,
   -0.029556984548794452,
   0.27809713786408297
  ],
  [
   0.542833028925099,
   -0.5292179210517797,
   -0.013615107873319722
  ],
  [
   0.179440607945106,
   -0.10907972607409161,
   -0.07036088187101419
  ],
  [
   -0.12420356467447816,
   0.29687620382526086,
   -0.1726726391507826
  ],
  [
   0.04978315996609196,
   -0.22583832308714175,
   0.17605516312104977
  ],
  [
   0.04917906718448545,
   -0.025764170026218718,
   -0.023414897158266494
  ],
  [
   -0.06595107329255134,
   -0.006378590543210982,
   0.07232966383576239
  ],
  [
   -0.2569526190819339,
   0.3287903719223727,
   -0.07183775284043828
  ],
  [
   0.15787761728278427,
   -0.07895641437054585,
   -0.07892120291223848
  ],
  [
   0.01447441780170901,
   0.0033652698766920906,
   -0.017839687678400714
  ],
  [
   0.39314652322899507,
   -0.4667987438856926,
   0.07365222065669785
  ],
  [
   -0.1442154564312325,
   0.2308957779375809,
   -0.08668032150634801
  ],
  [
   0.07586904188901615,
   -0.0010228955415265382,
   -0.07484614634748969
  ]
 ],
 "logit_b": [
  0.41133033542483294,
  -0.2278293946550191,
  -0.18350094076981358
 ],
 "temp": 1.0,
 "pois_gh_w": [
  0.08229037380482217,
  -0.07989096839168842,
  0.08243560003594803,
  -0.07934253459022307,
  0.01982858331662172,
  0.03190883846028263,
  -0.04833116197111011,
  0.013541536053357459,
  0.026475066364595966,
  0.011505269238648324,
  0.06133962062928265,
  0.001634458929210284,
  0.0,
  0.001235537547350056,
  0.0009366315341540787,
  0.0050000179525424675,
  0.0033337227590171555,
  0.0008119236577076162,
  -0.0010879839109296792,
  0.008635464463014993,
  0.007624313269396761,
  0.002458309049572907,
  0.00046456757865529896,
  0.0016257870115392644,
  0.01014787501006413,
  0.001731084457142787,
  0.0027910105379502174
 ],
 "pois_gh_b": 0.3606931481036619,
 "pois_ga_w": [
  -0.07826008768237173,
  0.07449328371479218,
  -0.07979505559738326,
  0.07030971585995364,
  -0.00977657824904706,
  -0.01487732553391179,
  0.07572661743408125,
  -0.035581060361768425,
  -0.023037630817988364,
  -0.009546627374673471,
  -0.047954235309304066,
  0.0033458809635457244,
  0.0,
  0.006751855502464979,
  0.001883779891286569,
  0.0011726220542046086,
  -0.0026028351633205693,
  -0.0032964392047435654,
  0.0014682259099319211,
  0.008500245359332219,
  0.008562497786639103,
  0.004022594989150898,
  -0.004286674116641944,
  0.005584270851787878,
  0.002155055106676892,
  -0.0018048020410393391,
  -0.010247564039628707
 ],
 "pois_ga_b": 0.03130325788739033,
 "l3_recipe": {
  "a0": -0.11780741257685995,
  "a1": 1.532502524126626,
  "tb0": 2.387631731021131,
  "tb1": 0.10263860386404161,
  "tb2": 0.2558652276968428,
  "tcap": 5.5
 },
 "trained_on": {
  "n_burn": 4192,
  "n_oos": 2680,
  "cal_start": "2019-01-01",
  "oos": [
   "2024-01-01",
   "2026-01-01"
  ]
 },
 "C": 0.3,
 "poisson_alpha": 1.0,
 "form_hl": 540.0,
 "note": "Full-data model. KNOWN to measure worse than L3/ensemble. NOT a precision claim."
}