{
 "features": [
  "l3_logit_h",
  "l3_logit_a",
  "l3_xg_h",
  "l3_xg_a",
  "neutral",
  "form_gf_diff",
  "form_ga_diff",
  "form_ppg_diff",
  "form_streak_diff",
  "rest_diff",
  "h2h_gd",
  "squad_diff",
  "team_rating_diff",
  "sot_diff",
  "shots_diff",
  "shots_inbox_diff",
  "shots_outbox_diff",
  "shots_blocked_diff",
  "gk_saves_diff",
  "passes_total_diff",
  "passes_acc_diff",
  "passes_pct_diff",
  "offsides_diff",
  "fouls_diff",
  "possession_diff",
  "corners_diff",
  "club_form_diff",
  "duels_won_diff",
  "dribbles_success_diff",
  "tackles_total_diff",
  "interceptions_diff"
 ],
 "mean": [
  0.6459641636418946,
  0.05570390519666876,
  1.5615597735184128,
  1.1088763363464533,
  0.22399809160305342,
  0.06042220512102971,
  -0.03439098378496028,
  0.05381793837352086,
  0.05521955599085868,
  -0.003903955778200047,
  -0.01093842394550573,
  0.011878862636162384,
  0.03105945105006807,
  0.18194165130997408,
  0.3122571836878567,
  0.32922417938373433,
  -0.0016064951598453877,
  0.1768310518306605,
  -0.04160509023172327,
  7.906265688036778,
  8.110233929578682,
  0.18895381140103287,
  0.006095157637236224,
  -0.04883375369280007,
  0.18432165377404322,
  0.11045522749478,
  0.21033840304182513,
  0.43067104067049694,
  0.09657960354888223,
  0.13419811088592387,
  0.17141709631982896
 ],
 "std": [
  0.9265744528243631,
  0.8188637464697438,
  0.7402926341051924,
  0.5815970468350636,
  0.4169207917113964,
  0.8218628098395651,
  0.8883570067219206,
  0.7688595680975795,
  0.9566355474152562,
  0.7846462125088677,
  1.9177382946585126,
  0.10565784143882828,
  0.1960418617773406,
  1.9573340181485064,
  4.538253927181019,
  3.476769404509051,
  1.6564997204113479,
  1.4832530680165394,
  1.6043067127529558,
  143.0933041517552,
  143.19355307069213,
  6.685384388115892,
  1.0784524217449938,
  3.831498550577331,
  13.19584228570917,
  1.9795921410677484,
  1.0750504327760155,
  8.238752202918565,
  3.181070542617885,
  3.716332229888893,
  2.4642033800256096
 ],
 "logit_W": [
  [
   0.2423489990898212,
   -0.07819362303142402,
   -0.1641553760583962
  ],
  [
   -0.10513006918835623,
   -0.07378238192811487,
   0.17891245111647028
  ],
  [
   0.330789788786659,
   -0.1959791584212137,
   -0.13481063036544402
  ],
  [
   -0.02118012515513034,
   -0.16316169208017617,
   0.184341817235306
  ],
  [
   0.08720201857657071,
   -0.01674472532436782,
   -0.07045729325220294
  ],
  [
   -0.009238151960066011,
   0.05178996836778409,
   -0.042551816407718344
  ],
  [
   -0.052456677625133646,
   -0.06567844195053694,
   0.11813511957567015
  ],
  [
   -0.005799753045227278,
   0.010508219519119143,
   -0.004708466473891899
  ],
  [
   0.04980660190186666,
   -0.03775057277988126,
   -0.0120560291219855
  ],
  [
   0.03720585579474453,
   0.009291808610166883,
   -0.04649766440491069
  ],
  [
   0.1358152831137162,
   -0.007259572762665866,
   -0.12855571035104965
  ],
  [
   0.08874807052681473,
   -0.2553551163897342,
   0.16660704586291936
  ],
  [
   0.0,
   0.0,
   0.0
  ],
  [
   -0.3440690350552114,
   0.1791448062029808,
   0.1649242288522305
  ],
  [
   -0.24854015331532894,
   -0.029556984548772355,
   0.2780971378641007
  ],
  [
   0.5428330289251185,
   -0.5292179210517944,
   -0.013615107873323548
  ],
  [
   0.17944060794511485,
   -0.1090797260740937,
   -0.07036088187102107
  ],
  [
   -0.12420356467446853,
   0.2968762038252615,
   -0.1726726391507936
  ],
  [
   0.049783159966092456,
   -0.22583832308713392,
   0.1760551631210416
  ],
  [
   0.0491790671844878,
   -0.025764170026207525,
   -0.023414897158280348
  ],
  [
   -0.06595107329256368,
   -0.006378590543207109,
   0.07232966383577093
  ],
  [
   -0.2569526190819252,
   0.32879037192236593,
   -0.07183775284044086
  ],
  [
   0.15787761728277908,
   -0.07895641437053713,
   -0.0789212029122418
  ],
  [
   0.014474417801711081,
   0.003365269876697147,
   -0.017839687678407972
  ],
  [
   0.3931465232289925,
   -0.46679874388569215,
   0.07365222065669995
  ],
  [
   -0.1442154564312233,
   0.2308957779375708,
   -0.0866803215063471
  ],
  [
   0.07586904188901651,
   -0.0010228955415236473,
   -0.07484614634749293
  ],
  [
   0.0,
   0.0,
   0.0
  ],
  [
   0.0,
   0.0,
   0.0
  ],
  [
   0.0,
   0.0,
   0.0
  ],
  [
   0.0,
   0.0,
   0.0
  ]
 ],
 "logit_b": [
  0.4113303354248333,
  -0.22782939465502033,
  -0.18350094076981432
 ],
 "temp": 1.0,
 "pois_gh_w": [
  0.08229037380482228,
  -0.07989096839168836,
  0.08243560003594815,
  -0.07934253459022299,
  0.01982858331662173,
  0.031908838460282626,
  -0.04833116197111008,
  0.013541536053357473,
  0.02647506636459598,
  0.011505269238648308,
  0.06133962062928266,
  0.0016344589292102817,
  0.0,
  0.0012355375473500562,
  0.0009366315341540773,
  0.005000017952542471,
  0.003333722759017158,
  0.0008119236577076135,
  -0.0010879839109296742,
  0.008635464463014999,
  0.007624313269396764,
  0.0024583090495729066,
  0.00046456757865529614,
  0.0016257870115392683,
  0.010147875010064134,
  0.0017310844571427814,
  0.0027910105379502052,
  0.0,
  0.0,
  0.0,
  0.0
 ],
 "pois_gh_b": 0.3606931481036618,
 "pois_ga_w": [
  -0.07826008768237182,
  0.07449328371479225,
  -0.07979505559738331,
  0.07030971585995358,
  -0.00977657824904707,
  -0.014877325533911776,
  0.07572661743408123,
  -0.03558106036176844,
  -0.02303763081798836,
  -0.009546627374673485,
  -0.04795423530930404,
  0.003345880963545726,
  0.0,
  0.006751855502464982,
  0.0018837798912865746,
  0.0011726220542046142,
  -0.0026028351633205654,
  -0.00329643920474356,
  0.0014682259099319148,
  0.008500245359332225,
  0.008562497786639107,
  0.004022594989150902,
  -0.0042866741166419425,
  0.005584270851787876,
  0.0021550551066768934,
  -0.0018048020410393372,
  -0.010247564039628704,
  0.0,
  0.0,
  0.0,
  0.0
 ],
 "pois_ga_b": 0.031303257887390426,
 "l3_recipe": {
  "a0": -0.11780741257685984,
  "a1": 1.532502524126626,
  "tb0": 2.387631731021131,
  "tb1": 0.10263860386404194,
  "tb2": 0.25586522769684394,
  "tcap": 5.5
 },
 "trained_on": {
  "n_burn": 4192,
  "n_oos": 2680,
  "cal_start": "2019-01-01",
  "oos": [
   "2024-01-01",
   "2026-01-01"
  ]
 },
 "C": 0.3,
 "poisson_alpha": 1.0,
 "form_hl": 540.0,
 "note": "Full-data model. KNOWN to measure worse than L3/ensemble. NOT a precision claim."
}