player_id,name,club_minutes,n_club_comps,g90_club,a90_club,sh90_club,son90_club,c90_club,nat_minutes,g90_nat,a90_nat,sh90_nat,son90_nat,c90_nat
184,H. Kane,4407.0,6,1.30701,0.16338,3.34922,2.43022,0.08169,59.0,1.52542,0.0,1.52542,1.52542,0.0
907,R. Lukaku,74.0,3,1.21622,0.0,3.64865,2.43243,1.21622,0.0,0.0,0.0,0.0,0.0,0.0
35532,J. Quiñones,2724.0,1,1.09031,0.13216,3.5022,1.94934,0.13216,285.0,0.0,0.31579,1.26316,0.31579,0.31579
72128,I. Sergeev,952.0,2,1.03992,0.0,0.0,0.0,0.0,11.0,0.0,0.0,0.0,0.0,0.0
278,Kylian Mbappé,3755.0,5,1.03063,0.14381,3.90679,2.3968,0.16778,0.0,0.0,0.0,0.0,0.0,0.0
422572,K. Shiogai,878.0,3,1.02506,0.0,2.56264,2.05011,0.41002,0.0,0.0,0.0,0.0,0.0,0.0
186,Son Heung-Min,1103.0,1,0.97915,0.24479,2.69266,2.12149,0.0,361.0,0.74792,0.24931,0.99723,0.74792,0.0
73868,R. Pepi,1775.0,4,0.96338,0.10141,2.89014,2.02817,0.0507,13.0,0.0,0.0,0.0,0.0,0.0
874,Cristiano Ronaldo,4744.0,4,0.94857,0.09486,4.05987,2.0489,0.09486,0.0,0.0,0.0,0.0,0.0,0.0
284072,B. Dieng,1429.0,2,0.94472,0.06298,3.27502,1.88943,0.25192,0.0,0.0,0.0,0.0,0.0,0.0
154,L. Messi,3978.0,5,0.9276,0.52036,3.43891,2.23982,0.11312,176.0,0.51136,1.53409,4.09091,2.04545,0.0
291713,A. González,2586.0,3,0.90487,0.06961,3.48028,1.77494,0.13921,30.0,0.0,0.0,0.0,0.0,0.0
153,O. Dembélé,2520.0,7,0.89286,0.42857,3.28571,1.75,0.03571,0.0,0.0,0.0,0.0,0.0,0.0
19974,I. Toney,3558.0,3,0.86003,0.25295,2.45363,1.44182,0.15177,8.0,0.0,0.0,11.25,0.0,0.0
1100,E. Haaland,4473.0,6,0.84507,0.18109,3.1992,1.93159,0.04024,45.0,2.0,0.0,2.0,2.0,0.0
1496,Raphinha,2290.0,5,0.82533,0.27511,3.22271,1.61135,0.19651,0.0,0.0,0.0,0.0,0.0,0.0
47237,L. Suárez,4089.0,3,0.77036,0.17608,3.30154,1.80484,0.24211,139.0,0.0,0.0,0.64748,0.0,0.64748
57910,T. Rodríguez,355.0,1,0.76056,0.0,2.28169,1.01408,0.25352,90.0,2.0,0.0,3.0,2.0,0.0
45078,R. Stewart,1352.0,3,0.73225,0.1997,2.13018,1.39793,0.13314,0.0,0.0,0.0,0.0,0.0,0.0
198352,M. Touré,1741.0,3,0.72372,0.31017,2.37794,1.65422,0.31017,357.0,0.5042,0.2521,2.01681,1.0084,0.2521
66275,M. Chytil,1633.0,2,0.71647,0.05511,3.03123,1.70851,0.05511,31.0,0.0,0.0,8.70968,8.70968,0.0
66055,P. Musa,3020.0,2,0.71523,0.23841,2.56291,1.31126,0.26821,0.0,0.0,0.0,0.0,0.0,0.0
309182,Gilson Benchimol,1272.0,2,0.70755,0.0,2.33491,0.84906,0.21226,620.0,0.0,0.14516,0.58065,0.0,0.14516
72155,A. Ueda,3315.0,5,0.70588,0.02715,2.68778,1.38462,0.0543,270.0,0.66667,0.33333,2.0,1.0,0.0
931,Ferran Torres,2729.0,5,0.69256,0.09894,2.57237,1.61598,0.06596,0.0,0.0,0.0,0.0,0.0,0.0
283058,N. Jackson,1456.0,4,0.67995,0.24725,3.09066,2.03984,0.24725,867.0,0.31142,0.20761,2.38754,1.24567,0.20761
217,Lautaro Martínez,3465.0,6,0.67532,0.15584,3.01299,1.58442,0.20779,204.0,1.32353,0.88235,4.85294,3.52941,0.0
313353,P. David,3733.0,4,0.67506,0.12055,2.96544,1.66354,0.31342,123.0,1.46341,0.0,5.12195,4.39024,0.0
249,D. Malen,2937.0,7,0.67416,0.12257,2.75792,1.62411,0.03064,0.0,0.0,0.0,0.0,0.0,0.0
794,P. Schick,2953.0,4,0.6705,0.12191,2.46868,1.4934,0.06095,26.0,0.0,0.0,0.0,0.0,0.0
583,João Félix,3274.0,2,0.65974,0.41234,2.88638,1.5394,0.16494,0.0,0.0,0.0,0.0,0.0,0.0
818,T. Chorý,2342.0,2,0.65329,0.15371,3.18958,1.42186,0.269,45.0,2.0,0.0,2.0,2.0,0.0
196156,Thiago,3451.0,3,0.65198,0.02608,1.82556,1.19965,0.20864,0.0,0.0,0.0,0.0,0.0,0.0
45175,L. Shankland,5533.0,2,0.65064,0.11386,2.43991,1.44768,0.14639,0.0,0.0,0.0,0.0,0.0,0.0
77037,J. Lukić,2504.0,1,0.64696,0.07188,1.76118,1.04233,0.28754,0.0,0.0,0.0,0.0,0.0,0.0
2983,J. Fajardo,1398.0,2,0.64378,0.06438,2.70386,1.22318,0.45064,285.0,0.0,0.0,1.26316,0.0,0.31579
350799,Jeremy Arévalo,1259.0,4,0.64337,0.07149,2.07307,1.35822,0.14297,10.0,0.0,0.0,0.0,0.0,0.0
2664,Trézéguet,2389.0,3,0.64044,0.03767,3.27752,1.58225,0.15069,578.0,0.46713,0.15571,1.55709,0.77855,0.31142
790,E. Džeko,4078.0,4,0.64002,0.13242,3.72977,1.94213,0.11035,831.0,0.43321,0.1083,2.05776,1.19134,0.21661
41585,Gonçalo Ramos,1730.0,5,0.62428,0.05202,3.3815,1.97688,0.15607,0.0,0.0,0.0,0.0,0.0,0.0
952,C. Fassnacht,2755.0,2,0.62069,0.22868,2.12341,1.11071,0.098,0.0,0.0,0.0,0.0,0.0,0.0
26475,D. Undav,3643.0,4,0.61762,0.37057,3.26105,1.67993,0.19764,0.0,0.0,0.0,0.0,0.0,0.0
108563,R. Zalazar,2625.0,2,0.61714,0.20571,2.19429,1.23429,0.27429,225.0,0.0,0.4,0.8,0.4,0.0
8492,A. Sørloth,2919.0,6,0.61665,0.03083,2.86742,1.75745,0.18499,0.0,0.0,0.0,0.0,0.0,0.0
2722,A. El Kaabi,2921.0,3,0.61623,0.09243,2.9887,1.72544,0.09243,782.0,0.46036,0.11509,2.30179,0.80563,0.0
386828,Lamine Yamal,3828.0,5,0.61129,0.39969,2.91536,1.45768,0.14107,0.0,0.0,0.0,0.0,0.0,0.0
36088,G. Martínez,1767.0,3,0.61121,0.0,2.54669,1.42615,0.40747,0.0,0.0,0.0,0.0,0.0,0.0
53535,E. Shomurodov,3263.0,2,0.6068,0.16549,2.31689,1.32394,0.02758,84.0,0.0,0.0,1.07143,1.07143,0.0
42315,M. Taremi,1791.0,3,0.60302,0.20101,2.81407,1.35678,0.20101,90.0,0.0,0.0,1.0,1.0,0.0
25297,M. Gregoritsch,1351.0,3,0.59956,0.19985,2.19837,0.99926,0.33309,0.0,0.0,0.0,0.0,0.0,0.0
47348,Borja Iglesias,2717.0,3,0.59625,0.09937,1.88811,1.19249,0.29812,0.0,0.0,0.0,0.0,0.0,0.0
339887,C. Uzun,1522.0,3,0.59133,0.29566,2.30618,1.41919,0.1774,11.0,0.0,0.0,0.0,0.0,0.0
427,H. Wright,2755.0,3,0.58802,0.06534,2.6461,1.27405,0.13067,166.0,1.62651,0.0,2.16867,1.62651,0.0
82090,B. Thomas-Asante,1991.0,2,0.58764,0.18081,2.30537,1.17529,0.0,122.0,0.0,0.0,2.21311,0.0,0.0
24810,J. Córdoba,2618.0,3,0.58442,0.20626,2.33766,1.34072,0.24064,77.0,0.0,0.0,1.16883,0.0,0.0
33289,Koki Ogawa,1386.0,2,0.58442,0.19481,2.20779,1.23377,0.06494,190.0,0.47368,0.0,2.84211,2.36842,0.47368
85041,A. Gouiri,1702.0,4,0.58167,0.26439,2.0094,1.2691,0.10576,373.0,0.96515,0.24129,2.41287,1.44772,0.24129
161897,I. Saibari,2960.0,4,0.5777,0.27365,2.85811,1.33784,0.15203,971.0,0.37075,0.09269,1.5757,0.92688,0.18538
2001,C. Larin,1559.0,4,0.57729,0.11546,2.13598,1.44323,0.34638,174.0,0.0,0.0,1.03448,0.51724,0.0
295513,J. López,3431.0,5,0.57709,0.10493,2.96415,1.44273,0.20985,71.0,0.0,1.26761,3.80282,2.53521,0.0
2489,L. Díaz,4065.0,4,0.57565,0.42066,2.34686,1.50554,0.2214,287.0,0.62718,0.0,1.56794,0.94077,0.0
329163,A. Boulbina,1255.0,2,0.57371,0.21514,2.86853,1.21912,0.21514,50.0,1.8,0.0,5.4,5.4,0.0
978,K. Havertz,1128.0,6,0.55851,0.39894,1.51596,0.87766,0.15957,0.0,0.0,0.0,0.0,0.0,0.0
726,A. Kramarić,2421.0,2,0.55762,0.2974,1.93309,1.30112,0.11152,0.0,0.0,0.0,0.0,0.0,0.0
21509,M. Thuram,3077.0,6,0.55574,0.23399,2.51544,1.22847,0.08775,0.0,0.0,0.0,0.0,0.0,0.0
46930,E. Demirović,2446.0,5,0.55192,0.14718,2.06051,1.06705,0.25756,404.0,0.22277,0.0,3.34158,1.33663,0.44554
138787,A. Gordon,2969.0,5,0.54564,0.15157,2.03099,1.27316,0.15157,148.0,0.0,0.0,2.43243,1.21622,0.0
21613,L. Joseph,1825.0,3,0.54247,0.19726,2.41644,1.43014,0.24658,0.0,0.0,0.0,0.0,0.0,0.0
46746,A. Budimir,2989.0,2,0.54199,0.0,2.70994,1.26464,0.12044,0.0,0.0,0.0,0.0,0.0,0.0
17,C. Pulišić,1993.0,4,0.5419,0.18063,2.2579,1.44506,0.04516,169.0,0.0,0.0,2.13018,0.0,0.0
714,N. Amiri,2838.0,3,0.53911,0.09514,1.55391,0.98309,0.31712,0.0,0.0,0.0,0.0,0.0,0.0
44701,Khalid Al Ghannam,2199.0,2,0.53206,0.24557,1.39154,1.14598,0.16371,0.0,0.0,0.0,0.0,0.0,0.0
6483,G. Ávalos,4751.0,3,0.53041,0.1326,1.97011,1.004,0.15155,0.0,0.0,0.0,0.0,0.0,0.0
909,M. Rashford,2718.0,5,0.5298,0.36424,2.81457,1.5894,0.09934,45.0,0.0,0.0,0.0,0.0,0.0
20674,S. Banza,516.0,1,0.52326,0.17442,2.26744,1.22093,0.17442,148.0,0.0,0.0,1.21622,1.21622,0.0
48497,C. Itten,3268.0,3,0.52326,0.08262,2.2858,1.18421,0.22032,0.0,0.0,0.0,0.0,0.0,0.0
2218,I. Sarr,3617.0,4,0.52253,0.02488,1.96572,1.09483,0.09953,791.0,0.34134,0.11378,1.59292,1.02402,0.11378
18979,V. Gyökeres,3633.0,6,0.52023,0.07432,1.90751,0.96614,0.14864,606.0,0.89109,0.14851,2.82178,1.63366,0.14851
66387,P. Šulc,2599.0,5,0.51943,0.34629,1.59292,0.90035,0.17314,26.0,0.0,0.0,0.0,0.0,3.46154
66340,J. Kuchta,2086.0,2,0.51774,0.34516,2.37296,0.94919,0.34516,45.0,0.0,0.0,0.0,0.0,0.0
162707,E. Wahi,1742.0,5,0.51665,0.25832,2.32491,1.60161,0.36165,236.0,0.0,0.0,0.0,0.0,0.0
96615,I. Díaz,4010.0,4,0.51621,0.15711,2.44638,1.16708,0.04489,172.0,1.04651,0.0,2.09302,1.56977,0.0
138835,F. Balogun,3314.0,4,0.51599,0.10863,2.47133,1.33072,0.13579,269.0,0.66914,0.0,3.34572,2.34201,0.33457
201354,E. Makgopa,1402.0,2,0.51355,0.25678,2.1826,0.96291,0.0,155.0,0.58065,0.0,2.90323,0.58065,0.0
6009,J. Álvarez,3685.0,5,0.51289,0.24423,2.39349,1.41655,0.04885,78.0,0.0,0.0,1.15385,1.15385,0.0
19617,M. Olise,4387.0,6,0.51288,0.53339,2.60543,1.74379,0.24618,0.0,0.0,0.0,0.0,0.0,0.0
202696,I. Matanović,2648.0,3,0.50982,0.13595,2.2432,1.05363,0.13595,93.0,0.0,0.0,0.0,0.0,0.0
36905,G. Til,3004.0,4,0.50932,0.20972,1.73768,1.0486,0.11984,0.0,0.0,0.0,0.0,0.0,0.0
47323,Mikel Oyarzabal,3181.0,2,0.50927,0.11317,1.98051,1.18831,0.14146,0.0,0.0,0.0,0.0,0.0,0.0
28382,H. Tabaković,2659.0,2,0.50771,0.10154,2.16623,1.11696,0.16924,132.0,0.0,0.0,0.68182,0.0,0.0
566059,R. Elloumi,355.0,2,0.50704,0.0,1.01408,0.50704,0.0,0.0,0.0,0.0,0.0,0.0,0.0
51617,D. Núñez,1601.0,2,0.50593,0.28107,2.75453,1.63023,0.11243,0.0,0.0,0.0,0.0,0.0,0.0
33321,Keito Nakamura,2491.0,2,0.50582,0.10839,2.34845,1.51746,0.07226,245.0,0.73469,0.36735,1.83673,1.10204,0.0
20079,H. Souttar,178.0,1,0.50562,0.0,1.01124,1.01124,0.0,0.0,0.0,0.0,0.0,0.0,0.0
2544,Akram Afif,2169.0,4,0.49793,0.45643,1.65975,0.95436,0.20747,90.0,1.0,0.0,1.0,1.0,0.0
44382,Abdullah Al Hamdan,1087.0,5,0.49678,0.0828,1.73873,1.15915,0.24839,485.0,0.5567,0.37113,2.59794,1.6701,0.18557
284869,T. Fruk,2904.0,2,0.49587,0.06198,2.35537,1.17769,0.09298,0.0,0.0,0.0,0.0,0.0,0.0
19281,A. Semenyo,3893.0,7,0.48549,0.13871,1.91883,1.08657,0.16183,383.0,0.0,0.0,0.70496,0.23499,0.23499
34710,Oh Hyeon-Gyu,2970.0,4,0.48485,0.15152,2.57576,1.48485,0.15152,254.0,0.70866,0.35433,3.18898,1.41732,0.0
44551,Saleh Al Shehri,1118.0,3,0.48301,0.2415,2.81753,1.44902,0.161,222.0,0.40541,0.0,2.02703,1.62162,0.0
395075,Mostafa Zico,1494.0,3,0.48193,0.18072,2.16867,1.26506,0.18072,0.0,0.0,0.0,0.0,0.0,0.0
127769,Gabriel Martinelli,2434.0,6,0.48069,0.33279,1.92276,1.07231,0.18488,57.0,1.57895,0.0,1.57895,1.57895,0.0
276,Neymar,2066.0,3,0.47919,0.04356,2.30881,1.21975,0.30494,0.0,0.0,0.0,0.0,0.0,0.0
48002,B. Nygren,4324.0,5,0.47872,0.1457,2.14385,1.31129,0.12488,268.0,0.67164,0.0,2.35075,1.6791,0.0
51618,B. Rodríguez,3025.0,6,0.47603,0.29752,2.32066,1.19008,0.14876,120.0,0.0,0.0,0.75,0.75,0.0
18830,M. Arnautović,1706.0,3,0.47479,0.47479,2.53224,1.21336,0.10551,0.0,0.0,0.0,0.0,0.0,0.0
127429,I. Rayners,3057.0,3,0.47105,0.23553,2.38469,1.17763,0.05888,794.0,0.4534,0.11335,1.47355,0.79345,0.2267
1640,H. Çalhanoğlu,2310.0,5,0.46753,0.42857,1.75325,0.93506,0.27273,386.0,0.46632,0.0,1.39896,0.93264,0.0
89982,S. Moghanlou,2512.0,2,0.46576,0.10748,1.68392,0.8957,0.21497,0.0,0.0,0.0,0.0,0.0,0.0
421,B. Embolo,2132.0,3,0.46435,0.12664,1.94184,0.97092,0.21107,302.0,0.89404,0.0,1.19205,1.19205,0.0
2612,G. de Arrascaeta,6032.0,7,0.46253,0.35809,1.86505,0.86538,0.1492,67.0,1.34328,0.0,4.02985,2.68657,0.0
482605,G. Mora,1557.0,2,0.46243,0.0578,1.44509,0.92486,0.11561,665.0,0.40602,0.40602,1.62406,0.81203,0.0
351587,T. Oluwaseyi,3526.0,6,0.45944,0.22972,2.22065,1.27623,0.17867,510.0,0.17647,0.35294,2.29412,0.70588,0.0
19366,O. Watkins,4120.0,5,0.45874,0.15291,1.90049,1.2233,0.08738,45.0,2.0,0.0,4.0,2.0,0.0
314377,S. Baždar,788.0,3,0.45685,0.0,2.28426,1.37056,0.11421,126.0,0.71429,0.0,0.0,0.0,0.0
51648,C. Waterman,3972.0,2,0.45317,0.06798,1.9713,0.99698,0.29456,2135.0,0.4637,0.08431,2.06557,1.05386,0.33724
70670,I. Pitta,1796.0,3,0.451,0.10022,1.45323,0.80178,0.35078,0.0,0.0,0.0,0.0,0.0,0.0
113580,Willy Semedo,1400.0,2,0.45,0.19286,2.50714,1.35,0.45,689.0,0.39187,0.0,1.43687,1.04499,0.26125
35885,A. Zendejas,2819.0,6,0.44697,0.25541,1.62824,0.92586,0.25541,47.0,0.0,0.0,1.91489,1.91489,3.82979
8794,G. Hirst,2222.0,3,0.44554,0.12151,2.22772,1.17462,0.20252,136.0,0.66176,0.0,2.64706,1.98529,0.0
34431,Lee Dong-Gyeong,1622.0,3,0.4439,0.33292,2.71887,1.44266,0.05549,614.0,0.29316,0.14658,2.34528,0.87948,0.14658
762,Vinícius Júnior,4711.0,5,0.4394,0.21015,2.59817,1.45192,0.22925,320.0,0.28125,0.28125,1.40625,0.84375,0.0
658,H. Aouar,3084.0,3,0.43774,0.14591,1.60506,0.93385,0.14591,327.0,0.55046,0.0,0.82569,0.55046,0.0
260865,M. Pašalić,2888.0,3,0.43629,0.15582,2.27493,1.46468,0.09349,0.0,0.0,0.0,0.0,0.0,0.0
22236,Rafael Leão,2063.0,3,0.43626,0.13088,2.22492,1.1779,0.21813,0.0,0.0,0.0,0.0,0.0,0.0
334915,F. Ghedjemis,3098.0,2,0.43577,0.08715,2.26598,1.07489,0.1162,0.0,0.0,0.0,0.0,0.0,0.0
334429,O. Diakité,1457.0,2,0.4324,0.0,2.03844,1.11187,0.30885,599.0,0.45075,0.15025,1.80301,0.75125,0.3005
47582,C. Hernández,3127.0,3,0.43172,0.08634,2.44643,1.0937,0.20147,60.0,0.0,0.0,0.0,0.0,0.0
513776,Y. Diomande,2717.0,2,0.43062,0.29812,1.49061,0.92749,0.06625,352.0,0.25568,0.0,0.76705,0.51136,0.25568
329409,E. Bajraktarevic,1475.0,4,0.42712,0.24407,1.95254,1.40339,0.0,0.0,0.0,0.0,0.0,0.0,0.0
343027,D. Doué,2954.0,7,0.42654,0.24374,2.19364,1.15775,0.06093,103.0,0.87379,0.0,0.0,0.0,0.87379
14379,C. Ndiaye,2116.0,5,0.42533,0.1276,1.70132,0.89319,0.17013,183.0,0.98361,0.0,3.44262,1.96721,0.0
195067,J. Margaritha,4033.0,4,0.424,0.37937,1.76296,1.13811,0.17853,216.0,0.0,0.0,0.41667,0.0,0.0
25927,J. Mateta,3405.0,4,0.42291,0.0793,2.35242,1.29515,0.10573,0.0,0.0,0.0,0.0,0.0,0.0
395559,Kerim-Sam Alajbegović,2412.0,4,0.41045,0.14925,2.64925,1.45522,0.14925,299.0,0.60201,0.0,0.0,0.0,0.301
44340,Salem Al Dawsari,2427.0,3,0.40791,0.29666,1.92831,0.92707,0.0,90.0,0.0,0.0,2.0,1.0,1.0
304,S. Mané,4657.0,4,0.40584,0.28989,2.43504,1.25617,0.17393,1261.0,0.35686,0.21412,2.06979,1.28469,0.07137
414149,R. Mofokeng,2222.0,2,0.40504,0.32403,2.26823,1.0126,0.08101,258.0,0.0,0.0,2.7907,1.74419,0.0
142959,K. Aktürkoğlu,3338.0,7,0.40443,0.2157,1.91432,1.15938,0.10785,161.0,0.55901,0.0,1.67702,1.11801,0.0
340173,Ermin Mahmić,1559.0,1,0.40411,0.17319,3.05965,1.27004,0.34638,0.0,0.0,0.0,0.0,0.0,0.0
7722,S. Kalajdzic,1353.0,3,0.39911,0.33259,2.4612,1.13082,0.13304,0.0,0.0,0.0,0.0,0.0,0.0
179893,O. Appollis,2933.0,2,0.39891,0.2148,2.5162,1.35015,0.03069,881.0,0.51078,0.10216,1.53235,1.12372,0.0
25414,J. Yeboah,2716.0,2,0.39764,0.33137,2.68409,1.62371,0.09941,278.0,0.0,0.32374,0.64748,0.32374,0.32374
84087,W. Isidor,1365.0,3,0.3956,0.0,2.30769,1.12088,0.13187,0.0,0.0,0.0,0.0,0.0,0.0
18931,C. Wood,1143.0,2,0.3937,0.0,2.12598,0.94488,0.0,198.0,0.45455,0.0,3.18182,2.27273,0.0
35533,E. Valencia,2291.0,4,0.39284,0.03928,2.19991,1.06067,0.19642,157.0,0.0,0.0,2.29299,1.1465,0.0
15683,G. Nilsson,1151.0,3,0.39096,0.0,2.50217,1.25109,0.39096,29.0,0.0,0.0,0.0,0.0,0.0
95460,A. Arce,2093.0,3,0.387,0.172,2.27903,1.03201,0.172,102.0,0.88235,0.0,1.76471,0.88235,0.0
47545,G. Kakuta,2097.0,2,0.38627,0.21459,1.54506,0.64378,0.12876,171.0,1.05263,0.52632,2.10526,1.05263,0.0
377122,Endrick,1868.0,7,0.38544,0.33726,2.84261,1.73448,0.28908,0.0,0.0,0.0,0.0,0.0,0.0
2500,F. Balbuena,234.0,1,0.38462,0.0,0.38462,0.38462,0.0,0.0,0.0,0.0,0.0,0.0,0.0
301528,A. Schjelderup,2575.0,4,0.38447,0.20971,1.11845,0.69903,0.10485,827.0,0.76179,0.10883,0.21765,0.10883,0.21765
407806,Rayan,5629.0,5,0.38373,0.04797,1.9666,1.15118,0.11192,430.0,0.2093,0.0,1.67442,1.04651,0.0
290212,D. Višinský,2130.0,3,0.38028,0.04225,1.43662,0.88732,0.29577,127.0,0.0,0.0,0.0,0.0,0.0
94322,C. McCowatt,2852.0,2,0.37868,0.15778,2.14586,1.45161,0.12623,217.0,0.0,0.0,0.41475,0.41475,0.0
70535,Ibrahim Adel,719.0,2,0.37552,0.12517,3.25452,1.87761,0.37552,342.0,0.52632,0.26316,1.84211,1.31579,0.52632
39073,J. Hauge,3392.0,3,0.37146,0.2388,1.22052,0.63679,0.0796,0.0,0.0,0.0,0.0,0.0,0.0
158644,M. Beier,2916.0,5,0.37037,0.21605,1.57407,0.8642,0.18519,360.0,0.5,0.0,0.0,0.0,0.0
337740,Š. Chaloupek,2433.0,3,0.36991,0.07398,1.25771,0.62885,0.22195,945.0,0.0,0.0,0.28571,0.09524,0.28571
326067,A. Hadj-Moussa,3443.0,4,0.36596,0.18298,1.67296,1.0456,0.20912,182.0,0.0,0.98901,0.98901,0.98901,1.48352
275651,A. Bonny,1723.0,5,0.36564,0.36564,1.25363,0.67905,0.05223,0.0,0.0,0.0,0.0,0.0,0.0
380978,A. Ouédraogo,986.0,2,0.36511,0.27383,1.73428,1.18661,0.0,123.0,0.0,0.0,0.73171,0.0,0.0
339883,K. Yıldız,4192.0,5,0.36498,0.23616,2.10401,1.22376,0.08588,322.0,0.2795,0.0,0.83851,0.0,0.0
70747,J. Enciso,2966.0,3,0.36413,0.2731,2.51854,1.27444,0.06069,124.0,0.0,1.45161,2.17742,1.45161,0.0
292924,A. Benbouali,1240.0,2,0.3629,0.29032,1.8871,1.08871,0.3629,0.0,0.0,0.0,0.0,0.0,0.0
48389,N. Okafor,1985.0,4,0.36272,0.13602,1.45088,0.86146,0.13602,108.0,0.0,0.83333,0.83333,0.0,0.0
278370,D. Gómez,2485.0,3,0.36217,0.03622,1.44869,0.76056,0.36217,247.0,0.36437,0.0,1.45749,0.72874,0.0
306,Mohamed Salah,3244.0,5,0.36067,0.30518,2.164,1.10974,0.05549,824.0,0.65534,0.10922,1.20146,1.09223,0.0
25416,W. Weghorst,2246.0,3,0.36064,0.16028,1.92342,0.88157,0.36064,0.0,0.0,0.0,0.0,0.0,0.0
2639,Sultan Mandash,1501.0,3,0.35976,0.35976,1.31912,0.83944,0.17988,0.0,0.0,0.0,0.0,0.0,0.0
433272,Findlay Curtis,1752.0,6,0.35959,0.20548,2.10616,0.97603,0.10274,0.0,0.0,0.0,0.0,0.0,0.0
161904,B. Barcola,3258.0,7,0.35912,0.22099,2.20994,1.35359,0.08287,188.0,0.95745,0.0,0.0,0.0,0.0
179699,F. Mayele,2537.0,5,0.35475,0.07095,2.1285,1.24162,0.10642,348.0,0.25862,0.25862,3.36207,0.77586,0.25862
181812,J. Musiala,1269.0,4,0.35461,0.42553,1.91489,0.99291,0.21277,0.0,0.0,0.0,0.0,0.0,0.0
6938,B. Waine,1779.0,4,0.35413,0.05059,1.77066,1.11298,0.15177,204.0,0.0,0.0,0.44118,0.44118,0.0
350037,N. Paz,3316.0,3,0.35283,0.18999,2.68697,1.5199,0.16285,122.0,0.0,0.0,2.21311,2.21311,0.0
454,Y. Akgün,2304.0,3,0.35156,0.35156,1.5625,0.625,0.07812,176.0,0.0,0.0,3.57955,1.02273,0.0
136723,N. Madueke,3331.0,8,0.35125,0.08106,1.32393,0.78355,0.05404,19.0,0.0,0.0,0.0,0.0,0.0
925,Gonçalo Guedes,2321.0,2,0.34899,0.31021,1.58983,0.89186,0.19388,0.0,0.0,0.0,0.0,0.0,0.0
2887,R. Jiménez,2579.0,3,0.34897,0.10469,2.16363,0.83753,0.17449,594.0,0.45455,0.0,1.9697,1.21212,0.15152
200139,M. Amoura,2065.0,2,0.34867,0.13075,2.22276,0.82809,0.13075,558.0,0.16129,0.32258,1.6129,1.12903,0.32258
2864,A. Isak,1044.0,3,0.34483,0.08621,2.15517,1.2069,0.0,151.0,0.59603,0.59603,2.98013,1.19205,0.0
33224,D. Maeda,3659.0,3,0.34436,0.22137,1.5988,0.86089,0.19678,125.0,0.0,0.0,0.0,0.0,0.0
375930,K. Goto,2885.0,1,0.34315,0.21837,1.59099,0.7799,0.15598,22.0,0.0,0.0,0.0,0.0,0.0
29937,A. Hosseinzadeh,2363.0,3,0.34278,0.19044,1.82818,0.87601,0.11426,70.0,1.28571,0.0,2.57143,1.28571,0.0
295026,M. Baturina,3414.0,3,0.34271,0.2109,1.34446,0.71178,0.02636,167.0,0.53892,0.0,0.0,0.0,0.0
145465,Hussein Ali,526.0,1,0.34221,0.0,0.51331,0.51331,1.02662,0.0,0.0,0.0,0.0,0.0,0.0
19524,C. Adams,2115.0,2,0.34043,0.08511,1.61702,0.89362,0.0,114.0,2.36842,0.78947,3.15789,2.36842,0.0
903,S. McTominay,3706.0,4,0.33999,0.07285,2.16136,0.99568,0.04857,80.0,0.0,0.0,0.0,0.0,0.0
212233,B. Gutiérrez,3196.0,2,0.33792,0.11264,2.16834,1.23905,0.33792,118.0,0.0,0.0,0.76271,0.0,0.0
361966,K. Rodríguez,2939.0,4,0.33685,0.12249,2.66417,1.28615,0.06125,126.0,0.0,0.0,0.71429,0.71429,0.0
3033,C. Bakambu,1069.0,3,0.33676,0.25257,2.35734,1.01029,0.33676,239.0,0.37657,0.0,1.88285,1.50628,0.37657
8489,J. David,2415.0,4,0.3354,0.18634,1.56522,0.78261,0.0,655.0,0.41221,0.1374,0.96183,0.54962,0.0
162222,I. Bašić,269.0,2,0.33457,0.0,0.66914,0.66914,0.66914,360.0,0.0,0.0,0.25,0.25,0.75
410016,P. Adu,2167.0,3,0.33226,0.04153,2.78265,1.61975,0.37379,108.0,0.0,0.0,1.66667,0.83333,0.0
265448,M. Farji,2446.0,3,0.33115,0.14718,1.80294,0.91987,0.25756,130.0,0.69231,0.0,2.07692,0.69231,0.0
629,K. De Bruyne,1360.0,2,0.33088,0.26471,1.45588,0.72794,0.06618,0.0,0.0,0.0,0.0,0.0,0.0
226765,E. Stroud,2449.0,1,0.33075,0.18375,1.50674,0.73499,0.147,0.0,0.0,0.0,0.0,0.0,0.0
1165,Matheus Cunha,2745.0,5,0.32787,0.13115,2.09836,1.18033,0.13115,223.0,0.0,0.40359,1.61435,0.40359,0.0
199310,A. Ben Slimane,1373.0,3,0.32775,0.3933,1.5732,1.24545,0.2622,70.0,0.0,0.0,0.0,0.0,0.0
158688,J. Randall,2475.0,1,0.32727,0.29091,2.10909,1.27273,0.07273,57.0,0.0,0.0,1.57895,0.0,0.0
563,Álex Grimaldo,4128.0,4,0.32703,0.26163,1.50436,0.78488,0.17442,0.0,0.0,0.0,0.0,0.0,0.0
25348,V. Darida,2775.0,1,0.32432,0.0973,1.49189,0.81081,0.06486,0.0,0.0,0.0,0.0,0.0,0.0
2763,M. Pašalić,2776.0,3,0.32421,0.1621,1.29683,0.55115,0.12968,0.0,0.0,0.0,0.0,0.0,0.0
51530,F. Viñas,2507.0,2,0.3231,0.0359,1.83087,0.82569,0.3231,180.0,0.0,1.5,1.0,0.0,0.0
158054,N. Woltemade,3351.0,8,0.32229,0.10743,1.12802,0.59087,0.02686,841.0,0.96314,0.10702,1.07015,0.64209,0.0
42075,Edmilson Junior,1689.0,3,0.31972,0.15986,1.65187,0.85258,0.21314,75.0,0.0,0.0,1.2,1.2,0.0
263228,P. Guiagon,2555.0,1,0.31703,0.17613,1.76125,0.77495,0.21135,76.0,0.0,0.0,0.0,0.0,1.18421
1646,Lucas Paquetá,1708.0,3,0.31616,0.05269,1.31733,0.68501,0.31616,141.0,0.0,0.6383,1.91489,0.0,0.0
6865,K. Barbarouses,1430.0,2,0.31469,0.06294,1.88811,0.75524,0.12587,127.0,0.0,0.0,0.70866,0.70866,0.0
406303,K. Páez,2581.0,4,0.31383,0.10461,1.81325,0.80201,0.20922,125.0,0.0,0.0,0.0,0.0,0.0
196298,R. Sosa,1150.0,3,0.31304,0.23478,2.26957,0.86087,0.0,95.0,0.0,0.0,1.89474,0.94737,0.0
106485,Maurício,2884.0,5,0.31207,0.34327,1.43551,0.90499,0.15603,0.0,0.0,0.0,0.0,0.0,0.0
1494,Jovane Cabral,2019.0,2,0.31204,0.04458,2.13967,1.11441,0.31204,1383.0,0.13015,0.06508,1.49675,0.39046,0.2603
1422,J. Doku,3464.0,6,0.31178,0.31178,1.37702,0.83141,0.0,0.0,0.0,0.0,0.0,0.0,0.0
19170,M. Rogers,5197.0,6,0.31172,0.20781,1.59323,0.91784,0.17318,101.0,0.89109,0.0,2.67327,1.78218,0.0
38750,B. Brobbey,2023.0,3,0.31142,0.04449,1.29016,0.80079,0.26693,0.0,0.0,0.0,0.0,0.0,0.0
22265,Nuno da Costa,1183.0,2,0.30431,0.07608,2.28233,0.53254,0.22823,0.0,0.0,0.0,0.0,0.0,0.0
535046,A. Amaimouni,1479.0,2,0.30426,0.42596,2.00811,1.27789,0.18256,0.0,0.0,0.0,0.0,0.0,0.0
2032,J. Strand Larsen,2969.0,5,0.30313,0.09094,1.51566,0.75783,0.21219,64.0,0.0,0.0,1.40625,0.0,0.0
1946,L. Trossard,2976.0,6,0.30242,0.3629,1.75403,0.75605,0.09073,0.0,0.0,0.0,0.0,0.0,0.0
2545,Hassan Al Haydos,298.0,4,0.30201,0.60403,0.60403,0.30201,0.60403,10.0,0.0,0.0,0.0,0.0,0.0
292396,A. Londoño,2988.0,2,0.3012,0.3012,1.41566,0.87349,0.21084,0.0,0.0,0.0,0.0,0.0,0.0
162037,M. Tillman,2402.0,4,0.29975,0.0,1.23647,0.5995,0.14988,769.0,0.35111,0.46814,1.52146,0.46814,0.0
81573,Omar Marmoush,1803.0,6,0.2995,0.14975,2.04659,1.04825,0.14975,817.0,0.33048,0.0,1.43207,1.10159,0.0
1864,Pedro Neto,4837.0,6,0.29771,0.18607,1.02336,0.61402,0.18607,0.0,0.0,0.0,0.0,0.0,0.0
340573,B. El Khannouss,2726.0,5,0.29714,0.29714,1.68379,0.95745,0.36317,702.0,0.12821,0.0,0.76923,0.12821,0.12821
19614,S. Ezatolahi,1525.0,2,0.29508,0.11803,1.0623,0.41311,0.47213,78.0,0.0,0.0,0.0,0.0,0.0
542541,Y. Abdurisag,611.0,1,0.2946,0.2946,1.3257,0.7365,0.2946,10.0,0.0,0.0,0.0,0.0,0.0
207,I. Perišić,3060.0,4,0.29412,0.41176,1.61765,0.79412,0.20588,0.0,0.0,0.0,0.0,0.0,0.0
747,Casemiro,3380.0,4,0.2929,0.15976,1.22485,0.63905,0.37278,330.0,0.27273,0.27273,1.09091,0.81818,0.27273
156477,R. Cherki,3088.0,6,0.29145,0.49547,1.66127,0.93264,0.05829,313.0,1.15016,0.0,0.0,0.0,0.0
20649,Y. Wissa,931.0,4,0.29001,0.09667,2.12675,0.9667,0.38668,159.0,0.0,0.0,0.56604,0.56604,0.0
106851,S. Machino,1247.0,2,0.28869,0.07217,1.8765,1.01043,0.14435,60.0,1.5,0.0,3.0,1.5,0.0
19191,J.  McGinn,3118.0,5,0.28865,0.20205,0.8948,0.57729,0.23092,149.0,0.0,0.0,1.81208,1.20805,0.60403
2697,M. Torabi,314.0,1,0.28662,0.0,0.85987,0.28662,0.0,0.0,0.0,0.0,0.0,0.0,0.0
1942,J. Ito,2205.0,2,0.28571,0.20408,1.26531,0.81633,0.20408,169.0,0.0,1.59763,0.0,0.0,0.0
7332,L. Sučić,1260.0,2,0.28571,0.14286,1.71429,0.78571,0.07143,180.0,0.5,0.0,0.0,0.0,0.0
1485,Bruno Fernandes,4101.0,5,0.2853,0.5267,1.79956,0.83394,0.19751,0.0,0.0,0.0,0.0,0.0,0.0
388570,D. Gül,1893.0,5,0.28526,0.04754,1.71157,0.95087,0.19017,115.0,0.0,0.0,0.0,0.0,0.0
1460,B. Saka,3493.0,6,0.28342,0.23189,1.98397,1.28829,0.0773,141.0,0.6383,0.0,1.2766,1.2766,0.0
5996,E. Fernández,5418.0,6,0.28239,0.21595,1.47841,0.81395,0.23256,78.0,0.0,0.0,0.0,0.0,0.0
308689,S. Lopes Cabral,2232.0,5,0.28226,0.20161,1.53226,0.68548,0.16129,1281.0,0.07026,0.14052,1.26464,0.70258,0.4918
44324,Feras Al Brikan,2233.0,3,0.28213,0.0403,0.76579,0.48365,0.0403,354.0,0.50847,0.0,1.52542,1.27119,0.0
575283,A. Azaizeh,638.0,1,0.28213,0.14107,1.41066,0.56426,0.0,0.0,0.0,0.0,0.0,0.0,0.0
283252,Z. El Ouahdi,3829.0,2,0.28206,0.11752,1.41029,0.70514,0.16453,82.0,0.0,0.0,0.0,0.0,0.0
18997,L. Bacuna,2899.0,2,0.27941,0.12418,0.93136,0.52777,0.12418,0.0,0.0,0.0,0.0,0.0,0.0
128533,J. Leweling,3558.0,5,0.27825,0.30354,1.46712,0.80944,0.15177,0.0,0.0,0.0,0.0,0.0,0.0
280695,A. Minda,974.0,1,0.27721,0.1848,2.03285,1.10883,0.0,55.0,0.0,0.0,1.63636,1.63636,0.0
2699,S. Ghoddos,2286.0,2,0.27559,0.19685,1.41732,0.66929,0.19685,78.0,0.0,1.15385,0.0,0.0,0.0
161504,H. Johansson,2290.0,1,0.27511,0.31441,1.33624,0.70742,0.1179,0.0,0.0,0.0,0.0,0.0,0.0
199143,Y. Suzuki,2951.0,3,0.27448,0.15249,1.43341,0.76245,0.12199,31.0,0.0,0.0,0.0,0.0,2.90323
667,M. Depay,3279.0,5,0.27447,0.19213,1.97621,1.0979,0.16468,0.0,0.0,0.0,0.0,0.0,0.0
295977,T. Moremi,1969.0,2,0.27425,0.18283,2.1483,1.0513,0.09142,372.0,0.24194,0.24194,1.45161,0.72581,0.0
78,H. Vanaken,8207.0,3,0.27416,0.14256,1.16242,0.62508,0.0987,0.0,0.0,0.0,0.0,0.0,0.0
37272,B. Kuwas,2298.0,2,0.27415,0.19582,1.37076,0.6658,0.15666,9.0,0.0,0.0,0.0,0.0,0.0
19586,E. Eze,3297.0,6,0.27298,0.13649,1.50136,0.76433,0.0546,90.0,0.0,0.0,1.0,0.0,0.0
45020,D. Nazon,993.0,2,0.2719,0.09063,1.72205,1.08761,0.36254,196.0,0.0,0.0,2.29592,0.91837,0.0
50826,J. Shaffelburg,1326.0,2,0.27149,0.13575,1.42534,0.67873,0.13575,234.0,0.0,0.0,0.38462,0.38462,0.0
277003,N. El Aynaoui,3321.0,3,0.271,0.0813,0.78591,0.4336,0.271,780.0,0.0,0.0,0.57692,0.11538,0.0
198347,A. Valencia,1331.0,1,0.27047,0.13524,1.21713,0.81142,0.20285,0.0,0.0,0.0,0.0,0.0,0.0
119128,G. Caballero,2672.0,4,0.26946,0.03368,0.50524,0.26946,0.16841,0.0,0.0,0.0,0.0,0.0,0.0
51016,T. Buchanan,2345.0,3,0.26866,0.03838,1.07463,0.46055,0.34542,584.0,0.46233,0.15411,2.15753,1.07877,0.30822
277930,T. Aasgaard,2351.0,4,0.26797,0.19141,1.56954,0.80391,0.19141,421.0,0.21378,0.0,0.21378,0.0,0.0
265785,Luiz Henrique,2035.0,1,0.26536,0.13268,1.54791,0.66339,0.08845,102.0,0.0,0.0,0.0,0.0,0.0
51603,A. Canobbio,3754.0,5,0.26372,0.11987,1.53436,0.86308,0.35962,0.0,0.0,0.0,0.0,0.0,0.0
30807,S. Fofana,1373.0,4,0.2622,0.0,1.24545,0.45885,0.06555,488.0,0.36885,0.18443,1.10656,0.55328,0.0
446249,I. Mbaye,1383.0,5,0.2603,0.13015,1.36659,0.84599,0.0,418.0,0.43062,0.0,1.07656,0.64593,0.21531
335051,João Neves,3128.0,7,0.25895,0.14386,1.26598,0.60422,0.08632,116.0,0.0,0.0,0.0,0.0,0.0
47311,Mikel Merino,2096.0,6,0.25763,0.12882,1.24523,0.68702,0.21469,0.0,0.0,0.0,0.0,0.0,0.0
129718,J. Bellingham,3164.0,5,0.25601,0.17067,1.30847,0.93869,0.19912,19.0,0.0,0.0,4.73684,0.0,0.0
129678,A. Ounahi,1766.0,1,0.25481,0.10193,1.78369,0.96829,0.35674,962.0,0.28067,0.46778,1.12266,0.46778,0.18711
15286,Mousa Tamari,2489.0,2,0.25311,0.28927,1.98875,1.01245,0.14464,90.0,0.0,0.0,4.0,1.0,0.0
16871,Zizo,1778.0,2,0.25309,0.40495,1.51856,0.8099,0.05062,567.0,0.0,0.31746,0.79365,0.47619,0.0
1323,Dani Olmo,2853.0,5,0.25237,0.28391,2.08202,0.91483,0.12618,0.0,0.0,0.0,0.0,0.0,0.0
37155,O. Kökçü,3210.0,4,0.25234,0.28037,1.82243,1.03738,0.30841,93.0,0.0,0.0,2.90323,1.93548,0.0
183799,Nico Williams,2153.0,5,0.25081,0.16721,1.83929,0.87784,0.0836,0.0,0.0,0.0,0.0,0.0,0.0
30827,M. Erlić,2156.0,2,0.25046,0.04174,0.62616,0.3757,0.3757,0.0,0.0,0.0,0.0,0.0,0.0
296645,T. Yengi,1797.0,3,0.25042,0.0,1.45242,0.95159,0.25042,0.0,0.0,0.0,0.0,0.0,0.0
4569,M. Tougai,720.0,2,0.25,0.0,0.625,0.375,0.25,510.0,0.0,0.0,1.05882,0.0,0.0
312459,N. Velupillay,1467.0,1,0.2454,0.06135,2.45399,1.22699,0.06135,873.0,0.30928,0.10309,1.4433,0.92784,0.0
16369,G. Plata,3321.0,7,0.2439,0.2439,1.19241,0.78591,0.1897,142.0,0.0,1.26761,3.16901,1.90141,0.0
94562,S. Giménez,1107.0,3,0.2439,0.1626,2.60163,1.05691,0.1626,366.0,0.4918,0.2459,2.70492,1.22951,0.0
65576,J. Iskanderov,739.0,2,0.24357,0.0,0.0,0.0,0.12179,0.0,0.0,0.0,0.0,0.0,0.0
405957,L. Bayliss,1850.0,1,0.24324,0.14595,1.02162,0.48649,0.24324,0.0,0.0,0.0,0.0,0.0,0.0
842,N. Vlašić,3361.0,2,0.241,0.13389,1.04433,0.482,0.18744,0.0,0.0,0.0,0.0,0.0,0.0
41627,K. Gorré,1122.0,1,0.24064,0.32086,1.52406,0.88235,0.32086,228.0,0.0,0.0,1.18421,0.0,0.0
47696,A. Bernhardsson,1498.0,2,0.24032,0.54072,1.86248,0.96128,0.12016,121.0,0.0,0.7438,0.0,0.0,0.0
279482,B. Cipenga,2250.0,1,0.24,0.36,1.6,0.88,0.04,24.0,0.0,0.0,0.0,0.0,0.0
304958,Yang Hyun-Jun,3405.0,5,0.23789,0.02643,1.11013,0.5815,0.0793,152.0,0.0,0.59211,1.18421,0.0,0.0
41112,Trincão,4167.0,3,0.23758,0.30238,1.49028,0.71274,0.0216,0.0,0.0,0.0,0.0,0.0,0.0
10135,Bruno Guimarães,3412.0,5,0.2374,0.18464,1.31887,0.76495,0.2374,286.0,0.0,0.62937,0.31469,0.0,0.0
69196,Mahmoud Saber,1896.0,2,0.23734,0.28481,2.23101,0.99684,0.04747,239.0,0.0,0.0,0.75314,0.37657,0.0
1642,F. Kessié,3043.0,3,0.23661,0.1183,1.27177,0.79855,0.17746,970.0,0.18557,0.09278,1.1134,0.46392,0.09278
311543,N. Angulo,2666.0,4,0.23631,0.16879,1.35034,0.84396,0.16879,221.0,0.40724,0.0,1.22172,0.40724,0.0
63274,B. Yılmaz,3431.0,4,0.23608,0.31478,1.54765,0.83941,0.20985,52.0,0.0,0.0,1.73077,0.0,0.0
340077,M. Fernandez-Pardo,3106.0,3,0.23181,0.17386,1.56471,1.07212,0.17386,0.0,0.0,0.0,0.0,0.0,0.0
126642,P. Wimmer,1978.0,3,0.2275,0.1365,1.27401,0.50051,0.2275,0.0,0.0,0.0,0.0,0.0,0.0
34211,Cho Gue-Sung,1980.0,2,0.22727,0.04545,2.04545,1.13636,0.22727,46.0,1.95652,0.0,1.95652,1.95652,0.0
37892,D. Eckert Ayensa,1987.0,1,0.22647,0.0,1.17765,0.45294,0.09059,0.0,0.0,0.0,0.0,0.0,0.0
387521,L. Vušković,4769.0,4,0.22646,0.0,1.17006,0.4718,0.18872,570.0,0.15789,0.0,0.0,0.0,0.15789
44612,Garry Rodrigues,795.0,1,0.22642,0.22642,1.13208,0.45283,0.45283,0.0,0.0,0.0,0.0,0.0,0.0
338751,Víctor Muñoz,2785.0,3,0.22621,0.16158,1.97127,1.09874,0.09695,0.0,0.0,0.0,0.0,0.0,0.0
3428,J. Ayew,2388.0,3,0.22613,0.11307,1.46985,0.82915,0.18844,306.0,0.29412,0.0,0.58824,0.29412,0.0
70732,J. Canale,1594.0,2,0.22585,0.0,0.56462,0.28231,0.05646,0.0,0.0,0.0,0.0,0.0,0.0
190485,Samú Costa,2808.0,2,0.22436,0.0641,1.02564,0.54487,0.35256,0.0,0.0,0.0,0.0,0.0,0.0
635,R. Mahrez,3229.0,3,0.22298,0.27872,1.14277,0.66894,0.05574,649.0,0.5547,0.0,1.52542,1.1094,0.27735
343405,A. Yousefi,405.0,2,0.22222,0.44444,1.33333,0.88889,0.44444,0.0,0.0,0.0,0.0,0.0,0.0
50270,Ryan Mendes,3652.0,3,0.2218,0.14786,1.60186,0.76396,0.27108,266.0,1.01504,0.0,1.01504,1.01504,0.33835
247,C. Gakpo,3676.0,5,0.22035,0.1469,1.64037,0.78346,0.07345,0.0,0.0,0.0,0.0,0.0,0.0
3246,N. Pépé,3273.0,4,0.21998,0.24748,1.75985,0.87993,0.13749,67.0,0.0,0.0,2.68657,1.34328,0.0
37724,C. Summerville,2864.0,3,0.21997,0.1257,1.16271,0.59707,0.21997,0.0,0.0,0.0,0.0,0.0,0.0
101814,R. Araújo,1641.0,4,0.21938,0.0,0.93236,0.32907,0.16453,91.0,0.0,0.0,0.0,0.0,0.0
30484,M. Svanberg,1231.0,2,0.21933,0.07311,1.316,0.58489,0.51178,0.0,0.0,0.0,0.0,0.0,0.0
517,J. Rodríguez,1238.0,2,0.21809,0.21809,1.74475,1.09047,0.1454,276.0,0.32609,0.65217,2.28261,1.30435,0.0
226,D. Dumfries,2068.0,5,0.2176,0.08704,0.95745,0.30464,0.17408,0.0,0.0,0.0,0.0,0.0,0.0
303467,A. Fatawu,3726.0,1,0.21739,0.16908,1.71498,0.67633,0.16908,253.0,0.0,0.0,1.06719,0.35573,0.71146
48535,Y. Fortuné,414.0,1,0.21739,0.21739,1.08696,0.21739,0.86957,0.0,0.0,0.0,0.0,0.0,0.0
45307,L. Dykes,2072.0,3,0.21718,0.13031,1.34653,0.56467,0.17375,323.0,0.0,0.0,0.83591,0.27864,0.0
138935,C. Chukwuemeka,1257.0,3,0.2148,0.1432,1.00239,0.2148,0.1432,0.0,0.0,0.0,0.0,0.0,0.0
511,L. Goretzka,2524.0,6,0.21395,0.14263,1.14105,0.42789,0.17829,0.0,0.0,0.0,0.0,0.0,0.0
15769,Frans Putros,424.0,1,0.21226,0.0,0.42453,0.21226,0.0,180.0,0.0,0.0,0.5,0.0,0.5
263676,A. Fayzullaev,1272.0,3,0.21226,0.21226,1.83962,0.84906,0.35377,0.0,0.0,0.0,0.0,0.0,0.0
283174,Mohamed Al Manai,851.0,1,0.21152,0.0,1.48061,0.63455,0.21152,28.0,0.0,0.0,3.21429,0.0,0.0
6067,T. Almada,1704.0,4,0.21127,0.10563,1.21479,0.68662,0.26408,70.0,0.0,0.0,0.0,0.0,0.0
1243,T. Souček,2562.0,3,0.21077,0.0,0.87822,0.63232,0.17564,2.0,0.0,0.0,45.0,0.0,45.0
336659,C. Talbi,1710.0,2,0.21053,0.05263,1.21053,0.63158,0.0,27.0,0.0,0.0,0.0,0.0,0.0
417,A. Schöpf,2155.0,3,0.20882,0.20882,1.12761,0.37587,0.16705,0.0,0.0,0.0,0.0,0.0,0.0
163032,F. Rieder,2588.0,4,0.20866,0.10433,1.11283,0.45209,0.1391,505.0,0.89109,0.17822,0.35644,0.17822,0.17822
306380,Musab Al Juwayr,2592.0,2,0.20833,0.38194,1.31944,0.625,0.0,235.0,0.0,0.0,0.76596,0.76596,0.0
301771,S. Adingra,1735.0,5,0.20749,0.10375,1.29683,0.57061,0.10375,368.0,0.24457,0.24457,1.46739,0.48913,0.0
48025,Kevin Yakob,3043.0,2,0.20703,0.14788,1.39008,0.68025,0.20703,1583.0,0.17056,0.17056,0.79596,0.34112,0.28427
2598,R. Dōan,3057.0,3,0.20608,0.1472,1.20707,0.58881,0.17664,357.0,0.2521,0.0,1.51261,0.7563,0.2521
13376,J. Campaz,2190.0,2,0.20548,0.0,1.72603,0.86301,0.32877,70.0,0.0,0.0,0.0,0.0,0.0
2543,Almoez Ali,438.0,3,0.20548,0.0,0.61644,0.61644,0.61644,560.0,0.32143,0.16071,1.60714,0.48214,0.16071
5994,J. Carrascal,1317.0,3,0.20501,0.34169,1.29841,0.34169,0.27335,48.0,0.0,0.0,3.75,1.875,0.0
2676,Rúben Neves,6590.0,4,0.20486,0.32777,1.02428,0.39605,0.17754,0.0,0.0,0.0,0.0,0.0,0.0
94333,E. Just,3088.0,2,0.20402,0.29145,1.63212,0.75777,0.11658,300.0,0.0,0.0,0.3,0.3,0.0
2542,Ahmed Alaa,442.0,1,0.20362,0.40724,0.81448,0.81448,0.0,63.0,0.0,0.0,1.42857,0.0,0.0
30776,C. Romero,2663.0,3,0.20278,0.10139,0.74352,0.30417,0.43935,185.0,0.0,0.0,0.0,0.0,0.0
26315,N. González,2226.0,6,0.20216,0.0,1.85984,0.88949,0.20216,221.0,0.0,0.81448,0.40724,0.0,0.0
8601,F. Pierrot,896.0,3,0.20089,0.10045,2.31027,0.70312,0.30134,1298.0,0.34669,0.0,2.01079,0.76271,0.34669
26300,O. Kabak,1798.0,2,0.20022,0.0,1.45161,0.60067,0.25028,0.0,0.0,0.0,0.0,0.0,0.0
1725,D. Ljubičić,2706.0,3,0.19956,0.19956,1.2306,0.66519,0.19956,0.0,0.0,0.0,0.0,0.0,0.0
327895,P. Wanner,2265.0,3,0.19868,0.15894,1.35099,0.6755,0.23841,194.0,0.46392,0.46392,0.0,0.0,0.0
199837,K. Sulemana,1360.0,3,0.19853,0.13235,1.78676,0.79412,0.26471,178.0,0.0,0.0,1.51685,1.01124,0.0
66353,L. Provod,3181.0,2,0.19805,0.33952,1.66929,0.90538,0.08488,0.0,0.0,0.0,0.0,0.0,0.0
957,D. Sow,2289.0,2,0.19659,0.15727,0.6291,0.35387,0.23591,125.0,0.0,0.0,0.0,0.0,0.0
198211,Amer Jamous,460.0,2,0.19565,0.19565,0.3913,0.19565,0.58696,9.0,0.0,0.0,0.0,0.0,0.0
307123,N. O&apos;Reilly,4148.0,5,0.19527,0.13018,0.97637,0.65092,0.17358,0.0,0.0,0.0,0.0,0.0,0.0
415,W. McKennie,4154.0,4,0.19499,0.13,1.06163,0.49831,0.15166,139.0,0.0,0.0,0.0,0.0,0.0
756,F. Valverde,4163.0,4,0.19457,0.28105,1.10257,0.62695,0.1081,0.0,0.0,0.0,0.0,0.0,0.0
359561,K. Sebelebele,2316.0,2,0.1943,0.03886,1.32124,0.62176,0.15544,533.0,0.16886,0.0,1.01313,0.50657,0.16886
362400,M. Arfsten,3245.0,3,0.19414,0.16641,1.30354,0.61017,0.13867,706.0,0.0,0.38244,0.89235,0.25496,0.0
314511,A. Nusa,2320.0,2,0.19397,0.15517,1.7069,0.81466,0.0,45.0,2.0,0.0,4.0,4.0,0.0
2906,Lee Jae-Sung,2787.0,3,0.19376,0.12917,0.80732,0.41981,0.12917,197.0,0.0,0.45685,0.45685,0.45685,0.45685
32966,A. Tanaka,1866.0,3,0.19293,0.0,1.06109,0.33762,0.09646,162.0,0.0,0.0,0.55556,0.55556,0.55556
2507,M. Almirón,2803.0,2,0.19265,0.12843,1.38066,0.73849,0.12843,303.0,0.29703,0.29703,0.89109,0.59406,0.0
2889,A. Vega,1869.0,3,0.19262,0.626,1.97432,0.96308,0.28892,469.0,0.0,0.3838,0.95949,0.76759,0.0
36980,M. Thorsby,1408.0,3,0.19176,0.12784,1.15057,0.51136,0.25568,47.0,0.0,0.0,0.0,0.0,0.0
644,L. Sané,3290.0,5,0.19149,0.19149,1.36778,0.60182,0.05471,0.0,0.0,0.0,0.0,0.0,0.0
2194,R. Bensebaïni,3305.0,5,0.19062,0.08169,0.57186,0.29955,0.29955,976.0,0.09221,0.09221,0.46107,0.09221,0.09221
137303,E. Guessand,1893.0,5,0.19017,0.09509,1.14105,0.71315,0.09509,546.0,0.16484,0.0,2.14286,0.49451,0.0
328046,I. Koné,2840.0,2,0.19014,0.0,0.6338,0.3169,0.12676,553.0,0.0,0.0,0.65099,0.16275,0.3255
16482,R. Aguirre,2367.0,7,0.19011,0.07605,1.71103,0.79848,0.26616,136.0,0.0,0.0,0.0,0.0,1.32353
18592,I. Ndiaye,2866.0,4,0.18842,0.09421,1.09909,0.69086,0.06281,965.0,0.09326,0.09326,1.11917,0.74611,0.0
7327,A. Prass,1438.0,2,0.18776,0.12517,1.06398,0.68846,0.25035,0.0,0.0,0.0,0.0,0.0,0.0
6935,S. Singh,960.0,2,0.1875,0.09375,1.6875,0.75,0.375,523.0,0.0,0.17208,1.37667,0.17208,0.17208
425020,A. Maidana,1451.0,2,0.18608,0.0,0.93039,0.55824,0.18608,390.0,0.23077,0.23077,1.61538,0.92308,0.23077
272,A. Rabiot,2917.0,4,0.18512,0.12341,1.29585,0.4628,0.21598,0.0,0.0,0.0,0.0,0.0,0.0
32858,T. Watanabe,3410.0,5,0.18475,0.0,0.79179,0.52786,0.02639,360.0,0.0,0.0,0.25,0.25,0.25
98936,L. Foster,1462.0,2,0.18468,0.18468,0.86183,0.43092,0.24624,652.0,0.55215,0.27607,2.34663,1.24233,0.41411
180937,H. Falchener,2926.0,3,0.18455,0.0,0.86124,0.39986,0.15379,0.0,0.0,0.0,0.0,0.0,0.0
50817,J. Osorio,1958.0,2,0.18386,0.04597,0.68948,0.45965,0.04597,78.0,0.0,0.0,0.0,0.0,0.0
47300,T. Hernández,3486.0,2,0.18072,0.07745,1.13597,0.49053,0.18072,0.0,0.0,0.0,0.0,0.0,0.0
201713,S. Berhalter,3487.0,3,0.18067,0.30972,1.29051,0.61944,0.28391,433.0,0.20785,0.4157,0.4157,0.4157,0.20785
263482,Nuno Mendes,2994.0,6,0.18036,0.21042,1.2024,0.69138,0.1503,0.0,0.0,0.0,0.0,0.0,0.0
51776,M. Araújo,3504.0,3,0.17979,0.15411,1.0274,0.5137,0.38527,88.0,0.0,0.0,0.0,0.0,1.02273
274300,M. Akliouche,3515.0,4,0.17923,0.25605,1.58748,0.89616,0.07681,508.0,0.5315,0.0,0.0,0.0,0.0
387643,B. Touré,2524.0,2,0.17829,0.32092,1.21236,0.46355,0.07132,38.0,4.73684,0.0,4.73684,4.73684,0.0
191289,A. Sbaï,2035.0,3,0.1769,0.04423,1.23833,0.88452,0.13268,0.0,0.0,0.0,0.0,0.0,0.0
265820,Y. Ayari,2036.0,3,0.17682,0.13261,1.45874,0.53045,0.0442,815.0,0.22086,0.0,0.55215,0.44172,0.33129
147812,Ayman Yahya,1534.0,2,0.17601,0.11734,1.23207,0.64537,0.41069,294.0,0.0,0.0,1.83673,0.61224,0.0
203224,F. Wirtz,3587.0,5,0.17563,0.20072,1.22944,0.70254,0.05018,0.0,0.0,0.0,0.0,0.0,0.0
6808,J. Italiano,2065.0,1,0.17433,0.0,0.61017,0.30508,0.04358,135.0,0.0,0.0,0.0,0.0,0.0
406244,J. Manzambi,3618.0,3,0.17413,0.14925,1.61692,0.67164,0.199,107.0,0.84112,0.84112,2.52336,1.68224,0.0
25300,R. Khedira,3135.0,2,0.17225,0.02871,0.48804,0.31579,0.20096,0.0,0.0,0.0,0.0,0.0,0.0
637,F. Nmecha,3667.0,5,0.1718,0.07363,0.98173,0.41723,0.04909,0.0,0.0,0.0,0.0,0.0,0.0
42012,E. Achouri,2097.0,2,0.17167,0.25751,1.28755,0.51502,0.21459,382.0,0.4712,0.0,0.4712,0.4712,0.0
327631,H. Diarra,1574.0,2,0.17154,0.11436,1.54384,0.62897,0.34307,684.0,0.52632,0.0,1.31579,0.92105,0.39474
291964,A. Güler,3684.0,5,0.17101,0.39088,1.51466,0.78176,0.07329,180.0,0.5,0.0,1.0,0.5,0.0
289,A. Robertson,2109.0,6,0.1707,0.08535,0.38407,0.25605,0.04267,149.0,0.0,0.0,0.0,0.0,0.0
355994,A. Freeman,3169.0,4,0.1704,0.1136,1.16441,0.4828,0.142,647.0,0.27821,0.0,0.55641,0.41731,0.0
18967,L. Østigård,2644.0,2,0.1702,0.03404,0.61271,0.40847,0.23828,92.0,0.0,0.0,0.0,0.0,0.0
48471,R. Vargas,1608.0,1,0.16791,0.33582,1.34328,0.44776,0.11194,141.0,0.6383,0.6383,1.2766,1.2766,0.6383
134217,M. Mohebi,1619.0,1,0.16677,0.11118,1.50093,0.72267,0.16677,0.0,0.0,0.0,0.0,0.0,0.0
3287,T. Mokoena,3239.0,3,0.16672,0.08336,1.36153,0.58351,0.27786,936.0,0.28846,0.0,1.92308,0.57692,0.28846
161884,S. Hansen,540.0,2,0.16667,0.0,2.0,0.83333,0.16667,161.0,0.55901,0.0,0.0,0.0,0.0
280358,J. Castrop,1624.0,2,0.16626,0.05542,1.27463,0.66502,0.22167,182.0,0.0,0.0,0.0,0.0,0.0
323935,G. Simeone,3802.0,4,0.1657,0.18937,1.15992,0.49711,0.11836,85.0,0.0,0.0,0.0,0.0,0.0
792,J. Kluivert,1090.0,3,0.16514,0.0,0.90826,0.33028,0.49541,0.0,0.0,0.0,0.0,0.0,0.0
182219,Álex Baena,4920.0,5,0.16463,0.21951,1.48171,0.53049,0.32927,0.0,0.0,0.0,0.0,0.0,0.0
337426,A. Boakye,2746.0,3,0.16387,0.29497,1.54042,0.68827,0.3933,0.0,0.0,0.0,0.0,0.0,0.0
2873,C. Montes,2208.0,1,0.16304,0.0,0.9375,0.44837,0.2038,796.0,0.3392,0.0,0.45226,0.45226,0.67839
49583,A. Abdi,1657.0,3,0.16295,0.0,0.76041,0.27158,0.16295,889.0,0.30371,0.20247,1.11361,0.50619,0.20247
269621,Hossam Abdelmaguid,3317.0,2,0.1628,0.0,0.73259,0.2442,0.10853,391.0,0.0,0.0,0.46036,0.0,0.46036
195104,R. Rios,6084.0,9,0.16272,0.13314,1.52367,0.63609,0.34024,151.0,0.0,0.0,0.0,0.0,0.0
36579,S. Rahimi,1108.0,2,0.16245,0.0,2.59928,1.05596,0.08123,1035.0,0.78261,0.17391,2.69565,1.30435,0.26087
129670,N. Mbuku,2217.0,2,0.16238,0.20298,1.13667,0.60893,0.16238,296.0,0.30405,0.30405,1.21622,0.30405,0.0
338014,N. Irankunda,2221.0,3,0.16209,0.16209,2.26925,1.05358,0.52679,318.0,0.56604,0.0,1.98113,0.84906,0.56604
299813,Ali Al Hamadi,556.0,4,0.16187,0.16187,1.78058,0.80935,0.16187,0.0,0.0,0.0,0.0,0.0,0.0
25448,K. Ayhan,558.0,3,0.16129,0.0,0.96774,0.16129,0.32258,102.0,0.0,0.0,1.76471,0.88235,0.0
290,V. van Dijk,5048.0,5,0.16046,0.05349,0.76664,0.35658,0.10697,0.0,0.0,0.0,0.0,0.0,0.0
344862,H. Mastouri,1123.0,1,0.16028,0.0,2.24399,1.12199,0.48085,537.0,0.1676,0.1676,1.34078,0.67039,0.0
36902,T. Reijnders,3377.0,6,0.15991,0.21321,1.67901,0.71957,0.0533,0.0,0.0,0.0,0.0,0.0,0.0
1117,K. Tierney,3381.0,3,0.15972,0.23957,0.61224,0.29281,0.07986,68.0,0.0,0.0,0.0,0.0,0.0
2755,A. Mabil,1721.0,1,0.15689,0.31377,1.30738,0.73213,0.15689,0.0,0.0,0.0,0.0,0.0,0.0
1125,R. Christie,1150.0,3,0.15652,0.0,1.17391,0.62609,0.31304,480.0,0.1875,0.0,1.125,0.5625,0.375
34168,Kim Jin-Gyu,1151.0,1,0.15639,0.15639,1.01651,0.39096,0.15639,558.0,0.0,0.0,0.80645,0.64516,0.16129
71230,C. Harvey,1727.0,2,0.15634,0.05211,1.04227,0.62536,0.15634,177.0,0.0,0.0,1.52542,0.50847,0.0
327599,Y. Titraoui,2904.0,1,0.15496,0.03099,1.27066,0.61983,0.21694,0.0,0.0,0.0,0.0,0.0,0.0
400948,Assane Diao,1163.0,2,0.15477,0.07739,1.47034,0.85125,0.15477,544.0,0.0,0.16544,1.65441,0.49632,0.0
20696,P. Gueye,2916.0,4,0.15432,0.06173,1.51235,0.55556,0.37037,984.0,0.36585,0.09146,1.92073,0.91463,0.36585
160925,T. Ali,1750.0,3,0.15429,0.15429,1.74857,0.77143,0.10286,0.0,0.0,0.0,0.0,0.0,0.0
24888,Hwang Hee-Chan,1767.0,3,0.1528,0.20374,1.17148,0.35654,0.3056,104.0,0.0,0.0,1.73077,1.73077,0.0
542644,A. Jasim,1183.0,1,0.15216,0.07608,1.59763,0.83686,0.0,0.0,0.0,0.0,0.0,0.0,0.0
1578,G. Lo Celso,1776.0,3,0.15203,0.15203,1.16554,0.70946,0.2027,195.0,0.46154,0.0,1.38462,0.92308,0.0
338045,D. Castillo,2374.0,2,0.15164,0.15164,0.90986,0.45493,0.22746,69.0,0.0,0.0,0.0,0.0,0.0
342035,C. Volpato,1190.0,2,0.15126,0.30252,1.28571,0.52941,0.30252,90.0,1.0,0.0,0.0,0.0,0.0
380587,I. Maza,2988.0,4,0.1506,0.18072,1.74699,0.72289,0.09036,337.0,0.53412,0.26706,1.86944,1.06825,0.0
70767,B. Ojeda,2392.0,3,0.1505,0.0,1.05351,0.48913,0.22575,199.0,0.0,0.0,0.45226,0.45226,0.45226
5995,N. de la Cruz,3600.0,6,0.15,0.0,1.475,0.675,0.3,0.0,0.0,0.0,0.0,0.0,0.0
719,F. Grillitsch,1804.0,2,0.14967,0.09978,0.59867,0.29933,0.24945,0.0,0.0,0.0,0.0,0.0,0.0
161921,G. Reyna,606.0,3,0.14851,0.0,0.44554,0.29703,0.14851,105.0,0.85714,0.85714,0.85714,0.85714,1.71429
147859,C. De Ketelaere,3036.0,3,0.14822,0.20751,1.21542,0.65217,0.11858,0.0,0.0,0.0,0.0,0.0,0.0
73522,A. Mozgovoy,1221.0,3,0.14742,0.0,0.07371,0.0,0.29484,90.0,0.0,0.0,1.0,0.0,0.0
328,Fabián Ruiz,2446.0,7,0.14718,0.25756,1.28782,0.55192,0.14718,0.0,0.0,0.0,0.0,0.0,0.0
2881,J. Gallardo,3093.0,3,0.14549,0.14549,1.19302,0.40737,0.43647,608.0,0.0,0.0,0.29605,0.0,0.29605
2810,D. Zakaria,4959.0,4,0.14519,0.12704,0.79855,0.34483,0.27223,135.0,0.0,0.0,0.0,0.0,0.66667
39143,K. Thorstvedt,2480.0,2,0.14516,0.14516,1.125,0.47177,0.32661,1133.0,0.15887,0.07944,0.79435,0.63548,0.39718
237078,P. Vite,5014.0,4,0.1436,0.08975,0.82569,0.44874,0.1077,322.0,0.0,0.0,0.2795,0.0,0.0
17269,Emam Ashour,1258.0,2,0.14308,0.35771,2.36089,0.78696,0.0,391.0,0.0,0.46036,1.61125,0.23018,0.0
38123,A. Hrustić,2522.0,2,0.14274,0.2498,1.07058,0.53529,0.21412,108.0,0.0,0.0,0.0,0.0,0.0
927,Lee Kang-In,1897.0,5,0.14233,0.18977,1.66052,0.90142,0.14233,410.0,0.0,0.65854,0.43902,0.21951,0.21951
350850,B. Zeneli,3179.0,2,0.14155,0.39635,1.16074,0.53791,0.08493,359.0,0.0,0.0,0.50139,0.0,0.0
30497,Bremer,2569.0,3,0.14013,0.1051,0.80576,0.3153,0.17517,0.0,0.0,0.0,0.0,0.0,0.0
65571,A. Ulmasaliev,1285.0,2,0.14008,0.0,0.56031,0.28016,0.14008,0.0,0.0,0.0,0.0,0.0,0.0
2514,A. Romero,1289.0,2,0.13964,0.20946,0.90768,0.34911,0.27929,45.0,0.0,0.0,0.0,0.0,0.0
128384,Vitinha,4512.0,7,0.13963,0.19947,1.15691,0.53856,0.05984,0.0,0.0,0.0,0.0,0.0,0.0
2978,A. Quintero,647.0,1,0.1391,0.0,0.0,0.0,0.0,0.0,0.0,0.0,0.0,0.0,0.0
1424,E. Kayembe,2593.0,2,0.13884,0.03471,1.1801,0.41651,0.17354,480.0,0.1875,0.0,1.3125,0.75,0.375
362145,A. Ahmed,3916.0,5,0.1379,0.32176,1.14913,0.59755,0.11491,453.0,0.19868,0.39735,0.59603,0.39735,0.19868
50057,E. Elmalı,1975.0,4,0.13671,0.0,0.50127,0.27342,0.13671,76.0,0.0,0.0,0.0,0.0,0.0
753,Marcos Llorente,3966.0,5,0.13616,0.11346,0.65809,0.3177,0.20424,0.0,0.0,0.0,0.0,0.0,0.0
6005,J. Quintero,2645.0,4,0.13611,0.27221,2.38185,1.08885,0.03403,81.0,0.0,1.11111,0.0,0.0,0.0
337587,J. Bos,2659.0,5,0.13539,0.30463,1.04927,0.5754,0.03385,239.0,0.37657,0.0,1.12971,0.75314,0.0
99211,Park Jin-Seop,1336.0,2,0.13473,0.06737,0.26946,0.2021,0.67365,1016.0,0.0,0.0,0.26575,0.0,0.08858
44349,Mohamed Kanno,4009.0,4,0.1347,0.0898,1.07758,0.62859,0.11225,823.0,0.10936,0.10936,0.87485,0.21871,0.32807
265782,D. Møller Wolfe,1339.0,3,0.13443,0.20164,0.20164,0.13443,0.06721,427.0,0.0,0.0,0.42155,0.0,0.0
184226,Yeremy Pino,3348.0,5,0.13441,0.16129,1.20968,0.56452,0.21505,0.0,0.0,0.0,0.0,0.0,0.0
544,N. Lang,2014.0,7,0.13406,0.22344,1.11718,0.62562,0.26812,0.0,0.0,0.0,0.0,0.0,0.0
69,B. Mechele,4700.0,2,0.13404,0.0383,0.72766,0.34468,0.09574,0.0,0.0,0.0,0.0,0.0,0.0
161585,Francisco Conceição,2694.0,3,0.13363,0.16704,1.90423,1.00223,0.13363,229.0,1.17904,0.0,0.0,0.0,0.0
152849,M. van de Ven,4045.0,5,0.1335,0.02225,0.40049,0.20025,0.33375,0.0,0.0,0.0,0.0,0.0,0.0
57807,A. Carrasquilla,3400.0,3,0.13235,0.18529,0.87353,0.42353,0.31765,1144.0,0.07867,0.07867,0.94406,0.39336,0.31469
2879,R. Alvarado,2722.0,3,0.13226,0.16532,1.554,0.72741,0.03306,518.0,0.0,0.0,1.56371,0.86873,0.0
36111,C. Huerta,681.0,2,0.13216,0.0,2.51101,1.18943,0.66079,179.0,0.0,0.0,1.50838,0.0,0.50279
386837,A. Sojka,2043.0,3,0.13216,0.08811,1.14537,0.44053,0.04405,87.0,0.0,0.0,1.03448,0.0,0.0
313383,O. Vargas,4104.0,6,0.13158,0.06579,0.78947,0.35088,0.17544,335.0,0.0,0.0,0.0,0.0,0.26866
265444,S. Langås,2058.0,2,0.1312,0.04373,0.69971,0.30612,0.17493,598.0,0.1505,0.0,0.90301,0.45151,0.1505
50739,B. Aaronson,2754.0,3,0.13072,0.1634,1.04575,0.62092,0.09804,311.0,0.28939,0.28939,0.86817,0.28939,0.0
1095,X. Schlager,2067.0,2,0.13062,0.04354,0.5225,0.30479,0.26125,0.0,0.0,0.0,0.0,0.0,0.0
348205,P. Sučić,2768.0,6,0.13006,0.19509,0.6828,0.32514,0.19509,350.0,0.0,0.0,0.0,0.0,0.0
13708,J. Arias,4173.0,8,0.1294,0.28037,1.33717,0.60388,0.10784,77.0,0.0,0.0,2.33766,1.16883,0.0
291024,Hélio Varela,2088.0,3,0.12931,0.08621,0.94828,0.60345,0.08621,3277.0,0.16478,0.10986,1.53799,0.63168,0.21971
26243,N. Schlotterbeck,3500.0,4,0.12857,0.02571,0.74571,0.30857,0.28286,0.0,0.0,0.0,0.0,0.0,0.0
35576,O. Pineda,3514.0,2,0.12806,0.12806,0.74274,0.30734,0.23051,378.0,0.2381,0.2381,0.47619,0.47619,0.2381
542,R. Gravenberch,4221.0,4,0.12793,0.14925,0.74627,0.3838,0.17058,0.0,0.0,0.0,0.0,0.0,0.0
228,A. Obispo,1414.0,3,0.1273,0.0,1.08204,0.50919,0.1273,0.0,0.0,0.0,0.0,0.0,0.0
39064,P. Berg,3591.0,3,0.12531,0.35088,1.22807,0.55138,0.12531,92.0,0.0,0.0,0.0,0.0,0.0
195107,D. Bobadilla,2878.0,4,0.12509,0.09382,0.84434,0.56289,0.2189,275.0,0.32727,0.32727,0.65455,0.32727,0.32727
57803,J. Gutiérrez,1440.0,2,0.125,0.0,0.0625,0.0,0.125,337.0,0.0,0.26706,0.53412,0.26706,0.0
47294,I. Williams,2888.0,6,0.12465,0.18698,1.43352,0.77909,0.06233,1141.0,0.39439,0.07888,2.36635,0.55215,0.15776
618,Danilo,5807.0,7,0.12399,0.07749,0.57345,0.20148,0.12399,50.0,0.0,0.0,0.0,0.0,0.0
50745,Jamiro Monteiro,1455.0,2,0.12371,0.18557,1.05155,0.24742,0.06186,207.0,0.0,0.0,0.43478,0.0,0.0
50788,M. Choinière,728.0,1,0.12363,0.0,0.74176,0.24725,0.12363,185.0,0.0,0.0,0.48649,0.48649,0.0
67195,H. Mahmoud,2197.0,3,0.12289,0.04096,1.39281,0.45061,0.57351,47.0,0.0,0.0,0.0,0.0,1.91489
711,S. Posch,2206.0,4,0.12239,0.0,0.97915,0.32638,0.28558,0.0,0.0,0.0,0.0,0.0,0.0
44594,Saud Abdulhamid,4425.0,3,0.12203,0.22373,0.63051,0.28475,0.22373,270.0,0.0,0.0,0.33333,0.0,0.0
153430,A. Elanga,2217.0,5,0.12179,0.0406,0.97429,0.48714,0.0406,174.0,0.51724,0.0,2.58621,1.55172,0.0
47315,Martín Zubimendi,4478.0,6,0.12059,0.06029,0.50246,0.22108,0.20098,0.0,0.0,0.0,0.0,0.0,0.0
36899,T. Koopmeiners,2989.0,5,0.12044,0.03011,0.75276,0.39144,0.15055,0.0,0.0,0.0,0.0,0.0,0.0
2502,G. Gómez,4510.0,5,0.11973,0.03991,0.75831,0.25942,0.27938,268.0,0.0,0.0,0.67164,0.0,0.0
354027,J. Ordoñez,3760.0,3,0.11968,0.0,0.33511,0.14362,0.16755,371.0,0.0,0.0,0.24259,0.0,0.24259
135334,S. Bueno,3010.0,3,0.1196,0.0299,0.2691,0.2392,0.1794,135.0,0.0,0.0,1.33333,0.0,0.0
2979,J. Rodríguez,3013.0,2,0.11948,0.26884,1.25456,0.56754,0.14935,178.0,0.0,0.0,2.02247,0.50562,0.0
750,Álvaro Fidalgo,3016.0,9,0.11936,0.0,0.59682,0.26857,0.05968,0.0,0.0,0.0,0.0,0.0,0.0
162007,M. De Cuyper,1510.0,2,0.11921,0.17881,0.59603,0.41722,0.11921,0.0,0.0,0.0,0.0,0.0,0.0
180455,M. Garbett,2267.0,3,0.1191,0.0794,1.3101,0.5955,0.2779,250.0,0.0,0.0,2.16,1.08,0.36
9,A. Hakimi,3031.0,4,0.11877,0.32662,1.21742,0.59386,0.17816,1094.0,0.16453,0.2468,0.9872,0.65814,0.08227
46855,Y. Bárcenas,2276.0,1,0.11863,0.03954,0.98858,0.5536,0.11863,0.0,0.0,0.0,0.0,0.0,0.0
38747,Q. Timber,3068.0,7,0.11734,0.11734,0.93872,0.41069,0.20535,0.0,0.0,0.0,0.0,0.0,0.0
7562,R. Schmid,3078.0,2,0.11696,0.23392,1.14035,0.61404,0.11696,0.0,0.0,0.0,0.0,0.0,0.0
16813,Hamdi Fathy,772.0,1,0.11658,0.0,1.51554,0.46632,0.5829,957.0,0.0,0.0,0.09404,0.0,0.28213
2656,Karim Hafez,1548.0,2,0.11628,0.11628,0.40698,0.17442,0.34884,0.0,0.0,0.0,0.0,0.0,0.0
13736,D. Muñoz,3886.0,4,0.1158,0.09264,0.76428,0.44004,0.16212,90.0,0.0,0.0,0.0,0.0,0.0
198654,D. Svensson,3911.0,4,0.11506,0.04602,0.32217,0.16108,0.06904,537.0,0.0,0.0,0.0,0.0,0.1676
335056,Diego Moreira,5509.0,4,0.11436,0.24505,0.83318,0.4411,0.24505,20.0,0.0,0.0,0.0,0.0,0.0
6931,L. Cacace,787.0,2,0.11436,0.0,0.57179,0.22872,0.0,162.0,0.0,0.0,0.0,0.0,0.0
138908,E. Anderson,4735.0,4,0.11404,0.11404,0.7603,0.2661,0.2661,69.0,0.0,0.0,0.0,0.0,0.0
6716,A. Mac Allister,3946.0,6,0.11404,0.15966,1.1404,0.50177,0.22808,187.0,0.96257,0.0,2.8877,1.92513,0.48128
29704,S. Khalilzadeh,805.0,1,0.1118,0.1118,0.55901,0.2236,0.3354,90.0,0.0,0.0,1.0,0.0,1.0
30504,W. Singo,1615.0,4,0.11146,0.11146,0.83591,0.11146,0.16718,270.0,0.0,0.0,0.33333,0.0,0.66667
16805,Rami Rabia,810.0,1,0.11111,0.0,0.33333,0.22222,0.22222,820.0,0.21951,0.10976,0.32927,0.32927,0.21951
44475,Abdulelah Al Amri,2432.0,2,0.11102,0.07401,0.66612,0.18503,0.14803,270.0,0.0,0.0,0.0,0.0,0.0
19545,R. James,3256.0,5,0.11057,0.16585,0.58047,0.30405,0.19349,0.0,0.0,0.0,0.0,0.0,0.0
48372,E. Cömert,1639.0,2,0.10982,0.05491,0.43929,0.16473,0.27456,90.0,0.0,0.0,1.0,1.0,1.0
193279,J. Nelson,1653.0,3,0.10889,0.38113,1.14338,0.65336,0.21779,208.0,0.0,0.0,1.73077,0.43269,1.29808
296667,Gavi,832.0,3,0.10817,0.21635,0.10817,0.10817,0.54087,0.0,0.0,0.0,0.0,0.0,0.0
403087,Mohammed Abu Al Shamat,2497.0,1,0.10813,0.28835,1.15338,0.46856,0.14417,0.0,0.0,0.0,0.0,0.0,0.0
276670,F. Chaïbi,2509.0,3,0.10761,0.32284,1.04026,0.53806,0.10761,430.0,0.2093,0.0,1.88372,0.83721,0.0
8450,A. Seck,1674.0,3,0.10753,0.0,0.80645,0.26882,0.21505,428.0,0.21028,0.0,1.26168,0.63084,0.0
328033,A. Pavlović,3362.0,5,0.10708,0.05354,0.5354,0.34801,0.13385,0.0,0.0,0.0,0.0,0.0,0.0
37461,K. Felida,3367.0,3,0.10692,0.08019,0.85536,0.40095,0.10692,0.0,0.0,0.0,0.0,0.0,0.0
48555,C. Pickel,844.0,3,0.10664,0.0,0.74645,0.42654,0.53318,484.0,0.0,0.0,1.30165,0.0,0.0
70514,A. Gigović,2533.0,3,0.10659,0.17765,1.45677,0.53296,0.17765,505.0,0.0,0.0,0.0,0.0,0.53465
21101,S. Moutoussamy,2543.0,2,0.10617,0.0,0.60165,0.28313,0.21235,650.0,0.0,0.0,0.27692,0.13846,0.13846
2331,Stopira,848.0,3,0.10613,0.0,0.63679,0.3184,0.53066,0.0,0.0,0.0,0.0,0.0,0.0
374058,L. Camara,2547.0,4,0.10601,0.14134,0.74205,0.17668,0.28269,560.0,0.0,0.16071,0.96429,0.80357,0.32143
7090,M. Svoboda,2552.0,2,0.1058,0.07053,0.3174,0.17633,0.24687,0.0,0.0,0.0,0.0,0.0,0.0
636,Bernardo Silva,4254.0,6,0.10578,0.10578,0.59238,0.3385,0.3385,0.0,0.0,0.0,0.0,0.0,0.0
48378,S. Widmer,2554.0,3,0.10572,0.03524,0.81049,0.24667,0.17619,86.0,0.0,0.0,1.04651,1.04651,0.0
2742,M. Degenek,1706.0,2,0.10551,0.0,0.31653,0.15826,0.15826,457.0,0.0,0.0,0.0,0.0,0.0
369544,Gessime Yassine,1708.0,5,0.10539,0.36885,1.42272,0.7377,0.15808,494.0,0.36437,0.54656,1.2753,0.54656,0.18219
62490,S. Akaydin,2571.0,1,0.10502,0.03501,0.42007,0.24504,0.35006,0.0,0.0,0.0,0.0,0.0,0.0
129047,R. Zerrouki,3434.0,4,0.10483,0.02621,0.76005,0.28829,0.13104,597.0,0.0,0.30151,0.15075,0.15075,0.45226
2120,N. Raskin,5161.0,4,0.10463,0.2267,1.01143,0.36621,0.20926,0.0,0.0,0.0,0.0,0.0,0.0
280074,N. Brown,3460.0,3,0.10405,0.15607,0.4422,0.26012,0.10405,700.0,0.0,0.12857,0.51429,0.38571,0.12857
2468,G. Montiel,2614.0,3,0.10329,0.13772,0.55088,0.27544,0.3443,61.0,1.47541,0.0,1.47541,1.47541,0.0
2575,J. Porozo,3486.0,2,0.10327,0.0,0.4389,0.12909,0.23236,0.0,0.0,0.0,0.0,0.0,0.0
32862,T. Kubo,1745.0,2,0.10315,0.2063,1.03152,0.67049,0.15473,266.0,0.0,0.67669,0.67669,0.33835,0.0
2973,A. Murillo,2623.0,6,0.10294,0.13725,0.5833,0.27449,0.30881,180.0,0.0,1.0,2.0,1.5,0.0
10124,Léo Pereira,7898.0,7,0.10256,0.02279,0.51279,0.17093,0.14814,0.0,0.0,0.0,0.0,0.0,0.0
179862,M. Stamenić,2644.0,3,0.10212,0.10212,0.54463,0.30635,0.44251,369.0,0.0,0.0,0.4878,0.0,0.4878
2909,Paik Seung-Ho,3533.0,3,0.1019,0.02547,0.61138,0.25474,0.15284,172.0,0.0,0.0,0.0,0.0,0.0
49857,İ. Kahveci,1773.0,5,0.10152,0.15228,1.3198,0.55838,0.35533,76.0,0.0,0.0,1.18421,0.0,0.0
229112,A. Qasem,2662.0,2,0.10143,0.13524,1.1157,0.54095,0.16905,184.0,0.0,0.0,0.0,0.0,0.0
411800,C. Bonsu Baah,2679.0,1,0.10078,0.40314,0.83987,0.36954,0.16797,105.0,0.0,0.0,0.0,0.0,0.0
44335,Hassan Kadesh,5358.0,3,0.10078,0.0168,0.58791,0.23516,0.08399,32.0,0.0,0.0,0.0,0.0,0.0
162891,J. Sanabria,1800.0,2,0.1,0.25,0.5,0.3,0.3,180.0,0.5,0.0,0.5,0.5,0.0
406752,I. Okon,1806.0,2,0.09967,0.0,0.4485,0.1495,0.24917,102.0,0.0,0.0,0.0,0.0,0.88235
57518,S. Tounekti,5421.0,4,0.09961,0.19923,1.16215,0.54787,0.14942,115.0,0.0,0.0,0.78261,0.0,0.0
67971,M. Guéhi,4526.0,8,0.09943,0.07954,0.65621,0.21874,0.17897,90.0,0.0,2.0,1.0,0.0,1.0
237050,Eom Ji-Sung,2718.0,3,0.09934,0.09934,1.39073,0.62914,0.09934,87.0,1.03448,0.0,3.10345,2.06897,0.0
2700,A. Jahanbakhsh,907.0,1,0.09923,0.09923,1.58765,0.6946,0.49614,20.0,0.0,0.0,4.5,0.0,4.5
744,Brahim Díaz,1814.0,3,0.09923,0.39691,1.09151,0.79383,0.14884,903.0,1.19601,0.0,2.89037,1.79402,0.09967
324034,G. Puerta,2723.0,2,0.09916,0.03305,0.79324,0.33052,0.49578,92.0,0.97826,0.0,1.95652,0.97826,0.97826
21996,A. Baba,2748.0,2,0.09825,0.09825,0.36026,0.16376,0.09825,0.0,0.0,0.0,0.0,0.0,0.0
14395,K. Jakić,1841.0,2,0.09777,0.04889,0.68441,0.34221,0.29332,0.0,0.0,0.0,0.0,0.0,0.0
73520,A. Gʻaniyev,922.0,1,0.09761,0.09761,0.97614,0.48807,0.19523,76.0,0.0,0.0,0.0,0.0,0.0
2937,D. Rice,4648.0,5,0.09682,0.17427,0.65835,0.32917,0.17427,140.0,0.0,0.0,0.64286,0.0,0.0
142016,João Paulo,2805.0,2,0.09626,0.09626,0.96257,0.4492,0.09626,420.0,0.0,0.0,0.21429,0.0,0.0
163189,M. Thiaw,4684.0,5,0.09607,0.01921,0.57643,0.34586,0.17293,0.0,0.0,0.0,0.0,0.0,0.0
294824,N. Saliba,3759.0,4,0.09577,0.02394,1.19713,0.47885,0.45491,469.0,0.3838,0.0,1.15139,0.3838,0.0
2522,A. Sanabria,940.0,1,0.09574,0.09574,0.76596,0.38298,0.19149,191.0,0.4712,0.0,1.41361,0.4712,0.0
375974,J. Seys,5671.0,3,0.09522,0.17457,0.23805,0.1587,0.14283,0.0,0.0,0.0,0.0,0.0,0.0
158698,J. Quansah,4754.0,6,0.09466,0.0,0.47329,0.24611,0.17038,0.0,0.0,0.0,0.0,0.0,0.0
42288,Lucas Mendes,954.0,1,0.09434,0.09434,0.4717,0.18868,0.28302,45.0,0.0,0.0,0.0,0.0,0.0
1324,I. Šunjić,1914.0,2,0.09404,0.04702,0.4232,0.14107,0.65831,826.0,0.0,0.10896,0.87167,0.21792,0.32688
129033,J. Gvardiol,1931.0,4,0.09322,0.18643,0.93216,0.46608,0.13982,0.0,0.0,0.0,0.0,0.0,0.0
855,João Cancelo,4830.0,7,0.09317,0.18634,0.74534,0.3913,0.24224,0.0,0.0,0.0,0.0,0.0,0.0
94541,J. Bell,2902.0,3,0.09304,0.12405,0.68229,0.34114,0.15507,277.0,0.0,0.0,0.0,0.0,0.64982
92993,M. Wieffer,1946.0,3,0.0925,0.13875,0.64748,0.27749,0.36999,0.0,0.0,0.0,0.0,0.0,0.0
25158,D. Raum,2923.0,2,0.09237,0.27711,0.70818,0.3079,0.21553,0.0,0.0,0.0,0.0,0.0,0.0
330174,T. Matuludi,1950.0,1,0.09231,0.0,1.56923,0.50769,0.23077,14.0,0.0,0.0,0.0,0.0,0.0
30521,M. Demiral,1959.0,2,0.09188,0.0,0.82695,0.36753,0.27565,180.0,0.0,0.0,0.5,0.0,0.5
237220,Lee Tae-Seok,2987.0,2,0.09039,0.15065,0.75326,0.36157,0.33144,1500.0,0.06,0.12,0.66,0.18,0.12
257,Marquinhos,2991.0,6,0.09027,0.0,0.33099,0.12036,0.06018,185.0,0.0,0.0,0.0,0.0,0.0
48648,D. Ndoye,2014.0,3,0.08937,0.04469,0.98312,0.49156,0.08937,297.0,0.60606,0.0,1.51515,1.51515,0.0
2975,C. Blackman,2018.0,3,0.0892,0.17839,0.40139,0.0892,0.31219,0.0,0.0,0.0,0.0,0.0,0.0
318,K. Koulibaly,5074.0,4,0.08869,0.08869,0.47891,0.19511,0.24832,1063.0,0.0,0.08467,0.33866,0.0,0.42333
426480,L. Herrington,1020.0,2,0.08824,0.0,0.44118,0.26471,0.17647,1465.0,0.06143,0.0,0.3686,0.1843,0.12287
225,A. Behich,3066.0,2,0.08806,0.08806,0.82192,0.44031,0.20548,0.0,0.0,0.0,0.0,0.0,0.0
16470,J. Alcívar,3069.0,3,0.08798,0.08798,1.17302,0.41056,0.08798,197.0,0.45685,0.0,0.91371,0.91371,0.45685
357286,Bae Jun-Ho,3074.0,3,0.08783,0.08783,0.73195,0.43917,0.05856,126.0,0.0,0.0,0.71429,0.0,0.0
116117,M. Caicedo,5125.0,6,0.0878,0.05268,0.59707,0.26341,0.4039,187.0,0.0,0.0,0.0,0.0,0.96257
1417,A. Saelemaekers,3080.0,3,0.08766,0.11688,0.99351,0.37987,0.1461,0.0,0.0,0.0,0.0,0.0,0.0
1807,E. Ndicka,6173.0,4,0.08748,0.0,0.58318,0.17496,0.16038,1530.0,0.0,0.11765,0.17647,0.0,0.17647
1150,T. Adams,2069.0,3,0.087,0.087,0.34799,0.261,0.39149,245.0,0.0,0.0,0.0,0.0,0.36735
125171,J. Stanišić,3151.0,4,0.08569,0.14281,0.48556,0.31419,0.11425,0.0,0.0,0.0,0.0,0.0,0.0
2990,I. Gueye,2101.0,1,0.08567,0.12851,0.77106,0.29986,0.08567,1248.0,0.0,0.07212,0.50481,0.28846,0.07212
509,A. Davies,1054.0,5,0.08539,0.51233,0.34156,0.08539,0.08539,0.0,0.0,0.0,0.0,0.0,0.0
10097,Éderson,3169.0,3,0.0852,0.0568,0.8804,0.426,0.1136,0.0,0.0,0.0,0.0,0.0,0.0
44871,A. Hickey,1059.0,3,0.08499,0.0,0.50992,0.16997,0.08499,0.0,0.0,0.0,0.0,0.0,0.0
1138,T. Weah,3184.0,5,0.0848,0.11307,0.90452,0.39573,0.19786,199.0,0.0,0.0,1.80905,0.45226,0.0
6934,A. Rufer,2134.0,2,0.08435,0.04217,0.63261,0.1687,0.37957,107.0,0.0,0.0,0.84112,0.0,0.0
271539,J. Hadjam,2150.0,3,0.08372,0.2093,1.00465,0.4186,0.33488,304.0,0.0,0.0,0.59211,0.0,0.0
303362,R. Belghali,2166.0,2,0.0831,0.0,0.58172,0.24931,0.29086,375.0,0.0,0.0,0.0,0.0,0.24
51466,J. Piquerez,4343.0,5,0.08289,0.10362,0.9947,0.41446,0.14506,136.0,0.0,0.0,0.0,0.0,0.0
22224,Gabriel Magalhães,4390.0,6,0.082,0.10251,0.51253,0.16401,0.10251,154.0,0.0,0.0,0.0,0.0,0.58442
162733,R. Providence,1102.0,2,0.08167,0.16334,0.8167,0.49002,0.08167,1449.0,0.37267,0.12422,1.24224,0.93168,0.37267
39043,F. Aursnes,4425.0,5,0.08136,0.16271,0.61017,0.22373,0.06102,0.0,0.0,0.0,0.0,0.0,0.0
237129,P. Sarr,2233.0,4,0.08061,0.16122,0.76579,0.40305,0.12091,377.0,0.0,0.0,0.71618,0.47745,0.0
474591,C. Inao OulaÃ¯,2239.0,2,0.08039,0.16079,0.72354,0.28138,0.44216,280.0,0.0,0.0,1.28571,0.0,0.64286
319572,V. Barco,3359.0,3,0.08038,0.24114,0.8306,0.40191,0.26794,0.0,0.0,0.0,0.0,0.0,0.0
2290,N. Kanté,4493.0,7,0.08012,0.06009,0.52081,0.18028,0.10016,0.0,0.0,0.0,0.0,0.0,0.0
74,S. Amrabat,2255.0,5,0.07982,0.0,0.39911,0.11973,0.3592,644.0,0.0,0.13975,0.0,0.0,0.13975
2484,Y. Mina,2259.0,2,0.07968,0.0,0.35857,0.11952,0.15936,97.0,0.0,0.92784,0.0,0.0,0.0
20836,C. Operi,2264.0,2,0.07951,0.23852,0.43728,0.15901,0.15901,450.0,0.0,0.4,0.2,0.0,0.0
322101,A. Memić,3409.0,3,0.0792,0.26401,1.08243,0.55441,0.132,274.0,0.0,0.0,0.65693,0.32847,0.32847
38695,J. van Hecke,3411.0,3,0.07916,0.07916,0.44855,0.26385,0.26385,0.0,0.0,0.0,0.0,0.0,0.0
16804,Yasser Ibrahim,2276.0,2,0.07909,0.0,0.5536,0.19772,0.23726,525.0,0.17143,0.0,0.51429,0.51429,0.17143
2252,T. Holeš,2282.0,2,0.07888,0.11832,0.43383,0.15776,0.1972,0.0,0.0,0.0,0.0,0.0,0.0
49469,M. Ben Ouanes,2285.0,1,0.07877,0.23632,0.55142,0.15755,0.27571,167.0,0.0,0.0,1.07784,0.0,0.53892
30424,Ibañez,3431.0,3,0.07869,0.05246,0.99679,0.34101,0.18362,0.0,0.0,0.0,0.0,0.0,0.0
409,N. Bentaleb,2290.0,4,0.0786,0.0786,0.86463,0.35371,0.15721,30.0,3.0,3.0,3.0,3.0,0.0
1411,H. Delcroix,1155.0,1,0.07792,0.0,0.7013,0.62338,0.07792,0.0,0.0,0.0,0.0,0.0,0.0
20869,S. Chergui,1155.0,1,0.07792,0.0,0.54545,0.31169,0.07792,60.0,0.0,0.0,0.0,0.0,0.0
341642,J. Hato,2310.0,5,0.07792,0.03896,0.46753,0.19481,0.27273,676.0,0.0,0.0,0.0,0.0,0.0
39058,F. Bjørkan,3474.0,2,0.07772,0.12953,0.36269,0.25907,0.05181,14.0,0.0,0.0,0.0,0.0,0.0
312964,N. Ngoy,3476.0,4,0.07768,0.05178,0.51784,0.23303,0.38838,0.0,0.0,0.0,0.0,0.0,0.0
44,Rodri,2327.0,5,0.07735,0.0,0.8122,0.23206,0.27073,0.0,0.0,0.0,0.0,0.0,0.0
20655,J. Duverne,1174.0,1,0.07666,0.07666,0.30664,0.22998,0.3833,309.0,0.0,0.0,0.0,0.0,0.58252
624,N. Otamendi,4735.0,5,0.07603,0.03801,0.68427,0.30412,0.2661,45.0,0.0,0.0,0.0,0.0,0.0
214463,İ. Yüksek,2417.0,4,0.07447,0.11171,1.04261,0.44683,0.33513,152.0,0.0,0.0,0.59211,0.0,0.0
1257,J. Koundé,3627.0,5,0.07444,0.12407,0.42184,0.14888,0.1737,0.0,0.0,0.0,0.0,0.0,0.0
157997,A. Diallo,2426.0,2,0.0742,0.11129,1.55812,0.92745,0.0742,452.0,0.59735,0.19912,2.5885,0.99558,0.19912
1157,K. Laimer,3656.0,6,0.07385,0.32002,0.51696,0.19694,0.41849,0.0,0.0,0.0,0.0,0.0,0.0
6503,N. Molina,2453.0,5,0.07338,0.14676,0.58704,0.22014,0.18345,107.0,0.0,0.0,0.0,0.0,0.0
26240,P. Lienhart,2454.0,3,0.07335,0.0,0.47677,0.11002,0.25672,0.0,0.0,0.0,0.0,0.0,0.0
375598,N. Mukau,2471.0,4,0.07285,0.0,0.58276,0.29138,0.14569,387.0,0.0,0.0,0.69767,0.23256,0.0
19077,K. McLean,3745.0,3,0.0721,0.0721,0.57677,0.33645,0.14419,613.0,0.0,0.14682,0.44046,0.0,0.14682
2583,A. Preciado,1254.0,2,0.07177,0.14354,0.86124,0.35885,0.43062,122.0,0.0,0.0,0.7377,0.7377,0.0
140747,Ibraheem Bayesh,1257.0,2,0.0716,0.0,0.71599,0.2864,0.358,2639.0,0.17052,0.06821,0.9208,0.40925,0.10231
265556,Telmo Arcanjo,1258.0,1,0.07154,0.0,1.3593,0.64388,0.07154,333.0,0.27027,0.27027,3.24324,1.62162,0.27027
50816,R. Laryea,1265.0,1,0.07115,0.07115,0.28458,0.07115,0.28458,589.0,0.0,0.1528,0.4584,0.0,0.4584
25458,D. Lukebakio,1267.0,4,0.07103,0.2131,2.55722,1.27861,0.2131,0.0,0.0,0.0,0.0,0.0,0.0
265595,Gonçalo Inácio,3802.0,3,0.07102,0.07102,0.28406,0.09469,0.14203,0.0,0.0,0.0,0.0,0.0,0.0
18814,I. Diop,1277.0,3,0.07048,0.0,0.14096,0.07048,0.21143,0.0,0.0,0.0,0.0,0.0,0.0
406846,T. Noslin,2562.0,2,0.07026,0.14052,1.01874,0.59719,0.17564,0.0,0.0,0.0,0.0,0.0,0.0
96512,Kevin Pina,1281.0,3,0.07026,0.0,1.40515,0.4918,0.35129,1608.0,0.05597,0.0,0.39179,0.05597,0.33582
34121,R. Ashurmatov,1282.0,2,0.0702,0.0,0.70203,0.28081,0.21061,90.0,0.0,0.0,0.0,0.0,1.0
78494,J. Waterman,2594.0,4,0.06939,0.0347,0.06939,0.0347,0.48574,464.0,0.0,0.0,0.19397,0.19397,0.38793
275367,W. Paugain,1298.0,1,0.06934,0.0,0.13867,0.06934,0.06934,22.0,0.0,0.0,0.0,0.0,0.0
475575,Caleb Marfo Yirenkyi,2614.0,1,0.06886,0.20658,0.55088,0.24101,0.30987,180.0,0.0,0.0,0.0,0.0,0.0
14301,S. Radeljić,2624.0,2,0.0686,0.1372,0.85747,0.1372,0.34299,962.0,0.0,0.0,0.56133,0.09356,0.37422
8486,E. Smith,2636.0,2,0.06829,0.10243,0.37557,0.17071,0.17071,0.0,0.0,0.0,0.0,0.0,0.0
299,Fabinho,6648.0,4,0.06769,0.08123,0.5009,0.18953,0.25722,35.0,0.0,0.0,0.0,0.0,0.0
19182,A. Tuanzebe,1337.0,2,0.06731,0.0,0.13463,0.06731,0.06731,480.0,0.0,0.0,0.375,0.0,0.0
162714,A. Onana,2723.0,4,0.0661,0.0,0.72714,0.33052,0.13221,0.0,0.0,0.0,0.0,0.0,0.0
264,T. Meunier,2734.0,4,0.06584,0.09876,0.59254,0.23043,0.09876,0.0,0.0,0.0,0.0,0.0,0.0
268710,J. Adams,2764.0,3,0.06512,0.03256,0.61867,0.22793,0.26049,643.0,0.0,0.13997,0.41991,0.27994,0.13997
22147,M. Koné,2765.0,3,0.0651,0.09765,0.4557,0.16275,0.09765,0.0,0.0,0.0,0.0,0.0,0.0
180560,H. Mejbri,1391.0,3,0.0647,0.25881,0.77642,0.32351,0.71172,664.0,0.0,0.27108,0.67771,0.27108,0.27108
7197,A. Andrade,2787.0,2,0.06459,0.09688,0.71044,0.19376,0.03229,180.0,0.0,0.0,0.5,0.0,0.5
50852,J. Scally,2792.0,2,0.06447,0.0967,0.45129,0.32235,0.25788,67.0,0.0,0.0,0.0,0.0,0.0
161747,G. Doué,2819.0,3,0.06385,0.22348,0.51082,0.25541,0.22348,591.0,0.15228,0.0,1.06599,0.45685,0.0
2878,J. Sánchez,2824.0,6,0.06374,0.03187,0.44618,0.12748,0.12748,461.0,0.0,0.19523,0.0,0.0,0.19523
22149,I. Sangaré,2841.0,3,0.06336,0.09504,0.6019,0.15839,0.19007,408.0,0.0,0.0,0.66176,0.22059,0.44118
345748,A. Gómez,1427.0,2,0.06307,0.44149,1.6398,0.75683,0.12614,0.0,0.0,0.0,0.0,0.0,0.0
66407,L. Krejčí,2856.0,4,0.06303,0.03151,0.56723,0.31513,0.18908,630.0,0.0,0.0,0.42857,0.28571,0.14286
161907,M. Gusto,4314.0,6,0.06259,0.14604,0.54242,0.29207,0.20862,167.0,0.0,0.0,0.0,0.0,0.0
137210,A. Stiller,4322.0,5,0.06247,0.16659,0.41647,0.22906,0.06247,0.0,0.0,0.0,0.0,0.0,0.0
336657,W. Zaïre-Emery,4343.0,7,0.06217,0.10362,0.47663,0.20723,0.10362,208.0,0.0,0.0,0.0,0.0,0.43269
162199,A. Martha,2896.0,3,0.06215,0.06215,0.62155,0.24862,0.24862,45.0,0.0,0.0,0.0,0.0,0.0
190747,M. Expérience,1452.0,2,0.06198,0.06198,0.3719,0.18595,0.24793,619.0,0.0,0.0,0.58158,0.0,0.1454
972,J. Tah,4378.0,6,0.06167,0.04111,0.20557,0.1439,0.24669,0.0,0.0,0.0,0.0,0.0,0.0
271350,T. Muharemović,2925.0,2,0.06154,0.06154,0.4,0.18462,0.21538,589.0,0.0,0.0,0.0,0.0,0.3056
2901,Hwang In-Beom,1466.0,5,0.06139,0.36835,0.98226,0.42974,0.18417,111.0,0.0,0.0,0.81081,0.0,0.0
6832,C. Devlin,4405.0,2,0.06129,0.08173,0.59251,0.18388,0.24518,0.0,0.0,0.0,0.0,0.0,0.0
502,J. Kimmich,4448.0,6,0.0607,0.28327,0.68795,0.32374,0.1821,0.0,0.0,0.0,0.0,0.0,0.0
20665,J. Bellegarde,1514.0,3,0.05945,0.05945,1.07001,0.53501,0.29723,0.0,0.0,0.0,0.0,0.0,0.0
2926,Y. Tielemans,3029.0,4,0.05943,0.20799,0.80224,0.32684,0.05943,0.0,0.0,0.0,0.0,0.0,0.0
409670,A. Malic,1528.0,4,0.0589,0.0,0.2945,0.1178,0.3534,188.0,0.47872,0.0,0.95745,0.95745,0.0
41552,P. Ciss,3056.0,3,0.0589,0.08835,0.61846,0.2945,0.4712,77.0,0.0,0.0,2.33766,2.33766,0.0
174915,J. Casimir,1532.0,1,0.05875,0.0,0.99869,0.70496,0.29373,0.0,0.0,0.0,0.0,0.0,0.0
31,J. Giménez,1537.0,3,0.05856,0.05856,0.93689,0.23422,0.23422,90.0,0.0,0.0,0.0,0.0,1.0
567,Rúben Dias,3087.0,4,0.05831,0.0,0.43732,0.23324,0.11662,0.0,0.0,0.0,0.0,0.0,0.0
158433,S. Sithole,1560.0,1,0.05769,0.0,0.23077,0.11538,0.34615,453.0,0.19868,0.0,0.59603,0.39735,0.39735
2649,Ahmed Abou El Fotouh,1564.0,2,0.05754,0.23018,0.46036,0.17263,0.23018,309.0,0.0,0.0,0.0,0.0,0.29126
754,L. Modrić,3139.0,5,0.05734,0.08601,0.48742,0.31539,0.11469,0.0,0.0,0.0,0.0,0.0,0.0
2530,Pedro Miguel,1578.0,4,0.05703,0.1711,0.62738,0.28517,0.51331,90.0,0.0,0.0,0.0,0.0,0.0
271,L. Paredes,1579.0,2,0.057,0.22799,1.02597,0.45598,0.39899,63.0,0.0,0.0,0.0,0.0,0.0
264094,B. Tahirović,1582.0,3,0.05689,0.11378,0.96713,0.28445,0.34134,48.0,0.0,0.0,0.0,0.0,0.0
133609,Pedri,3188.0,5,0.05646,0.33877,0.56462,0.367,0.05646,0.0,0.0,0.0,0.0,0.0,0.0
51295,D. Cornelius,1599.0,4,0.05629,0.11257,0.394,0.28143,0.11257,577.0,0.15598,0.0,0.93588,0.62392,0.62392
202381,Moteb Al Harbi,4801.0,4,0.05624,0.09373,0.29994,0.13122,0.03749,520.0,0.0,0.34615,0.51923,0.34615,0.0
63964,F. Torres,1608.0,5,0.05597,0.0,0.33582,0.16791,0.44776,0.0,0.0,0.0,0.0,0.0,0.0
25368,W. Anton,4827.0,5,0.05594,0.0,0.39155,0.16781,0.11187,0.0,0.0,0.0,0.0,0.0,0.0
20995,M. Lacroix,4848.0,4,0.05569,0.05569,0.50124,0.18564,0.12995,0.0,0.0,0.0,0.0,0.0,0.0
2803,N. Elvedi,3237.0,2,0.05561,0.05561,0.27804,0.05561,0.13902,72.0,0.0,0.0,0.0,0.0,1.25
349344,L. Jaquez,1628.0,4,0.05528,0.05528,0.38698,0.05528,0.11057,208.0,0.43269,0.0,0.0,0.0,0.43269
46731,P. Estupiñán,1633.0,4,0.05511,0.11023,0.88181,0.05511,0.44091,44.0,0.0,0.0,2.04545,0.0,0.0
338367,D. Jean-Jacques,4905.0,2,0.05505,0.07339,1.04587,0.34862,0.27523,2578.0,0.0,0.06982,0.90768,0.20946,0.3142
430078,S. Kabini,1639.0,2,0.05491,0.16473,0.65894,0.38438,0.43929,243.0,0.0,0.0,0.74074,0.37037,0.0
25341,D. Luckassen,3298.0,4,0.05458,0.0,0.30018,0.05458,0.40934,0.0,0.0,0.0,0.0,0.0,0.0
347316,L. Bergvall,1653.0,5,0.05445,0.21779,0.8167,0.27223,0.16334,899.0,0.10011,0.20022,0.60067,0.20022,0.20022
313937,A. Mendy,3321.0,5,0.0542,0.0,0.67751,0.2981,0.2439,261.0,0.0,0.0,0.34483,0.0,0.34483
415431,S. El Mourabet,3326.0,4,0.05412,0.08118,0.2706,0.10824,0.18942,0.0,0.0,0.0,0.0,0.0,0.0
393977,A. Arous,1672.0,1,0.05383,0.0,0.16148,0.05383,0.10766,0.0,0.0,0.0,0.0,0.0,0.0
1290,G. Varela,3375.0,6,0.05333,0.13333,0.4,0.18667,0.13333,90.0,0.0,0.0,0.0,0.0,1.0
2472,R. De Paul,1730.0,3,0.05202,0.31214,0.83237,0.10405,0.36416,197.0,0.0,0.0,0.0,0.0,0.0
168,D. Sánchez,3534.0,3,0.05093,0.0,0.48387,0.17827,0.25467,180.0,0.0,0.5,0.0,0.0,0.0
44811,S. McKenna,3548.0,2,0.05073,0.0761,0.53269,0.20293,0.0761,114.0,0.0,0.0,0.0,0.0,0.0
18961,D. Burn,3561.0,5,0.05055,0.12637,0.40438,0.27801,0.32856,0.0,0.0,0.0,0.0,0.0,0.0
137721,G. Lagerbielke,3591.0,2,0.05013,0.0,0.37594,0.12531,0.25063,10.0,0.0,0.0,0.0,0.0,0.0
19549,A. Robinson,1796.0,3,0.05011,0.05011,0.15033,0.10022,0.25056,0.0,0.0,0.0,0.0,0.0,0.0
78547,A. Johnston,1796.0,4,0.05011,0.10022,0.30067,0.05011,0.15033,20.0,0.0,0.0,0.0,0.0,0.0
51114,C. Roldan,3632.0,4,0.04956,0.09912,0.99119,0.44604,0.07434,230.0,0.0,0.78261,1.17391,0.3913,0.0
1149,D. Upamecano,3646.0,6,0.04937,0.09874,0.41964,0.14811,0.22216,0.0,0.0,0.0,0.0,0.0,0.0
191240,M. Senaya,1874.0,2,0.04803,0.0,0.3842,0.24013,0.28815,0.0,0.0,0.0,0.0,0.0,0.0
57875,C. Yanis,1887.0,2,0.04769,0.19078,0.71542,0.28617,0.0,97.0,0.0,0.0,0.0,0.0,0.0
48119,O. Kossounou,1895.0,3,0.04749,0.0,0.28496,0.09499,0.14248,450.0,0.0,0.0,0.2,0.0,0.0
162194,L. Červ,3801.0,3,0.04736,0.09471,0.92344,0.35517,0.16575,0.0,0.0,0.0,0.0,0.0,0.0
32893,H. Ito,3812.0,4,0.04722,0.07083,0.56663,0.2361,0.11805,33.0,0.0,0.0,0.0,0.0,0.0
38114,K. Itakura,1915.0,3,0.047,0.0,0.28198,0.14099,0.14099,150.0,0.0,0.0,0.0,0.0,0.6
24866,Douglas Santos,1921.0,1,0.04685,0.0,0.65591,0.32795,0.0937,70.0,0.0,0.0,0.0,0.0,0.0
197985,Seol Young-Woo,3875.0,3,0.04645,0.13935,0.32516,0.16258,0.0929,273.0,0.0,0.0,0.0,0.0,0.0
284322,K. Mainoo,1942.0,5,0.04634,0.13903,0.4171,0.13903,0.13903,0.0,0.0,0.0,0.0,0.0,0.0
66214,D. Douděra,1945.0,2,0.04627,0.23136,1.01799,0.37018,0.37018,74.0,0.0,0.0,3.64865,1.21622,0.0
30432,M. de Roon,3918.0,3,0.04594,0.09188,0.41348,0.13783,0.22971,0.0,0.0,0.0,0.0,0.0,0.0
47519,Pedro Porro,3942.0,5,0.04566,0.11416,0.79909,0.2968,0.31963,0.0,0.0,0.0,0.0,0.0,0.0
41608,Diney Borges,1972.0,2,0.04564,0.0,0.59331,0.18256,0.41075,450.0,0.6,0.0,1.2,1.0,0.4
18938,A. Jones,1976.0,2,0.04555,0.04555,0.27328,0.09109,0.18219,0.0,0.0,0.0,0.0,0.0,0.0
163220,J. Antonisse,2006.0,1,0.04487,0.08973,1.70489,1.0319,0.35892,531.0,0.0,0.16949,1.86441,0.67797,1.18644
390002,M. Chávez,2006.0,5,0.04487,0.08973,0.71785,0.40379,0.53838,389.0,0.0,0.0,0.23136,0.23136,0.0
5,M. Akanji,4027.0,5,0.0447,0.0,0.60343,0.26819,0.15644,107.0,0.0,0.0,0.0,0.0,0.0
94405,F. de Vries,2022.0,1,0.04451,0.31157,0.53412,0.17804,0.08902,485.0,0.0,0.18557,0.18557,0.0,0.37113
162141,K. De Winter,2054.0,3,0.04382,0.04382,0.2629,0.04382,0.08763,360.0,0.0,0.0,0.0,0.0,0.0
16367,W. Pacho,4108.0,7,0.04382,0.02191,0.21908,0.06573,0.04382,371.0,0.0,0.0,0.24259,0.0,0.24259
269172,Ziyad Al Johani,2061.0,2,0.04367,0.04367,0.61135,0.26201,0.39301,335.0,0.0,0.0,0.53731,0.26866,0.53731
430835,Tyler Bindon,2064.0,2,0.0436,0.0,0.47965,0.13081,0.0436,281.0,0.0,0.0,0.0,0.0,0.64057
33889,K. Sano,4163.0,3,0.04324,0.06486,0.51886,0.17295,0.02162,312.0,0.0,0.57692,0.28846,0.28846,0.0
179856,B. Old,2085.0,3,0.04317,0.08633,0.64748,0.43165,0.08633,289.0,0.31142,0.0,0.93426,0.62284,0.0
25129,D. Burnić,2097.0,1,0.04292,0.04292,0.42918,0.17167,0.38627,248.0,0.0,0.0,1.45161,0.3629,0.0
2897,Kim Min-Jae,2113.0,4,0.04259,0.04259,0.25556,0.12778,0.12778,243.0,0.0,0.0,0.0,0.0,0.37037
126949,C. Richards,4227.0,5,0.04258,0.0,0.46842,0.12775,0.12775,597.0,0.15075,0.0,1.05528,0.60302,0.30151
306940,Y. Medina,2119.0,2,0.04247,0.12742,1.27419,0.59462,0.25484,132.0,0.0,0.0,0.0,0.0,1.36364
2977,A. Godoy,2135.0,2,0.04215,0.04215,0.71663,0.29508,0.29508,157.0,0.0,0.0,0.57325,0.0,0.0
292,J. Henderson,2139.0,3,0.04208,0.12623,0.21038,0.04208,0.25245,21.0,0.0,0.0,0.0,0.0,0.0
354753,O. Diomande,2157.0,3,0.04172,0.04172,0.5007,0.1669,0.25035,933.0,0.0,0.0,0.19293,0.0,0.09646
242,R. Thomas,2168.0,2,0.04151,0.04151,0.3321,0.08303,0.29059,283.0,0.0,0.0,0.31802,0.31802,0.0
4399,H. Boudaoui,2170.0,5,0.04147,0.08295,0.87097,0.37327,0.29032,525.0,0.0,0.17143,0.85714,0.17143,0.17143
1145,I. Konaté,4376.0,5,0.04113,0.0,0.39077,0.14397,0.20567,0.0,0.0,0.0,0.0,0.0,0.0
1719,M. Müldür,2210.0,5,0.04072,0.08145,0.48869,0.12217,0.24434,90.0,0.0,0.0,0.0,0.0,0.0
351014,J. Suzuki,4466.0,4,0.0403,0.02015,0.76579,0.26198,0.08061,270.0,0.0,0.0,0.33333,0.0,0.0
416901,N. Sigur,2235.0,1,0.04027,0.08054,0.24161,0.08054,0.20134,1156.0,0.15571,0.0,0.23356,0.15571,0.15571
1271,A. Tchouaméni,4475.0,5,0.04022,0.04022,0.84469,0.26145,0.24134,0.0,0.0,0.0,0.0,0.0,0.0
20457,C. Burgess,4531.0,3,0.03973,0.0,0.33767,0.11918,0.15891,504.0,0.0,0.0,0.0,0.0,0.0
19354,E. Konsa,4557.0,5,0.0395,0.0,0.2765,0.09875,0.0395,90.0,0.0,1.0,0.0,0.0,0.0
50879,M. Robinson,4557.0,5,0.0395,0.0,0.4345,0.05925,0.09875,448.0,0.0,0.0,0.40179,0.20089,0.60268
128793,D. Jurásek,2285.0,5,0.03939,0.23632,0.51204,0.19694,0.0,0.0,0.0,0.0,0.0,0.0,0.0
37127,M. Ødegaard,2315.0,6,0.03888,0.27214,1.32181,0.66091,0.0,45.0,0.0,0.0,2.0,0.0,0.0
195992,J. Cáceres,2339.0,2,0.03848,0.26935,0.61565,0.07696,0.3463,178.0,0.0,0.50562,0.0,0.0,0.0
39362,M. Pedersen,2341.0,2,0.03845,0.07689,0.46134,0.15378,0.11534,64.0,0.0,0.0,0.0,0.0,0.0
1237,J. Zelený,2371.0,2,0.03796,0.11388,0.30367,0.07592,0.15183,0.0,0.0,0.0,0.0,0.0,0.0
12303,Ricardo Ade,4783.0,3,0.03763,0.0,0.35752,0.09408,0.1129,1290.0,0.0,0.0,0.13953,0.0,0.34884
375608,M. Neffati,2395.0,1,0.03758,0.15031,0.48852,0.15031,0.30063,0.0,0.0,0.0,0.0,0.0,0.0
35808,G. Velázquez,2399.0,2,0.03752,0.03752,0.82534,0.26261,0.26261,97.0,0.0,0.0,0.0,0.0,0.0
47988,C. Starfelt,2402.0,3,0.03747,0.0,0.22481,0.07494,0.11241,90.0,0.0,0.0,1.0,1.0,0.0
162964,R. Hranáč,2423.0,2,0.03714,0.0,0.26001,0.11143,0.22286,90.0,0.0,0.0,0.0,0.0,0.0
57739,J. Córdoba,2435.0,2,0.03696,0.03696,0.29569,0.07392,0.22177,23.0,0.0,0.0,0.0,0.0,0.0
392387,O. Makhanya,2448.0,1,0.03676,0.0,0.44118,0.14706,0.33088,0.0,0.0,0.0,0.0,0.0,0.0
1741,N. Katić,2451.0,2,0.03672,0.07344,0.73439,0.14688,0.25704,360.0,0.0,0.0,1.0,0.25,0.25
30,S. Arias,2470.0,5,0.03644,0.0,0.25506,0.10931,0.10931,194.0,0.0,0.46392,0.92784,0.46392,0.0
47792,Amir Al Ammari,2505.0,1,0.03593,0.14371,0.46707,0.07186,0.14371,998.0,0.09018,0.36072,0.99198,0.27054,0.4509
332056,Wagner Pina,5013.0,3,0.03591,0.19749,0.34111,0.17953,0.23339,153.0,0.0,0.0,0.58824,0.0,0.0
128772,D. Zima,2513.0,2,0.03581,0.10744,0.46558,0.14326,0.14326,0.0,0.0,0.0,0.0,0.0,0.0
20,A. Witsel,2533.0,1,0.03553,0.07106,0.5685,0.17765,0.07106,0.0,0.0,0.0,0.0,0.0,0.0
37435,Deroy Duarte,2539.0,3,0.03545,0.03545,0.38992,0.07089,0.14179,550.0,0.0,0.0,0.16364,0.16364,0.0
2285,A. Rüdiger,2540.0,4,0.03543,0.0,0.46063,0.03543,0.07087,0.0,0.0,0.0,0.0,0.0,0.0
1902,D. Ćaleta-Car,2541.0,2,0.03542,0.0,0.38961,0.1771,0.31877,0.0,0.0,0.0,0.0,0.0,0.0
135068,E. Agbadou,2568.0,4,0.03505,0.10514,0.59579,0.24533,0.31542,720.0,0.125,0.0,0.625,0.25,0.0
161939,Tomás Araújo,2618.0,3,0.03438,0.06875,0.55004,0.20626,0.20626,630.0,0.0,0.0,0.0,0.0,0.0
25314,M. Friedl,2639.0,2,0.0341,0.0,0.27283,0.06821,0.37514,0.0,0.0,0.0,0.0,0.0,0.0
863,R. Bentancur,2639.0,5,0.0341,0.0341,0.61387,0.13642,0.23873,154.0,0.0,0.0,0.58442,0.0,1.16883
241,M. Sadílek,2656.0,2,0.03389,0.13554,0.81325,0.20331,0.20331,90.0,0.0,0.0,0.0,0.0,2.0
271444,Merchas Doski,2664.0,3,0.03378,0.06757,0.37162,0.23649,0.37162,45.0,0.0,0.0,0.0,0.0,0.0
538,F. de Jong,2665.0,5,0.03377,0.27017,0.16886,0.06754,0.33771,0.0,0.0,0.0,0.0,0.0,0.0
50737,A. Trusty,5426.0,5,0.03317,0.0,0.33174,0.09952,0.16587,91.0,0.0,0.98901,0.0,0.0,0.0
44367,Ali Majrashi,2723.0,3,0.03305,0.13221,0.62798,0.19831,0.29747,244.0,0.0,0.0,0.36885,0.0,1.10656
1322,N. Moro,2738.0,4,0.03287,0.03287,0.85464,0.13148,0.03287,0.0,0.0,0.0,0.0,0.0,0.0
25915,P. Mwene,2780.0,3,0.03237,0.06475,0.55036,0.09712,0.1295,0.0,0.0,0.0,0.0,0.0,0.0
295793,Marc Pubill,2795.0,5,0.0322,0.0322,0.51521,0.1932,0.2254,389.0,0.23136,0.0,0.46272,0.23136,0.23136
886,Diogo Dalot,2797.0,3,0.03218,0.09653,0.74008,0.22524,0.16089,0.0,0.0,0.0,0.0,0.0,0.0
1159,M. Sabitzer,2807.0,5,0.03206,0.12825,0.70538,0.35269,0.09619,0.0,0.0,0.0,0.0,0.0,0.0
348568,A. Circati,2813.0,2,0.03199,0.0,0.15997,0.03199,0.19197,360.0,0.0,0.0,1.0,0.25,0.0
326183,R. Halhal,2849.0,1,0.03159,0.06318,0.34749,0.12636,0.3159,0.0,0.0,0.0,0.0,0.0,0.0
153083,E. Martínez,2884.0,5,0.03121,0.0,0.65534,0.37448,0.28086,249.0,0.0,0.0,0.0,0.0,0.0
199767,S. Kapuadi,2886.0,3,0.03119,0.0,0.34304,0.15593,0.09356,0.0,0.0,0.0,0.0,0.0,0.0
6168,O. Alderete,2892.0,2,0.03112,0.03112,0.56017,0.28008,0.18672,171.0,0.0,0.0,0.0,0.0,0.0
127817,P. Hincapié,2919.0,7,0.03083,0.06166,0.33916,0.21583,0.0925,187.0,0.0,0.0,0.48128,0.48128,0.48128
38735,S. Dest,2919.0,3,0.03083,0.18499,0.58582,0.27749,0.15416,190.0,0.0,0.47368,0.0,0.0,0.0
137976,I. Hien,2945.0,4,0.03056,0.0,0.3056,0.12224,0.21392,355.0,0.0,0.0,0.50704,0.0,0.25352
44814,L. Ferguson,2949.0,4,0.03052,0.0,0.57986,0.27467,0.24415,168.0,0.0,0.0,1.07143,0.0,0.0
32954,S. Taniguchi,2962.0,1,0.03038,0.03038,0.33423,0.06077,0.12154,270.0,0.0,0.0,0.0,0.0,0.0
47969,G. Gudmundsson,2963.0,3,0.03037,0.03037,0.45562,0.1215,0.15187,274.0,0.0,0.0,0.32847,0.0,0.0
35970,L. Romo,2964.0,3,0.03036,0.06073,0.88057,0.21255,0.21255,94.0,0.0,0.0,0.0,0.0,0.0
36970,S. Floranus,2980.0,2,0.0302,0.12081,0.24161,0.12081,0.15101,180.0,0.0,0.0,0.0,0.0,0.5
204043,A. Theate,2983.0,3,0.03017,0.0,0.51291,0.27154,0.24137,0.0,0.0,0.0,0.0,0.0,0.0
130,Nélson Semedo,3021.0,4,0.02979,0.08937,0.47666,0.08937,0.32771,0.0,0.0,0.0,0.0,0.0,0.0
51535,S. Cáceres,3026.0,6,0.02974,0.0,0.14871,0.02974,0.29742,0.0,0.0,0.0,0.0,0.0,0.0
1464,G. Xhaka,3050.0,2,0.02951,0.17705,0.44262,0.14754,0.26557,111.0,0.0,0.0,0.0,0.0,0.0
126640,D. Affengruber,3051.0,2,0.0295,0.059,0.44248,0.11799,0.23599,0.0,0.0,0.0,0.0,0.0,0.0
46334,A. Modiba,3067.0,3,0.02934,0.14672,1.02706,0.44017,0.17607,728.0,0.0,0.24725,0.61813,0.24725,0.24725
1231,V. Coufal,3107.0,2,0.02897,0.23173,0.5214,0.1738,0.11587,350.0,0.25714,0.0,0.77143,0.51429,0.25714
2807,R. Freuler,3107.0,3,0.02897,0.05793,0.23173,0.05793,0.1738,101.0,0.0,0.0,0.0,0.0,0.0
22139,S. Moreira,3112.0,3,0.02892,0.05784,0.2892,0.20244,0.1446,3816.0,0.0,0.07075,0.14151,0.04717,0.07075
1111,J. Hendry,3137.0,2,0.02869,0.02869,0.17214,0.05738,0.25821,92.0,0.0,0.0,1.95652,0.0,0.0
51149,M. Boxall,3156.0,3,0.02852,0.02852,0.05703,0.02852,0.19962,367.0,0.0,0.0,0.49046,0.49046,0.24523
46601,K. Mudau,3161.0,3,0.02847,0.02847,0.17083,0.05694,0.37014,968.0,0.0,0.0,0.55785,0.18595,0.18595
289592,K. Castaño,3174.0,4,0.02836,0.14178,0.56711,0.14178,0.36862,131.0,0.0,0.0,0.0,0.0,0.0
2601,D. Kamada,3208.0,4,0.02805,0.11222,0.58915,0.19638,0.11222,255.0,0.35294,0.0,0.35294,0.35294,0.0
951,M. Aebischer,3249.0,3,0.0277,0.0554,0.52632,0.1385,0.22161,176.0,0.51136,0.0,1.02273,0.51136,0.0
18970,P. Groß,3275.0,7,0.02748,0.1374,0.54962,0.38473,0.10992,0.0,0.0,0.0,0.0,0.0,0.0
1567,A. Mandi,3289.0,2,0.02736,0.0,0.35573,0.16418,0.27364,1050.0,0.08571,0.0,0.25714,0.08571,0.0
7318,A. Dedić,3307.0,4,0.02721,0.10886,0.43544,0.13607,0.21772,990.0,0.0,0.18182,1.09091,0.36364,0.09091
48047,J. Karlström,3323.0,2,0.02708,0.0,0.29792,0.08125,0.1625,129.0,0.0,0.0,1.39535,0.0,0.69767
69260,Pico,3338.0,3,0.02696,0.0,0.40443,0.18874,0.13481,1200.0,0.0,0.0,0.225,0.075,0.15
336671,Renato Veiga,3449.0,4,0.02609,0.0,0.33923,0.13047,0.23485,630.0,0.14286,0.0,0.0,0.0,0.14286
35544,J. Vásquez,3491.0,2,0.02578,0.0,0.51561,0.18046,0.05156,653.0,0.0,0.0,0.27565,0.27565,0.0
1361,F. Kadıoğlu,3516.0,3,0.0256,0.0,0.66553,0.35836,0.17918,0.0,0.0,0.0,0.0,0.0,0.0
1929,J. Lucumí,3591.0,4,0.02506,0.02506,0.32581,0.15038,0.2005,329.0,0.27356,0.0,0.27356,0.27356,0.0
44865,J. Souttar,3644.0,4,0.0247,0.0,0.44457,0.17289,0.27168,90.0,1.0,0.0,1.0,1.0,0.0
25916,M. Niakhaté,3767.0,4,0.02389,0.04778,0.16724,0.04778,0.11946,1110.0,0.0,0.0,0.16216,0.08108,0.0
619,Eric García,3953.0,4,0.02277,0.04554,0.61472,0.25044,0.20491,0.0,0.0,0.0,0.0,0.0,0.0
396623,Pau Cubarsí Paredes,4054.0,5,0.0222,0.0,0.1998,0.0666,0.111,180.0,0.0,0.0,0.0,0.0,0.0
19023,T. Ream,4081.0,3,0.02205,0.0,0.02205,0.02205,0.15437,684.0,0.0,0.0,0.0,0.0,0.0
44315,Abdullah Al Khaibari,4113.0,4,0.02188,0.02188,0.45952,0.06565,0.2407,528.0,0.0,0.17045,0.17045,0.17045,0.34091
22090,W. Saliba,4254.0,4,0.02116,0.02116,0.1481,0.02116,0.06347,0.0,0.0,0.0,0.0,0.0,0.0
19987,D. Hyam,4280.0,3,0.02103,0.0,0.25234,0.06308,0.08411,0.0,0.0,0.0,0.0,0.0,0.0
41621,Matheus Nunes,4303.0,6,0.02092,0.18824,0.14641,0.06275,0.20916,0.0,0.0,0.0,0.0,0.0,0.0
404172,K. Peprah Oppong,4666.0,5,0.01929,0.0,0.27004,0.09644,0.21217,180.0,0.0,0.0,0.0,0.0,0.0
16360,A. Franco,4879.0,4,0.01845,0.0,0.18446,0.05534,0.14757,306.0,0.0,0.0,0.29412,0.0,0.0
47380,Marc Cucurella,5024.0,6,0.01791,0.07166,0.59116,0.2508,0.26871,0.0,0.0,0.0,0.0,0.0,0.0
22222,Z. Çelik,5160.0,4,0.01744,0.08721,0.36628,0.12209,0.24419,90.0,0.0,0.0,1.0,0.0,0.0
1084,M. Pongračić,5181.0,4,0.01737,0.0,0.20845,0.05211,0.36479,0.0,0.0,0.0,0.0,0.0,0.0
44362,Hassan Tambakti,5276.0,4,0.01706,0.0,0.18764,0.06823,0.11941,614.0,0.0,0.0,0.0,0.0,0.29316
2499,J. Alonso,5348.0,4,0.01683,0.01683,0.3534,0.08414,0.2356,282.0,0.0,0.0,0.0,0.0,0.0
102505,D. Lacroix,658.0,1,0.0,0.0,0.0,0.0,0.0,0.0,0.0,0.0,0.0,0.0,0.0
102538,M. Abualnadi,385.0,1,0.0,0.0,0.0,0.0,0.23377,90.0,0.0,0.0,1.0,0.0,0.0
104242,Rajaei Ayed,180.0,1,0.0,0.0,0.5,0.0,0.0,0.0,0.0,0.0,0.0,0.0,0.0
108370,M. Zlomislić,3794.0,2,0.0,0.0,0.0,0.0,0.02372,90.0,0.0,0.0,0.0,0.0,0.0
1106,C. Gordon,226.0,1,0.0,0.0,0.0,0.0,0.0,540.0,0.0,0.0,0.0,0.0,0.0
1115,A. Ralston,1638.0,3,0.0,0.0,0.43956,0.16484,0.21978,68.0,0.0,0.0,0.0,0.0,0.0
1119,K. Ajer,2155.0,3,0.0,0.08353,0.41763,0.16705,0.16705,92.0,0.0,0.0,0.0,0.0,0.0
1142,Y. Mvogo,2790.0,1,0.0,0.0,0.0,0.0,0.0,90.0,0.0,0.0,0.0,0.0,0.0
119853,M. Diaw,2655.0,1,0.0,0.0339,0.0,0.0,0.0339,0.0,0.0,0.0,0.0,0.0,0.0
123468,M. Keller,4140.0,2,0.0,0.0,0.0,0.0,0.04348,450.0,0.0,0.0,0.0,0.0,0.0
123469,Z. Amdouni,69.0,1,0.0,0.0,2.6087,1.30435,0.0,46.0,1.95652,0.0,3.91304,1.95652,0.0
123530,Mahmoud Al Mardi,161.0,2,0.0,0.0,0.0,0.0,1.11801,26.0,0.0,0.0,3.46154,0.0,0.0
127227,I. Reyes,3547.0,6,0.0,0.05075,0.58359,0.17761,0.17761,484.0,0.0,0.0,0.3719,0.18595,0.0
128007,Yannick Semedo,608.0,1,0.0,0.0,0.0,0.0,1.03618,503.0,0.0,0.0,0.71571,0.0,0.17893
128766,L. Deedson,22.0,1,0.0,0.0,0.0,0.0,0.0,2030.0,0.39901,0.04433,2.17241,1.28571,0.22167
129058,B. Verbruggen,3420.0,1,0.0,0.0,0.0,0.0,0.07895,0.0,0.0,0.0,0.0,0.0,0.0
1305,D. Livaković,1740.0,5,0.0,0.0,0.0,0.0,0.0,0.0,0.0,0.0,0.0,0.0,0.0
13151,J. Portilla,2123.0,2,0.0,0.04239,0.80546,0.12718,0.42393,164.0,0.0,0.0,0.54878,0.0,0.0
134590,O. Aydın,1097.0,5,0.0,0.16408,0.82042,0.49225,0.32817,66.0,0.0,0.0,1.36364,0.0,0.0
134995,Nawaf Boushal,4009.0,4,0.0,0.15715,0.0898,0.06735,0.0898,220.0,0.0,0.0,0.0,0.0,0.0
135059,A. Ben Hmida,900.0,1,0.0,0.2,0.0,0.0,0.0,180.0,0.0,0.0,0.0,0.0,0.5
13571,W. Ditta,4815.0,4,0.0,0.03738,0.52336,0.13084,0.28037,90.0,0.0,0.0,0.0,0.0,0.0
136503,Salah Zakaria,1295.0,2,0.0,0.0695,0.0,0.0,0.27799,0.0,0.0,0.0,0.0,0.0,0.0
136880,Saleh Hardani,448.0,1,0.0,0.20089,0.60268,0.20089,0.0,0.0,0.0,0.0,0.0,0.0,0.0
137223,J. Opoku,2884.0,2,0.0,0.03121,0.24965,0.06241,0.31207,75.0,0.0,0.0,0.0,0.0,0.0
138417,N. Patterson,471.0,3,0.0,0.0,0.19108,0.19108,0.19108,34.0,0.0,0.0,0.0,0.0,0.0
138804,M. Kovář,3960.0,4,0.0,0.0,0.0,0.0,0.0,45.0,0.0,0.0,0.0,0.0,0.0
140607,Yazid Abu Layla,90.0,1,0.0,0.0,0.0,0.0,0.0,90.0,0.0,0.0,0.0,0.0,0.0
140609,Noor Al Rawabdeh,315.0,1,0.0,0.0,0.85714,0.0,0.0,0.0,0.0,0.0,0.0,0.0,0.0
14268,I. Pandur,0.0,0,0.0,0.0,0.0,0.0,0.0,4320.0,0.0,0.0,0.0,0.0,0.16667
1442,S. Kolašinac,1812.0,3,0.0,0.0,0.14901,0.0,0.19868,639.0,0.14085,0.14085,0.56338,0.28169,0.28169
144709,J. Anang,3313.0,2,0.0,0.0,0.02717,0.02717,0.05433,90.0,0.0,0.0,0.0,0.0,0.0
146772,Y. Belammari,910.0,2,0.0,0.0,0.2967,0.0989,0.0989,449.0,0.0,0.20045,0.20045,0.20045,0.0
14701,J. Šutalo,2303.0,4,0.0,0.0,0.15632,0.0,0.03908,0.0,0.0,0.0,0.0,0.0,0.0
15304,Vózinha,630.0,1,0.0,0.0,0.0,0.0,0.0,540.0,0.0,0.0,0.0,0.0,0.0
153622,K. Trewin,1599.0,2,0.0,0.0,0.56285,0.22514,0.0,187.0,0.0,0.0,0.48128,0.0,0.0
158121,I. Jakobs,2181.0,2,0.0,0.04127,0.20633,0.0,0.1238,358.0,0.0,0.2514,0.2514,0.0,0.2514
158694,T. Livramento,2544.0,7,0.0,0.07075,0.10613,0.03538,0.03538,390.0,0.0,0.23077,0.0,0.0,0.0
158700,V. Johansson,2790.0,2,0.0,0.06452,0.0,0.0,0.12903,180.0,0.0,0.0,0.0,0.0,0.0
1590,José Sá,2160.0,2,0.0,0.0,0.0,0.0,0.08333,0.0,0.0,0.0,0.0,0.0,0.0
15900,A. Mumin,78.0,1,0.0,0.0,0.0,0.0,0.0,180.0,0.0,0.0,0.0,0.0,0.5
162414,A. Amenda,1908.0,2,0.0,0.0,0.4717,0.09434,0.28302,926.0,0.09719,0.0,0.0,0.0,0.29158
162451,A. Salah-Eddine,1674.0,4,0.0,0.0,0.26882,0.10753,0.21505,225.0,0.0,0.4,0.0,0.0,0.4
162489,J. Trafford,2262.0,5,0.0,0.0,0.0,0.0,0.03979,0.0,0.0,0.0,0.0,0.0,0.0
162511,S. Lammens,3330.0,3,0.0,0.0,0.0,0.0,0.0,360.0,0.0,0.0,0.0,0.0,0.0
163041,B. Cross,1843.0,2,0.0,0.04883,0.0,0.0,0.09767,0.0,0.0,0.0,0.0,0.0,0.0
1631,R. Rodríguez,2370.0,3,0.0,0.03797,0.07595,0.0,0.11392,225.0,0.0,0.8,0.4,0.4,0.0
163200,C. dos Santos,2838.0,1,0.0,0.0,0.0,0.0,0.03171,0.0,0.0,0.0,0.0,0.0,0.0
16380,H. Galíndez,6898.0,3,0.0,0.0,0.0,0.0,0.02609,371.0,0.0,0.0,0.0,0.0,0.0
163884,Abdallah Al Fakhouri,209.0,1,0.0,0.0,0.0,0.0,0.0,0.0,0.0,0.0,0.0,0.0,0.0
164026,Ali Olwan,126.0,1,0.0,0.0,0.0,0.0,0.0,87.0,0.0,0.0,3.10345,2.06897,0.0
16590,J. Caicedo,245.0,2,0.0,0.0,2.57143,1.10204,0.36735,0.0,0.0,0.0,0.0,0.0,0.0
16642,G. Valle,1751.0,2,0.0,0.0,0.0,0.0,0.0,0.0,0.0,0.0,0.0,0.0,0.0
16797,Mohamed El Shenawy,1429.0,2,0.0,0.0,0.0,0.0,0.18894,930.0,0.0,0.0,0.0,0.0,0.29032
16831,Al Mahdi Soliman,1406.0,2,0.0,0.0,0.0,0.0,0.19203,0.0,0.0,0.0,0.0,0.0,0.0
16841,Mohanad Lasheen,2812.0,4,0.0,0.06401,0.60811,0.12802,0.0,164.0,0.0,0.0,0.0,0.0,0.0
175439,Homam Ahmed,1466.0,4,0.0,0.0,0.98226,0.55252,0.24557,135.0,0.0,0.0,0.66667,0.66667,0.0
18110,M. Crocombe,2255.0,2,0.0,0.0,0.0,0.0,0.0,369.0,0.0,0.0,0.0,0.0,0.0
182718,Joan García,4139.0,5,0.0,0.0,0.0,0.0,0.02174,0.0,0.0,0.0,0.0,0.0,0.0
18776,Ç. Söyüncü,1058.0,3,0.0,0.08507,0.2552,0.0,0.17013,166.0,0.0,0.0,0.0,0.0,0.0
18816,A. Masuaku,498.0,4,0.0,0.0,0.18072,0.18072,0.72289,411.0,0.0,0.21898,0.0,0.0,0.21898
18846,A. Wan-Bissaka,2384.0,3,0.0,0.0755,0.0,0.0,0.18876,300.0,0.0,0.0,0.0,0.0,0.0
18861,N. Aké,1978.0,6,0.0,0.0,0.4095,0.1365,0.0455,0.0,0.0,0.0,0.0,0.0,0.0
18933,A. Gunn,45.0,1,0.0,0.0,0.0,0.0,0.0,7.0,0.0,0.0,0.0,0.0,0.0
18942,Y. Valery,2993.0,2,0.0,0.12028,0.66154,0.27063,0.15035,573.0,0.0,0.0,0.0,0.0,0.15707
18981,J. Locadia,0.0,0,0.0,0.0,0.0,0.0,0.0,197.0,0.0,0.0,1.82741,0.45685,0.0
19047,J. Bacuna,950.0,2,0.0,0.18947,1.23158,0.37895,0.18947,180.0,0.0,0.0,0.0,0.0,1.0
190575,Marwan Attia,2229.0,2,0.0,0.0,0.64603,0.32301,0.12113,906.0,0.09934,0.19868,0.59603,0.19868,0.39735
19066,G. Hanley,2012.0,2,0.0,0.0,0.53678,0.31312,0.17893,68.0,0.0,0.0,2.64706,1.32353,0.0
19088,D. Henderson,4686.0,3,0.0,0.0,0.0,0.0,0.09603,90.0,0.0,0.0,0.0,0.0,0.0
19172,Ø. Nyland,540.0,2,0.0,0.0,0.0,0.0,0.16667,90.0,0.0,0.0,0.0,0.0,0.0
19235,D. Spence,3071.0,5,0.0,0.0,0.35168,0.26376,0.14653,90.0,0.0,0.0,0.0,0.0,1.0
193288,Nawaf Al Aqidi,960.0,1,0.0,0.09375,0.0,0.0,0.09375,270.0,0.0,0.0,0.0,0.0,0.0
1934,S. Berge,3028.0,3,0.0,0.02972,0.23778,0.08917,0.14861,90.0,0.0,0.0,1.0,0.0,0.0
194242,D. Simon,587.0,2,0.0,0.0,1.53322,0.45997,0.15332,0.0,0.0,0.0,0.0,0.0,0.0
194430,T. Mbatha,1607.0,1,0.0,0.056,1.45613,0.61605,0.056,236.0,0.76271,0.0,3.05085,0.76271,0.0
194536,R. Roefs,3373.0,2,0.0,0.0,0.0,0.0,0.10673,270.0,0.0,0.0,0.0,0.0,0.0
194645,S. Sambo,1753.0,2,0.0,0.05134,0.20536,0.05134,0.30804,0.0,0.0,0.0,0.0,0.0,0.0
19465,David Raya,4620.0,2,0.0,0.0,0.0,0.0,0.01948,0.0,0.0,0.0,0.0,0.0,0.0
19599,E. Martínez,4231.0,4,0.0,0.02127,0.0,0.0,0.06381,166.0,0.0,0.0,0.0,0.0,0.0
196187,A. Seidu,1407.0,2,0.0,0.06397,0.3838,0.06397,0.12793,553.0,0.16275,0.0,0.16275,0.16275,0.3255
196343,Mohamed Abdelmonem,0.0,0,0.0,0.0,0.0,0.0,0.0,149.0,0.0,0.0,0.0,0.0,0.0
197933,Ahmed Basil,450.0,1,0.0,0.0,0.0,0.0,0.0,0.0,0.0,0.0,0.0,0.0,0.0
199578,Z. Suzuki,1985.0,2,0.0,0.0,0.0,0.0,0.04534,270.0,0.0,0.0,0.0,0.0,0.0
200981,Jassem Gaber,418.0,1,0.0,0.0,0.43062,0.0,0.64593,63.0,0.0,1.42857,0.0,0.0,0.0
20566,Y. Diouf,3690.0,5,0.0,0.0,0.0,0.0,0.04878,94.0,0.0,0.0,0.0,0.0,0.0
20844,H. Hassan,2024.0,2,0.0,0.1334,1.11166,0.4002,0.04447,0.0,0.0,0.0,0.0,0.0,0.0
20850,C. Arcus,2157.0,2,0.0,0.12517,0.3338,0.04172,0.29207,263.0,0.0,0.0,0.68441,0.34221,0.0
2098,G. Ochoa,720.0,1,0.0,0.0,0.0,0.0,0.375,0.0,0.0,0.0,0.0,0.0,0.0
21010,E. Owusu,2353.0,1,0.0,0.0,0.153,0.0,0.26774,448.0,0.0,0.0,0.0,0.0,0.0
210165,F. Surman,3244.0,2,0.0,0.0,0.27744,0.05549,0.08323,474.0,0.18987,0.0,0.18987,0.18987,0.0
21098,J. Kayembe,2798.0,2,0.0,0.03217,0.22516,0.06433,0.19299,459.0,0.0,0.19608,0.39216,0.0,0.19608
21138,R. Aït-Nouri,2022.0,6,0.0,0.26706,0.71217,0.26706,0.17804,716.0,0.0,0.0,0.62849,0.2514,0.2514
213978,Saed Al Rosan,180.0,1,0.0,0.0,0.0,0.0,0.5,0.0,0.0,0.0,0.0,0.0,0.0
213980,Nizar Al Rashdan,1204.0,2,0.0,0.07475,1.27076,0.74751,0.37375,90.0,0.0,0.0,2.0,2.0,0.0
21587,E. Skhiri,1862.0,3,0.0,0.0,0.38668,0.04834,0.09667,634.0,0.14196,0.0,0.56782,0.28391,0.0
21628,B. Samba,3060.0,2,0.0,0.0,0.0,0.0,0.14706,0.0,0.0,0.0,0.0,0.0,0.0
21997,Logan Costa,29.0,1,0.0,0.0,0.0,0.0,0.0,1051.0,0.17127,0.08563,0.94196,0.34253,0.17127
22002,G. Konan,2661.0,1,0.0,0.0,0.47351,0.20293,0.16911,450.0,0.0,0.2,0.4,0.0,0.0
221605,F. Wiegele,2446.0,3,0.0,0.0,0.0,0.0,0.03679,0.0,0.0,0.0,0.0,0.0,0.0
22221,M. Maignan,3848.0,4,0.0,0.0,0.0,0.0,0.09356,0.0,0.0,0.0,0.0,0.0,0.0
2291,M. Kovačić,307.0,4,0.0,0.29316,0.87948,0.0,0.0,0.0,0.0,0.0,0.0,0.0,0.0
237218,Lee Han-Beom,2856.0,2,0.0,0.03151,0.28361,0.06303,0.18908,231.0,0.0,0.0,0.0,0.0,0.0
24012,L. Mpasi,315.0,1,0.0,0.0,0.0,0.0,0.57143,480.0,0.0,0.0,0.0,0.0,0.0
2410,Weverton,4738.0,5,0.0,0.0,0.0,0.0,0.11397,0.0,0.0,0.0,0.0,0.0,0.0
24245,G. Kalulu,276.0,1,0.0,0.0,0.32609,0.32609,1.30435,404.0,0.0,0.0,0.44554,0.0,0.0
2465,J. Musso,1658.0,3,0.0,0.0,0.0,0.0,0.16285,0.0,0.0,0.0,0.0,0.0,0.0
2467,Lisandro Martínez,1684.0,3,0.0,0.0,0.21378,0.05344,0.10689,0.0,0.0,0.0,0.0,0.0,0.0
24807,S. Özcan,94.0,2,0.0,0.0,0.0,0.0,0.0,45.0,0.0,0.0,0.0,0.0,0.0
2481,Á. Montero,2338.0,3,0.0,0.03849,0.0,0.0,0.26946,187.0,0.0,0.0,0.0,0.0,0.0
2482,C. Vargas,2995.0,1,0.0,0.03005,0.0,0.0,0.0601,97.0,0.0,0.92784,0.0,0.0,0.0
2483,D. Machado,1487.0,4,0.0,0.06052,0.66577,0.12105,0.2421,0.0,0.0,0.0,0.0,0.0,0.0
24845,J. Ryerson,3806.0,5,0.0,0.42564,0.28376,0.02365,0.23647,92.0,0.0,0.0,0.97826,0.97826,0.0
2490,J. Lerma,2557.0,4,0.0,0.14079,0.77434,0.28158,0.24638,210.0,0.85714,0.0,1.71429,1.71429,0.42857
25282,G. Kobel,5160.0,5,0.0,0.0,0.0,0.0,0.05233,270.0,0.0,0.0,0.0,0.0,0.0
25287,K. Danso,2363.0,5,0.0,0.0,0.41896,0.11426,0.38087,0.0,0.0,0.0,0.0,0.0,0.0
2532,Boualem Khoukhi,1653.0,3,0.0,0.0,0.43557,0.16334,0.16334,90.0,0.0,0.0,2.0,0.0,0.0
2533,Abdulaziz Hatem,431.0,1,0.0,0.20882,0.83527,0.0,0.62645,110.0,0.0,0.0,0.81818,0.0,0.81818
2535,Assim Madibo,485.0,1,0.0,0.0,0.37113,0.0,1.48454,125.0,0.0,0.0,0.0,0.0,0.0
2537,Karim Boudiaf,628.0,3,0.0,0.0,0.14331,0.14331,0.42994,47.0,0.0,0.0,0.0,0.0,0.0
2539,Ahmed Fathi,876.0,1,0.0,0.10274,0.10274,0.0,0.82192,90.0,0.0,0.0,0.0,0.0,0.0
2597,T. Tomiyasu,247.0,1,0.0,0.36437,0.0,0.0,0.36437,0.0,0.0,0.0,0.0,0.0,0.0
26232,M. Flekken,3150.0,4,0.0,0.0,0.0,0.0,0.02857,0.0,0.0,0.0,0.0,0.0,0.0
264378,S. Tangvik,3180.0,4,0.0,0.0,0.0,0.0,0.0566,810.0,0.0,0.0,0.0,0.0,0.0
264705,A. Jashari,925.0,5,0.0,0.0973,0.58378,0.19459,0.0,489.0,0.0,0.18405,0.18405,0.0,0.55215
2654,Mohamed Hany,2682.0,2,0.0,0.20134,0.40268,0.13423,0.20134,707.0,0.0,0.1273,0.1273,0.1273,0.1273
2660,Nabil Emad Dunga,1799.0,3,0.0,0.05003,0.60033,0.05003,0.45025,84.0,0.0,0.0,0.0,0.0,0.0
266345,É. Lira,3923.0,4,0.0,0.0,0.32118,0.11471,0.22942,627.0,0.0,0.0,0.43062,0.14354,0.28708
266606,C. Brady,2655.0,1,0.0,0.0,0.0,0.0,0.13559,0.0,0.0,0.0,0.0,0.0,0.0
2682,A. Beiranvand,772.0,1,0.0,0.0,0.0,0.0,0.11658,90.0,0.0,0.0,0.0,0.0,0.0
2683,R. Cheshmi,90.0,1,0.0,0.0,0.0,0.0,0.0,0.0,0.0,0.0,0.0,0.0,0.0
2685,E. Hajisafi,369.0,2,0.0,0.4878,0.73171,0.2439,0.0,0.0,0.0,0.0,0.0,0.0,0.0
2688,M. Mohammadi,422.0,1,0.0,0.21327,0.21327,0.0,0.0,0.0,0.0,0.0,0.0,0.0,0.0
268806,Kelvin Pires,990.0,3,0.0,0.0,0.36364,0.27273,0.27273,0.0,0.0,0.0,0.0,0.0,0.0
2691,R. Rezaeian,99.0,1,0.0,0.0,0.0,0.0,0.90909,70.0,0.0,0.0,0.0,0.0,0.0
269174,Mostafa Shobeir,1631.0,2,0.0,0.0,0.0,0.0,0.16554,270.0,0.0,0.0,0.0,0.0,0.0
269349,L. Horníček,4220.0,2,0.0,0.0,0.0,0.0,0.08531,630.0,0.0,0.0,0.0,0.0,0.0
2701,Y. Bounou,6101.0,4,0.0,0.0,0.0,0.0,0.0295,1363.0,0.0,0.0,0.0,0.0,0.0
2702,M. Mohamedi,180.0,1,0.0,0.0,0.0,0.0,0.0,238.0,0.0,0.0,0.0,0.0,0.0
2703,A. Tagnaouti,999.0,1,0.0,0.0,0.0,0.0,0.27027,0.0,0.0,0.0,0.0,0.0,0.0
270774,J. Rangel,3643.0,3,0.0,0.0,0.0,0.0,0.09882,360.0,0.0,0.0,0.0,0.0,0.0
2724,L. Digne,3028.0,4,0.0,0.2675,0.32695,0.20806,0.17834,0.0,0.0,0.0,0.0,0.0,0.0
2741,M. Ryan,3240.0,1,0.0,0.0,0.02778,0.0,0.11111,90.0,0.0,0.0,0.0,0.0,0.0
2749,J. Irvine,1744.0,2,0.0,0.05161,0.72248,0.25803,0.10321,72.0,0.0,0.0,0.0,0.0,0.0
2751,M. Leckie,407.0,2,0.0,0.22113,1.54791,0.44226,0.0,0.0,0.0,0.0,0.0,0.0,0.0
275170,Danilo Santos,812.0,2,0.0,0.33251,0.77586,0.33251,0.22167,0.0,0.0,0.0,0.0,0.0,0.0
276184,M. Sarr,1883.0,5,0.0,0.0,0.09559,0.0,0.23898,201.0,0.0,0.0,0.44776,0.0,0.44776
277046,M. Koné,1710.0,1,0.0,0.0,0.0,0.0,0.10526,0.0,0.0,0.0,0.0,0.0,0.0
278133,Oscar Bobb,1558.0,7,0.0,0.05777,0.63543,0.3466,0.05777,346.0,0.26012,0.0,0.26012,0.0,0.26012
278898,C. Riad,780.0,2,0.0,0.11538,0.69231,0.23077,0.46154,0.0,0.0,0.0,0.0,0.0,0.0
280,Alisson Becker,3223.0,5,0.0,0.0,0.0,0.0,0.02792,0.0,0.0,0.0,0.0,0.0,0.0
282065,Youssef Amyn,129.0,1,0.0,0.0,0.0,0.0,1.39535,1784.0,0.20179,0.1009,1.463,1.00897,0.15135
284295,Zidane Iqbal,864.0,3,0.0,0.10417,0.3125,0.20833,0.41667,0.0,0.0,0.0,0.0,0.0,0.0
284554,O. Goodman,3011.0,3,0.0,0.0,0.0,0.0,0.05978,0.0,0.0,0.0,0.0,0.0,0.0
2851,K. Nordfeldt,2700.0,2,0.0,0.0,0.0,0.0,0.1,0.0,0.0,0.0,0.0,0.0,0.0
2860,K. Sema,909.0,2,0.0,0.19802,0.29703,0.09901,0.59406,288.0,1.25,0.0,1.25,1.25,0.3125
2869,E. Álvarez,1171.0,3,0.0,0.07686,0.76857,0.38429,0.46114,529.0,0.34026,0.17013,1.19093,0.68053,0.0
2890,Jo Hyeon-Woo,2340.0,4,0.0,0.0,0.0,0.0,0.07692,1806.0,0.0,0.0,0.0,0.0,0.04983
2892,Kim Seung-Gyu,1260.0,1,0.0,0.0,0.0,0.0,0.07143,274.0,0.0,0.0,0.0,0.0,0.0
2912,Kim Moon-Hwan,1065.0,2,0.0,0.08451,0.16901,0.16901,0.33803,1033.0,0.0,0.17425,0.26137,0.17425,0.08712
2920,T. Castagne,2401.0,3,0.0,0.03748,0.44981,0.22491,0.22491,0.0,0.0,0.0,0.0,0.0,0.0
2932,J. Pickford,4452.0,4,0.0,0.0,0.0,0.0,0.08086,90.0,0.0,0.0,0.0,0.0,0.0
2945,D. Bronn,1458.0,3,0.0,0.06173,0.18519,0.06173,0.24691,377.0,0.0,0.0,0.23873,0.23873,0.47745
295394,Munaf Younus,492.0,1,0.0,0.0,0.18293,0.0,0.0,0.0,0.0,0.0,0.0,0.0,0.0
2962,F. Chaouat,0.0,0,0.0,0.0,0.0,0.0,0.0,148.0,0.60811,0.0,1.82432,0.60811,0.60811
2967,L. Mejía,1807.0,2,0.0,0.0,0.0,0.0,0.09961,0.0,0.0,0.0,0.0,0.0,0.0
2968,O. Mosquera,5538.0,2,0.0,0.01625,0.0,0.0,0.04875,180.0,0.0,0.0,0.0,0.0,0.0
2970,É. Davis,0.0,0,0.0,0.0,0.0,0.0,0.0,23.0,0.0,3.91304,0.0,0.0,0.0
2971,F. Escobar,332.0,3,0.0,0.27108,0.54217,0.0,0.27108,180.0,0.0,0.0,0.0,0.0,0.0
29755,H. Hosseini,450.0,2,0.0,0.0,0.0,0.0,0.0,0.0,0.0,0.0,0.0,0.0,0.0
2986,É. Mendy,3210.0,3,0.0,0.0,0.0,0.0,0.16822,1110.0,0.0,0.0,0.0,0.0,0.08108
3034,M. Elia,0.0,0,0.0,0.0,0.0,0.0,0.0,1211.0,0.37159,0.14864,1.11478,0.89182,0.14864
30393,A. Lafont,2873.0,2,0.0,0.0,0.0,0.0,0.06265,90.0,0.0,0.0,0.0,0.0,0.0
304228,Z. Debast,1451.0,3,0.0,0.12405,0.49621,0.18608,0.18608,0.0,0.0,0.0,0.0,0.0,0.0
304782,T. Hayakawa,3510.0,2,0.0,0.02564,0.0,0.0,0.05128,3150.0,0.0,0.0,0.0,0.0,0.05714
304951,Lee Gi-Hyuk,1291.0,2,0.0,0.0,0.20914,0.0,0.41828,193.0,0.0,0.0,0.46632,0.0,0.46632
305832,M. Galarza,1790.0,4,0.0,0.0,1.35754,0.50279,0.2514,149.0,0.0,0.0,0.0,0.0,0.0
309763,L. Comenencia,1522.0,1,0.0,0.0,0.3548,0.05913,0.23653,2748.0,0.03275,0.03275,0.19651,0.03275,0.16376
310196,Ismaël Gharbi,251.0,3,0.0,0.0,1.0757,0.0,0.0,217.0,0.41475,0.0,2.90323,0.41475,0.0
310785,Mohannad Abu Taha,0.0,0,0.0,0.0,0.0,0.0,0.0,68.0,0.0,0.0,0.0,0.0,1.32353
310835,Abdallah Naseeb,480.0,1,0.0,0.0,0.375,0.1875,0.0,90.0,0.0,0.0,0.0,0.0,0.0
313,D. Ospina,3554.0,3,0.0,0.0,0.0,0.0,0.10129,90.0,0.0,0.0,0.0,0.0,0.0
314509,M. Epolo,2610.0,1,0.0,0.0,0.03448,0.0,0.03448,0.0,0.0,0.0,0.0,0.0,0.0
318930,G. Métusala,588.0,1,0.0,0.0,0.0,0.0,0.0,0.0,0.0,0.0,0.0,0.0,0.0
323974,E. Saad,1237.0,3,0.0,0.29103,1.16411,0.58205,0.14551,185.0,0.0,0.48649,1.45946,0.48649,0.48649
3243,J. Seri,0.0,0,0.0,0.0,0.0,0.0,0.0,382.0,0.0,0.0,1.17801,0.2356,0.0
3275,R. Williams,4599.0,3,0.0,0.0,0.0,0.0,0.09785,749.0,0.0,0.0,0.0,0.0,0.0
327738,L. De Fougerolles,1717.0,1,0.0,0.05242,0.15725,0.0,0.36692,449.0,0.0,0.20045,0.20045,0.0,0.20045
328148,E. Fariña,1084.0,1,0.0,0.0,0.41513,0.08303,0.41513,9.0,0.0,0.0,0.0,0.0,0.0
32887,Y. Sugawara,2590.0,3,0.0,0.20849,0.79923,0.38224,0.10425,67.0,0.0,0.0,0.0,0.0,1.34328
3289,T. Zwane,572.0,2,0.0,0.15734,0.94406,0.31469,0.0,294.0,0.0,0.0,0.61224,0.30612,0.0
33,L. Hernández,2172.0,4,0.0,0.12431,0.33149,0.12431,0.24862,0.0,0.0,0.0,0.0,0.0,0.0
33034,K. Osako,7103.0,3,0.0,0.0,0.0,0.0,0.0,112.0,0.0,0.0,0.0,0.0,0.0
33165,A. Seko,2625.0,1,0.0,0.0,0.51429,0.20571,0.20571,270.0,0.0,0.0,0.33333,0.0,0.0
33847,J. Geria,1456.0,1,0.0,0.0,0.06181,0.06181,0.0,132.0,0.0,0.0,0.0,0.0,0.68182
340151,M. Penders,4639.0,3,0.0,0.0,0.0,0.0,0.097,0.0,0.0,0.0,0.0,0.0,0.0
3412,L. Zigi,5870.0,2,0.0,0.0,0.0,0.0,0.09199,360.0,0.0,0.0,0.0,0.0,0.0
341844,M. Ghorbani,816.0,2,0.0,0.0,1.32353,0.66176,0.77206,12.0,0.0,0.0,0.0,0.0,0.0
343287,D. Livramento,1060.0,1,0.0,0.08491,1.95283,0.84906,0.16981,749.0,0.48064,0.12016,2.76368,1.08144,0.48064
343576,B. Doak,167.0,2,0.0,0.53892,1.07784,0.53892,0.0,608.0,0.14803,0.14803,0.29605,0.14803,0.44408
34374,Song Bum-Keun,1530.0,2,0.0,0.0,0.0,0.0,0.23529,90.0,0.0,0.0,0.0,0.0,0.0
34418,Kim Tae-Hyeon,2393.0,2,0.0,0.03761,0.33849,0.03761,0.22566,1854.0,0.0,0.04854,0.33981,0.04854,0.14563
347211,R. Risser,3420.0,2,0.0,0.02632,0.0,0.0,0.07895,0.0,0.0,0.0,0.0,0.0,0.0
350856,E. Nuamah,47.0,1,0.0,0.0,0.0,0.0,0.0,221.0,0.0,0.40724,0.40724,0.0,0.0
353808,Deveron Fonville,2090.0,3,0.0,0.17225,0.12919,0.0,0.21531,0.0,0.0,0.0,0.0,0.0,0.0
353883,P. Beach,3165.0,2,0.0,0.0,0.0,0.0,0.02844,90.0,0.0,0.0,0.0,0.0,0.0
354831,T. Maseko,513.0,3,0.0,0.17544,0.52632,0.17544,0.35088,0.0,0.0,0.0,0.0,0.0,0.0
35570,S. Eustáquio,527.0,4,0.0,0.0,0.34156,0.17078,0.17078,355.0,0.0,0.0,0.25352,0.25352,0.0
35690,L. Chávez,164.0,1,0.0,0.0,1.64634,0.54878,0.0,121.0,0.0,0.0,2.97521,0.7438,0.7438
35769,C. Acevedo,3036.0,2,0.0,0.0,0.02964,0.0,0.05929,0.0,0.0,0.0,0.0,0.0,0.0
360114,A. Khusanov,2817.0,4,0.0,0.0,0.28754,0.03195,0.19169,0.0,0.0,0.0,0.0,0.0,0.0
3608,K. Sibo,1809.0,2,0.0,0.0,0.29851,0.0995,0.199,180.0,0.0,0.0,0.0,0.0,0.0
365331,N. Sadiki,3496.0,3,0.0,0.02574,0.25744,0.12872,0.30892,432.0,0.0,0.0,0.83333,0.20833,0.0
366516,Gueye Laye,419.0,1,0.0,0.0,0.64439,0.0,0.42959,0.0,0.0,0.0,0.0,0.0,0.0
36777,M. Woud,2481.0,1,0.0,0.0,0.0,0.0,0.07255,0.0,0.0,0.0,0.0,0.0,0.0
36842,G. Roemeratoe,2478.0,3,0.0,0.07264,0.32688,0.10896,0.25424,0.0,0.0,0.0,0.0,0.0,0.0
36857,J. Gaari,0.0,0,0.0,0.0,0.0,0.0,0.0,353.0,0.0,0.0,0.50992,0.25496,0.25496
369,Diogo Costa,7160.0,4,0.0,0.0,0.0,0.0,0.05028,0.0,0.0,0.0,0.0,0.0,0.0
369425,J. Adjetey,2895.0,5,0.0,0.0,0.65285,0.2487,0.15544,197.0,0.0,0.0,0.45685,0.0,0.45685
36967,T. Doornbusch,56.0,1,0.0,0.0,0.0,0.0,0.0,0.0,0.0,0.0,0.0,0.0,0.0
37066,R. van Eijma,2270.0,3,0.0,0.0,0.27753,0.15859,0.15859,90.0,0.0,0.0,0.0,0.0,0.0
371050,W. Pierre,154.0,1,0.0,0.0,0.0,0.0,0.0,0.0,0.0,0.0,0.0,0.0,0.0
37143,L. Geertruida,1895.0,2,0.0,0.0,0.37995,0.14248,0.09499,0.0,0.0,0.0,0.0,0.0,0.0
37175,R. Bazoer,950.0,2,0.0,0.0,0.28421,0.09474,0.56842,0.0,0.0,0.0,0.0,0.0,0.0
37436,L. Duarte,2132.0,2,0.0,0.21107,0.67542,0.2955,0.25328,2062.0,0.08729,0.04365,1.04753,0.39282,0.08729
375,C. Mbemba,1661.0,2,0.0,0.05418,0.43347,0.32511,0.16255,840.0,0.0,0.0,0.32143,0.0,0.21429
39082,E. Selvik,3645.0,2,0.0,0.0,0.0,0.0,0.07407,92.0,0.0,0.0,0.0,0.0,0.0
39254,T. Heggem,2975.0,5,0.0,0.0,0.33277,0.09076,0.09076,0.0,0.0,0.0,0.0,0.0,0.0
399,A. Nübel,4551.0,4,0.0,0.03955,0.0,0.0,0.0,0.0,0.0,0.0,0.0,0.0,0.0
407017,M. Lumpungu,146.0,1,0.0,0.0,0.0,0.0,0.61644,0.0,0.0,0.0,0.0,0.0,0.0
409303,E. Diouf,3008.0,4,0.0,0.1496,0.41888,0.11968,0.17952,795.0,0.0,0.0,0.56604,0.22642,0.33962
416964,B. Karimov,378.0,2,0.0,0.0,0.0,0.0,0.0,0.0,0.0,0.0,0.0,0.0,0.0
41764,Márcio Rosa,1170.0,1,0.0,0.0,0.0,0.0,0.23077,0.0,0.0,0.0,0.0,0.0,0.0
42021,Meshaal Barsham,2040.0,3,0.0,0.0,0.0,0.0,0.04412,135.0,0.0,0.0,0.0,0.0,0.0
42060,Sultan Al Braik,1377.0,2,0.0,0.0,0.26144,0.0,0.26144,27.0,0.0,0.0,0.0,0.0,0.0
42089,Mohammed Muntari,148.0,2,0.0,0.0,1.21622,0.60811,1.82432,72.0,0.0,0.0,2.5,2.5,0.0
42207,Mahmud Abunada,990.0,1,0.0,0.0,0.0,0.0,0.18182,45.0,0.0,0.0,0.0,0.0,0.0
42261,Rebin Solaka,1003.0,1,0.0,0.0,0.35892,0.08973,0.35892,0.0,0.0,0.0,0.0,0.0,0.0
42286,Ahmed Al Ganehi,630.0,3,0.0,0.28571,0.42857,0.14286,0.57143,232.0,0.38793,0.0,1.16379,0.77586,0.38793
423737,Tahsin Jamshid,255.0,2,0.0,0.0,1.41176,0.70588,0.70588,279.0,0.32258,0.0,0.0,0.0,0.0
423753,A. Razzaghinia,443.0,1,0.0,0.0,1.21896,0.20316,0.20316,0.0,0.0,0.0,0.0,0.0,0.0
427187,Mustafa Saadoun,365.0,1,0.0,0.0,0.9863,0.49315,0.0,0.0,0.0,0.0,0.0,0.0,0.0
429,F. Muslera,2190.0,3,0.0,0.0,0.0,0.0,0.08219,0.0,0.0,0.0,0.0,0.0,0.0
438688,A. Bouaddi,3167.0,4,0.0,0.02842,0.34102,0.14209,0.3126,0.0,0.0,0.0,0.0,0.0,0.0
440,Y. Nagatomo,1759.0,1,0.0,0.10233,0.35816,0.0,0.30699,0.0,0.0,0.0,0.0,0.0,0.0
441269,Paul Michael Junior Okon-Engstler,2325.0,1,0.0,0.07742,0.3871,0.15484,0.34839,817.0,0.0,0.0,0.11016,0.11016,0.11016
4414,O. Benbot,924.0,1,0.0,0.0,0.0,0.0,0.0974,0.0,0.0,0.0,0.0,0.0,0.0
44339,Nasser Al Dawsari,3539.0,4,0.0,0.10172,0.61034,0.15259,0.17802,156.0,0.57692,0.0,1.73077,1.15385,0.0
44411,Mohammed Al Owais,0.0,0,0.0,0.0,0.0,0.0,0.0,98.0,0.0,0.0,0.0,0.0,0.0
44449,Ahmed Al Kassar,205.0,1,0.0,0.0,0.0,0.0,0.0,0.0,0.0,0.0,0.0,0.0,0.0
44507,Ali Lajami,2262.0,4,0.0,0.0,0.27851,0.0,0.11936,0.0,0.0,0.0,0.0,0.0,0.0
44791,A. Tshibola,1258.0,2,0.0,0.0,0.93005,0.28617,0.28617,0.0,0.0,0.0,0.0,0.0,0.0
44798,L. Millar,0.0,0,0.0,0.0,0.0,0.0,0.0,2258.0,0.11957,0.19929,1.35518,0.4783,0.11957
453073,Akam Hashim,651.0,1,0.0,0.0,0.69124,0.13825,0.0,0.0,0.0,0.0,0.0,0.0,0.0
4561,Z. Belaïd,540.0,1,0.0,0.0,1.0,0.16667,0.0,169.0,0.53254,0.0,0.53254,0.53254,0.0
46245,R. Goss,2610.0,1,0.0,0.0,0.0,0.0,0.10345,63.0,0.0,0.0,0.0,0.0,0.0
46417,S. Chaine,2790.0,2,0.0,0.0,0.0,0.0,0.0,202.0,0.0,0.0,0.0,0.0,0.0
46458,N. Sibisi,2395.0,2,0.0,0.0,0.18789,0.07516,0.26305,281.0,0.0,0.0,0.0,0.0,0.64057
46672,Rui Silva,4215.0,3,0.0,0.0,0.0,0.0,0.10676,0.0,0.0,0.0,0.0,0.0,0.0
47254,M. Olivera,1827.0,3,0.0,0.09852,0.54187,0.29557,0.14778,181.0,0.0,0.0,0.49724,0.0,0.0
47270,Unai Simón,4320.0,5,0.0,0.0,0.0,0.0,0.02083,0.0,0.0,0.0,0.0,0.0,0.0
47296,G. Rulli,3517.0,4,0.0,0.0,0.02559,0.0,0.07677,95.0,0.0,0.0,0.0,0.0,0.0
474630,K. Ndamane,2778.0,3,0.0,0.0324,0.42117,0.12959,0.35637,0.0,0.0,0.0,0.0,0.0,0.0
47903,H. Ekdal,1719.0,2,0.0,0.05236,0.26178,0.05236,0.05236,184.0,0.0,0.48913,0.0,0.0,0.48913
480108,B. Asare,0.0,0,0.0,0.0,0.0,0.0,0.0,90.0,0.0,0.0,0.0,0.0,0.0
48033,J. Widell Zetterström,3510.0,3,0.0,0.0,0.0,0.0,0.05128,540.0,0.0,0.0,0.0,0.0,0.16667
48129,A. Sher,1792.0,2,0.0,0.05022,0.35156,0.05022,0.0,90.0,0.0,0.0,0.0,0.0,0.0
48489,M. Muheim,2647.0,2,0.0,0.17,0.71402,0.23801,0.27201,135.0,0.66667,0.66667,1.33333,0.66667,0.0
48501,T. Fayulu,450.0,1,0.0,0.0,0.0,0.0,0.0,0.0,0.0,0.0,0.0,0.0,0.0
49,T. Partey,1332.0,3,0.0,0.0,0.60811,0.2027,0.13514,1079.0,0.0,0.0,0.33364,0.33364,0.25023
49424,A. Dahmen,0.0,0,0.0,0.0,0.0,0.0,0.0,716.0,0.0,0.0,0.0,0.0,0.0
49451,Aymen Hussein,0.0,0,0.0,0.0,0.0,0.0,0.0,385.0,0.0,0.23377,2.33766,0.7013,0.0
497,M. Neuer,3930.0,6,0.0,0.0,0.0,0.0,0.0687,0.0,0.0,0.0,0.0,0.0,0.0
49837,M. Günok,1471.0,4,0.0,0.0,0.12237,0.0,0.06118,360.0,0.0,0.0,0.0,0.0,0.0
49866,U. Çakır,3788.0,4,0.0,0.0,0.0,0.0,0.14256,270.0,0.0,0.0,0.0,0.0,0.0
50006,A. Hadžiahmetović,46.0,2,0.0,0.0,0.0,0.0,1.95652,2337.0,0.0,0.07702,0.23107,0.0,0.03851
50030,M. Talbi,2790.0,2,0.0,0.03226,0.29032,0.06452,0.12903,750.0,0.12,0.0,0.36,0.12,0.0
50042,M. Saâdane,2496.0,1,0.0,0.03606,0.50481,0.10817,0.2524,0.0,0.0,0.0,0.0,0.0,0.0
50077,S. Rochet,1305.0,2,0.0,0.0,0.0,0.0,0.0,0.0,0.0,0.0,0.0,0.0,0.0
50132,A. Bayındır,810.0,2,0.0,0.0,0.0,0.0,0.11111,0.0,0.0,0.0,0.0,0.0,0.0
50272,O. Shukurov,953.0,1,0.0,0.18888,0.47219,0.09444,0.37775,61.0,0.0,0.0,1.47541,0.0,0.0
505,D. Alaba,589.0,4,0.0,0.0,0.4584,0.1528,0.1528,0.0,0.0,0.0,0.0,0.0,0.0
50728,M. Freese,3416.0,2,0.0,0.0,0.0,0.0,0.10539,841.0,0.0,0.0,0.0,0.0,0.0
50735,M. McKenzie,2782.0,2,0.0,0.0647,0.1941,0.09705,0.25881,353.0,0.0,0.0,0.25496,0.0,0.0
50958,D. Etienne,1007.0,1,0.0,0.26812,0.80437,0.26812,0.17875,0.0,0.0,0.0,0.0,0.0,0.0
50999,M. Turner,900.0,1,0.0,0.0,0.0,0.0,0.0,90.0,0.0,0.0,0.0,0.0,0.0
510799,M. Mbokazi,999.0,2,0.0,0.0,0.54054,0.0,0.09009,495.0,0.0,0.0,0.90909,0.18182,0.0
51148,D. St. Clair,3156.0,2,0.0,0.0,0.0,0.0,0.1711,545.0,0.0,0.0,0.0,0.0,0.0
51274,M. Crépeau,2380.0,2,0.0,0.0,0.0,0.0,0.07563,270.0,0.0,0.0,0.0,0.0,0.0
51307,T. Smith,22.0,1,0.0,0.0,0.0,0.0,0.0,0.0,0.0,0.0,0.0,0.0,0.0
51494,M. Ugarte,1469.0,5,0.0,0.0,0.49013,0.06127,0.06127,91.0,0.0,0.0,0.0,0.0,0.0
51572,M. Viña,352.0,3,0.0,0.0,0.25568,0.0,0.25568,45.0,0.0,0.0,0.0,0.0,0.0
51733,G. Olveira,927.0,2,0.0,0.0,0.0,0.0,0.19417,0.0,0.0,0.0,0.0,0.0,0.0
524,D. Kotarski,4080.0,2,0.0,0.02206,0.0,0.0,0.04412,0.0,0.0,0.0,0.0,0.0,0.0
529,N. Tagliafico,2028.0,3,0.0,0.13314,0.75444,0.04438,0.44379,140.0,0.0,0.0,0.0,0.0,0.0
53517,D. Hadžikadunić,2220.0,1,0.0,0.04054,0.40541,0.16216,0.16216,0.0,0.0,0.0,0.0,0.0,0.0
53834,D. Khamdamov,348.0,2,0.0,0.0,0.0,0.0,0.0,0.0,0.0,0.0,0.0,0.0,0.0
53835,O. Hamrobekov,1350.0,2,0.0,0.0,0.06667,0.0,0.33333,0.0,0.0,0.0,0.0,0.0,0.0
53886,Jalal Hassan Hachim,660.0,1,0.0,0.0,0.0,0.0,0.13636,0.0,0.0,0.0,0.0,0.0,0.0
53900,Yazan Al Arab,2162.0,4,0.0,0.04163,0.66605,0.08326,0.16651,90.0,0.0,0.0,1.0,0.0,0.0
545,N. Mazraoui,1312.0,3,0.0,0.0,0.41159,0.0,0.34299,1070.0,0.0,0.25234,0.16822,0.08411,0.0
550371,T. Alaa,938.0,2,0.0,0.09595,0.47974,0.09595,0.09595,0.0,0.0,0.0,0.0,0.0,0.0
555437,H. Sochurek,606.0,2,0.0,0.29703,0.29703,0.14851,0.0,0.0,0.0,0.0,0.0,0.0,0.0
557460,T. Fletcher,197.0,2,0.0,0.0,0.0,0.0,0.0,0.0,0.0,0.0,0.0,0.0,0.0
57667,J. Ramos,900.0,1,0.0,0.0,0.0,0.0,0.1,90.0,0.0,0.0,0.0,0.0,0.0
57861,C. Samudio,90.0,1,0.0,0.0,0.0,0.0,0.0,0.0,0.0,0.0,0.0,0.0,0.0
6002,E. Palacios,1580.0,3,0.0,0.05696,0.39873,0.11392,0.28481,0.0,0.0,0.0,0.0,0.0,0.0
601853,M. Abu Ghoush,45.0,1,0.0,0.0,0.0,0.0,0.0,0.0,0.0,0.0,0.0,0.0,0.0
617,Ederson,3362.0,4,0.0,0.0,0.0,0.0,0.21416,0.0,0.0,0.0,0.0,0.0,0.0
61837,A. Bardakcı,3514.0,2,0.0,0.02561,0.61468,0.17928,0.17928,540.0,0.16667,0.0,0.66667,0.33333,0.5
61895,S. Mele,3173.0,3,0.0,0.0,0.0,0.0,0.17019,90.0,0.0,0.0,0.0,0.0,0.0
622,Aymeric Laporte,2434.0,3,0.0,0.03698,0.36976,0.18488,0.18488,0.0,0.0,0.0,0.0,0.0,0.0
6231,F. Medina,2093.0,5,0.0,0.043,0.258,0.043,0.387,0.0,0.0,0.0,0.0,0.0,0.0
6236,A. Cubas,2966.0,2,0.0,0.06069,0.21241,0.06069,0.45516,89.0,0.0,0.0,0.0,0.0,0.0
626,J. Stones,1154.0,4,0.0,0.0,0.07799,0.0,0.0,80.0,0.0,0.0,0.0,0.0,0.0
630895,Bara Ndiaye,148.0,1,0.0,0.0,0.0,0.0,0.0,0.0,0.0,0.0,0.0,0.0,0.0
64190,Y. Fofana,2430.0,1,0.0,0.03704,0.0,0.0,0.07407,720.0,0.0,0.0,0.0,0.0,0.0
64268,J. Mojica,2737.0,1,0.0,0.13153,0.46036,0.06577,0.23018,187.0,0.0,0.0,0.48128,0.48128,0.0
65584,A. Amonov,421.0,2,0.0,0.0,0.0,0.0,0.0,0.0,0.0,0.0,0.0,0.0,0.0
66019,A. Hložek,67.0,2,0.0,0.0,5.37313,1.34328,0.0,524.0,0.51527,0.0,2.40458,0.85878,0.17176
6610,M. Senesi,3461.0,4,0.0,0.13002,0.36406,0.15602,0.20803,90.0,0.0,0.0,1.0,0.0,0.0
66347,J. Staněk,2250.0,2,0.0,0.0,0.0,0.0,0.04,0.0,0.0,0.0,0.0,0.0,0.0
6870,P. Izzo,2340.0,1,0.0,0.0,0.0,0.0,0.03846,363.0,0.0,0.0,0.0,0.0,0.0
6904,C. Metcalfe,712.0,2,0.0,0.25281,1.64326,0.75843,0.25281,447.0,0.0,0.40268,0.40268,0.40268,0.20134
6932,C. Elliot,1762.0,1,0.0,0.05108,0.4597,0.10216,0.10216,50.0,0.0,0.0,0.0,0.0,0.0
70078,F. Pellistri,795.0,3,0.0,0.22642,1.01887,0.56604,0.0,0.0,0.0,0.0,0.0,0.0,0.0
702,O. Baumann,3270.0,2,0.0,0.0,0.0,0.0,0.11009,0.0,0.0,0.0,0.0,0.0,0.0
7050,A. O&apos;Neill,2064.0,2,0.0,0.0,0.21802,0.0436,0.34884,483.0,0.0,0.0,0.37267,0.0,0.37267
706,J. Brenet,1681.0,2,0.0,0.16062,0.21416,0.0,0.05354,392.0,0.0,0.0,0.45918,0.22959,0.0
70852,O. Gill,3195.0,2,0.0,0.0,0.0,0.0,0.05634,275.0,0.0,0.0,0.0,0.0,0.0
72120,B. Ergashev,584.0,2,0.0,0.0,0.0,0.0,0.0,0.0,0.0,0.0,0.0,0.0,0.0
72122,K. Alijonov,909.0,2,0.0,0.0,0.0,0.0,0.0,84.0,0.0,0.0,0.0,0.0,0.0
72127,O. O&apos;runov,52.0,1,0.0,0.0,0.0,0.0,0.0,0.0,0.0,0.0,0.0,0.0,0.0
72140,Saleem Obaid,168.0,1,0.0,0.0,0.0,0.0,0.0,0.0,0.0,0.0,0.0,0.0,0.0
730,T. Courtois,4545.0,4,0.0,0.0396,0.0,0.0,0.0198,0.0,0.0,0.0,0.0,0.0,0.0
732,L. Zidane,2429.0,2,0.0,0.0,0.0,0.0,0.0,390.0,0.0,0.0,0.0,0.0,0.0
7328,N. Seiwald,3052.0,2,0.0,0.05898,0.41284,0.23591,0.08847,0.0,0.0,0.0,0.0,0.0,0.0
73418,A. Abdullayev,2244.0,4,0.0,0.0,0.28075,0.04011,0.12032,0.0,0.0,0.0,0.0,0.0,0.0
73507,A. Ne&apos;matov,1530.0,3,0.0,0.0,0.0,0.0,0.0,90.0,0.0,0.0,0.0,0.0,0.0
73510,U. Eshmurodov,1487.0,3,0.0,0.12105,0.12105,0.0,0.06052,90.0,0.0,0.0,0.0,0.0,0.0
73514,S. Nasrullayev,864.0,3,0.0,0.0,0.10417,0.0,0.10417,61.0,0.0,0.0,0.0,0.0,0.0
7525,A. Schlager,3825.0,4,0.0,0.0,0.0,0.0,0.09412,0.0,0.0,0.0,0.0,0.0,0.0
7578,G. Mensah,2423.0,2,0.0,0.07429,0.03714,0.0,0.29715,375.0,0.0,0.0,0.0,0.0,0.24
7598,P. Pentz,3358.0,2,0.0,0.0,0.0,0.0,0.0268,0.0,0.0,0.0,0.0,0.0,0.0
76867,N. Mujakić,2210.0,2,0.0,0.04072,0.04072,0.04072,0.1629,0.0,0.0,0.0,0.0,0.0,0.0
81,K. Diatta,1250.0,3,0.0,0.144,0.432,0.072,0.216,873.0,0.0,0.10309,0.20619,0.10309,0.20619
81224,M. Ramírez,3072.0,2,0.0,0.0,0.0,0.0,0.20508,0.0,0.0,0.0,0.0,0.0,0.0
8445,D. Batubinsika,1502.0,2,0.0,0.0,0.11984,0.05992,0.11984,90.0,1.0,0.0,2.0,1.0,0.0
860,Alex Sandro,4797.0,6,0.0,0.01876,0.18762,0.03752,0.2439,89.0,0.0,0.0,0.0,0.0,0.0
8627,T. Bongonda,47.0,1,0.0,0.0,1.91489,0.0,0.0,546.0,0.32967,0.0,1.97802,0.82418,0.16484
87789,J. Placide,2128.0,1,0.0,0.04229,0.0,0.0,0.08459,0.0,0.0,0.0,0.0,0.0,0.0
889,V. Lindelöf,1829.0,3,0.0,0.04921,0.14762,0.0,0.09841,90.0,0.0,0.0,0.0,0.0,0.0
9026,N. Vasilj,3270.0,2,0.0,0.0,0.0,0.0,0.0,210.0,0.0,0.0,0.0,0.0,0.0
906,T. Chong,900.0,4,0.0,0.1,0.6,0.4,0.2,0.0,0.0,0.0,0.0,0.0,0.0
94344,N. Pijnaker,968.0,1,0.0,0.0,0.55785,0.18595,0.09298,2325.0,0.15484,0.0,0.65806,0.34839,0.23226
94346,T. Payne,868.0,1,0.0,0.51843,0.41475,0.20737,0.0,299.0,0.0,0.0,0.60201,0.301,0.0
94360,A. Paulsen,2160.0,1,0.0,0.0,0.0,0.0,0.08333,180.0,0.0,0.0,0.0,0.0,0.0
