{
 "features": [
  "l3_logit_h",
  "l3_logit_a",
  "l3_xg_h",
  "l3_xg_a",
  "neutral",
  "form_gf_diff",
  "form_ga_diff",
  "form_ppg_diff",
  "form_streak_diff",
  "rest_diff",
  "h2h_gd",
  "squad_diff",
  "team_rating_diff",
  "sot_diff",
  "shots_diff",
  "shots_inbox_diff",
  "shots_outbox_diff",
  "shots_blocked_diff",
  "gk_saves_diff",
  "passes_total_diff",
  "passes_acc_diff",
  "passes_pct_diff",
  "offsides_diff",
  "fouls_diff",
  "possession_diff",
  "corners_diff"
 ],
 "mean": [
  0.6459641636418941,
  0.05570390519666802,
  1.5615597735184124,
  1.1088763363464522,
  0.22399809160305342,
  0.060422205121029735,
  -0.03439098378496028,
  0.05381793837352086,
  0.05521955599085869,
  -0.0039039557782000454,
  -0.010938423945505737,
  0.011878862636162384,
  0.0,
  0.18194165130997408,
  0.31225718368785665,
  0.32922417938373433,
  -0.0016064951598453877,
  0.1768310518306605,
  -0.04160509023172327,
  7.906265688036778,
  8.110233929578678,
  0.18895381140103287,
  0.006095157637236224,
  -0.04883375369280007,
  0.18432165377404322,
  0.11045522749478
 ],
 "std": [
  0.9265744528243643,
  0.818863746469745,
  0.7402926341051919,
  0.5815970468350635,
  0.4169207917113964,
  0.821862809839565,
  0.8883570067219205,
  0.7688595680975795,
  0.9566355474152564,
  0.7846462125088677,
  1.9177382946585129,
  0.10565784143882828,
  1.0,
  1.9573340181485064,
  4.538253927181019,
  3.476769404509051,
  1.6564997204113479,
  1.4832530680165394,
  1.6043067127529558,
  143.0933041517552,
  143.19355307069213,
  6.685384388115892,
  1.0784524217449938,
  3.831498550577331,
  13.19584228570917,
  1.9795921410677484
 ],
 "logit_W": [
  [
   0.24221707331025022,
   -0.07526699054192477,
   -0.16695008276832565
  ],
  [
   -0.10669100272547628,
   -0.07288581626364606,
   0.17957681898912314
  ],
  [
   0.33496128208606163,
   -0.1951792671470403,
   -0.13978201493902187
  ],
  [
   -0.02514846023625935,
   -0.1599204413497925,
   0.18506890158605255
  ],
  [
   0.08940195710811832,
   -0.017251303474326005,
   -0.07215065363379307
  ],
  [
   -0.008915231337139045,
   0.05252573118792692,
   -0.043610499850789526
  ],
  [
   -0.04903316561902967,
   -0.06714409469329387,
   0.11617726031232264
  ],
  [
   -0.007587832398740228,
   0.008516304009120585,
   -0.0009284716103818653
  ],
  [
   0.05153866909294532,
   -0.037389083282835314,
   -0.014149585810109638
  ],
  [
   0.037253718064560376,
   0.009107890636143583,
   -0.0463616087007032
  ],
  [
   0.13369441367150395,
   -0.007306769289756638,
   -0.1263876443817475
  ],
  [
   0.11547464363741541,
   -0.2521472460690217,
   0.13667260243160545
  ],
  [
   0.0,
   0.0,
   0.0
  ],
  [
   -0.3274971533055433,
   0.17443141079966168,
   0.15306574250588206
  ],
  [
   -0.261652833465329,
   -0.019988934046273464,
   0.281641767511603
  ],
  [
   0.5438774927886578,
   -0.5343884724229586,
   -0.009489020365701631
  ],
  [
   0.17931646071593732,
   -0.11042002615268554,
   -0.06889643456325144
  ],
  [
   -0.12053900481408193,
   0.29701226654485013,
   -0.17647326173076805
  ],
  [
   0.05690618641772096,
   -0.22589559869664985,
   0.16898941227892922
  ],
  [
   0.05633272057659587,
   -0.022839189154526464,
   -0.03349353142206957
  ],
  [
   -0.06461879366306748,
   -0.007156608249109282,
   0.07177540191217659
  ],
  [
   -0.25697537986416485,
   0.3218127851721331,
   -0.06483740530796792
  ],
  [
   0.15045467697073361,
   -0.07689521141518364,
   -0.0735594655555499
  ],
  [
   0.010015081293772906,
   0.0019178538716462471,
   -0.011932935165419144
  ],
  [
   0.4017693756686479,
   -0.46520650692270366,
   0.06343713125405503
  ],
  [
   -0.14632502129432853,
   0.2323324742893666,
   -0.08600745299503801
  ]
 ],
 "logit_b": [
  0.4114802002174977,
  -0.2278825434138114,
  -0.18359765680368786
 ],
 "temp": 1.0,
 "pois_gh_w": [
  0.08231450547019253,
  -0.07993456795161788,
  0.08245326678314015,
  -0.07939853258076914,
  0.019879858131367393,
  0.03195222086350831,
  -0.04827750104862652,
  0.013544229620063108,
  0.026484214094535424,
  0.01150536495328429,
  0.061339149659459025,
  0.0017545353449021502,
  0.0,
  0.0012991122661786538,
  0.0009646840107088361,
  0.0050228365573255634,
  0.0033303433786189807,
  0.0008023412385648797,
  -0.0010900087384036882,
  0.00869327950170769,
  0.0076845389372502335,
  0.0025002877069721595,
  0.0004534611041271369,
  0.0015866028839246593,
  0.010192302814761736,
  0.0017643904793617452
 ],
 "pois_gh_b": 0.3607081592332414,
 "pois_ga_w": [
  -0.07841109811251927,
  0.0745776198116604,
  -0.07999524254855829,
  0.07035562822377797,
  -0.009860780277104469,
  -0.014971058648083914,
  0.07557559625800299,
  -0.03556970690430223,
  -0.02303347329354042,
  -0.009520816815283072,
  -0.04795627670815062,
  0.0030161596508056668,
  0.0,
  0.0065890062427211,
  0.0017954243150050488,
  0.0010909741185106815,
  -0.0026200469519292707,
  -0.003292786998748279,
  0.0014707251683560348,
  0.008335725550338157,
  0.00839345202524568,
  0.00391658546048057,
  -0.004233446650597293,
  0.0056816400138134816,
  0.002026386013991066,
  -0.0018705016122378178
 ],
 "pois_ga_b": 0.031365018701199544,
 "l3_recipe": {
  "a0": -0.11780741257685995,
  "a1": 1.532502524126626,
  "tb0": 2.387631731021131,
  "tb1": 0.10263860386404161,
  "tb2": 0.2558652276968428,
  "tcap": 5.5
 },
 "trained_on": {
  "n_burn": 4192,
  "n_oos": 2680,
  "cal_start": "2019-01-01",
  "oos": [
   "2024-01-01",
   "2026-01-01"
  ]
 },
 "C": 0.3,
 "poisson_alpha": 1.0,
 "form_hl": 540.0,
 "note": "Full-data model. KNOWN to measure worse than L3/ensemble. NOT a precision claim."
}