{
 "features": [
  "l3_logit_h",
  "l3_logit_a",
  "l3_xg_h",
  "l3_xg_a",
  "neutral",
  "form_gf_diff",
  "form_ga_diff",
  "form_ppg_diff",
  "form_streak_diff",
  "rest_diff",
  "h2h_gd",
  "squad_diff",
  "team_rating_diff",
  "sot_diff",
  "shots_diff",
  "shots_inbox_diff",
  "shots_outbox_diff",
  "shots_blocked_diff",
  "gk_saves_diff",
  "passes_total_diff",
  "passes_acc_diff",
  "passes_pct_diff",
  "offsides_diff",
  "fouls_diff",
  "possession_diff",
  "corners_diff",
  "club_form_diff"
 ],
 "mean": [
  0.6459641636418946,
  0.05570390519666876,
  1.5615597735184128,
  1.1088763363464533,
  0.22399809160305342,
  0.06042220512102971,
  -0.03439098378496028,
  0.05381793837352086,
  0.05521955599085868,
  -0.003903955778200047,
  -0.01093842394550573,
  0.011878862636162384,
  0.03105945105006807,
  0.18194165130997408,
  0.3122571836878567,
  0.32922417938373433,
  -0.0016064951598453877,
  0.1768310518306605,
  -0.04160509023172327,
  7.906265688036778,
  8.110233929578682,
  0.18895381140103287,
  0.006095157637236224,
  -0.04883375369280007,
  0.18432165377404322,
  0.11045522749478,
  0.21033840304182513
 ],
 "std": [
  0.9265744528243631,
  0.8188637464697438,
  0.7402926341051924,
  0.5815970468350636,
  0.4169207917113964,
  0.8218628098395651,
  0.8883570067219206,
  0.7688595680975795,
  0.9566355474152562,
  0.7846462125088677,
  1.9177382946585126,
  0.10565784143882828,
  0.1960418617773406,
  1.9573340181485064,
  4.538253927181019,
  3.476769404509051,
  1.6564997204113479,
  1.4832530680165394,
  1.6043067127529558,
  143.0933041517552,
  143.19355307069213,
  6.685384388115892,
  1.0784524217449938,
  3.831498550577331,
  13.19584228570917,
  1.9795921410677484,
  1.0750504327760155
 ],
 "logit_W": [
  [
   0.24234899908982255,
   -0.07819362303141603,
   -0.16415537605840613
  ],
  [
   -0.10513006918835201,
   -0.07378238192812146,
   0.17891245111647375
  ],
  [
   0.33078978878667875,
   -0.19597915842123334,
   -0.1348106303654457
  ],
  [
   -0.021180125155127516,
   -0.16316169208017944,
   0.1843418172353066
  ],
  [
   0.08720201857657275,
   -0.016744725324365613,
   -0.07045729325220695
  ],
  [
   -0.009238151960066852,
   0.051789968367765025,
   -0.042551816407698326
  ],
  [
   -0.05245667762512574,
   -0.06567844195052856,
   0.11813511957565326
  ],
  [
   -0.005799753045221445,
   0.010508219519114273,
   -0.004708466473893173
  ],
  [
   0.04980660190188317,
   -0.037750572779869526,
   -0.01205602912201339
  ],
  [
   0.03720585579474395,
   0.009291808610165998,
   -0.04649766440490991
  ],
  [
   0.13581528311370264,
   -0.00725957276268334,
   -0.1285557103510194
  ],
  [
   0.08874807052679629,
   -0.25535511638973624,
   0.16660704586293984
  ],
  [
   0.0,
   0.0,
   0.0
  ],
  [
   -0.34406903505517744,
   0.1791448062029684,
   0.16492422885220911
  ],
  [
   -0.24854015331547372,
   -0.029556984548693502,
   0.2780971378641674
  ],
  [
   0.5428330289251945,
   -0.5292179210518547,
   -0.013615107873338831
  ],
  [
   0.1794406079451477,
   -0.1090797260741008,
   -0.07036088187104685
  ],
  [
   -0.124203564674437,
   0.2968762038252686,
   -0.17267263915083159
  ],
  [
   0.04978315996609548,
   -0.2258383230871131,
   0.1760551631210173
  ],
  [
   0.04917906718449797,
   -0.02576417002616966,
   -0.02341489715832836
  ],
  [
   -0.06595107329260737,
   -0.006378590543195018,
   0.07232966383580222
  ],
  [
   -0.25695261908189937,
   0.32879037192234944,
   -0.07183775284044966
  ],
  [
   0.15787761728275623,
   -0.07895641437050405,
   -0.07892120291225212
  ],
  [
   0.014474417801720573,
   0.0033652698767136875,
   -0.017839687678434225
  ],
  [
   0.39314652322898874,
   -0.4667987438856969,
   0.07365222065670826
  ],
  [
   -0.14421545643119188,
   0.23089577793753827,
   -0.08668032150634629
  ],
  [
   0.07586904188901873,
   -0.0010228955415212773,
   -0.0748461463474975
  ]
 ],
 "logit_b": [
  0.41133033542483616,
  -0.2278293946550213,
  -0.18350094076981707
 ],
 "temp": 1.0,
 "pois_gh_w": [
  0.08229037380482228,
  -0.07989096839168831,
  0.08243560003594815,
  -0.07934253459022299,
  0.019828583316621726,
  0.031908838460282626,
  -0.04833116197111008,
  0.013541536053357471,
  0.02647506636459599,
  0.011505269238648305,
  0.06133962062928266,
  0.0016344589292102815,
  0.0,
  0.001235537547350057,
  0.0009366315341540775,
  0.005000017952542471,
  0.003333722759017157,
  0.0008119236577076163,
  -0.0010879839109296744,
  0.008635464463014999,
  0.0076243132693967625,
  0.0024583090495729058,
  0.00046456757865529543,
  0.0016257870115392664,
  0.010147875010064132,
  0.001731084457142783,
  0.0027910105379502113
 ],
 "pois_gh_b": 0.3606931481036618,
 "pois_ga_w": [
  -0.0782600876823718,
  0.07449328371479225,
  -0.0797950555973833,
  0.07030971585995359,
  -0.009776578249047065,
  -0.014877325533911771,
  0.07572661743408124,
  -0.03558106036176843,
  -0.023037630817988368,
  -0.00954662737467348,
  -0.04795423530930404,
  0.003345880963545726,
  0.0,
  0.00675185550246498,
  0.0018837798912865718,
  0.0011726220542046131,
  -0.0026028351633205662,
  -0.003296439204743562,
  0.0014682259099319161,
  0.008500245359332224,
  0.008562497786639107,
  0.004022594989150902,
  -0.0042866741166419425,
  0.005584270851787876,
  0.0021550551066768934,
  -0.0018048020410393376,
  -0.010247564039628702
 ],
 "pois_ga_b": 0.03130325788739042,
 "l3_recipe": {
  "a0": -0.11780741257685984,
  "a1": 1.532502524126626,
  "tb0": 2.387631731021131,
  "tb1": 0.10263860386404194,
  "tb2": 0.25586522769684394,
  "tcap": 5.5
 },
 "trained_on": {
  "n_burn": 4192,
  "n_oos": 2680,
  "cal_start": "2019-01-01",
  "oos": [
   "2024-01-01",
   "2026-01-01"
  ]
 },
 "C": 0.3,
 "poisson_alpha": 1.0,
 "form_hl": 540.0,
 "note": "Full-data model. KNOWN to measure worse than L3/ensemble. NOT a precision claim."
}