{
 "features": [
  "l3_logit_h",
  "l3_logit_a",
  "l3_xg_h",
  "l3_xg_a",
  "neutral",
  "form_gf_diff",
  "form_ga_diff",
  "form_ppg_diff",
  "form_streak_diff",
  "rest_diff",
  "h2h_gd",
  "squad_diff",
  "team_rating_diff",
  "sot_diff",
  "shots_diff",
  "shots_inbox_diff",
  "shots_outbox_diff",
  "shots_blocked_diff",
  "gk_saves_diff",
  "passes_total_diff",
  "passes_acc_diff",
  "passes_pct_diff",
  "offsides_diff",
  "fouls_diff",
  "possession_diff",
  "corners_diff",
  "club_form_diff"
 ],
 "mean": [
  0.6459641636418946,
  0.05570390519666876,
  1.5615597735184128,
  1.1088763363464533,
  0.22399809160305342,
  0.06042220512102971,
  -0.03439098378496028,
  0.05381793837352086,
  0.05521955599085868,
  -0.003903955778200047,
  -0.01093842394550573,
  0.011878862636162384,
  0.03105945105006807,
  0.18194165130997408,
  0.3122571836878567,
  0.32922417938373433,
  -0.0016064951598453877,
  0.1768310518306605,
  -0.04160509023172327,
  7.906265688036778,
  8.110233929578682,
  0.18895381140103287,
  0.006095157637236224,
  -0.04883375369280007,
  0.18432165377404322,
  0.11045522749478,
  0.21811787072243344
 ],
 "std": [
  0.9265744528243631,
  0.8188637464697438,
  0.7402926341051924,
  0.5815970468350636,
  0.4169207917113964,
  0.8218628098395651,
  0.8883570067219206,
  0.7688595680975795,
  0.9566355474152562,
  0.7846462125088677,
  1.9177382946585126,
  0.10565784143882828,
  0.1960418617773406,
  1.9573340181485064,
  4.538253927181019,
  3.476769404509051,
  1.6564997204113479,
  1.4832530680165394,
  1.6043067127529558,
  143.0933041517552,
  143.19355307069213,
  6.685384388115892,
  1.0784524217449938,
  3.831498550577331,
  13.19584228570917,
  1.9795921410677484,
  1.0907063594443505
 ],
 "logit_W": [
  [
   0.0,
   0.0,
   0.0
  ],
  [
   0.0,
   0.0,
   0.2873817630188422
  ],
  [
   0.710807766112881,
   0.0,
   0.0
  ],
  [
   0.0,
   0.0,
   0.32055408182376843
  ],
  [
   0.08206347786359111,
   0.0,
   -0.029727100456045864
  ],
  [
   0.0,
   0.0,
   -0.021717310456096553
  ],
  [
   0.0,
   0.0,
   0.17010417889593674
  ],
  [
   0.0,
   0.0,
   -0.014507812918093508
  ],
  [
   0.04575615433995517,
   0.0,
   0.0
  ],
  [
   0.00869291021816009,
   0.0,
   -0.03413646748313959
  ],
  [
   0.10159597171431986,
   0.0,
   -0.09687313772069968
  ],
  [
   0.0,
   0.0,
   0.0
  ],
  [
   0.0,
   0.0,
   0.0
  ],
  [
   0.0,
   0.0,
   0.0
  ],
  [
   0.0,
   0.0,
   0.0
  ],
  [
   0.0,
   0.0,
   0.0
  ],
  [
   0.0,
   0.0,
   0.0
  ],
  [
   0.0,
   0.0,
   0.0
  ],
  [
   0.0,
   0.0,
   0.0
  ],
  [
   0.0,
   0.0,
   0.0
  ],
  [
   0.0,
   0.0,
   0.0
  ],
  [
   0.0,
   0.0,
   0.0
  ],
  [
   0.0,
   0.0,
   0.0
  ],
  [
   0.0,
   0.0,
   0.0
  ],
  [
   0.0,
   0.0,
   0.0
  ],
  [
   0.0,
   0.0,
   0.0
  ],
  [
   0.0,
   0.0,
   0.0
  ]
 ],
 "logit_b": [
  0.4029430233479036,
  -0.23339626920813092,
  -0.1695467541397508
 ],
 "temp": 0.95,
 "pois_gh_w": [
  0.08228100854148411,
  -0.07987235182117862,
  0.08242944014643636,
  -0.07931753120544173,
  0.019804128845665292,
  0.03188474459762169,
  -0.04835243881367233,
  0.013541944697086966,
  0.026468442325813295,
  0.011506932533044729,
  0.061341026725040354,
  0.0015719328757310244,
  0.0,
  0.0012028564448204112,
  0.0009207139422297593,
  0.004985154058386422,
  0.00332906360109815,
  0.0008124931859027352,
  -0.0010827312635464388,
  0.008608019790695861,
  0.007595287710099014,
  0.0024362678472738394,
  0.00047291409597994595,
  0.0016384837449095635,
  0.010122461136022524,
  0.001709630967678432,
  0.003993384655977354
 ],
 "pois_gh_b": 0.360685578132514,
 "pois_ga_w": [
  -0.07827123280713741,
  0.0745001950762431,
  -0.07980927593909286,
  0.07031415016861763,
  -0.009779034946286982,
  -0.014878743681344684,
  0.07571481114860369,
  -0.0355819514142035,
  -0.023032810680054586,
  -0.009547152116304934,
  -0.04795450721162755,
  0.0033409282124523933,
  0.0,
  0.006750295331002513,
  0.0018864244515085153,
  0.0011764698335638068,
  -0.002595419221008205,
  -0.003287268111940315,
  0.0014651131535887941,
  0.008490344090797136,
  0.008553531199203896,
  0.004020632285219879,
  -0.004290030654151071,
  0.005591499641494222,
  0.0021548231818271776,
  -0.0017905096463308782,
  -0.009498179833716957
 ],
 "pois_ga_b": 0.03130987479115354,
 "l3_recipe": {
  "a0": -0.11780741257685984,
  "a1": 1.532502524126626,
  "tb0": 2.387631731021131,
  "tb1": 0.10263860386404194,
  "tb2": 0.25586522769684394,
  "tcap": 5.5
 },
 "trained_on": {
  "n_burn": 4192,
  "n_oos": 2680,
  "cal_start": "2019-01-01",
  "oos": [
   "2024-01-01",
   "2026-01-01"
  ]
 },
 "reg": "l1c0.1",
 "penalty": "l1",
 "C": 0.1,
 "n_zero_feats": 17,
 "poisson_alpha": 1.0,
 "form_hl": 540.0,
 "note": "Full-data model. Matches the ensemble/L3 at best (L1 reg). NOT a precision claim."
}