{
  "corners": {
    "mu": 1.2905670436991272,
    "gamma": 0.16651320321325677,
    "oppstr_beta": -0.2379,
    "ownstr_beta": 0.2677,
    "lift": 23.62,
    "show": true,
    "conf": "baja",
    "line": 7.5
  },
  "cards": {
    "mu": 0.7047976407529,
    "gamma": -0.09029744623025061,
    "oppstr_beta": 0.1141,
    "ownstr_beta": -0.0674,
    "lift": 3.43,
    "show": false,
    "conf": "oculta",
    "line": 2.5
  },
  "shots": {
    "mu": 2.2424796680312404,
    "gamma": 0.19144916801591366,
    "oppstr_beta": -0.2376,
    "ownstr_beta": 0.2753,
    "lift": 42.96,
    "show": true,
    "conf": "media",
    "line": 21.5
  },
  "_oppstr": {
    "mean": 0.8555,
    "std": 0.7544
  }
}