target_date,generated_at,fixture_id,home_team,away_team,league,promotion_status,gap_status,gap_stage,scored_row_found,scored_row_status,gap_reason,recommended_fix,allowed_downstream_use,auto_apply,production_change
2026-07-31,2026-07-31T23:32:34+01:00,1494217,IF Brommapojkarna,Hammarby FF,Allsvenskan,TRUSTED_SOURCE_BUT_NO_SCORED_ROW,MISSING_SCORED_ROW,SCORING_NOT_RUN_FOR_TRUSTED_RAW,false,MISSING,trusted raw candidate has no matching scored row,Run/repair scoring enrichment over trusted raw fixture candidates before market translation.,WAIT_SCORING,NO,NO
2026-07-31,2026-07-31T23:32:34+01:00,1494711,KFUM Oslo,Molde,Eliteserien,TRUSTED_SOURCE_BUT_NO_SCORED_ROW,MISSING_SCORED_ROW,SCORING_NOT_RUN_FOR_TRUSTED_RAW,false,MISSING,trusted raw candidate has no matching scored row,Run/repair scoring enrichment over trusted raw fixture candidates before market translation.,WAIT_SCORING,NO,NO
2026-07-31,2026-07-31T23:32:34+01:00,1492307,Remo,Vitoria,Serie A,TRUSTED_SOURCE_BUT_NO_SCORED_ROW,MISSING_SCORED_ROW,SCORING_NOT_RUN_FOR_TRUSTED_RAW,false,MISSING,trusted raw candidate has no matching scored row,Run/repair scoring enrichment over trusted raw fixture candidates before market translation.,WAIT_SCORING,NO,NO
2026-07-31,2026-07-31T23:32:34+01:00,1494709,Aalesund,Viking,Eliteserien,TRUSTED_SOURCE_BUT_NO_SCORED_ROW,MISSING_SCORED_ROW,SCORING_NOT_RUN_FOR_TRUSTED_RAW,false,MISSING,trusted raw candidate has no matching scored row,Run/repair scoring enrichment over trusted raw fixture candidates before market translation.,WAIT_SCORING,NO,NO
2026-07-31,2026-07-31T23:32:34+01:00,1561894,Lask Linz,Grazer AK,Bundesliga,PROMOTED_TO_SCORING_INPUT,PROMOTED,SCORING_ALLOWED,true,SCORED_AVAILABLE,raw candidate was promoted to normal scoring flow,"Proceed through normal scoring, translator, board and prelock gates.",SCORING_ALLOWED_WITH_NORMAL_GATES,NO,NO
2026-07-31,2026-07-31T23:32:34+01:00,1494717,Bodo/Glimt,Lillestrom,Eliteserien,PROMOTED_TO_SCORING_INPUT,PROMOTED,SCORING_ALLOWED,true,SCORED_AVAILABLE,raw candidate was promoted to normal scoring flow,"Proceed through normal scoring, translator, board and prelock gates.",SCORING_ALLOWED_WITH_NORMAL_GATES,NO,NO
2026-07-31,2026-07-31T23:32:34+01:00,1494723,Valerenga,Ham-Kam,Eliteserien,PROMOTED_TO_SCORING_INPUT,PROMOTED,SCORING_ALLOWED,true,SCORED_AVAILABLE,raw candidate was promoted to normal scoring flow,"Proceed through normal scoring, translator, board and prelock gates.",SCORING_ALLOWED_WITH_NORMAL_GATES,NO,NO
2026-07-31,2026-07-31T23:32:34+01:00,1556628,Dundee Utd,Rangers,Premiership,PROMOTED_TO_SCORING_INPUT,PROMOTED,SCORING_ALLOWED,true,SCORED_AVAILABLE,raw candidate was promoted to normal scoring flow,"Proceed through normal scoring, translator, board and prelock gates.",SCORING_ALLOWED_WITH_NORMAL_GATES,NO,NO
2026-07-31,2026-07-31T23:32:34+01:00,1556397,Be1 NFA,Jonava,1 Lyga,TRUSTED_SOURCE_BUT_NO_SCORED_ROW,MISSING_SCORED_ROW,SCORING_NOT_RUN_FOR_TRUSTED_RAW,false,MISSING,trusted raw candidate has no matching scored row,Run/repair scoring enrichment over trusted raw fixture candidates before market translation.,WAIT_SCORING,NO,NO
2026-07-31,2026-07-31T23:32:34+01:00,1556398,Hegelmann II,Minija,1 Lyga,TRUSTED_SOURCE_BUT_NO_SCORED_ROW,MISSING_SCORED_ROW,SCORING_NOT_RUN_FOR_TRUSTED_RAW,false,MISSING,trusted raw candidate has no matching scored row,Run/repair scoring enrichment over trusted raw fixture candidates before market translation.,WAIT_SCORING,NO,NO
2026-07-31,2026-07-31T23:32:34+01:00,1551299,AB Copenhagen,FC Fredericia,1. Division,TRUSTED_SOURCE_BUT_NO_SCORED_ROW,MISSING_SCORED_ROW,SCORING_NOT_RUN_FOR_TRUSTED_RAW,false,MISSING,trusted raw candidate has no matching scored row,Run/repair scoring enrichment over trusted raw fixture candidates before market translation.,WAIT_SCORING,NO,NO
2026-07-31,2026-07-31T23:32:34+01:00,1551300,Aarhus Fremad,Aalborg,1. Division,TRUSTED_SOURCE_BUT_NO_SCORED_ROW,MISSING_SCORED_ROW,SCORING_NOT_RUN_FOR_TRUSTED_RAW,false,MISSING,trusted raw candidate has no matching scored row,Run/repair scoring enrichment over trusted raw fixture candidates before market translation.,WAIT_SCORING,NO,NO
2026-07-31,2026-07-31T23:32:34+01:00,1534808,Astana II,Arys,1. Division,TRUSTED_SOURCE_BUT_NO_SCORED_ROW,MISSING_SCORED_ROW,SCORING_NOT_RUN_FOR_TRUSTED_RAW,false,MISSING,trusted raw candidate has no matching scored row,Run/repair scoring enrichment over trusted raw fixture candidates before market translation.,WAIT_SCORING,NO,NO
2026-07-31,2026-07-31T23:32:34+01:00,1534379,Dinamo Minsk II,Niva,1. Division,TRUSTED_SOURCE_BUT_NO_SCORED_ROW,MISSING_SCORED_ROW,SCORING_NOT_RUN_FOR_TRUSTED_RAW,false,MISSING,trusted raw candidate has no matching scored row,Run/repair scoring enrichment over trusted raw fixture candidates before market translation.,WAIT_SCORING,NO,NO
2026-07-31,2026-07-31T23:32:34+01:00,1534384,FC Slutsk,FC Energetik-Bgu Minsk,1. Division,TRUSTED_SOURCE_BUT_NO_SCORED_ROW,MISSING_SCORED_ROW,SCORING_NOT_RUN_FOR_TRUSTED_RAW,false,MISSING,trusted raw candidate has no matching scored row,Run/repair scoring enrichment over trusted raw fixture candidates before market translation.,WAIT_SCORING,NO,NO
2026-07-31,2026-07-31T23:32:34+01:00,1551301,HB Koge,Vejle,1. Division,TRUSTED_SOURCE_BUT_NO_SCORED_ROW,MISSING_SCORED_ROW,SCORING_NOT_RUN_FOR_TRUSTED_RAW,false,MISSING,trusted raw candidate has no matching scored row,Run/repair scoring enrichment over trusted raw fixture candidates before market translation.,WAIT_SCORING,NO,NO
2026-07-31,2026-07-31T23:32:34+01:00,1534538,Orsha,Shakhter Soligorsk,1. Division,TRUSTED_SOURCE_BUT_NO_SCORED_ROW,MISSING_SCORED_ROW,SCORING_NOT_RUN_FOR_TRUSTED_RAW,false,MISSING,trusted raw candidate has no matching scored row,Run/repair scoring enrichment over trusted raw fixture candidates before market translation.,WAIT_SCORING,NO,NO
2026-07-31,2026-07-31T23:32:34+01:00,1534809,Sport Academy Kairat,Jaiyq,1. Division,NOT_TRUSTED_NO_PROMOTION,NOT_TRUSTED_SKIPPED,RAW_TRUST_GATE_BLOCK,false,MISSING,"raw candidate was not trusted, so scoring gap is intentionally ignored",Keep diagnostic only unless future whitelist changes source trust.,DIAGNOSTIC_ONLY,NO,NO
2026-07-31,2026-07-31T23:32:34+01:00,1534813,Tobol 2,Shakhter Karagandy,1. Division,TRUSTED_SOURCE_BUT_NO_SCORED_ROW,MISSING_SCORED_ROW,SCORING_NOT_RUN_FOR_TRUSTED_RAW,false,MISSING,trusted raw candidate has no matching scored row,Run/repair scoring enrichment over trusted raw fixture candidates before market translation.,WAIT_SCORING,NO,NO
2026-07-31,2026-07-31T23:32:34+01:00,1529582,Super Nova 2,Riga Mariners,1. Liga,TRUSTED_SOURCE_BUT_NO_SCORED_ROW,MISSING_SCORED_ROW,SCORING_NOT_RUN_FOR_TRUSTED_RAW,false,MISSING,trusted raw candidate has no matching scored row,Run/repair scoring enrichment over trusted raw fixture candidates before market translation.,WAIT_SCORING,NO,NO
2026-07-31,2026-07-31T23:32:34+01:00,1574282,Brühl,Young Boys II,1. Liga Promotion,TRUSTED_SOURCE_BUT_NO_SCORED_ROW,MISSING_SCORED_ROW,SCORING_NOT_RUN_FOR_TRUSTED_RAW,false,MISSING,trusted raw candidate has no matching scored row,Run/repair scoring enrichment over trusted raw fixture candidates before market translation.,WAIT_SCORING,NO,NO
2026-07-31,2026-07-31T23:32:34+01:00,1575752,FA 2000,B 93,2. Division,TRUSTED_SOURCE_BUT_NO_SCORED_ROW,MISSING_SCORED_ROW,SCORING_NOT_RUN_FOR_TRUSTED_RAW,false,MISSING,trusted raw candidate has no matching scored row,Run/repair scoring enrichment over trusted raw fixture candidates before market translation.,WAIT_SCORING,NO,NO
2026-07-31,2026-07-31T23:32:34+01:00,1575753,Nykobing FC,Fremad Amager,2. Division,TRUSTED_SOURCE_BUT_NO_SCORED_ROW,MISSING_SCORED_ROW,SCORING_NOT_RUN_FOR_TRUSTED_RAW,false,MISSING,trusted raw candidate has no matching scored row,Run/repair scoring enrichment over trusted raw fixture candidates before market translation.,WAIT_SCORING,NO,NO
2026-07-31,2026-07-31T23:32:34+01:00,1575754,Roskilde,Naestved,2. Division,TRUSTED_SOURCE_BUT_NO_SCORED_ROW,MISSING_SCORED_ROW,SCORING_NOT_RUN_FOR_TRUSTED_RAW,false,MISSING,trusted raw candidate has no matching scored row,Run/repair scoring enrichment over trusted raw fixture candidates before market translation.,WAIT_SCORING,NO,NO
2026-07-31,2026-07-31T23:32:34+01:00,1567860,Admira Wacker,Rapid Wien II,2. Liga,TRUSTED_SOURCE_BUT_NO_SCORED_ROW,MISSING_SCORED_ROW,SCORING_NOT_RUN_FOR_TRUSTED_RAW,false,MISSING,trusted raw candidate has no matching scored row,Run/repair scoring enrichment over trusted raw fixture candidates before market translation.,WAIT_SCORING,NO,NO
2026-07-31,2026-07-31T23:32:34+01:00,1567862,Austria Vienna (Am),FC BW Linz,2. Liga,TRUSTED_SOURCE_BUT_NO_SCORED_ROW,MISSING_SCORED_ROW,SCORING_NOT_RUN_FOR_TRUSTED_RAW,false,MISSING,trusted raw candidate has no matching scored row,Run/repair scoring enrichment over trusted raw fixture candidates before market translation.,WAIT_SCORING,NO,NO
2026-07-31,2026-07-31T23:32:34+01:00,1567864,Floridsdorfer AC,SKN ST. Polten,2. Liga,TRUSTED_SOURCE_BUT_NO_SCORED_ROW,MISSING_SCORED_ROW,SCORING_NOT_RUN_FOR_TRUSTED_RAW,false,MISSING,trusted raw candidate has no matching scored row,Run/repair scoring enrichment over trusted raw fixture candidates before market translation.,WAIT_SCORING,NO,NO
2026-07-31,2026-07-31T23:32:34+01:00,1567866,SV Kapfenberg,FC Liefering,2. Liga,TRUSTED_SOURCE_BUT_NO_SCORED_ROW,MISSING_SCORED_ROW,SCORING_NOT_RUN_FOR_TRUSTED_RAW,false,MISSING,trusted raw candidate has no matching scored row,Run/repair scoring enrichment over trusted raw fixture candidates before market translation.,WAIT_SCORING,NO,NO
2026-07-31,2026-07-31T23:32:34+01:00,1567861,Voitsberg,SKU Amstetten,2. Liga,TRUSTED_SOURCE_BUT_NO_SCORED_ROW,MISSING_SCORED_ROW,SCORING_NOT_RUN_FOR_TRUSTED_RAW,false,MISSING,trusted raw candidate has no matching scored row,Run/repair scoring enrichment over trusted raw fixture candidates before market translation.,WAIT_SCORING,NO,NO
2026-07-31,2026-07-31T23:32:34+01:00,1567867,Wacker Innsbruck,Schwarz-Weiß Bregenz,2. Liga,TRUSTED_SOURCE_BUT_NO_SCORED_ROW,MISSING_SCORED_ROW,SCORING_NOT_RUN_FOR_TRUSTED_RAW,false,MISSING,trusted raw candidate has no matching scored row,Run/repair scoring enrichment over trusted raw fixture candidates before market translation.,WAIT_SCORING,NO,NO
2026-07-31,2026-07-31T23:32:34+01:00,1561078,Liptovský Mikuláš,Galanta,2. liga,TRUSTED_SOURCE_BUT_NO_SCORED_ROW,MISSING_SCORED_ROW,SCORING_NOT_RUN_FOR_TRUSTED_RAW,false,MISSING,trusted raw candidate has no matching scored row,Run/repair scoring enrichment over trusted raw fixture candidates before market translation.,WAIT_SCORING,NO,NO
2026-07-31,2026-07-31T23:32:34+01:00,1561077,Pohronie,Považská Bystrica,2. liga,TRUSTED_SOURCE_BUT_NO_SCORED_ROW,MISSING_SCORED_ROW,SCORING_NOT_RUN_FOR_TRUSTED_RAW,false,MISSING,trusted raw candidate has no matching scored row,Run/repair scoring enrichment over trusted raw fixture candidates before market translation.,WAIT_SCORING,NO,NO
2026-07-31,2026-07-31T23:32:34+01:00,1577738,Brønshøj,Ishøj,3. Division,TRUSTED_SOURCE_BUT_NO_SCORED_ROW,MISSING_SCORED_ROW,SCORING_NOT_RUN_FOR_TRUSTED_RAW,false,MISSING,trusted raw candidate has no matching scored row,Run/repair scoring enrichment over trusted raw fixture candidates before market translation.,WAIT_SCORING,NO,NO
2026-07-31,2026-07-31T23:32:34+01:00,1577739,FC Helsingor,Vanløse,3. Division,TRUSTED_SOURCE_BUT_NO_SCORED_ROW,MISSING_SCORED_ROW,SCORING_NOT_RUN_FOR_TRUSTED_RAW,false,MISSING,trusted raw candidate has no matching scored row,Run/repair scoring enrichment over trusted raw fixture candidates before market translation.,WAIT_SCORING,NO,NO
2026-07-31,2026-07-31T23:32:34+01:00,1496472,Gamle Oslo,Union Carl Berner,3. Division - Girone 1,TRUSTED_SOURCE_BUT_NO_SCORED_ROW,MISSING_SCORED_ROW,SCORING_NOT_RUN_FOR_TRUSTED_RAW,false,MISSING,trusted raw candidate has no matching scored row,Run/repair scoring enrichment over trusted raw fixture candidates before market translation.,WAIT_SCORING,NO,NO
2026-07-31,2026-07-31T23:32:34+01:00,1496654,Herd,Volda,3. Division - Girone 2,TRUSTED_SOURCE_BUT_NO_SCORED_ROW,MISSING_SCORED_ROW,SCORING_NOT_RUN_FOR_TRUSTED_RAW,false,MISSING,trusted raw candidate has no matching scored row,Run/repair scoring enrichment over trusted raw fixture candidates before market translation.,WAIT_SCORING,NO,NO
2026-07-31,2026-07-31T23:32:34+01:00,1497020,Varhaug,Hinna,3. Division - Girone 4,TRUSTED_SOURCE_BUT_NO_SCORED_ROW,MISSING_SCORED_ROW,SCORING_NOT_RUN_FOR_TRUSTED_RAW,false,MISSING,trusted raw candidate has no matching scored row,Run/repair scoring enrichment over trusted raw fixture candidates before market translation.,WAIT_SCORING,NO,NO
2026-07-31,2026-07-31T23:32:34+01:00,1577872,Frýdek-Místek,Hranice,3. liga - MSFL,TRUSTED_SOURCE_BUT_NO_SCORED_ROW,MISSING_SCORED_ROW,SCORING_NOT_RUN_FOR_TRUSTED_RAW,false,MISSING,trusted raw candidate has no matching scored row,Run/repair scoring enrichment over trusted raw fixture candidates before market translation.,WAIT_SCORING,NO,NO
2026-07-31,2026-07-31T23:32:34+01:00,1577870,Unie Hlubina,Zbrojovka Brno II,3. liga - MSFL,TRUSTED_SOURCE_BUT_NO_SCORED_ROW,MISSING_SCORED_ROW,SCORING_NOT_RUN_FOR_TRUSTED_RAW,false,MISSING,trusted raw candidate has no matching scored row,Run/repair scoring enrichment over trusted raw fixture candidates before market translation.,WAIT_SCORING,NO,NO
2026-07-31,2026-07-31T23:32:34+01:00,1548094,Vietnam,Singapore,ASEAN Championship,TRUSTED_SOURCE_BUT_NO_SCORED_ROW,MISSING_SCORED_ROW,SCORING_NOT_RUN_FOR_TRUSTED_RAW,false,MISSING,trusted raw candidate has no matching scored row,Run/repair scoring enrichment over trusted raw fixture candidates before market translation.,WAIT_SCORING,NO,NO
2026-07-31,2026-07-31T23:32:34+01:00,1601079,Jamus,Mogadishu City,CECAFA Club Cup,TRUSTED_SOURCE_BUT_NO_SCORED_ROW,MISSING_SCORED_ROW,SCORING_NOT_RUN_FOR_TRUSTED_RAW,false,MISSING,trusted raw candidate has no matching scored row,Run/repair scoring enrichment over trusted raw fixture candidates before market translation.,WAIT_SCORING,NO,NO
2026-07-31,2026-07-31T23:32:34+01:00,1601080,Singida Black Stars,Simba,CECAFA Club Cup,TRUSTED_SOURCE_BUT_NO_SCORED_ROW,MISSING_SCORED_ROW,SCORING_NOT_RUN_FOR_TRUSTED_RAW,false,MISSING,trusted raw candidate has no matching scored row,Run/repair scoring enrichment over trusted raw fixture candidates before market translation.,WAIT_SCORING,NO,NO
2026-07-31,2026-07-31T23:32:34+01:00,1605369,Metropolitan,Delfines Del Este,CONCACAF Caribbean Club Shield,TRUSTED_SOURCE_BUT_NO_SCORED_ROW,MISSING_SCORED_ROW,SCORING_NOT_RUN_FOR_TRUSTED_RAW,false,MISSING,trusted raw candidate has no matching scored row,Run/repair scoring enrichment over trusted raw fixture candidates before market translation.,WAIT_SCORING,NO,NO
2026-07-31,2026-07-31T23:32:34+01:00,1605368,Mount Pleasant Academy,Robin Hood,CONCACAF Caribbean Club Shield,NOT_TRUSTED_NO_PROMOTION,NOT_TRUSTED_SKIPPED,RAW_TRUST_GATE_BLOCK,false,MISSING,"raw candidate was not trusted, so scoring gap is intentionally ignored",Keep diagnostic only unless future whitelist changes source trust.,DIAGNOSTIC_ONLY,NO,NO
2026-07-31,2026-07-31T23:32:34+01:00,1603948,BSS Sporting,Railway,Calcutta Premier Division,TRUSTED_SOURCE_BUT_NO_SCORED_ROW,MISSING_SCORED_ROW,SCORING_NOT_RUN_FOR_TRUSTED_RAW,false,MISSING,trusted raw candidate has no matching scored row,Run/repair scoring enrichment over trusted raw fixture candidates before market translation.,WAIT_SCORING,NO,NO
2026-07-31,2026-07-31T23:32:34+01:00,1607548,Puerto Rico W,Jamaica W,Central American and Caribbean Games,TRUSTED_SOURCE_BUT_NO_SCORED_ROW,MISSING_SCORED_ROW,SCORING_NOT_RUN_FOR_TRUSTED_RAW,false,MISSING,trusted raw candidate has no matching scored row,Run/repair scoring enrichment over trusted raw fixture candidates before market translation.,WAIT_SCORING,NO,NO
2026-07-31,2026-07-31T23:32:34+01:00,1607549,Venezuela W,El Salvador W,Central American and Caribbean Games,TRUSTED_SOURCE_BUT_NO_SCORED_ROW,MISSING_SCORED_ROW,SCORING_NOT_RUN_FOR_TRUSTED_RAW,false,MISSING,trusted raw candidate has no matching scored row,Run/repair scoring enrichment over trusted raw fixture candidates before market translation.,WAIT_SCORING,NO,NO
2026-07-31,2026-07-31T23:32:34+01:00,1555023,FC WIL 1900,Neuchatel Xamax FC,Challenge League,TRUSTED_SOURCE_BUT_NO_SCORED_ROW,MISSING_SCORED_ROW,SCORING_NOT_RUN_FOR_TRUSTED_RAW,false,MISSING,trusted raw candidate has no matching scored row,Run/repair scoring enrichment over trusted raw fixture candidates before market translation.,WAIT_SCORING,NO,NO
2026-07-31,2026-07-31T23:32:34+01:00,1555025,SC Kriens,FC Winterthur,Challenge League,TRUSTED_SOURCE_BUT_NO_SCORED_ROW,MISSING_SCORED_ROW,SCORING_NOT_RUN_FOR_TRUSTED_RAW,false,MISSING,trusted raw candidate has no matching scored row,Run/repair scoring enrichment over trusted raw fixture candidates before market translation.,WAIT_SCORING,NO,NO
2026-07-31,2026-07-31T23:32:34+01:00,1555022,Stade Nyonnais,Rapperswil,Challenge League,TRUSTED_SOURCE_BUT_NO_SCORED_ROW,MISSING_SCORED_ROW,SCORING_NOT_RUN_FOR_TRUSTED_RAW,false,MISSING,trusted raw candidate has no matching scored row,Run/repair scoring enrichment over trusted raw fixture candidates before market translation.,WAIT_SCORING,NO,NO
2026-07-31,2026-07-31T23:32:34+01:00,1555024,Yverdon Sport,Étoile Carouge,Challenge League,TRUSTED_SOURCE_BUT_NO_SCORED_ROW,MISSING_SCORED_ROW,SCORING_NOT_RUN_FOR_TRUSTED_RAW,false,MISSING,trusted raw candidate has no matching scored row,Run/repair scoring enrichment over trusted raw fixture candidates before market translation.,WAIT_SCORING,NO,NO
2026-07-31,2026-07-31T23:32:34+01:00,1607542,Crystal Palace,Al Ula,Como Cup,TRUSTED_SOURCE_BUT_NO_SCORED_ROW,MISSING_SCORED_ROW,SCORING_NOT_RUN_FOR_TRUSTED_RAW,false,MISSING,trusted raw candidate has no matching scored row,Run/repair scoring enrichment over trusted raw fixture candidates before market translation.,WAIT_SCORING,NO,NO
2026-07-31,2026-07-31T23:32:34+01:00,1607541,Famalicao,Como,Como Cup,TRUSTED_SOURCE_BUT_NO_SCORED_ROW,MISSING_SCORED_ROW,SCORING_NOT_RUN_FOR_TRUSTED_RAW,false,MISSING,trusted raw candidate has no matching scored row,Run/repair scoring enrichment over trusted raw fixture candidates before market translation.,WAIT_SCORING,NO,NO
2026-07-31,2026-07-31T23:32:34+01:00,1582749,Rokycany,Hořovicko,Cup,TRUSTED_SOURCE_BUT_NO_SCORED_ROW,MISSING_SCORED_ROW,SCORING_NOT_RUN_FOR_TRUSTED_RAW,false,MISSING,trusted raw candidate has no matching scored row,Run/repair scoring enrichment over trusted raw fixture candidates before market translation.,WAIT_SCORING,NO,NO
2026-07-31,2026-07-31T23:32:34+01:00,1582763,Slavoj Vyšehrad,Sokol Hostouň,Cup,TRUSTED_SOURCE_BUT_NO_SCORED_ROW,MISSING_SCORED_ROW,SCORING_NOT_RUN_FOR_TRUSTED_RAW,false,MISSING,trusted raw candidate has no matching scored row,Run/repair scoring enrichment over trusted raw fixture candidates before market translation.,WAIT_SCORING,NO,NO
2026-07-31,2026-07-31T23:32:34+01:00,1582761,Vestec,Benešov,Cup,TRUSTED_SOURCE_BUT_NO_SCORED_ROW,MISSING_SCORED_ROW,SCORING_NOT_RUN_FOR_TRUSTED_RAW,false,MISSING,trusted raw candidate has no matching scored row,Run/repair scoring enrichment over trusted raw fixture candidates before market translation.,WAIT_SCORING,NO,NO
2026-07-31,2026-07-31T23:32:34+01:00,1559976,Sparta Praha,Zlin,Czech Liga,TRUSTED_SOURCE_BUT_NO_SCORED_ROW,MISSING_SCORED_ROW,SCORING_NOT_RUN_FOR_TRUSTED_RAW,false,MISSING,trusted raw candidate has no matching scored row,Run/repair scoring enrichment over trusted raw fixture candidates before market translation.,WAIT_SCORING,NO,NO
2026-07-31,2026-07-31T23:32:34+01:00,1582190,BAK 07 U19,Union Berlin U19,DFB Junioren Pokal,NOT_TRUSTED_NO_PROMOTION,NOT_TRUSTED_SKIPPED,RAW_TRUST_GATE_BLOCK,false,MISSING,"raw candidate was not trusted, so scoring gap is intentionally ignored",Keep diagnostic only unless future whitelist changes source trust.,DIAGNOSTIC_ONLY,NO,NO
2026-07-31,2026-07-31T23:32:34+01:00,1495510,Hammarby W,Växjö W,Damallsvenskan,TRUSTED_SOURCE_BUT_NO_SCORED_ROW,MISSING_SCORED_ROW,SCORING_NOT_RUN_FOR_TRUSTED_RAW,false,MISSING,trusted raw candidate has no matching scored row,Run/repair scoring enrichment over trusted raw fixture candidates before market translation.,WAIT_SCORING,NO,NO
2026-07-31,2026-07-31T23:32:34+01:00,1495513,Malmö FF W,Piteå W,Damallsvenskan,TRUSTED_SOURCE_BUT_NO_SCORED_ROW,MISSING_SCORED_ROW,SCORING_NOT_RUN_FOR_TRUSTED_RAW,false,MISSING,trusted raw candidate has no matching scored row,Run/repair scoring enrichment over trusted raw fixture candidates before market translation.,WAIT_SCORING,NO,NO
2026-07-31,2026-07-31T23:32:34+01:00,1510622,IF Karlstad II,Grebbestad,Division 2 - Norra Götaland,TRUSTED_SOURCE_BUT_NO_SCORED_ROW,MISSING_SCORED_ROW,SCORING_NOT_RUN_FOR_TRUSTED_RAW,false,MISSING,trusted raw candidate has no matching scored row,Run/repair scoring enrichment over trusted raw fixture candidates before market translation.,WAIT_SCORING,NO,NO
2026-07-31,2026-07-31T23:32:34+01:00,1510624,IFK Skövde,Ahlafors,Division 2 - Norra Götaland,TRUSTED_SOURCE_BUT_NO_SCORED_ROW,MISSING_SCORED_ROW,SCORING_NOT_RUN_FOR_TRUSTED_RAW,false,MISSING,trusted raw candidate has no matching scored row,Run/repair scoring enrichment over trusted raw fixture candidates before market translation.,WAIT_SCORING,NO,NO
2026-07-31,2026-07-31T23:32:34+01:00,1510625,Stenungsund,Skara,Division 2 - Norra Götaland,TRUSTED_SOURCE_BUT_NO_SCORED_ROW,MISSING_SCORED_ROW,SCORING_NOT_RUN_FOR_TRUSTED_RAW,false,MISSING,trusted raw candidate has no matching scored row,Run/repair scoring enrichment over trusted raw fixture candidates before market translation.,WAIT_SCORING,NO,NO
2026-07-31,2026-07-31T23:32:34+01:00,1510627,Tord,Kumla,Division 2 - Norra Götaland,TRUSTED_SOURCE_BUT_NO_SCORED_ROW,MISSING_SCORED_ROW,SCORING_NOT_RUN_FOR_TRUSTED_RAW,false,MISSING,trusted raw candidate has no matching scored row,Run/repair scoring enrichment over trusted raw fixture candidates before market translation.,WAIT_SCORING,NO,NO
2026-07-31,2026-07-31T23:32:34+01:00,1510626,Vänersborgs FK,Herrestads,Division 2 - Norra Götaland,TRUSTED_SOURCE_BUT_NO_SCORED_ROW,MISSING_SCORED_ROW,SCORING_NOT_RUN_FOR_TRUSTED_RAW,false,MISSING,trusted raw candidate has no matching scored row,Run/repair scoring enrichment over trusted raw fixture candidates before market translation.,WAIT_SCORING,NO,NO
2026-07-31,2026-07-31T23:32:34+01:00,1510971,Karlshamn,Räppe,Division 2 - Södra Götaland,TRUSTED_SOURCE_BUT_NO_SCORED_ROW,MISSING_SCORED_ROW,SCORING_NOT_RUN_FOR_TRUSTED_RAW,false,MISSING,trusted raw candidate has no matching scored row,Run/repair scoring enrichment over trusted raw fixture candidates before market translation.,WAIT_SCORING,NO,NO
2026-07-31,2026-07-31T23:32:34+01:00,1511167,Farsta,Rågsved,Division 2 - Södra Svealand,TRUSTED_SOURCE_BUT_NO_SCORED_ROW,MISSING_SCORED_ROW,SCORING_NOT_RUN_FOR_TRUSTED_RAW,false,MISSING,trusted raw candidate has no matching scored row,Run/repair scoring enrichment over trusted raw fixture candidates before market translation.,WAIT_SCORING,NO,NO
2026-07-31,2026-07-31T23:32:34+01:00,1511349,Böljan,Västra Frölunda,Division 2 - Västra Götaland,TRUSTED_SOURCE_BUT_NO_SCORED_ROW,MISSING_SCORED_ROW,SCORING_NOT_RUN_FOR_TRUSTED_RAW,false,MISSING,trusted raw candidate has no matching scored row,Run/repair scoring enrichment over trusted raw fixture candidates before market translation.,WAIT_SCORING,NO,NO
2026-07-31,2026-07-31T23:32:34+01:00,1511351,Kongahälla,Onsala,Division 2 - Västra Götaland,TRUSTED_SOURCE_BUT_NO_SCORED_ROW,MISSING_SCORED_ROW,SCORING_NOT_RUN_FOR_TRUSTED_RAW,false,MISSING,trusted raw candidate has no matching scored row,Run/repair scoring enrichment over trusted raw fixture candidates before market translation.,WAIT_SCORING,NO,NO
2026-07-31,2026-07-31T23:32:34+01:00,1511354,Lindome,Jonsered,Division 2 - Västra Götaland,TRUSTED_SOURCE_BUT_NO_SCORED_ROW,MISSING_SCORED_ROW,SCORING_NOT_RUN_FOR_TRUSTED_RAW,false,MISSING,trusted raw candidate has no matching scored row,Run/repair scoring enrichment over trusted raw fixture candidates before market translation.,WAIT_SCORING,NO,NO
2026-07-31,2026-07-31T23:32:34+01:00,1599160,Fernando De La Mora,12 de Junio VH,Division Intermedia,TRUSTED_SOURCE_BUT_NO_SCORED_ROW,MISSING_SCORED_ROW,SCORING_NOT_RUN_FOR_TRUSTED_RAW,false,MISSING,trusted raw candidate has no matching scored row,Run/repair scoring enrichment over trusted raw fixture candidates before market translation.,WAIT_SCORING,NO,NO
2026-07-31,2026-07-31T23:32:34+01:00,1599159,General Caballero,Benjamín Aceval,Division Intermedia,TRUSTED_SOURCE_BUT_NO_SCORED_ROW,MISSING_SCORED_ROW,SCORING_NOT_RUN_FOR_TRUSTED_RAW,false,MISSING,trusted raw candidate has no matching scored row,Run/repair scoring enrichment over trusted raw fixture candidates before market translation.,WAIT_SCORING,NO,NO
2026-07-31,2026-07-31T23:32:34+01:00,1553114,Motor Lublin,Jagiellonia,Ekstraklasa,TRUSTED_SOURCE_BUT_NO_SCORED_ROW,MISSING_SCORED_ROW,SCORING_NOT_RUN_FOR_TRUSTED_RAW,false,MISSING,trusted raw candidate has no matching scored row,Run/repair scoring enrichment over trusted raw fixture candidates before market translation.,WAIT_SCORING,NO,NO
2026-07-31,2026-07-31T23:32:34+01:00,1553118,Wisla Plock,Widzew Łódź,Ekstraklasa,TRUSTED_SOURCE_BUT_NO_SCORED_ROW,MISSING_SCORED_ROW,SCORING_NOT_RUN_FOR_TRUSTED_RAW,false,MISSING,trusted raw candidate has no matching scored row,Run/repair scoring enrichment over trusted raw fixture candidates before market translation.,WAIT_SCORING,NO,NO
2026-07-31,2026-07-31T23:32:34+01:00,1501434,Linköping W,Örebro SK W,Elitettan,TRUSTED_SOURCE_BUT_NO_SCORED_ROW,MISSING_SCORED_ROW,SCORING_NOT_RUN_FOR_TRUSTED_RAW,false,MISSING,trusted raw candidate has no matching scored row,Run/repair scoring enrichment over trusted raw fixture candidates before market translation.,WAIT_SCORING,NO,NO
2026-07-31,2026-07-31T23:32:34+01:00,1580448,Bangor City 1876 FC,Bala Town,FAW Championship,TRUSTED_SOURCE_BUT_NO_SCORED_ROW,MISSING_SCORED_ROW,SCORING_NOT_RUN_FOR_TRUSTED_RAW,false,MISSING,trusted raw candidate has no matching scored row,Run/repair scoring enrichment over trusted raw fixture candidates before market translation.,WAIT_SCORING,NO,NO
2026-07-31,2026-07-31T23:32:34+01:00,1580447,Ruthin Town,Holyhead Hotspur,FAW Championship,TRUSTED_SOURCE_BUT_NO_SCORED_ROW,MISSING_SCORED_ROW,SCORING_NOT_RUN_FOR_TRUSTED_RAW,false,MISSING,trusted raw candidate has no matching scored row,Run/repair scoring enrichment over trusted raw fixture candidates before market translation.,WAIT_SCORING,NO,NO
2026-07-31,2026-07-31T23:32:34+01:00,1580688,Trethomas Bluebirds,Baglan Dragons,FAW Championship,TRUSTED_SOURCE_BUT_NO_SCORED_ROW,MISSING_SCORED_ROW,SCORING_NOT_RUN_FOR_TRUSTED_RAW,false,MISSING,trusted raw candidate has no matching scored row,Run/repair scoring enrichment over trusted raw fixture candidates before market translation.,WAIT_SCORING,NO,NO
2026-07-31,2026-07-31T23:32:34+01:00,1580687,llanelli AFC,Newport City,FAW Championship,TRUSTED_SOURCE_BUT_NO_SCORED_ROW,MISSING_SCORED_ROW,SCORING_NOT_RUN_FOR_TRUSTED_RAW,false,MISSING,trusted raw candidate has no matching scored row,Run/repair scoring enrichment over trusted raw fixture candidates before market translation.,WAIT_SCORING,NO,NO
2026-07-31,2026-07-31T23:32:34+01:00,1559729,Karviná,Vlašim,FNL,TRUSTED_SOURCE_BUT_NO_SCORED_ROW,MISSING_SCORED_ROW,SCORING_NOT_RUN_FOR_TRUSTED_RAW,false,MISSING,trusted raw candidate has no matching scored row,Run/repair scoring enrichment over trusted raw fixture candidates before market translation.,WAIT_SCORING,NO,NO
2026-07-31,2026-07-31T23:32:34+01:00,1559733,Kladno,Baník Ostrava II,FNL,TRUSTED_SOURCE_BUT_NO_SCORED_ROW,MISSING_SCORED_ROW,SCORING_NOT_RUN_FOR_TRUSTED_RAW,false,MISSING,trusted raw candidate has no matching scored row,Run/repair scoring enrichment over trusted raw fixture candidates before market translation.,WAIT_SCORING,NO,NO
2026-07-31,2026-07-31T23:32:34+01:00,1559732,Příbram,Opava,FNL,TRUSTED_SOURCE_BUT_NO_SCORED_ROW,MISSING_SCORED_ROW,SCORING_NOT_RUN_FOR_TRUSTED_RAW,false,MISSING,trusted raw candidate has no matching scored row,Run/repair scoring enrichment over trusted raw fixture candidates before market translation.,WAIT_SCORING,NO,NO
2026-07-31,2026-07-31T23:32:34+01:00,1559734,Táborsko,Dukla Praha,FNL,TRUSTED_SOURCE_BUT_NO_SCORED_ROW,MISSING_SCORED_ROW,SCORING_NOT_RUN_FOR_TRUSTED_RAW,false,MISSING,trusted raw candidate has no matching scored row,Run/repair scoring enrichment over trusted raw fixture candidates before market translation.,WAIT_SCORING,NO,NO
2026-07-31,2026-07-31T23:32:34+01:00,1559736,Viktoria Žižkov,Prostějov,FNL,TRUSTED_SOURCE_BUT_NO_SCORED_ROW,MISSING_SCORED_ROW,SCORING_NOT_RUN_FOR_TRUSTED_RAW,false,MISSING,trusted raw candidate has no matching scored row,Run/repair scoring enrichment over trusted raw fixture candidates before market translation.,WAIT_SCORING,NO,NO
2026-07-31,2026-07-31T23:32:34+01:00,1492940,Athlone Town,UCD,First Division,TRUSTED_SOURCE_BUT_NO_SCORED_ROW,MISSING_SCORED_ROW,SCORING_NOT_RUN_FOR_TRUSTED_RAW,false,MISSING,trusted raw candidate has no matching scored row,Run/repair scoring enrichment over trusted raw fixture candidates before market translation.,WAIT_SCORING,NO,NO
2026-07-31,2026-07-31T23:32:34+01:00,1492941,Bray Wanderers,Kerry,First Division,TRUSTED_SOURCE_BUT_NO_SCORED_ROW,MISSING_SCORED_ROW,SCORING_NOT_RUN_FOR_TRUSTED_RAW,false,MISSING,trusted raw candidate has no matching scored row,Run/repair scoring enrichment over trusted raw fixture candidates before market translation.,WAIT_SCORING,NO,NO
2026-07-31,2026-07-31T23:32:34+01:00,1492942,Cobh Ramblers,Wexford,First Division,TRUSTED_SOURCE_BUT_NO_SCORED_ROW,MISSING_SCORED_ROW,SCORING_NOT_RUN_FOR_TRUSTED_RAW,false,MISSING,trusted raw candidate has no matching scored row,Run/repair scoring enrichment over trusted raw fixture candidates before market translation.,WAIT_SCORING,NO,NO
2026-07-31,2026-07-31T23:32:34+01:00,1492943,Finn Harps,Cork City,First Division,TRUSTED_SOURCE_BUT_NO_SCORED_ROW,MISSING_SCORED_ROW,SCORING_NOT_RUN_FOR_TRUSTED_RAW,false,MISSING,trusted raw candidate has no matching scored row,Run/repair scoring enrichment over trusted raw fixture candidates before market translation.,WAIT_SCORING,NO,NO
2026-07-31,2026-07-31T23:32:34+01:00,1492944,Treaty United,Longford Town,First Division,TRUSTED_SOURCE_BUT_NO_SCORED_ROW,MISSING_SCORED_ROW,SCORING_NOT_RUN_FOR_TRUSTED_RAW,false,MISSING,trusted raw candidate has no matching scored row,Run/repair scoring enrichment over trusted raw fixture candidates before market translation.,WAIT_SCORING,NO,NO
2026-07-31,2026-07-31T23:32:34+01:00,1551062,CSKA 1948,Arda Kardzhali,First League,TRUSTED_SOURCE_BUT_NO_SCORED_ROW,MISSING_SCORED_ROW,SCORING_NOT_RUN_FOR_TRUSTED_RAW,false,MISSING,trusted raw candidate has no matching scored row,Run/repair scoring enrichment over trusted raw fixture candidates before market translation.,WAIT_SCORING,NO,NO
2026-07-31,2026-07-31T23:32:34+01:00,1551066,Slavia Sofia,Lokomotiv Sofia,First League,TRUSTED_SOURCE_BUT_NO_SCORED_ROW,MISSING_SCORED_ROW,SCORING_NOT_RUN_FOR_TRUSTED_RAW,false,MISSING,trusted raw candidate has no matching scored row,Run/repair scoring enrichment over trusted raw fixture candidates before market translation.,WAIT_SCORING,NO,NO
2026-07-31,2026-07-31T23:32:34+01:00,1548497,Dinamo Zagreb,NK Slaven Belupo,HNL,TRUSTED_SOURCE_BUT_NO_SCORED_ROW,MISSING_SCORED_ROW,SCORING_NOT_RUN_FOR_TRUSTED_RAW,false,MISSING,trusted raw candidate has no matching scored row,Run/repair scoring enrichment over trusted raw fixture candidates before market translation.,WAIT_SCORING,NO,NO
2026-07-31,2026-07-31T23:32:34+01:00,1558161,Lechia Gdansk,Warta Poznań,I Liga,TRUSTED_SOURCE_BUT_NO_SCORED_ROW,MISSING_SCORED_ROW,SCORING_NOT_RUN_FOR_TRUSTED_RAW,false,MISSING,trusted raw candidate has no matching scored row,Run/repair scoring enrichment over trusted raw fixture candidates before market translation.,WAIT_SCORING,NO,NO
2026-07-31,2026-07-31T23:32:34+01:00,1558162,ŁKS Łódź,Polonia Bytom,I Liga,TRUSTED_SOURCE_BUT_NO_SCORED_ROW,MISSING_SCORED_ROW,SCORING_NOT_RUN_FOR_TRUSTED_RAW,false,MISSING,trusted raw candidate has no matching scored row,Run/repair scoring enrichment over trusted raw fixture candidates before market translation.,WAIT_SCORING,NO,NO
2026-07-31,2026-07-31T23:32:34+01:00,1561605,Stal Stalowa Wola,Tychy 71,II Liga - East,TRUSTED_SOURCE_BUT_NO_SCORED_ROW,MISSING_SCORED_ROW,SCORING_NOT_RUN_FOR_TRUSTED_RAW,false,MISSING,trusted raw candidate has no matching scored row,Run/repair scoring enrichment over trusted raw fixture candidates before market translation.,WAIT_SCORING,NO,NO
2026-07-31,2026-07-31T23:32:34+01:00,1561602,Znicz Pruszków,Legia Warszawa II,II Liga - East,TRUSTED_SOURCE_BUT_NO_SCORED_ROW,MISSING_SCORED_ROW,SCORING_NOT_RUN_FOR_TRUSTED_RAW,false,MISSING,trusted raw candidate has no matching scored row,Run/repair scoring enrichment over trusted raw fixture candidates before market translation.,WAIT_SCORING,NO,NO
2026-07-31,2026-07-31T23:32:34+01:00,1569028,Mazovia Minsk Mazowiecki,Jagiellonia II,III Liga - Group 1,TRUSTED_SOURCE_BUT_NO_SCORED_ROW,MISSING_SCORED_ROW,SCORING_NOT_RUN_FOR_TRUSTED_RAW,false,MISSING,trusted raw candidate has no matching scored row,Run/repair scoring enrichment over trusted raw fixture candidates before market translation.,WAIT_SCORING,NO,NO
2026-07-31,2026-07-31T23:32:34+01:00,1569029,Olimpia Elbląg,Wisła Płock II,III Liga - Group 1,TRUSTED_SOURCE_BUT_NO_SCORED_ROW,MISSING_SCORED_ROW,SCORING_NOT_RUN_FOR_TRUSTED_RAW,false,MISSING,trusted raw candidate has no matching scored row,Run/repair scoring enrichment over trusted raw fixture candidates before market translation.,WAIT_SCORING,NO,NO
2026-07-31,2026-07-31T23:32:34+01:00,1569033,Weszlo,Lechia T. Mazowiecki,III Liga - Group 1,TRUSTED_SOURCE_BUT_NO_SCORED_ROW,MISSING_SCORED_ROW,SCORING_NOT_RUN_FOR_TRUSTED_RAW,false,MISSING,trusted raw candidate has no matching scored row,Run/repair scoring enrichment over trusted raw fixture candidates before market translation.,WAIT_SCORING,NO,NO
2026-07-31,2026-07-31T23:32:34+01:00,1568725,Gedania Gdansk,Noteć Czarnków,III Liga - Group 2,TRUSTED_SOURCE_BUT_NO_SCORED_ROW,MISSING_SCORED_ROW,SCORING_NOT_RUN_FOR_TRUSTED_RAW,false,MISSING,trusted raw candidate has no matching scored row,Run/repair scoring enrichment over trusted raw fixture candidates before market translation.,WAIT_SCORING,NO,NO
2026-07-31,2026-07-31T23:32:34+01:00,1604149,Górnik Polkowice,Rakow II,III Liga - Group 3,TRUSTED_SOURCE_BUT_NO_SCORED_ROW,MISSING_SCORED_ROW,SCORING_NOT_RUN_FOR_TRUSTED_RAW,false,MISSING,trusted raw candidate has no matching scored row,Run/repair scoring enrichment over trusted raw fixture candidates before market translation.,WAIT_SCORING,NO,NO
2026-07-31,2026-07-31T23:32:34+01:00,1568415,Stal Brzeg,Goczałkowice Zdrój,III Liga - Group 3,TRUSTED_SOURCE_BUT_NO_SCORED_ROW,MISSING_SCORED_ROW,SCORING_NOT_RUN_FOR_TRUSTED_RAW,false,MISSING,trusted raw candidate has no matching scored row,Run/repair scoring enrichment over trusted raw fixture candidates before market translation.,WAIT_SCORING,NO,NO
2026-07-31,2026-07-31T23:32:34+01:00,1541650,Union Plaani,PEPO,Kakkonen - Lohko A,TRUSTED_SOURCE_BUT_NO_SCORED_ROW,MISSING_SCORED_ROW,SCORING_NOT_RUN_FOR_TRUSTED_RAW,false,MISSING,trusted raw candidate has no matching scored row,Run/repair scoring enrichment over trusted raw fixture candidates before market translation.,WAIT_SCORING,NO,NO
2026-07-31,2026-07-31T23:32:34+01:00,1541538,GrIFK,EBK,Kakkonen - Lohko B,TRUSTED_SOURCE_BUT_NO_SCORED_ROW,MISSING_SCORED_ROW,SCORING_NOT_RUN_FOR_TRUSTED_RAW,false,MISSING,trusted raw candidate has no matching scored row,Run/repair scoring enrichment over trusted raw fixture candidates before market translation.,WAIT_SCORING,NO,NO
2026-07-31,2026-07-31T23:32:34+01:00,1541537,ÅIFK,HJS Akatemia,Kakkonen - Lohko B,TRUSTED_SOURCE_BUT_NO_SCORED_ROW,MISSING_SCORED_ROW,SCORING_NOT_RUN_FOR_TRUSTED_RAW,false,MISSING,trusted raw candidate has no matching scored row,Run/repair scoring enrichment over trusted raw fixture candidates before market translation.,WAIT_SCORING,NO,NO
2026-07-31,2026-07-31T23:32:34+01:00,1576874,Univer Comrat,Iskra,Liga 1,TRUSTED_SOURCE_BUT_NO_SCORED_ROW,MISSING_SCORED_ROW,SCORING_NOT_RUN_FOR_TRUSTED_RAW,false,MISSING,trusted raw candidate has no matching scored row,Run/repair scoring enrichment over trusted raw fixture candidates before market translation.,WAIT_SCORING,NO,NO
2026-07-31,2026-07-31T23:32:34+01:00,1576875,Victoria Bardar,Oguzsport,Liga 1,TRUSTED_SOURCE_BUT_NO_SCORED_ROW,MISSING_SCORED_ROW,SCORING_NOT_RUN_FOR_TRUSTED_RAW,false,MISSING,trusted raw candidate has no matching scored row,Run/repair scoring enrichment over trusted raw fixture candidates before market translation.,WAIT_SCORING,NO,NO
2026-07-31,2026-07-31T23:32:34+01:00,1576876,Zimbru II,Spartanii Selemet,Liga 1,TRUSTED_SOURCE_BUT_NO_SCORED_ROW,MISSING_SCORED_ROW,SCORING_NOT_RUN_FOR_TRUSTED_RAW,false,MISSING,trusted raw candidate has no matching scored row,Run/repair scoring enrichment over trusted raw fixture candidates before market translation.,WAIT_SCORING,NO,NO
2026-07-31,2026-07-31T23:32:34+01:00,1565200,Arges Pitesti,Csikszereda,Liga I,TRUSTED_SOURCE_BUT_NO_SCORED_ROW,MISSING_SCORED_ROW,SCORING_NOT_RUN_FOR_TRUSTED_RAW,false,MISSING,trusted raw candidate has no matching scored row,Run/repair scoring enrichment over trusted raw fixture candidates before market translation.,WAIT_SCORING,NO,NO
2026-07-31,2026-07-31T23:32:34+01:00,1565204,Oţelul,Dinamo Bucuresti,Liga I,TRUSTED_SOURCE_BUT_NO_SCORED_ROW,MISSING_SCORED_ROW,SCORING_NOT_RUN_FOR_TRUSTED_RAW,false,MISSING,trusted raw candidate has no matching scored row,Run/repair scoring enrichment over trusted raw fixture candidates before market translation.,WAIT_SCORING,NO,NO
2026-07-31,2026-07-31T23:32:34+01:00,1526583,22 de Julio,El Nacional,Liga Pro Serie B,TRUSTED_SOURCE_BUT_NO_SCORED_ROW,MISSING_SCORED_ROW,SCORING_NOT_RUN_FOR_TRUSTED_RAW,false,MISSING,trusted raw candidate has no matching scored row,Run/repair scoring enrichment over trusted raw fixture candidates before market translation.,WAIT_SCORING,NO,NO
2026-07-31,2026-07-31T23:32:34+01:00,1601387,Aserri FC,ADR Jicaral,Liga de Ascenso,TRUSTED_SOURCE_BUT_NO_SCORED_ROW,MISSING_SCORED_ROW,SCORING_NOT_RUN_FOR_TRUSTED_RAW,false,MISSING,trusted raw candidate has no matching scored row,Run/repair scoring enrichment over trusted raw fixture candidates before market translation.,WAIT_SCORING,NO,NO
2026-07-31,2026-07-31T23:32:34+01:00,1513594,Nõmme United,Trans Narva,Meistriliiga,TRUSTED_SOURCE_BUT_NO_SCORED_ROW,MISSING_SCORED_ROW,SCORING_NOT_RUN_FOR_TRUSTED_RAW,false,MISSING,trusted raw candidate has no matching scored row,Run/repair scoring enrichment over trusted raw fixture candidates before market translation.,WAIT_SCORING,NO,NO
2026-07-31,2026-07-31T23:32:34+01:00,1560210,Puskas Academy,Kisvarda FC,NB I,NOT_TRUSTED_NO_PROMOTION,NOT_TRUSTED_SKIPPED,RAW_TRUST_GATE_BLOCK,false,MISSING,"raw candidate was not trusted, so scoring gap is intentionally ignored",Keep diagnostic only unless future whitelist changes source trust.,DIAGNOSTIC_ONLY,NO,NO
2026-07-31,2026-07-31T23:32:34+01:00,1581857,Ahrobiznes Volochysk,Yarud Mariupol',Persha Liga,TRUSTED_SOURCE_BUT_NO_SCORED_ROW,MISSING_SCORED_ROW,SCORING_NOT_RUN_FOR_TRUSTED_RAW,false,MISSING,trusted raw candidate has no matching scored row,Run/repair scoring enrichment over trusted raw fixture candidates before market translation.,WAIT_SCORING,NO,NO
2026-07-31,2026-07-31T23:32:34+01:00,1602962,Persib Bandung,Tampines Rovers,Piala Presiden,TRUSTED_SOURCE_BUT_NO_SCORED_ROW,MISSING_SCORED_ROW,SCORING_NOT_RUN_FOR_TRUSTED_RAW,false,MISSING,trusted raw candidate has no matching scored row,Run/repair scoring enrichment over trusted raw fixture candidates before market translation.,WAIT_SCORING,NO,NO
2026-07-31,2026-07-31T23:32:34+01:00,1492742,Drogheda United,Shamrock Rovers,Premier Division,TRUSTED_SOURCE_BUT_NO_SCORED_ROW,MISSING_SCORED_ROW,SCORING_NOT_RUN_FOR_TRUSTED_RAW,false,MISSING,trusted raw candidate has no matching scored row,Run/repair scoring enrichment over trusted raw fixture candidates before market translation.,WAIT_SCORING,NO,NO
2026-07-31,2026-07-31T23:32:34+01:00,1492743,Dundalk,Sligo Rovers,Premier Division,TRUSTED_SOURCE_BUT_NO_SCORED_ROW,MISSING_SCORED_ROW,SCORING_NOT_RUN_FOR_TRUSTED_RAW,false,MISSING,trusted raw candidate has no matching scored row,Run/repair scoring enrichment over trusted raw fixture candidates before market translation.,WAIT_SCORING,NO,NO
2026-07-31,2026-07-31T23:32:34+01:00,1575884,Barry Town,Cambrian & Clydach,Premier League,TRUSTED_SOURCE_BUT_NO_SCORED_ROW,MISSING_SCORED_ROW,SCORING_NOT_RUN_FOR_TRUSTED_RAW,false,MISSING,trusted raw candidate has no matching scored row,Run/repair scoring enrichment over trusted raw fixture candidates before market translation.,WAIT_SCORING,NO,NO
2026-07-31,2026-07-31T23:32:34+01:00,1575885,Briton Ferry,Ammanford AFC,Premier League,TRUSTED_SOURCE_BUT_NO_SCORED_ROW,MISSING_SCORED_ROW,SCORING_NOT_RUN_FOR_TRUSTED_RAW,false,MISSING,trusted raw candidate has no matching scored row,Run/repair scoring enrichment over trusted raw fixture candidates before market translation.,WAIT_SCORING,NO,NO
2026-07-31,2026-07-31T23:32:34+01:00,1575886,Colwyn Bay,Trefelin,Premier League,TRUSTED_SOURCE_BUT_NO_SCORED_ROW,MISSING_SCORED_ROW,SCORING_NOT_RUN_FOR_TRUSTED_RAW,false,MISSING,trusted raw candidate has no matching scored row,Run/repair scoring enrichment over trusted raw fixture candidates before market translation.,WAIT_SCORING,NO,NO
2026-07-31,2026-07-31T23:32:34+01:00,1603286,Drukpa,Bhutan U19,Premier League,NOT_TRUSTED_NO_PROMOTION,NOT_TRUSTED_SKIPPED,RAW_TRUST_GATE_BLOCK,false,MISSING,"raw candidate was not trusted, so scoring gap is intentionally ignored",Keep diagnostic only unless future whitelist changes source trust.,DIAGNOSTIC_ONLY,NO,NO
2026-07-31,2026-07-31T23:32:34+01:00,1525931,FC Dnepr Mogilev,Naftan,Premier League,TRUSTED_SOURCE_BUT_NO_SCORED_ROW,MISSING_SCORED_ROW,SCORING_NOT_RUN_FOR_TRUSTED_RAW,false,MISSING,trusted raw candidate has no matching scored row,Run/repair scoring enrichment over trusted raw fixture candidates before market translation.,WAIT_SCORING,NO,NO
2026-07-31,2026-07-31T23:32:34+01:00,1575887,Llandudno,Flint Town United,Premier League,TRUSTED_SOURCE_BUT_NO_SCORED_ROW,MISSING_SCORED_ROW,SCORING_NOT_RUN_FOR_TRUSTED_RAW,false,MISSING,trusted raw candidate has no matching scored row,Run/repair scoring enrichment over trusted raw fixture candidates before market translation.,WAIT_SCORING,NO,NO
2026-07-31,2026-07-31T23:32:34+01:00,1561346,Rodina Moskva,FC Rostov,Premier League,TRUSTED_SOURCE_BUT_NO_SCORED_ROW,MISSING_SCORED_ROW,SCORING_NOT_RUN_FOR_TRUSTED_RAW,false,MISSING,trusted raw candidate has no matching scored row,Run/repair scoring enrichment over trusted raw fixture candidates before market translation.,WAIT_SCORING,NO,NO
2026-07-31,2026-07-31T23:32:34+01:00,1581490,Van,Sardarapat,Premier League,TRUSTED_SOURCE_BUT_NO_SCORED_ROW,MISSING_SCORED_ROW,SCORING_NOT_RUN_FOR_TRUSTED_RAW,false,MISSING,trusted raw candidate has no matching scored row,Run/repair scoring enrichment over trusted raw fixture candidates before market translation.,WAIT_SCORING,NO,NO
2026-07-31,2026-07-31T23:32:34+01:00,1565438,Zorya Luhansk,Kolos Kovalivka,Premier League,TRUSTED_SOURCE_BUT_NO_SCORED_ROW,MISSING_SCORED_ROW,SCORING_NOT_RUN_FOR_TRUSTED_RAW,false,MISSING,trusted raw candidate has no matching scored row,Run/repair scoring enrichment over trusted raw fixture candidates before market translation.,WAIT_SCORING,NO,NO
2026-07-31,2026-07-31T23:32:34+01:00,1604137,Herentals,TelOne,Premier Soccer League,TRUSTED_SOURCE_BUT_NO_SCORED_ROW,MISSING_SCORED_ROW,SCORING_NOT_RUN_FOR_TRUSTED_RAW,false,MISSING,trusted raw candidate has no matching scored row,Run/repair scoring enrichment over trusted raw fixture candidates before market translation.,WAIT_SCORING,NO,NO
2026-07-31,2026-07-31T23:32:34+01:00,1549577,Real Santander,Patriotas,Primera B,TRUSTED_SOURCE_BUT_NO_SCORED_ROW,MISSING_SCORED_ROW,SCORING_NOT_RUN_FOR_TRUSTED_RAW,false,MISSING,trusted raw candidate has no matching scored row,Run/repair scoring enrichment over trusted raw fixture candidates before market translation.,WAIT_SCORING,NO,NO
2026-07-31,2026-07-31T23:32:34+01:00,1511631,San Luis,Rangers de Talca,Primera B,TRUSTED_SOURCE_BUT_NO_SCORED_ROW,MISSING_SCORED_ROW,SCORING_NOT_RUN_FOR_TRUSTED_RAW,false,MISSING,trusted raw candidate has no matching scored row,Run/repair scoring enrichment over trusted raw fixture candidates before market translation.,WAIT_SCORING,NO,NO
2026-07-31,2026-07-31T23:32:34+01:00,1499552,Arsenal Sarandi,Brown DE Adrogue,Primera B Metropolitana,TRUSTED_SOURCE_BUT_NO_SCORED_ROW,MISSING_SCORED_ROW,SCORING_NOT_RUN_FOR_TRUSTED_RAW,false,MISSING,trusted raw candidate has no matching scored row,Run/repair scoring enrichment over trusted raw fixture candidates before market translation.,WAIT_SCORING,NO,NO
2026-07-31,2026-07-31T23:32:34+01:00,1500019,Central Ballester,Sportivo Barracas,Primera C,TRUSTED_SOURCE_BUT_NO_SCORED_ROW,MISSING_SCORED_ROW,SCORING_NOT_RUN_FOR_TRUSTED_RAW,false,MISSING,trusted raw candidate has no matching scored row,Run/repair scoring enrichment over trusted raw fixture candidates before market translation.,WAIT_SCORING,NO,NO
2026-07-31,2026-07-31T23:32:34+01:00,1500020,Central Cordoba,General Lamadrid,Primera C,TRUSTED_SOURCE_BUT_NO_SCORED_ROW,MISSING_SCORED_ROW,SCORING_NOT_RUN_FOR_TRUSTED_RAW,false,MISSING,trusted raw candidate has no matching scored row,Run/repair scoring enrichment over trusted raw fixture candidates before market translation.,WAIT_SCORING,NO,NO
2026-07-31,2026-07-31T23:32:34+01:00,1500022,Centro Español,Victoriano Arenas,Primera C,TRUSTED_SOURCE_BUT_NO_SCORED_ROW,MISSING_SCORED_ROW,SCORING_NOT_RUN_FOR_TRUSTED_RAW,false,MISSING,trusted raw candidate has no matching scored row,Run/repair scoring enrichment over trusted raw fixture candidates before market translation.,WAIT_SCORING,NO,NO
2026-07-31,2026-07-31T23:32:34+01:00,1500021,Claypole,Lujan,Primera C,TRUSTED_SOURCE_BUT_NO_SCORED_ROW,MISSING_SCORED_ROW,SCORING_NOT_RUN_FOR_TRUSTED_RAW,false,MISSING,trusted raw candidate has no matching scored row,Run/repair scoring enrichment over trusted raw fixture candidates before market translation.,WAIT_SCORING,NO,NO
2026-07-31,2026-07-31T23:32:34+01:00,1500023,Defensores de Cambaceres,Lugano,Primera C,TRUSTED_SOURCE_BUT_NO_SCORED_ROW,MISSING_SCORED_ROW,SCORING_NOT_RUN_FOR_TRUSTED_RAW,false,MISSING,trusted raw candidate has no matching scored row,Run/repair scoring enrichment over trusted raw fixture candidates before market translation.,WAIT_SCORING,NO,NO
2026-07-31,2026-07-31T23:32:34+01:00,1500183,Deportivo Español,Leones de Rosario,Primera C,TRUSTED_SOURCE_BUT_NO_SCORED_ROW,MISSING_SCORED_ROW,SCORING_NOT_RUN_FOR_TRUSTED_RAW,false,MISSING,trusted raw candidate has no matching scored row,Run/repair scoring enrichment over trusted raw fixture candidates before market translation.,WAIT_SCORING,NO,NO
2026-07-31,2026-07-31T23:32:34+01:00,1500025,Deportivo Paraguayo,Argentino Rosario,Primera C,TRUSTED_SOURCE_BUT_NO_SCORED_ROW,MISSING_SCORED_ROW,SCORING_NOT_RUN_FOR_TRUSTED_RAW,false,MISSING,trusted raw candidate has no matching scored row,Run/repair scoring enrichment over trusted raw fixture candidates before market translation.,WAIT_SCORING,NO,NO
2026-07-31,2026-07-31T23:32:34+01:00,1500027,JJ Urquiza,Berazategui,Primera C,TRUSTED_SOURCE_BUT_NO_SCORED_ROW,MISSING_SCORED_ROW,SCORING_NOT_RUN_FOR_TRUSTED_RAW,false,MISSING,trusted raw candidate has no matching scored row,Run/repair scoring enrichment over trusted raw fixture candidates before market translation.,WAIT_SCORING,NO,NO
2026-07-31,2026-07-31T23:32:34+01:00,1500028,Leandro N. Alem,Juventud Unida,Primera C,TRUSTED_SOURCE_BUT_NO_SCORED_ROW,MISSING_SCORED_ROW,SCORING_NOT_RUN_FOR_TRUSTED_RAW,false,MISSING,trusted raw candidate has no matching scored row,Run/repair scoring enrichment over trusted raw fixture candidates before market translation.,WAIT_SCORING,NO,NO
2026-07-31,2026-07-31T23:32:34+01:00,1500029,Mercedes,Estrella Del Sur,Primera C,TRUSTED_SOURCE_BUT_NO_SCORED_ROW,MISSING_SCORED_ROW,SCORING_NOT_RUN_FOR_TRUSTED_RAW,false,MISSING,trusted raw candidate has no matching scored row,Run/repair scoring enrichment over trusted raw fixture candidates before market translation.,WAIT_SCORING,NO,NO
2026-07-31,2026-07-31T23:32:34+01:00,1500030,Puerto Nuevo,Sacachispas,Primera C,TRUSTED_SOURCE_BUT_NO_SCORED_ROW,MISSING_SCORED_ROW,SCORING_NOT_RUN_FOR_TRUSTED_RAW,false,MISSING,trusted raw candidate has no matching scored row,Run/repair scoring enrichment over trusted raw fixture candidates before market translation.,WAIT_SCORING,NO,NO
2026-07-31,2026-07-31T23:32:34+01:00,1607654,Academia Anzoátegui,Deportivo Tachira FC,Primera División,NOT_TRUSTED_NO_PROMOTION,NOT_TRUSTED_SKIPPED,RAW_TRUST_GATE_BLOCK,false,MISSING,"raw candidate was not trusted, so scoring gap is intentionally ignored",Keep diagnostic only unless future whitelist changes source trust.,DIAGNOSTIC_ONLY,NO,NO
2026-07-31,2026-07-31T23:32:34+01:00,1549434,Club Deportivo Los Chankas,Comerciantes Unidos,Primera División,TRUSTED_SOURCE_BUT_NO_SCORED_ROW,MISSING_SCORED_ROW,SCORING_NOT_RUN_FOR_TRUSTED_RAW,false,MISSING,trusted raw candidate has no matching scored row,Run/repair scoring enrichment over trusted raw fixture candidates before market translation.,WAIT_SCORING,NO,NO
2026-07-31,2026-07-31T23:32:34+01:00,1607532,Portuguesa FC,Carabobo FC,Primera División,TRUSTED_SOURCE_BUT_NO_SCORED_ROW,MISSING_SCORED_ROW,SCORING_NOT_RUN_FOR_TRUSTED_RAW,false,MISSING,trusted raw candidate has no matching scored row,Run/repair scoring enrichment over trusted raw fixture candidates before market translation.,WAIT_SCORING,NO,NO
2026-07-31,2026-07-31T23:32:34+01:00,1545389,The Strongest,Aurora,Primera División,TRUSTED_SOURCE_BUT_NO_SCORED_ROW,MISSING_SCORED_ROW,SCORING_NOT_RUN_FOR_TRUSTED_RAW,false,MISSING,trusted raw candidate has no matching scored row,Run/repair scoring enrichment over trusted raw fixture candidates before market translation.,WAIT_SCORING,NO,NO
2026-07-31,2026-07-31T23:32:34+01:00,1545386,Universitario de Vinto,Guabirá,Primera División,TRUSTED_SOURCE_BUT_NO_SCORED_ROW,MISSING_SCORED_ROW,SCORING_NOT_RUN_FOR_TRUSTED_RAW,false,MISSING,trusted raw candidate has no matching scored row,Run/repair scoring enrichment over trusted raw fixture candidates before market translation.,WAIT_SCORING,NO,NO
2026-07-31,2026-07-31T23:32:34+01:00,1581848,Atletico Torque,Wanderers,Primera División - Apertura,TRUSTED_SOURCE_BUT_NO_SCORED_ROW,MISSING_SCORED_ROW,SCORING_NOT_RUN_FOR_TRUSTED_RAW,false,MISSING,trusted raw candidate has no matching scored row,Run/repair scoring enrichment over trusted raw fixture candidates before market translation.,WAIT_SCORING,NO,NO
2026-07-31,2026-07-31T23:32:34+01:00,1531066,Gazalkent,Aral,Pro League A,TRUSTED_SOURCE_BUT_NO_SCORED_ROW,MISSING_SCORED_ROW,SCORING_NOT_RUN_FOR_TRUSTED_RAW,false,MISSING,trusted raw candidate has no matching scored row,Run/repair scoring enrichment over trusted raw fixture candidates before market translation.,WAIT_SCORING,NO,NO
2026-07-31,2026-07-31T23:32:34+01:00,1531067,Jayxun,BuxDu,Pro League A,TRUSTED_SOURCE_BUT_NO_SCORED_ROW,MISSING_SCORED_ROW,SCORING_NOT_RUN_FOR_TRUSTED_RAW,false,MISSING,trusted raw candidate has no matching scored row,Run/repair scoring enrichment over trusted raw fixture candidates before market translation.,WAIT_SCORING,NO,NO
2026-07-31,2026-07-31T23:32:34+01:00,1530979,Metalourg,Lochin,Pro League A,TRUSTED_SOURCE_BUT_NO_SCORED_ROW,MISSING_SCORED_ROW,SCORING_NOT_RUN_FOR_TRUSTED_RAW,false,MISSING,trusted raw candidate has no matching scored row,Run/repair scoring enrichment over trusted raw fixture candidates before market translation.,WAIT_SCORING,NO,NO
2026-07-31,2026-07-31T23:32:34+01:00,1531070,Yaypan,FarDu,Pro League A,TRUSTED_SOURCE_BUT_NO_SCORED_ROW,MISSING_SCORED_ROW,SCORING_NOT_RUN_FOR_TRUSTED_RAW,false,MISSING,trusted raw candidate has no matching scored row,Run/repair scoring enrichment over trusted raw fixture candidates before market translation.,WAIT_SCORING,NO,NO
2026-07-31,2026-07-31T23:32:34+01:00,1554101,Loznica,Naftagas,Prva Liga,TRUSTED_SOURCE_BUT_NO_SCORED_ROW,MISSING_SCORED_ROW,SCORING_NOT_RUN_FOR_TRUSTED_RAW,false,MISSING,trusted raw candidate has no matching scored row,Run/repair scoring enrichment over trusted raw fixture candidates before market translation.,WAIT_SCORING,NO,NO
2026-07-31,2026-07-31T23:32:34+01:00,1582180,Alianza Universidad,Sport Huancayo 2,Segunda División,TRUSTED_SOURCE_BUT_NO_SCORED_ROW,MISSING_SCORED_ROW,SCORING_NOT_RUN_FOR_TRUSTED_RAW,false,MISSING,trusted raw candidate has no matching scored row,Run/repair scoring enrichment over trusted raw fixture candidates before market translation.,WAIT_SCORING,NO,NO
2026-07-31,2026-07-31T23:32:34+01:00,1582363,Club Brugge KV,Union St. Gilloise,Super Cup,TRUSTED_SOURCE_BUT_NO_SCORED_ROW,MISSING_SCORED_ROW,SCORING_NOT_RUN_FOR_TRUSTED_RAW,false,MISSING,trusted raw candidate has no matching scored row,Run/repair scoring enrichment over trusted raw fixture candidates before market translation.,WAIT_SCORING,NO,NO
2026-07-31,2026-07-31T23:32:34+01:00,1523219,Henan Jianye,Dalian Zhixing,Super League,TRUSTED_SOURCE_BUT_NO_SCORED_ROW,MISSING_SCORED_ROW,SCORING_NOT_RUN_FOR_TRUSTED_RAW,false,MISSING,trusted raw candidate has no matching scored row,Run/repair scoring enrichment over trusted raw fixture candidates before market translation.,WAIT_SCORING,NO,NO
2026-07-31,2026-07-31T23:32:34+01:00,1497644,Oddevold,Norrby IF,Superettan,TRUSTED_SOURCE_BUT_NO_SCORED_ROW,MISSING_SCORED_ROW,SCORING_NOT_RUN_FOR_TRUSTED_RAW,false,MISSING,trusted raw candidate has no matching scored row,Run/repair scoring enrichment over trusted raw fixture candidates before market translation.,WAIT_SCORING,NO,NO
2026-07-31,2026-07-31T23:32:34+01:00,1533128,Ulverstone U21,Launceston United U21,Tasmania Northern Championship,NOT_TRUSTED_NO_PROMOTION,NOT_TRUSTED_SKIPPED,RAW_TRUST_GATE_BLOCK,false,MISSING,"raw candidate was not trusted, so scoring gap is intentionally ignored",Keep diagnostic only unless future whitelist changes source trust.,DIAGNOSTIC_ONLY,NO,NO
2026-07-31,2026-07-31T23:32:34+01:00,1533056,Glenorchy Knights U21,University of Tasmania,Tasmania Southern Championship,NOT_TRUSTED_NO_PROMOTION,NOT_TRUSTED_SKIPPED,RAW_TRUST_GATE_BLOCK,false,MISSING,"raw candidate was not trusted, so scoring gap is intentionally ignored",Keep diagnostic only unless future whitelist changes source trust.,DIAGNOSTIC_ONLY,NO,NO
2026-07-31,2026-07-31T23:32:34+01:00,1533055,Olympia Warriors,Hobart Utd.,Tasmania Southern Championship,TRUSTED_SOURCE_BUT_NO_SCORED_ROW,MISSING_SCORED_ROW,SCORING_NOT_RUN_FOR_TRUSTED_RAW,false,MISSING,trusted raw candidate has no matching scored row,Run/repair scoring enrichment over trusted raw fixture candidates before market translation.,WAIT_SCORING,NO,NO
2026-07-31,2026-07-31T23:32:34+01:00,1533054,South Hobart II,Taroona,Tasmania Southern Championship,TRUSTED_SOURCE_BUT_NO_SCORED_ROW,MISSING_SCORED_ROW,SCORING_NOT_RUN_FOR_TRUSTED_RAW,false,MISSING,trusted raw candidate has no matching scored row,Run/repair scoring enrichment over trusted raw fixture candidates before market translation.,WAIT_SCORING,NO,NO
2026-07-31,2026-07-31T23:32:34+01:00,1527712,Barki Tajik,Ravshan,Vysshaya Liga,TRUSTED_SOURCE_BUT_NO_SCORED_ROW,MISSING_SCORED_ROW,SCORING_NOT_RUN_FOR_TRUSTED_RAW,false,MISSING,trusted raw candidate has no matching scored row,Run/repair scoring enrichment over trusted raw fixture candidates before market translation.,WAIT_SCORING,NO,NO
2026-07-31,2026-07-31T23:32:34+01:00,1527713,Parvoz,Sardor Tursunzoda,Vysshaya Liga,TRUSTED_SOURCE_BUT_NO_SCORED_ROW,MISSING_SCORED_ROW,SCORING_NOT_RUN_FOR_TRUSTED_RAW,false,MISSING,trusted raw candidate has no matching scored row,Run/repair scoring enrichment over trusted raw fixture candidates before market translation.,WAIT_SCORING,NO,NO
2026-07-31,2026-07-31T23:32:34+01:00,1517228,Inter Turku II,VJS,Ykkönen,TRUSTED_SOURCE_BUT_NO_SCORED_ROW,MISSING_SCORED_ROW,SCORING_NOT_RUN_FOR_TRUSTED_RAW,false,MISSING,trusted raw candidate has no matching scored row,Run/repair scoring enrichment over trusted raw fixture candidates before market translation.,WAIT_SCORING,NO,NO
2026-07-31,2026-07-31T23:32:34+01:00,1517229,PKKU,Tampere United,Ykkönen,TRUSTED_SOURCE_BUT_NO_SCORED_ROW,MISSING_SCORED_ROW,SCORING_NOT_RUN_FOR_TRUSTED_RAW,false,MISSING,trusted raw candidate has no matching scored row,Run/repair scoring enrichment over trusted raw fixture candidates before market translation.,WAIT_SCORING,NO,NO
2026-07-31,2026-07-31T23:32:34+01:00,1504274,EIF,Klubi-04,Ykkösliiga,TRUSTED_SOURCE_BUT_NO_SCORED_ROW,MISSING_SCORED_ROW,SCORING_NOT_RUN_FOR_TRUSTED_RAW,false,MISSING,trusted raw candidate has no matching scored row,Run/repair scoring enrichment over trusted raw fixture candidates before market translation.,WAIT_SCORING,NO,NO
2026-07-31,2026-07-31T23:32:34+01:00,1504275,Kooteepee,SJK Akatemia,Ykkösliiga,TRUSTED_SOURCE_BUT_NO_SCORED_ROW,MISSING_SCORED_ROW,SCORING_NOT_RUN_FOR_TRUSTED_RAW,false,MISSING,trusted raw candidate has no matching scored row,Run/repair scoring enrichment over trusted raw fixture candidates before market translation.,WAIT_SCORING,NO,NO
2026-07-31,2026-07-31T23:32:34+01:00,1504276,PK-35,Haka,Ykkösliiga,TRUSTED_SOURCE_BUT_NO_SCORED_ROW,MISSING_SCORED_ROW,SCORING_NOT_RUN_FOR_TRUSTED_RAW,false,MISSING,trusted raw candidate has no matching scored row,Run/repair scoring enrichment over trusted raw fixture candidates before market translation.,WAIT_SCORING,NO,NO
2026-07-31,2026-07-31T23:32:34+01:00,1600209,Burkina Faso W,Tanzania W,Africa Cup of Nations - Women,NOT_TRUSTED_NO_PROMOTION,NOT_TRUSTED_SKIPPED,RAW_TRUST_GATE_BLOCK,false,MISSING,"raw candidate was not trusted, so scoring gap is intentionally ignored",Keep diagnostic only unless future whitelist changes source trust.,DIAGNOSTIC_ONLY,NO,NO
2026-07-31,2026-07-31T23:32:34+01:00,1600208,South Africa W,Ivory Coast W,Africa Cup of Nations - Women,NOT_TRUSTED_NO_PROMOTION,NOT_TRUSTED_SKIPPED,RAW_TRUST_GATE_BLOCK,false,MISSING,"raw candidate was not trusted, so scoring gap is intentionally ignored",Keep diagnostic only unless future whitelist changes source trust.,DIAGNOSTIC_ONLY,NO,NO
2026-07-31,2026-07-31T23:32:34+01:00,1544731,El Salvador U20,Haiti U20,CONCACAF U20,NOT_TRUSTED_NO_PROMOTION,NOT_TRUSTED_SKIPPED,RAW_TRUST_GATE_BLOCK,false,MISSING,"raw candidate was not trusted, so scoring gap is intentionally ignored",Keep diagnostic only unless future whitelist changes source trust.,DIAGNOSTIC_ONLY,NO,NO
2026-07-31,2026-07-31T23:32:34+01:00,1595475,Tirol U20,Anjos do Céu U20,Cearense U20,NOT_TRUSTED_NO_PROMOTION,NOT_TRUSTED_SKIPPED,RAW_TRUST_GATE_BLOCK,false,MISSING,"raw candidate was not trusted, so scoring gap is intentionally ignored",Keep diagnostic only unless future whitelist changes source trust.,DIAGNOSTIC_ONLY,NO,NO
2026-07-31,2026-07-31T23:32:34+01:00,1581683,Czarni Sosnowiec W,UKS Łódź W,Ekstraliga Women,NOT_TRUSTED_NO_PROMOTION,NOT_TRUSTED_SKIPPED,RAW_TRUST_GATE_BLOCK,false,MISSING,"raw candidate was not trusted, so scoring gap is intentionally ignored",Keep diagnostic only unless future whitelist changes source trust.,DIAGNOSTIC_ONLY,NO,NO
2026-07-31,2026-07-31T23:32:34+01:00,1604712,1. FC Köln,Hertha BSC,Friendlies Clubs,TRUSTED_SOURCE_BUT_NO_SCORED_ROW,MISSING_SCORED_ROW,SCORING_NOT_RUN_FOR_TRUSTED_RAW,false,MISSING,trusted raw candidate has no matching scored row,Run/repair scoring enrichment over trusted raw fixture candidates before market translation.,WAIT_SCORING,NO,NO
2026-07-31,2026-07-31T23:32:34+01:00,1598566,ADO Den Haag,Asteras Tripolis,Friendlies Clubs,TRUSTED_SOURCE_BUT_NO_SCORED_ROW,MISSING_SCORED_ROW,SCORING_NOT_RUN_FOR_TRUSTED_RAW,false,MISSING,trusted raw candidate has no matching scored row,Run/repair scoring enrichment over trusted raw fixture candidates before market translation.,WAIT_SCORING,NO,NO
2026-07-31,2026-07-31T23:32:34+01:00,1583507,AVS,Trofense,Friendlies Clubs,TRUSTED_SOURCE_BUT_NO_SCORED_ROW,MISSING_SCORED_ROW,SCORING_NOT_RUN_FOR_TRUSTED_RAW,false,MISSING,trusted raw candidate has no matching scored row,Run/repair scoring enrichment over trusted raw fixture candidates before market translation.,WAIT_SCORING,NO,NO
2026-07-31,2026-07-31T23:32:34+01:00,1548034,Altrincham,Manchester United U21,Friendlies Clubs,NOT_TRUSTED_NO_PROMOTION,NOT_TRUSTED_SKIPPED,RAW_TRUST_GATE_BLOCK,false,MISSING,"raw candidate was not trusted, so scoring gap is intentionally ignored",Keep diagnostic only unless future whitelist changes source trust.,DIAGNOSTIC_ONLY,NO,NO
2026-07-31,2026-07-31T23:32:34+01:00,1583508,Amiens,RED Star FC 93,Friendlies Clubs,TRUSTED_SOURCE_BUT_NO_SCORED_ROW,MISSING_SCORED_ROW,SCORING_NOT_RUN_FOR_TRUSTED_RAW,false,MISSING,trusted raw candidate has no matching scored row,Run/repair scoring enrichment over trusted raw fixture candidates before market translation.,WAIT_SCORING,NO,NO
2026-07-31,2026-07-31T23:32:34+01:00,1585002,Aveley,Tilbury,Friendlies Clubs,TRUSTED_SOURCE_BUT_NO_SCORED_ROW,MISSING_SCORED_ROW,SCORING_NOT_RUN_FOR_TRUSTED_RAW,false,MISSING,trusted raw candidate has no matching scored row,Run/repair scoring enrichment over trusted raw fixture candidates before market translation.,WAIT_SCORING,NO,NO
2026-07-31,2026-07-31T23:32:34+01:00,1583510,Baden,Gossau,Friendlies Clubs,TRUSTED_SOURCE_BUT_NO_SCORED_ROW,MISSING_SCORED_ROW,SCORING_NOT_RUN_FOR_TRUSTED_RAW,false,MISSING,trusted raw candidate has no matching scored row,Run/repair scoring enrichment over trusted raw fixture candidates before market translation.,WAIT_SCORING,NO,NO
2026-07-31,2026-07-31T23:32:34+01:00,1583513,Ballinamallard United,Bangor,Friendlies Clubs,TRUSTED_SOURCE_BUT_NO_SCORED_ROW,MISSING_SCORED_ROW,SCORING_NOT_RUN_FOR_TRUSTED_RAW,false,MISSING,trusted raw candidate has no matching scored row,Run/repair scoring enrichment over trusted raw fixture candidates before market translation.,WAIT_SCORING,NO,NO
2026-07-31,2026-07-31T23:32:34+01:00,1585020,Barockstadt Fulda-Lehn.,Havelse,Friendlies Clubs,TRUSTED_SOURCE_BUT_NO_SCORED_ROW,MISSING_SCORED_ROW,SCORING_NOT_RUN_FOR_TRUSTED_RAW,false,MISSING,trusted raw candidate has no matching scored row,Run/repair scoring enrichment over trusted raw fixture candidates before market translation.,WAIT_SCORING,NO,NO
2026-07-31,2026-07-31T23:32:34+01:00,1583514,Birmingham,Barcelona,Friendlies Clubs,TRUSTED_SOURCE_BUT_NO_SCORED_ROW,MISSING_SCORED_ROW,SCORING_NOT_RUN_FOR_TRUSTED_RAW,false,MISSING,trusted raw candidate has no matching scored row,Run/repair scoring enrichment over trusted raw fixture candidates before market translation.,WAIT_SCORING,NO,NO
2026-07-31,2026-07-31T23:32:34+01:00,1548036,Bishop's Stortford,Enfield Town,Friendlies Clubs,TRUSTED_SOURCE_BUT_NO_SCORED_ROW,MISSING_SCORED_ROW,SCORING_NOT_RUN_FOR_TRUSTED_RAW,false,MISSING,trusted raw candidate has no matching scored row,Run/repair scoring enrichment over trusted raw fixture candidates before market translation.,WAIT_SCORING,NO,NO
2026-07-31,2026-07-31T23:32:34+01:00,1604719,Boreham Wood,Norwich City U21,Friendlies Clubs,NOT_TRUSTED_NO_PROMOTION,NOT_TRUSTED_SKIPPED,RAW_TRUST_GATE_BLOCK,false,MISSING,"raw candidate was not trusted, so scoring gap is intentionally ignored",Keep diagnostic only unless future whitelist changes source trust.,DIAGNOSTIC_ONLY,NO,NO
2026-07-31,2026-07-31T23:32:34+01:00,1583511,Bromley,QPR,Friendlies Clubs,TRUSTED_SOURCE_BUT_NO_SCORED_ROW,MISSING_SCORED_ROW,SCORING_NOT_RUN_FOR_TRUSTED_RAW,false,MISSING,trusted raw candidate has no matching scored row,Run/repair scoring enrichment over trusted raw fixture candidates before market translation.,WAIT_SCORING,NO,NO
2026-07-31,2026-07-31T23:32:34+01:00,1583499,CF Os Belenenses,Estoril,Friendlies Clubs,TRUSTED_SOURCE_BUT_NO_SCORED_ROW,MISSING_SCORED_ROW,SCORING_NOT_RUN_FOR_TRUSTED_RAW,false,MISSING,trusted raw candidate has no matching scored row,Run/repair scoring enrichment over trusted raw fixture candidates before market translation.,WAIT_SCORING,NO,NO
2026-07-31,2026-07-31T23:32:34+01:00,1604721,Chertsey Town,Westfield (Surrey),Friendlies Clubs,TRUSTED_SOURCE_BUT_NO_SCORED_ROW,MISSING_SCORED_ROW,SCORING_NOT_RUN_FOR_TRUSTED_RAW,false,MISSING,trusted raw candidate has no matching scored row,Run/repair scoring enrichment over trusted raw fixture candidates before market translation.,WAIT_SCORING,NO,NO
2026-07-31,2026-07-31T23:32:34+01:00,1548928,Concarneau,Pontivy GSI,Friendlies Clubs,TRUSTED_SOURCE_BUT_NO_SCORED_ROW,MISSING_SCORED_ROW,SCORING_NOT_RUN_FOR_TRUSTED_RAW,false,MISSING,trusted raw candidate has no matching scored row,Run/repair scoring enrichment over trusted raw fixture candidates before market translation.,WAIT_SCORING,NO,NO
2026-07-31,2026-07-31T23:32:34+01:00,1583512,Crawley Town,Reading,Friendlies Clubs,TRUSTED_SOURCE_BUT_NO_SCORED_ROW,MISSING_SCORED_ROW,SCORING_NOT_RUN_FOR_TRUSTED_RAW,false,MISSING,trusted raw candidate has no matching scored row,Run/repair scoring enrichment over trusted raw fixture candidates before market translation.,WAIT_SCORING,NO,NO
2026-07-31,2026-07-31T23:32:34+01:00,1583502,Den Bosch,Al-Fayha,Friendlies Clubs,TRUSTED_SOURCE_BUT_NO_SCORED_ROW,MISSING_SCORED_ROW,SCORING_NOT_RUN_FOR_TRUSTED_RAW,false,MISSING,trusted raw candidate has no matching scored row,Run/repair scoring enrichment over trusted raw fixture candidates before market translation.,WAIT_SCORING,NO,NO
2026-07-31,2026-07-31T23:32:34+01:00,1546739,Ebbsfleet United,Gillingham,Friendlies Clubs,TRUSTED_SOURCE_BUT_NO_SCORED_ROW,MISSING_SCORED_ROW,SCORING_NOT_RUN_FOR_TRUSTED_RAW,false,MISSING,trusted raw candidate has no matching scored row,Run/repair scoring enrichment over trusted raw fixture candidates before market translation.,WAIT_SCORING,NO,NO
2026-07-31,2026-07-31T23:32:34+01:00,1607244,Estac Troyes,Chasselay MDA,Friendlies Clubs,TRUSTED_SOURCE_BUT_NO_SCORED_ROW,MISSING_SCORED_ROW,SCORING_NOT_RUN_FOR_TRUSTED_RAW,false,MISSING,trusted raw candidate has no matching scored row,Run/repair scoring enrichment over trusted raw fixture candidates before market translation.,WAIT_SCORING,NO,NO
2026-07-31,2026-07-31T23:32:34+01:00,1548035,Evesham United,Bishop's Cleeve,Friendlies Clubs,TRUSTED_SOURCE_BUT_NO_SCORED_ROW,MISSING_SCORED_ROW,SCORING_NOT_RUN_FOR_TRUSTED_RAW,false,MISSING,trusted raw candidate has no matching scored row,Run/repair scoring enrichment over trusted raw fixture candidates before market translation.,WAIT_SCORING,NO,NO
2026-07-31,2026-07-31T23:32:34+01:00,1604714,FSV Mainz 05,Shabab Al Ahli Dubai,Friendlies Clubs,TRUSTED_SOURCE_BUT_NO_SCORED_ROW,MISSING_SCORED_ROW,SCORING_NOT_RUN_FOR_TRUSTED_RAW,false,MISSING,trusted raw candidate has no matching scored row,Run/repair scoring enrichment over trusted raw fixture candidates before market translation.,WAIT_SCORING,NO,NO
2026-07-31,2026-07-31T23:32:34+01:00,1607250,Fafe,Maria da Fonte,Friendlies Clubs,TRUSTED_SOURCE_BUT_NO_SCORED_ROW,MISSING_SCORED_ROW,SCORING_NOT_RUN_FOR_TRUSTED_RAW,false,MISSING,trusted raw candidate has no matching scored row,Run/repair scoring enrichment over trusted raw fixture candidates before market translation.,WAIT_SCORING,NO,NO
2026-07-31,2026-07-31T23:32:34+01:00,1598563,Fortuna Düsseldorf II,TSV Steinbach,Friendlies Clubs,TRUSTED_SOURCE_BUT_NO_SCORED_ROW,MISSING_SCORED_ROW,SCORING_NOT_RUN_FOR_TRUSTED_RAW,false,MISSING,trusted raw candidate has no matching scored row,Run/repair scoring enrichment over trusted raw fixture candidates before market translation.,WAIT_SCORING,NO,NO
2026-07-31,2026-07-31T23:32:34+01:00,1598567,Fortuna Sittard,Apoel Nicosia,Friendlies Clubs,TRUSTED_SOURCE_BUT_NO_SCORED_ROW,MISSING_SCORED_ROW,SCORING_NOT_RUN_FOR_TRUSTED_RAW,false,MISSING,trusted raw candidate has no matching scored row,Run/repair scoring enrichment over trusted raw fixture candidates before market translation.,WAIT_SCORING,NO,NO
2026-07-31,2026-07-31T23:32:34+01:00,1604718,Johor Darul Takzim FC,FC Cartagena,Friendlies Clubs,TRUSTED_SOURCE_BUT_NO_SCORED_ROW,MISSING_SCORED_ROW,SCORING_NOT_RUN_FOR_TRUSTED_RAW,false,MISSING,trusted raw candidate has no matching scored row,Run/repair scoring enrichment over trusted raw fixture candidates before market translation.,WAIT_SCORING,NO,NO
2026-07-31,2026-07-31T23:32:34+01:00,1598565,Juve Stabia,Ischia,Friendlies Clubs,TRUSTED_SOURCE_BUT_NO_SCORED_ROW,MISSING_SCORED_ROW,SCORING_NOT_RUN_FOR_TRUSTED_RAW,false,MISSING,trusted raw candidate has no matching scored row,Run/repair scoring enrichment over trusted raw fixture candidates before market translation.,WAIT_SCORING,NO,NO
2026-07-31,2026-07-31T23:32:34+01:00,1585004,Juventus,Nice,Friendlies Clubs,TRUSTED_SOURCE_BUT_NO_SCORED_ROW,MISSING_SCORED_ROW,SCORING_NOT_RUN_FOR_TRUSTED_RAW,false,MISSING,trusted raw candidate has no matching scored row,Run/repair scoring enrichment over trusted raw fixture candidates before market translation.,WAIT_SCORING,NO,NO
2026-07-31,2026-07-31T23:32:34+01:00,1607247,Kalsdorf,Gnas,Friendlies Clubs,TRUSTED_SOURCE_BUT_NO_SCORED_ROW,MISSING_SCORED_ROW,SCORING_NOT_RUN_FOR_TRUSTED_RAW,false,MISSING,trusted raw candidate has no matching scored row,Run/repair scoring enrichment over trusted raw fixture candidates before market translation.,WAIT_SCORING,NO,NO
2026-07-31,2026-07-31T23:32:34+01:00,1583497,Kortrijk,KAA Gent II,Friendlies Clubs,TRUSTED_SOURCE_BUT_NO_SCORED_ROW,MISSING_SCORED_ROW,SCORING_NOT_RUN_FOR_TRUSTED_RAW,false,MISSING,trusted raw candidate has no matching scored row,Run/repair scoring enrichment over trusted raw fixture candidates before market translation.,WAIT_SCORING,NO,NO
2026-07-31,2026-07-31T23:32:34+01:00,1604720,Lancy,Terre Sainte,Friendlies Clubs,TRUSTED_SOURCE_BUT_NO_SCORED_ROW,MISSING_SCORED_ROW,SCORING_NOT_RUN_FOR_TRUSTED_RAW,false,MISSING,trusted raw candidate has no matching scored row,Run/repair scoring enrichment over trusted raw fixture candidates before market translation.,WAIT_SCORING,NO,NO
2026-07-31,2026-07-31T23:32:34+01:00,1604710,Le Havre,Laval,Friendlies Clubs,TRUSTED_SOURCE_BUT_NO_SCORED_ROW,MISSING_SCORED_ROW,SCORING_NOT_RUN_FOR_TRUSTED_RAW,false,MISSING,trusted raw candidate has no matching scored row,Run/repair scoring enrichment over trusted raw fixture candidates before market translation.,WAIT_SCORING,NO,NO
2026-07-31,2026-07-31T23:32:34+01:00,1585005,Lebring,Weiz,Friendlies Clubs,TRUSTED_SOURCE_BUT_NO_SCORED_ROW,MISSING_SCORED_ROW,SCORING_NOT_RUN_FOR_TRUSTED_RAW,false,MISSING,trusted raw candidate has no matching scored row,Run/repair scoring enrichment over trusted raw fixture candidates before market translation.,WAIT_SCORING,NO,NO
2026-07-31,2026-07-31T23:32:34+01:00,1607249,Leek Town,Runcorn Linnets,Friendlies Clubs,TRUSTED_SOURCE_BUT_NO_SCORED_ROW,MISSING_SCORED_ROW,SCORING_NOT_RUN_FOR_TRUSTED_RAW,false,MISSING,trusted raw candidate has no matching scored row,Run/repair scoring enrichment over trusted raw fixture candidates before market translation.,WAIT_SCORING,NO,NO
2026-07-31,2026-07-31T23:32:34+01:00,1583509,Mansfield Town,Derby,Friendlies Clubs,TRUSTED_SOURCE_BUT_NO_SCORED_ROW,MISSING_SCORED_ROW,SCORING_NOT_RUN_FOR_TRUSTED_RAW,false,MISSING,trusted raw candidate has no matching scored row,Run/repair scoring enrichment over trusted raw fixture candidates before market translation.,WAIT_SCORING,NO,NO
2026-07-31,2026-07-31T23:32:34+01:00,1585003,Monaco,Cercle Brugge,Friendlies Clubs,TRUSTED_SOURCE_BUT_NO_SCORED_ROW,MISSING_SCORED_ROW,SCORING_NOT_RUN_FOR_TRUSTED_RAW,false,MISSING,trusted raw candidate has no matching scored row,Run/repair scoring enrichment over trusted raw fixture candidates before market translation.,WAIT_SCORING,NO,NO
2026-07-31,2026-07-31T23:32:34+01:00,1583504,NEC Nijmegen,Sevilla,Friendlies Clubs,TRUSTED_SOURCE_BUT_NO_SCORED_ROW,MISSING_SCORED_ROW,SCORING_NOT_RUN_FOR_TRUSTED_RAW,false,MISSING,trusted raw candidate has no matching scored row,Run/repair scoring enrichment over trusted raw fixture candidates before market translation.,WAIT_SCORING,NO,NO
2026-07-31,2026-07-31T23:32:34+01:00,1598564,Nantes,Al Wakrah,Friendlies Clubs,TRUSTED_SOURCE_BUT_NO_SCORED_ROW,MISSING_SCORED_ROW,SCORING_NOT_RUN_FOR_TRUSTED_RAW,false,MISSING,trusted raw candidate has no matching scored row,Run/repair scoring enrichment over trusted raw fixture candidates before market translation.,WAIT_SCORING,NO,NO
2026-07-31,2026-07-31T23:32:34+01:00,1604713,Portimonense,Nottingham Forest,Friendlies Clubs,TRUSTED_SOURCE_BUT_NO_SCORED_ROW,MISSING_SCORED_ROW,SCORING_NOT_RUN_FOR_TRUSTED_RAW,false,MISSING,trusted raw candidate has no matching scored row,Run/repair scoring enrichment over trusted raw fixture candidates before market translation.,WAIT_SCORING,NO,NO
2026-07-31,2026-07-31T23:32:34+01:00,1604715,Potenza,Manfredonia,Friendlies Clubs,TRUSTED_SOURCE_BUT_NO_SCORED_ROW,MISSING_SCORED_ROW,SCORING_NOT_RUN_FOR_TRUSTED_RAW,false,MISSING,trusted raw candidate has no matching scored row,Run/repair scoring enrichment over trusted raw fixture candidates before market translation.,WAIT_SCORING,NO,NO
2026-07-31,2026-07-31T23:32:34+01:00,1604717,Quevilly,Oissel,Friendlies Clubs,TRUSTED_SOURCE_BUT_NO_SCORED_ROW,MISSING_SCORED_ROW,SCORING_NOT_RUN_FOR_TRUSTED_RAW,false,MISSING,trusted raw candidate has no matching scored row,Run/repair scoring enrichment over trusted raw fixture candidates before market translation.,WAIT_SCORING,NO,NO
2026-07-31,2026-07-31T23:32:34+01:00,1591915,Rizespor,Abha,Friendlies Clubs,TRUSTED_SOURCE_BUT_NO_SCORED_ROW,MISSING_SCORED_ROW,SCORING_NOT_RUN_FOR_TRUSTED_RAW,false,MISSING,trusted raw candidate has no matching scored row,Run/repair scoring enrichment over trusted raw fixture candidates before market translation.,WAIT_SCORING,NO,NO
2026-07-31,2026-07-31T23:32:34+01:00,1607246,Robur Siena,Scandicci,Friendlies Clubs,TRUSTED_SOURCE_BUT_NO_SCORED_ROW,MISSING_SCORED_ROW,SCORING_NOT_RUN_FOR_TRUSTED_RAW,false,MISSING,trusted raw candidate has no matching scored row,Run/repair scoring enrichment over trusted raw fixture candidates before market translation.,WAIT_SCORING,NO,NO
2026-07-31,2026-07-31T23:32:34+01:00,1546741,Salisbury,Havant & Wville,Friendlies Clubs,TRUSTED_SOURCE_BUT_NO_SCORED_ROW,MISSING_SCORED_ROW,SCORING_NOT_RUN_FOR_TRUSTED_RAW,false,MISSING,trusted raw candidate has no matching scored row,Run/repair scoring enrichment over trusted raw fixture candidates before market translation.,WAIT_SCORING,NO,NO
2026-07-31,2026-07-31T23:32:34+01:00,1583505,Sassuolo,Folgore Caratese,Friendlies Clubs,TRUSTED_SOURCE_BUT_NO_SCORED_ROW,MISSING_SCORED_ROW,SCORING_NOT_RUN_FOR_TRUSTED_RAW,false,MISSING,trusted raw candidate has no matching scored row,Run/repair scoring enrichment over trusted raw fixture candidates before market translation.,WAIT_SCORING,NO,NO
2026-07-31,2026-07-31T23:32:34+01:00,1585006,Scunthorpe,Chesterfield,Friendlies Clubs,TRUSTED_SOURCE_BUT_NO_SCORED_ROW,MISSING_SCORED_ROW,SCORING_NOT_RUN_FOR_TRUSTED_RAW,false,MISSING,trusted raw candidate has no matching scored row,Run/repair scoring enrichment over trusted raw fixture candidates before market translation.,WAIT_SCORING,NO,NO
2026-07-31,2026-07-31T23:32:34+01:00,1583515,Southport,Wigan,Friendlies Clubs,TRUSTED_SOURCE_BUT_NO_SCORED_ROW,MISSING_SCORED_ROW,SCORING_NOT_RUN_FOR_TRUSTED_RAW,false,MISSING,trusted raw candidate has no matching scored row,Run/repair scoring enrichment over trusted raw fixture candidates before market translation.,WAIT_SCORING,NO,NO
2026-07-31,2026-07-31T23:32:34+01:00,1583500,Sporting CP,Nottingham Forest,Friendlies Clubs,TRUSTED_SOURCE_BUT_NO_SCORED_ROW,MISSING_SCORED_ROW,SCORING_NOT_RUN_FOR_TRUSTED_RAW,false,MISSING,trusted raw candidate has no matching scored row,Run/repair scoring enrichment over trusted raw fixture candidates before market translation.,WAIT_SCORING,NO,NO
2026-07-31,2026-07-31T23:32:34+01:00,1607248,Tillmitsch,Fürstenfeld,Friendlies Clubs,TRUSTED_SOURCE_BUT_NO_SCORED_ROW,MISSING_SCORED_ROW,SCORING_NOT_RUN_FOR_TRUSTED_RAW,false,MISSING,trusted raw candidate has no matching scored row,Run/repair scoring enrichment over trusted raw fixture candidates before market translation.,WAIT_SCORING,NO,NO
2026-07-31,2026-07-31T23:32:34+01:00,1546740,Torquay,Exeter City,Friendlies Clubs,TRUSTED_SOURCE_BUT_NO_SCORED_ROW,MISSING_SCORED_ROW,SCORING_NOT_RUN_FOR_TRUSTED_RAW,false,MISSING,trusted raw candidate has no matching scored row,Run/repair scoring enrichment over trusted raw fixture candidates before market translation.,WAIT_SCORING,NO,NO
2026-07-31,2026-07-31T23:32:34+01:00,1583506,Toulouse,Real Sociedad,Friendlies Clubs,TRUSTED_SOURCE_BUT_NO_SCORED_ROW,MISSING_SCORED_ROW,SCORING_NOT_RUN_FOR_TRUSTED_RAW,false,MISSING,trusted raw candidate has no matching scored row,Run/repair scoring enrichment over trusted raw fixture candidates before market translation.,WAIT_SCORING,NO,NO
2026-07-31,2026-07-31T23:32:34+01:00,1589311,União Santarém,Academica,Friendlies Clubs,NOT_TRUSTED_NO_PROMOTION,NOT_TRUSTED_SKIPPED,RAW_TRUST_GATE_BLOCK,false,MISSING,"raw candidate was not trusted, so scoring gap is intentionally ignored",Keep diagnostic only unless future whitelist changes source trust.,DIAGNOSTIC_ONLY,NO,NO
2026-07-31,2026-07-31T23:32:34+01:00,1583503,Valenciennes,Boulogne,Friendlies Clubs,TRUSTED_SOURCE_BUT_NO_SCORED_ROW,MISSING_SCORED_ROW,SCORING_NOT_RUN_FOR_TRUSTED_RAW,false,MISSING,trusted raw candidate has no matching scored row,Run/repair scoring enrichment over trusted raw fixture candidates before market translation.,WAIT_SCORING,NO,NO
2026-07-31,2026-07-31T23:32:34+01:00,1607245,VfL Wolfsburg,Telstar,Friendlies Clubs,TRUSTED_SOURCE_BUT_NO_SCORED_ROW,MISSING_SCORED_ROW,SCORING_NOT_RUN_FOR_TRUSTED_RAW,false,MISSING,trusted raw candidate has no matching scored row,Run/repair scoring enrichment over trusted raw fixture candidates before market translation.,WAIT_SCORING,NO,NO
2026-07-31,2026-07-31T23:32:34+01:00,1583501,Vis Pesaro,Benevento,Friendlies Clubs,TRUSTED_SOURCE_BUT_NO_SCORED_ROW,MISSING_SCORED_ROW,SCORING_NOT_RUN_FOR_TRUSTED_RAW,false,MISSING,trusted raw candidate has no matching scored row,Run/repair scoring enrichment over trusted raw fixture candidates before market translation.,WAIT_SCORING,NO,NO
2026-07-31,2026-07-31T23:32:34+01:00,1546742,Weston-super-Mare,Gloucester City,Friendlies Clubs,TRUSTED_SOURCE_BUT_NO_SCORED_ROW,MISSING_SCORED_ROW,SCORING_NOT_RUN_FOR_TRUSTED_RAW,false,MISSING,trusted raw candidate has no matching scored row,Run/repair scoring enrichment over trusted raw fixture candidates before market translation.,WAIT_SCORING,NO,NO
2026-07-31,2026-07-31T23:32:34+01:00,1525751,Fortaleza W,Independiente Medellín W,Liga Femenina,NOT_TRUSTED_NO_PROMOTION,NOT_TRUSTED_SKIPPED,RAW_TRUST_GATE_BLOCK,false,MISSING,"raw candidate was not trusted, so scoring gap is intentionally ignored",Keep diagnostic only unless future whitelist changes source trust.,DIAGNOSTIC_ONLY,NO,NO
2026-07-31,2026-07-31T23:32:34+01:00,1592797,Atl. San Luis U21,Club Tijuana U21,Liga MX U21,NOT_TRUSTED_NO_PROMOTION,NOT_TRUSTED_SKIPPED,RAW_TRUST_GATE_BLOCK,false,MISSING,"raw candidate was not trusted, so scoring gap is intentionally ignored",Keep diagnostic only unless future whitelist changes source trust.,DIAGNOSTIC_ONLY,NO,NO
2026-07-31,2026-07-31T23:32:34+01:00,1592798,Juarez U21,UNAM Pumas U21,Liga MX U21,NOT_TRUSTED_NO_PROMOTION,NOT_TRUSTED_SKIPPED,RAW_TRUST_GATE_BLOCK,false,MISSING,"raw candidate was not trusted, so scoring gap is intentionally ignored",Keep diagnostic only unless future whitelist changes source trust.,DIAGNOSTIC_ONLY,NO,NO
2026-07-31,2026-07-31T23:32:34+01:00,1592799,Puebla U21,Guadalajara Chivas U21,Liga MX U21,NOT_TRUSTED_NO_PROMOTION,NOT_TRUSTED_SKIPPED,RAW_TRUST_GATE_BLOCK,false,MISSING,"raw candidate was not trusted, so scoring gap is intentionally ignored",Keep diagnostic only unless future whitelist changes source trust.,DIAGNOSTIC_ONLY,NO,NO
2026-07-31,2026-07-31T23:32:34+01:00,1580413,Cruzeiro U20,América Mineiro U20,Mineiro U20,NOT_TRUSTED_NO_PROMOTION,NOT_TRUSTED_SKIPPED,RAW_TRUST_GATE_BLOCK,false,MISSING,"raw candidate was not trusted, so scoring gap is intentionally ignored",Keep diagnostic only unless future whitelist changes source trust.,DIAGNOSTIC_ONLY,NO,NO
2026-07-31,2026-07-31T23:32:34+01:00,1580412,Itabirito U20,Athletic Club MG U20,Mineiro U20,NOT_TRUSTED_NO_PROMOTION,NOT_TRUSTED_SKIPPED,RAW_TRUST_GATE_BLOCK,false,MISSING,"raw candidate was not trusted, so scoring gap is intentionally ignored",Keep diagnostic only unless future whitelist changes source trust.,DIAGNOSTIC_ONLY,NO,NO
2026-07-31,2026-07-31T23:32:34+01:00,1566710,ASV Neumarkt,Kornburg,Oberliga - Bayern Nord,TRUSTED_SOURCE_BUT_NO_SCORED_ROW,MISSING_SCORED_ROW,SCORING_NOT_RUN_FOR_TRUSTED_RAW,false,MISSING,trusted raw candidate has no matching scored row,Run/repair scoring enrichment over trusted raw fixture candidates before market translation.,WAIT_SCORING,NO,NO
2026-07-31,2026-07-31T23:32:34+01:00,1566718,Ammerthal,Bayern Hof,Oberliga - Bayern Nord,TRUSTED_SOURCE_BUT_NO_SCORED_ROW,MISSING_SCORED_ROW,SCORING_NOT_RUN_FOR_TRUSTED_RAW,false,MISSING,trusted raw candidate has no matching scored row,Run/repair scoring enrichment over trusted raw fixture candidates before market translation.,WAIT_SCORING,NO,NO
2026-07-31,2026-07-31T23:32:34+01:00,1566711,Cham,Fortuna Regensburg,Oberliga - Bayern Nord,TRUSTED_SOURCE_BUT_NO_SCORED_ROW,MISSING_SCORED_ROW,SCORING_NOT_RUN_FOR_TRUSTED_RAW,false,MISSING,trusted raw candidate has no matching scored row,Run/repair scoring enrichment over trusted raw fixture candidates before market translation.,WAIT_SCORING,NO,NO
2026-07-31,2026-07-31T23:32:34+01:00,1566712,DJK Bamberg,Weiden,Oberliga - Bayern Nord,TRUSTED_SOURCE_BUT_NO_SCORED_ROW,MISSING_SCORED_ROW,SCORING_NOT_RUN_FOR_TRUSTED_RAW,false,MISSING,trusted raw candidate has no matching scored row,Run/repair scoring enrichment over trusted raw fixture candidates before market translation.,WAIT_SCORING,NO,NO
2026-07-31,2026-07-31T23:32:34+01:00,1566713,Neudrossenfeld,Gebenbach,Oberliga - Bayern Nord,TRUSTED_SOURCE_BUT_NO_SCORED_ROW,MISSING_SCORED_ROW,SCORING_NOT_RUN_FOR_TRUSTED_RAW,false,MISSING,trusted raw candidate has no matching scored row,Run/repair scoring enrichment over trusted raw fixture candidates before market translation.,WAIT_SCORING,NO,NO
2026-07-31,2026-07-31T23:32:34+01:00,1567014,1860 München II,Schalding-Heining,Oberliga - Bayern Süd,TRUSTED_SOURCE_BUT_NO_SCORED_ROW,MISSING_SCORED_ROW,SCORING_NOT_RUN_FOR_TRUSTED_RAW,false,MISSING,trusted raw candidate has no matching scored row,Run/repair scoring enrichment over trusted raw fixture candidates before market translation.,WAIT_SCORING,NO,NO
2026-07-31,2026-07-31T23:32:34+01:00,1567015,1860 Rosenheim,Hankofen-Hailing,Oberliga - Bayern Süd,TRUSTED_SOURCE_BUT_NO_SCORED_ROW,MISSING_SCORED_ROW,SCORING_NOT_RUN_FOR_TRUSTED_RAW,false,MISSING,trusted raw candidate has no matching scored row,Run/repair scoring enrichment over trusted raw fixture candidates before market translation.,WAIT_SCORING,NO,NO
2026-07-31,2026-07-31T23:32:34+01:00,1567012,Erlbach,Deisenhofen,Oberliga - Bayern Süd,TRUSTED_SOURCE_BUT_NO_SCORED_ROW,MISSING_SCORED_ROW,SCORING_NOT_RUN_FOR_TRUSTED_RAW,false,MISSING,trusted raw candidate has no matching scored row,Run/repair scoring enrichment over trusted raw fixture candidates before market translation.,WAIT_SCORING,NO,NO
2026-07-31,2026-07-31T23:32:34+01:00,1567013,Heimstetten,TuS Geretsried,Oberliga - Bayern Süd,TRUSTED_SOURCE_BUT_NO_SCORED_ROW,MISSING_SCORED_ROW,SCORING_NOT_RUN_FOR_TRUSTED_RAW,false,MISSING,trusted raw candidate has no matching scored row,Run/repair scoring enrichment over trusted raw fixture candidates before market translation.,WAIT_SCORING,NO,NO
2026-07-31,2026-07-31T23:32:34+01:00,1567243,Ismaning,Landshut,Oberliga - Bayern Süd,TRUSTED_SOURCE_BUT_NO_SCORED_ROW,MISSING_SCORED_ROW,SCORING_NOT_RUN_FOR_TRUSTED_RAW,false,MISSING,trusted raw candidate has no matching scored row,Run/repair scoring enrichment over trusted raw fixture candidates before market translation.,WAIT_SCORING,NO,NO
2026-07-31,2026-07-31T23:32:34+01:00,1567016,Sportfreunde Schwaig,Gundelfingen,Oberliga - Bayern Süd,TRUSTED_SOURCE_BUT_NO_SCORED_ROW,MISSING_SCORED_ROW,SCORING_NOT_RUN_FOR_TRUSTED_RAW,false,MISSING,trusted raw candidate has no matching scored row,Run/repair scoring enrichment over trusted raw fixture candidates before market translation.,WAIT_SCORING,NO,NO
2026-07-31,2026-07-31T23:32:34+01:00,1566289,Concordia,HEBC,Oberliga - Hamburg,TRUSTED_SOURCE_BUT_NO_SCORED_ROW,MISSING_SCORED_ROW,SCORING_NOT_RUN_FOR_TRUSTED_RAW,false,MISSING,trusted raw candidate has no matching scored row,Run/repair scoring enrichment over trusted raw fixture candidates before market translation.,WAIT_SCORING,NO,NO
2026-07-31,2026-07-31T23:32:34+01:00,1566290,ETSV Hamburg,Teutonia Ottensen,Oberliga - Hamburg,TRUSTED_SOURCE_BUT_NO_SCORED_ROW,MISSING_SCORED_ROW,SCORING_NOT_RUN_FOR_TRUSTED_RAW,false,MISSING,trusted raw candidate has no matching scored row,Run/repair scoring enrichment over trusted raw fixture candidates before market translation.,WAIT_SCORING,NO,NO
2026-07-31,2026-07-31T23:32:34+01:00,1566291,Harksheide,Süderelbe,Oberliga - Hamburg,TRUSTED_SOURCE_BUT_NO_SCORED_ROW,MISSING_SCORED_ROW,SCORING_NOT_RUN_FOR_TRUSTED_RAW,false,MISSING,trusted raw candidate has no matching scored row,Run/repair scoring enrichment over trusted raw fixture candidates before market translation.,WAIT_SCORING,NO,NO
2026-07-31,2026-07-31T23:32:34+01:00,1566292,Norderstedt II,Pinneberg,Oberliga - Hamburg,TRUSTED_SOURCE_BUT_NO_SCORED_ROW,MISSING_SCORED_ROW,SCORING_NOT_RUN_FOR_TRUSTED_RAW,false,MISSING,trusted raw candidate has no matching scored row,Run/repair scoring enrichment over trusted raw fixture candidates before market translation.,WAIT_SCORING,NO,NO
2026-07-31,2026-07-31T23:32:34+01:00,1581041,Fernwald,Eintracht Stadtallendorf,Oberliga - Hessen,TRUSTED_SOURCE_BUT_NO_SCORED_ROW,MISSING_SCORED_ROW,SCORING_NOT_RUN_FOR_TRUSTED_RAW,false,MISSING,trusted raw candidate has no matching scored row,Run/repair scoring enrichment over trusted raw fixture candidates before market translation.,WAIT_SCORING,NO,NO
2026-07-31,2026-07-31T23:32:34+01:00,1581038,Hadamar,Baunatal,Oberliga - Hessen,TRUSTED_SOURCE_BUT_NO_SCORED_ROW,MISSING_SCORED_ROW,SCORING_NOT_RUN_FOR_TRUSTED_RAW,false,MISSING,trusted raw candidate has no matching scored row,Run/repair scoring enrichment over trusted raw fixture candidates before market translation.,WAIT_SCORING,NO,NO
2026-07-31,2026-07-31T23:32:34+01:00,1598845,Cosmos Koblenz,Mechtersheim,Oberliga - Rheinland-Pfalz / Saar,TRUSTED_SOURCE_BUT_NO_SCORED_ROW,MISSING_SCORED_ROW,SCORING_NOT_RUN_FOR_TRUSTED_RAW,false,MISSING,trusted raw candidate has no matching scored row,Run/repair scoring enrichment over trusted raw fixture candidates before market translation.,WAIT_SCORING,NO,NO
2026-07-31,2026-07-31T23:32:34+01:00,1580161,Union Neumünster,VfR Neumünster,Oberliga - Schleswig-Holstein,TRUSTED_SOURCE_BUT_NO_SCORED_ROW,MISSING_SCORED_ROW,SCORING_NOT_RUN_FOR_TRUSTED_RAW,false,MISSING,trusted raw candidate has no matching scored row,Run/repair scoring enrichment over trusted raw fixture candidates before market translation.,WAIT_SCORING,NO,NO
2026-07-31,2026-07-31T23:32:34+01:00,1547375,Bandeirante U20,Ibrachina U20,Paulista - U20,NOT_TRUSTED_NO_PROMOTION,NOT_TRUSTED_SKIPPED,RAW_TRUST_GATE_BLOCK,false,MISSING,"raw candidate was not trusted, so scoring gap is intentionally ignored",Keep diagnostic only unless future whitelist changes source trust.,DIAGNOSTIC_ONLY,NO,NO
2026-07-31,2026-07-31T23:32:34+01:00,1547376,Capivariano U20,Porto Football U20,Paulista - U20,NOT_TRUSTED_NO_PROMOTION,NOT_TRUSTED_SKIPPED,RAW_TRUST_GATE_BLOCK,false,MISSING,"raw candidate was not trusted, so scoring gap is intentionally ignored",Keep diagnostic only unless future whitelist changes source trust.,DIAGNOSTIC_ONLY,NO,NO
2026-07-31,2026-07-31T23:32:34+01:00,1547377,Desportivo Brasil U20,Aguai U20,Paulista - U20,NOT_TRUSTED_NO_PROMOTION,NOT_TRUSTED_SKIPPED,RAW_TRUST_GATE_BLOCK,false,MISSING,"raw candidate was not trusted, so scoring gap is intentionally ignored",Keep diagnostic only unless future whitelist changes source trust.,DIAGNOSTIC_ONLY,NO,NO
2026-07-31,2026-07-31T23:32:34+01:00,1547378,EC São Bernardo U20,Novorizontino U20,Paulista - U20,NOT_TRUSTED_NO_PROMOTION,NOT_TRUSTED_SKIPPED,RAW_TRUST_GATE_BLOCK,false,MISSING,"raw candidate was not trusted, so scoring gap is intentionally ignored",Keep diagnostic only unless future whitelist changes source trust.,DIAGNOSTIC_ONLY,NO,NO
2026-07-31,2026-07-31T23:32:34+01:00,1547379,Ferroviária U20,Portuguesa Santista U20,Paulista - U20,NOT_TRUSTED_NO_PROMOTION,NOT_TRUSTED_SKIPPED,RAW_TRUST_GATE_BLOCK,false,MISSING,"raw candidate was not trusted, so scoring gap is intentionally ignored",Keep diagnostic only unless future whitelist changes source trust.,DIAGNOSTIC_ONLY,NO,NO
2026-07-31,2026-07-31T23:32:34+01:00,1547380,Flamengo SP U20,Gremio Prudente U20,Paulista - U20,NOT_TRUSTED_NO_PROMOTION,NOT_TRUSTED_SKIPPED,RAW_TRUST_GATE_BLOCK,false,MISSING,"raw candidate was not trusted, so scoring gap is intentionally ignored",Keep diagnostic only unless future whitelist changes source trust.,DIAGNOSTIC_ONLY,NO,NO
2026-07-31,2026-07-31T23:32:34+01:00,1547381,Itapirense U20,São Bento U20,Paulista - U20,NOT_TRUSTED_NO_PROMOTION,NOT_TRUSTED_SKIPPED,RAW_TRUST_GATE_BLOCK,false,MISSING,"raw candidate was not trusted, so scoring gap is intentionally ignored",Keep diagnostic only unless future whitelist changes source trust.,DIAGNOSTIC_ONLY,NO,NO
2026-07-31,2026-07-31T23:32:34+01:00,1547382,Jabaquara U20,Sertãozinho U20,Paulista - U20,NOT_TRUSTED_NO_PROMOTION,NOT_TRUSTED_SKIPPED,RAW_TRUST_GATE_BLOCK,false,MISSING,"raw candidate was not trusted, so scoring gap is intentionally ignored",Keep diagnostic only unless future whitelist changes source trust.,DIAGNOSTIC_ONLY,NO,NO
2026-07-31,2026-07-31T23:32:34+01:00,1547384,Portuguesa U20,Ponte Preta U20,Paulista - U20,NOT_TRUSTED_NO_PROMOTION,NOT_TRUSTED_SKIPPED,RAW_TRUST_GATE_BLOCK,false,MISSING,"raw candidate was not trusted, so scoring gap is intentionally ignored",Keep diagnostic only unless future whitelist changes source trust.,DIAGNOSTIC_ONLY,NO,NO
2026-07-31,2026-07-31T23:32:34+01:00,1547385,Referencia U20,Guarani U20,Paulista - U20,NOT_TRUSTED_NO_PROMOTION,NOT_TRUSTED_SKIPPED,RAW_TRUST_GATE_BLOCK,false,MISSING,"raw candidate was not trusted, so scoring gap is intentionally ignored",Keep diagnostic only unless future whitelist changes source trust.,DIAGNOSTIC_ONLY,NO,NO
2026-07-31,2026-07-31T23:32:34+01:00,1547386,Santo André U20,União São João U20,Paulista - U20,NOT_TRUSTED_NO_PROMOTION,NOT_TRUSTED_SKIPPED,RAW_TRUST_GATE_BLOCK,false,MISSING,"raw candidate was not trusted, so scoring gap is intentionally ignored",Keep diagnostic only unless future whitelist changes source trust.,DIAGNOSTIC_ONLY,NO,NO
2026-07-31,2026-07-31T23:32:34+01:00,1547392,São Paulo U20,Botafogo SP U20,Paulista - U20,NOT_TRUSTED_NO_PROMOTION,NOT_TRUSTED_SKIPPED,RAW_TRUST_GATE_BLOCK,false,MISSING,"raw candidate was not trusted, so scoring gap is intentionally ignored",Keep diagnostic only unless future whitelist changes source trust.,DIAGNOSTIC_ONLY,NO,NO
2026-07-31,2026-07-31T23:32:34+01:00,1547387,Velo Clube U20,SC Paulinense SP U20,Paulista - U20,NOT_TRUSTED_NO_PROMOTION,NOT_TRUSTED_SKIPPED,RAW_TRUST_GATE_BLOCK,false,MISSING,"raw candidate was not trusted, so scoring gap is intentionally ignored",Keep diagnostic only unless future whitelist changes source trust.,DIAGNOSTIC_ONLY,NO,NO
2026-07-31,2026-07-31T23:32:34+01:00,1547388,XV de Jaú U20,Ituano U20,Paulista - U20,NOT_TRUSTED_NO_PROMOTION,NOT_TRUSTED_SKIPPED,RAW_TRUST_GATE_BLOCK,false,MISSING,"raw candidate was not trusted, so scoring gap is intentionally ignored",Keep diagnostic only unless future whitelist changes source trust.,DIAGNOSTIC_ONLY,NO,NO
2026-07-31,2026-07-31T23:32:34+01:00,1547374,Água Santa U20,Sfera U20,Paulista - U20,NOT_TRUSTED_NO_PROMOTION,NOT_TRUSTED_SKIPPED,RAW_TRUST_GATE_BLOCK,false,MISSING,"raw candidate was not trusted, so scoring gap is intentionally ignored",Keep diagnostic only unless future whitelist changes source trust.,DIAGNOSTIC_ONLY,NO,NO
2026-07-31,2026-07-31T23:32:34+01:00,1535406,Cliftonville W,Crusaders W,Premiership Women,NOT_TRUSTED_NO_PROMOTION,NOT_TRUSTED_SKIPPED,RAW_TRUST_GATE_BLOCK,false,MISSING,"raw candidate was not trusted, so scoring gap is intentionally ignored",Keep diagnostic only unless future whitelist changes source trust.,DIAGNOSTIC_ONLY,NO,NO
2026-07-31,2026-07-31T23:32:34+01:00,1535407,Derry City W,Glentoran BU W,Premiership Women,NOT_TRUSTED_NO_PROMOTION,NOT_TRUSTED_SKIPPED,RAW_TRUST_GATE_BLOCK,false,MISSING,"raw candidate was not trusted, so scoring gap is intentionally ignored",Keep diagnostic only unless future whitelist changes source trust.,DIAGNOSTIC_ONLY,NO,NO
2026-07-31,2026-07-31T23:32:34+01:00,1535408,Linfield W,Larne W,Premiership Women,NOT_TRUSTED_NO_PROMOTION,NOT_TRUSTED_SKIPPED,RAW_TRUST_GATE_BLOCK,false,MISSING,"raw candidate was not trusted, so scoring gap is intentionally ignored",Keep diagnostic only unless future whitelist changes source trust.,DIAGNOSTIC_ONLY,NO,NO
2026-07-31,2026-07-31T23:32:34+01:00,1535409,Lisburn Rangers W,Lisburn Ladies W,Premiership Women,NOT_TRUSTED_NO_PROMOTION,NOT_TRUSTED_SKIPPED,RAW_TRUST_GATE_BLOCK,false,MISSING,"raw candidate was not trusted, so scoring gap is intentionally ignored",Keep diagnostic only unless future whitelist changes source trust.,DIAGNOSTIC_ONLY,NO,NO
2026-07-31,2026-07-31T23:32:34+01:00,1586154,Augsburg II,Landsberg,Regionalliga - Bayern,TRUSTED_SOURCE_BUT_NO_SCORED_ROW,MISSING_SCORED_ROW,SCORING_NOT_RUN_FOR_TRUSTED_RAW,false,MISSING,trusted raw candidate has no matching scored row,Run/repair scoring enrichment over trusted raw fixture candidates before market translation.,WAIT_SCORING,NO,NO
2026-07-31,2026-07-31T23:32:34+01:00,1586150,Buchbach,Eichstätt,Regionalliga - Bayern,TRUSTED_SOURCE_BUT_NO_SCORED_ROW,MISSING_SCORED_ROW,SCORING_NOT_RUN_FOR_TRUSTED_RAW,false,MISSING,trusted raw candidate has no matching scored row,Run/repair scoring enrichment over trusted raw fixture candidates before market translation.,WAIT_SCORING,NO,NO
2026-07-31,2026-07-31T23:32:34+01:00,1586152,Eltersdorf,Vilzing,Regionalliga - Bayern,TRUSTED_SOURCE_BUT_NO_SCORED_ROW,MISSING_SCORED_ROW,SCORING_NOT_RUN_FOR_TRUSTED_RAW,false,MISSING,trusted raw candidate has no matching scored row,Run/repair scoring enrichment over trusted raw fixture candidates before market translation.,WAIT_SCORING,NO,NO
2026-07-31,2026-07-31T23:32:34+01:00,1586153,Illertissen,Schwaben Augsburg,Regionalliga - Bayern,TRUSTED_SOURCE_BUT_NO_SCORED_ROW,MISSING_SCORED_ROW,SCORING_NOT_RUN_FOR_TRUSTED_RAW,false,MISSING,trusted raw candidate has no matching scored row,Run/repair scoring enrichment over trusted raw fixture candidates before market translation.,WAIT_SCORING,NO,NO
2026-07-31,2026-07-31T23:32:34+01:00,1586149,Nürnberg II,SpVgg Unterhaching,Regionalliga - Bayern,TRUSTED_SOURCE_BUT_NO_SCORED_ROW,MISSING_SCORED_ROW,SCORING_NOT_RUN_FOR_TRUSTED_RAW,false,MISSING,trusted raw candidate has no matching scored row,Run/repair scoring enrichment over trusted raw fixture candidates before market translation.,WAIT_SCORING,NO,NO
2026-07-31,2026-07-31T23:32:34+01:00,1586151,Wacker Burghausen,Bayern München II,Regionalliga - Bayern,TRUSTED_SOURCE_BUT_NO_SCORED_ROW,MISSING_SCORED_ROW,SCORING_NOT_RUN_FOR_TRUSTED_RAW,false,MISSING,trusted raw candidate has no matching scored row,Run/repair scoring enrichment over trusted raw fixture candidates before market translation.,WAIT_SCORING,NO,NO
2026-07-31,2026-07-31T23:32:34+01:00,1586484,SV Drochtersen/Assel,Phönix Lübeck,Regionalliga - Nord,TRUSTED_SOURCE_BUT_NO_SCORED_ROW,MISSING_SCORED_ROW,SCORING_NOT_RUN_FOR_TRUSTED_RAW,false,MISSING,trusted raw candidate has no matching scored row,Run/repair scoring enrichment over trusted raw fixture candidates before market translation.,WAIT_SCORING,NO,NO
2026-07-31,2026-07-31T23:32:34+01:00,1586482,Werder Bremen II,VfB Oldenburg,Regionalliga - Nord,TRUSTED_SOURCE_BUT_NO_SCORED_ROW,MISSING_SCORED_ROW,SCORING_NOT_RUN_FOR_TRUSTED_RAW,false,MISSING,trusted raw candidate has no matching scored row,Run/repair scoring enrichment over trusted raw fixture candidates before market translation.,WAIT_SCORING,NO,NO
2026-07-31,2026-07-31T23:32:34+01:00,1586798,Chemnitzer FC,BFC Preussen,Regionalliga - Nordost,TRUSTED_SOURCE_BUT_NO_SCORED_ROW,MISSING_SCORED_ROW,SCORING_NOT_RUN_FOR_TRUSTED_RAW,false,MISSING,trusted raw candidate has no matching scored row,Run/repair scoring enrichment over trusted raw fixture candidates before market translation.,WAIT_SCORING,NO,NO
2026-07-31,2026-07-31T23:32:34+01:00,1586797,SV Babelsberg 03,FC Carl Zeiss Jena,Regionalliga - Nordost,TRUSTED_SOURCE_BUT_NO_SCORED_ROW,MISSING_SCORED_ROW,SCORING_NOT_RUN_FOR_TRUSTED_RAW,false,MISSING,trusted raw candidate has no matching scored row,Run/repair scoring enrichment over trusted raw fixture candidates before market translation.,WAIT_SCORING,NO,NO
2026-07-31,2026-07-31T23:32:34+01:00,1586799,Tasmania Berlin,Erzgebirge Aue,Regionalliga - Nordost,TRUSTED_SOURCE_BUT_NO_SCORED_ROW,MISSING_SCORED_ROW,SCORING_NOT_RUN_FOR_TRUSTED_RAW,false,MISSING,trusted raw candidate has no matching scored row,Run/repair scoring enrichment over trusted raw fixture candidates before market translation.,WAIT_SCORING,NO,NO
2026-07-31,2026-07-31T23:32:34+01:00,1608013,Grödig,TSV St. Johann,Regionalliga - North,TRUSTED_SOURCE_BUT_NO_SCORED_ROW,MISSING_SCORED_ROW,SCORING_NOT_RUN_FOR_TRUSTED_RAW,false,MISSING,trusted raw candidate has no matching scored row,Run/repair scoring enrichment over trusted raw fixture candidates before market translation.,WAIT_SCORING,NO,NO
2026-07-31,2026-07-31T23:32:34+01:00,1608015,Kuchl,Pinzgau Saalfelden,Regionalliga - North,TRUSTED_SOURCE_BUT_NO_SCORED_ROW,MISSING_SCORED_ROW,SCORING_NOT_RUN_FOR_TRUSTED_RAW,false,MISSING,trusted raw candidate has no matching scored row,Run/repair scoring enrichment over trusted raw fixture candidates before market translation.,WAIT_SCORING,NO,NO
2026-07-31,2026-07-31T23:32:34+01:00,1608016,Leonfelden,Wals-Grünau,Regionalliga - North,TRUSTED_SOURCE_BUT_NO_SCORED_ROW,MISSING_SCORED_ROW,SCORING_NOT_RUN_FOR_TRUSTED_RAW,false,MISSING,trusted raw candidate has no matching scored row,Run/repair scoring enrichment over trusted raw fixture candidates before market translation.,WAIT_SCORING,NO,NO
2026-07-31,2026-07-31T23:32:34+01:00,1608014,SK Vorwarts Steyr,Seekirchen,Regionalliga - North,TRUSTED_SOURCE_BUT_NO_SCORED_ROW,MISSING_SCORED_ROW,SCORING_NOT_RUN_FOR_TRUSTED_RAW,false,MISSING,trusted raw candidate has no matching scored row,Run/repair scoring enrichment over trusted raw fixture candidates before market translation.,WAIT_SCORING,NO,NO
2026-07-31,2026-07-31T23:32:34+01:00,1574049,Donau,Krems / Rehberg,Regionalliga - Ost,TRUSTED_SOURCE_BUT_NO_SCORED_ROW,MISSING_SCORED_ROW,SCORING_NOT_RUN_FOR_TRUSTED_RAW,false,MISSING,trusted raw candidate has no matching scored row,Run/repair scoring enrichment over trusted raw fixture candidates before market translation.,WAIT_SCORING,NO,NO
2026-07-31,2026-07-31T23:32:34+01:00,1574045,Fach-Donaufeld,SV Horn,Regionalliga - Ost,TRUSTED_SOURCE_BUT_NO_SCORED_ROW,MISSING_SCORED_ROW,SCORING_NOT_RUN_FOR_TRUSTED_RAW,false,MISSING,trusted raw candidate has no matching scored row,Run/repair scoring enrichment over trusted raw fixture candidates before market translation.,WAIT_SCORING,NO,NO
2026-07-31,2026-07-31T23:32:34+01:00,1574046,Leobendorf,Parndorf,Regionalliga - Ost,TRUSTED_SOURCE_BUT_NO_SCORED_ROW,MISSING_SCORED_ROW,SCORING_NOT_RUN_FOR_TRUSTED_RAW,false,MISSING,trusted raw candidate has no matching scored row,Run/repair scoring enrichment over trusted raw fixture candidates before market translation.,WAIT_SCORING,NO,NO
2026-07-31,2026-07-31T23:32:34+01:00,1574042,Scheiblingkirchen,Traiskirchen,Regionalliga - Ost,TRUSTED_SOURCE_BUT_NO_SCORED_ROW,MISSING_SCORED_ROW,SCORING_NOT_RUN_FOR_TRUSTED_RAW,false,MISSING,trusted raw candidate has no matching scored row,Run/repair scoring enrichment over trusted raw fixture candidates before market translation.,WAIT_SCORING,NO,NO
2026-07-31,2026-07-31T23:32:34+01:00,1574044,Wiener SC,Favoritner AC,Regionalliga - Ost,TRUSTED_SOURCE_BUT_NO_SCORED_ROW,MISSING_SCORED_ROW,SCORING_NOT_RUN_FOR_TRUSTED_RAW,false,MISSING,trusted raw candidate has no matching scored row,Run/repair scoring enrichment over trusted raw fixture candidates before market translation.,WAIT_SCORING,NO,NO
2026-07-31,2026-07-31T23:32:34+01:00,1607903,Donau Klagenfurt,Austria Klagenfurt,Regionalliga - South,TRUSTED_SOURCE_BUT_NO_SCORED_ROW,MISSING_SCORED_ROW,SCORING_NOT_RUN_FOR_TRUSTED_RAW,false,MISSING,trusted raw candidate has no matching scored row,Run/repair scoring enrichment over trusted raw fixture candidates before market translation.,WAIT_SCORING,NO,NO
2026-07-31,2026-07-31T23:32:34+01:00,1607904,Treibach,Völkermarkt,Regionalliga - South,TRUSTED_SOURCE_BUT_NO_SCORED_ROW,MISSING_SCORED_ROW,SCORING_NOT_RUN_FOR_TRUSTED_RAW,false,MISSING,trusted raw candidate has no matching scored row,Run/repair scoring enrichment over trusted raw fixture candidates before market translation.,WAIT_SCORING,NO,NO
2026-07-31,2026-07-31T23:32:34+01:00,1607902,Velden,Bleiburg,Regionalliga - South,TRUSTED_SOURCE_BUT_NO_SCORED_ROW,MISSING_SCORED_ROW,SCORING_NOT_RUN_FOR_TRUSTED_RAW,false,MISSING,trusted raw candidate has no matching scored row,Run/repair scoring enrichment over trusted raw fixture candidates before market translation.,WAIT_SCORING,NO,NO
2026-07-31,2026-07-31T23:32:34+01:00,1607901,Wolfsberg,Wolfsberger AC II,Regionalliga - South,TRUSTED_SOURCE_BUT_NO_SCORED_ROW,MISSING_SCORED_ROW,SCORING_NOT_RUN_FOR_TRUSTED_RAW,false,MISSING,trusted raw candidate has no matching scored row,Run/repair scoring enrichment over trusted raw fixture candidates before market translation.,WAIT_SCORING,NO,NO
2026-07-31,2026-07-31T23:32:34+01:00,1587399,Bonner SC,Rot-weiss Oberhausen,Regionalliga - West,TRUSTED_SOURCE_BUT_NO_SCORED_ROW,MISSING_SCORED_ROW,SCORING_NOT_RUN_FOR_TRUSTED_RAW,false,MISSING,trusted raw candidate has no matching scored row,Run/repair scoring enrichment over trusted raw fixture candidates before market translation.,WAIT_SCORING,NO,NO
2026-07-31,2026-07-31T23:32:34+01:00,1573803,Fügen,Schwaz,Regionalliga - West,TRUSTED_SOURCE_BUT_NO_SCORED_ROW,MISSING_SCORED_ROW,SCORING_NOT_RUN_FOR_TRUSTED_RAW,false,MISSING,trusted raw candidate has no matching scored row,Run/repair scoring enrichment over trusted raw fixture candidates before market translation.,WAIT_SCORING,NO,NO
2026-07-31,2026-07-31T23:32:34+01:00,1573806,Imst,SVG Reichenau,Regionalliga - West,TRUSTED_SOURCE_BUT_NO_SCORED_ROW,MISSING_SCORED_ROW,SCORING_NOT_RUN_FOR_TRUSTED_RAW,false,MISSING,trusted raw candidate has no matching scored row,Run/repair scoring enrichment over trusted raw fixture candidates before market translation.,WAIT_SCORING,NO,NO
2026-07-31,2026-07-31T23:32:34+01:00,1573802,Kitzbühel,Lustenau,Regionalliga - West,TRUSTED_SOURCE_BUT_NO_SCORED_ROW,MISSING_SCORED_ROW,SCORING_NOT_RUN_FOR_TRUSTED_RAW,false,MISSING,trusted raw candidate has no matching scored row,Run/repair scoring enrichment over trusted raw fixture candidates before market translation.,WAIT_SCORING,NO,NO
2026-07-31,2026-07-31T23:32:34+01:00,1607298,PSV/Eindhoven W,Twente W,Super Cup Women,NOT_TRUSTED_NO_PROMOTION,NOT_TRUSTED_SKIPPED,RAW_TRUST_GATE_BLOCK,false,MISSING,"raw candidate was not trusted, so scoring gap is intentionally ignored",Keep diagnostic only unless future whitelist changes source trust.,DIAGNOSTIC_ONLY,NO,NO
2026-07-31,2026-07-31T23:32:34+01:00,1549996,Control Orientado,Uribelarrea,Torneo Promocional Amateur,TRUSTED_SOURCE_BUT_NO_SCORED_ROW,MISSING_SCORED_ROW,SCORING_NOT_RUN_FOR_TRUSTED_RAW,false,MISSING,trusted raw candidate has no matching scored row,Run/repair scoring enrichment over trusted raw fixture candidates before market translation.,WAIT_SCORING,NO,NO
2026-07-31,2026-07-31T23:32:34+01:00,1519107,CSKA Moskva U19,Rubin Kazan U20,Youth Championship,NOT_TRUSTED_NO_PROMOTION,NOT_TRUSTED_SKIPPED,RAW_TRUST_GATE_BLOCK,false,MISSING,"raw candidate was not trusted, so scoring gap is intentionally ignored",Keep diagnostic only unless future whitelist changes source trust.,DIAGNOSTIC_ONLY,NO,NO
2026-07-31,2026-07-31T23:32:34+01:00,1519108,Fakel U19,Dynamo Makhachkala U19,Youth Championship,NOT_TRUSTED_NO_PROMOTION,NOT_TRUSTED_SKIPPED,RAW_TRUST_GATE_BLOCK,false,MISSING,"raw candidate was not trusted, so scoring gap is intentionally ignored",Keep diagnostic only unless future whitelist changes source trust.,DIAGNOSTIC_ONLY,NO,NO
2026-07-31,2026-07-31T23:32:34+01:00,1519109,Krasnodar U19,Rostov U19,Youth Championship,NOT_TRUSTED_NO_PROMOTION,NOT_TRUSTED_SKIPPED,RAW_TRUST_GATE_BLOCK,false,MISSING,"raw candidate was not trusted, so scoring gap is intentionally ignored",Keep diagnostic only unless future whitelist changes source trust.,DIAGNOSTIC_ONLY,NO,NO
2026-07-31,2026-07-31T23:32:34+01:00,1519110,Lokomotiv Moskva U19,Nizhny Novgorod U19,Youth Championship,NOT_TRUSTED_NO_PROMOTION,NOT_TRUSTED_SKIPPED,RAW_TRUST_GATE_BLOCK,false,MISSING,"raw candidate was not trusted, so scoring gap is intentionally ignored",Keep diagnostic only unless future whitelist changes source trust.,DIAGNOSTIC_ONLY,NO,NO
2026-07-31,2026-07-31T23:32:34+01:00,1519111,Spartak Moskva U19,Dinamo Moskva U19,Youth Championship,NOT_TRUSTED_NO_PROMOTION,NOT_TRUSTED_SKIPPED,RAW_TRUST_GATE_BLOCK,false,MISSING,"raw candidate was not trusted, so scoring gap is intentionally ignored",Keep diagnostic only unless future whitelist changes source trust.,DIAGNOSTIC_ONLY,NO,NO
2026-07-31,2026-07-31T23:32:34+01:00,1519113,Zenit U19,Rodina Moscow U19,Youth Championship,NOT_TRUSTED_NO_PROMOTION,NOT_TRUSTED_SKIPPED,RAW_TRUST_GATE_BLOCK,false,MISSING,"raw candidate was not trusted, so scoring gap is intentionally ignored",Keep diagnostic only unless future whitelist changes source trust.,DIAGNOSTIC_ONLY,NO,NO
