date,fixture_datetime_utc,fixture_timestamp,league,league_id,season,fixture_id,status,home_team,home_team_id,away_team,away_team_id,country,fixture_status_short,fixture_status_long,fixture_status_elapsed,goals_home,goals_away,score_fulltime_home,score_fulltime_away,score_halftime_home,score_halftime_away,score_extratime_home,score_extratime_away,score_penalty_home,score_penalty_away,home_xg_for,home_xg_against,away_xg_for,away_xg_against,home_sot_for,away_sot_for,home_big_for,away_big_for,home_motivation,away_motivation,home_absences,away_absences,today_pipeline_fetched_at,league_coverage_class,league_has_odds_coverage,league_has_fixture_stats_coverage,league_has_injuries_coverage,league_has_lineups_coverage,league_has_predictions_coverage,league_coverage_rich_flag,league_data_reliability_score,league_coverage_source_status,league_coverage_note,home_recent_matches,away_recent_matches,home_form_pts,away_form_pts,home_goals_for_pg,away_goals_for_pg,home_goals_against_pg,away_goals_against_pg,home_scored_rate,away_scored_rate,home_clean_sheet_rate,away_clean_sheet_rate,home_btts_rate,away_btts_rate,home_over15_rate,away_over15_rate,home_over25_rate,away_over25_rate,home_stats_season_used,away_stats_season_used,data_enrichment_level,home_recent_stats_matches_requested,home_recent_stats_matches_used,home_recent_stats_coverage_ratio,home_recent_stats_available_flag,home_recent_shots_for_pg,home_recent_shots_against_pg,home_recent_sot_for_pg,home_recent_sot_against_pg,home_recent_possession_pct,home_recent_corners_for_pg,home_recent_corners_against_pg,home_recent_fouls_pg,home_recent_yellow_pg,home_recent_offsides_pg,home_recent_blocked_shots_pg,away_recent_stats_matches_requested,away_recent_stats_matches_used,away_recent_stats_coverage_ratio,away_recent_stats_available_flag,away_recent_shots_for_pg,away_recent_shots_against_pg,away_recent_sot_for_pg,away_recent_sot_against_pg,away_recent_possession_pct,away_recent_corners_for_pg,away_recent_corners_against_pg,away_recent_fouls_pg,away_recent_yellow_pg,away_recent_offsides_pg,away_recent_blocked_shots_pg,recent_stats_quality_flag,recent_fixture_statistics_updated_at,home_injuries_count,away_injuries_count,home_injuries_available_flag,away_injuries_available_flag,home_absence_risk_score,away_absence_risk_score,home_injuries_coverage_flag,away_injuries_coverage_flag,home_absence_severity_flag,away_absence_severity_flag,injuries_quality_flag,injuries_availability_updated_at,home_lineup_available_flag,away_lineup_available_flag,home_lineup_known_starters_count,away_lineup_known_starters_count,home_lineup_bench_known_flag,away_lineup_bench_known_flag,home_lineup_attacker_count,away_lineup_attacker_count,home_lineup_defender_count,away_lineup_defender_count,home_lineup_midfielder_count,away_lineup_midfielder_count,home_lineup_goalkeeper_known_flag,away_lineup_goalkeeper_known_flag,home_lineup_attack_continuity_score,away_lineup_attack_continuity_score,home_lineup_defense_continuity_score,away_lineup_defense_continuity_score,lineup_confirmation_score,lineup_uncertainty_penalty,lineup_activation_window_minutes,lineup_minutes_to_kickoff,lineup_timing_eligible_flag,lineup_structural_confidence_flag,home_lineup_quality_flag,away_lineup_quality_flag,lineup_quality_flag,lineup_activation_state,fixture_lineups_updated_at,home_rank,home_points,home_goals_diff,home_played,home_table_goals_for,home_table_goals_against,home_urgency_score,away_rank,away_points,away_goals_diff,away_played,away_table_goals_for,away_table_goals_against,away_urgency_score,league_team_count,standings_context_updated_at,odds_1_home_v3,odds_1_draw_v3,odds_1_away_v3,odds_btts_yes_v3,odds_btts_no_v3,odds_over_1_5_v3,odds_under_1_5_v3,odds_over_2_5_v3,odds_under_2_5_v3,odds_over_3_5_v3,odds_under_3_5_v3,odds_dc_1x_v3,odds_dc_x2_v3,odds_dc_12_v3,odds_home_dnb_v3,odds_away_dnb_v3,odds_bookmakers_count_v3,odds_market_count_v3,odds_values_count_v3,imp_1_home,imp_1_draw,imp_1_away,imp_btts_yes,imp_btts_no,imp_over_1_5,imp_under_1_5,imp_over_2_5,imp_under_2_5,imp_over_3_5,imp_under_3_5,imp_dc_1x,imp_dc_x2,imp_dc_12,imp_home_dnb,imp_away_dnb,odds_context_v3_updated_at,odds_context_v3_status
2026-07-26,2026-07-26T00:00:00+01:00,1785020400,USL Championship,255,2026,1493587,PST,Birmingham Legion,3989,New Mexico United,4003,USA,PST,Match Postponed,,,,,,,,,,,,0.0,0.0,0.0,0.0,0.0,0.0,0.0,0.0,0.0,0.0,,,2026-07-26T10:02:42.149423+00:00,COVERAGE_UNKNOWN,,,,,,0,1.0,COVERAGE_NOT_LOADED,,,,,,,,,,,,,,,,,,,,,,,,,,,,,,,,,,,,,,,,,,,,,,,,,,,,,NONE,,,,,,,,,,,,,,,,,,,,,,,,,,,,,,,,,,,,,,,,,,,,,,,,,,,,,,,,,,,,,,,,,,,,,,,,,,,,,,,,,,,,,,,,,,,,,,,
2026-07-26,2026-07-26T09:15:00+01:00,1785053700,Friendlies Clubs,667,2026,1598545,NS,Motorlet Praha,7319,Neratovice-Byškovice,7320,World,NS,Not Started,,,,,,,,,,,,0.0,0.0,0.0,0.0,0.0,0.0,0.0,0.0,0.0,0.0,,,2026-07-26T10:02:42.149876+00:00,COVERAGE_UNKNOWN,,,,,,0,1.0,COVERAGE_NOT_LOADED,,,,,,,,,,,,,,,,,,,,,,,,,,,,,,,,,,,,,,,,,,,,,,,,,,,,,NONE,,,,,,,,,,,,,,,,,,,,,,,,,,,,,,,,,,,,,,,,,,,,,,,,,,,,,,,,,,,,,,,,,,,,,,,,,,,,,,,,,,,,,,,,,,,,,,,
2026-07-26,2026-07-26T09:45:00+01:00,1785055500,Oberliga - Hamburg,745,2026,1566283,NS,HEBC,16078,Niendorfer TSV,12821,Germany,NS,Not Started,,,,,,,,,,,,0.0,0.0,0.0,0.0,0.0,0.0,0.0,0.0,0.0,0.0,,,2026-07-26T10:02:42.149905+00:00,COVERAGE_UNKNOWN,,,,,,0,1.0,COVERAGE_NOT_LOADED,,,,,,,,,,,,,,,,,,,,,,,,,,,,,,,,,,,,,,,,,,,,,,,,,,,,,NONE,,,,,,,,,,,,,,,,,,,,,,,,,,,,,,,,,,,,,,,,,,,,,,,,,,,,,,,,,,,,,,,,,,,,,,,,,,,,,,,,,,,,,,,,,,,,,,,
2026-07-26,2026-07-26T10:00:00+01:00,1785056400,Oberliga - Hamburg,745,2026,1566284,NS,Sasel,16083,Buchholz,12746,Germany,NS,Not Started,,,,,,,,,,,,0.0,0.0,0.0,0.0,0.0,0.0,0.0,0.0,0.0,0.0,,,2026-07-26T10:02:42.149925+00:00,COVERAGE_UNKNOWN,,,,,,0,1.0,COVERAGE_NOT_LOADED,,,,,,,,,,,,,,,,,,,,,,,,,,,,,,,,,,,,,,,,,,,,,,,,,,,,,NONE,,,,,,,,,,,,,,,,,,,,,,,,,,,,,,,,,,,,,,,,,,,,,,,,,,,,,,,,,,,,,,,,,,,,,,,,,,,,,,,,,,,,,,,,,,,,,,,
2026-07-26,2026-07-26T10:30:00+01:00,1785058200,Calcutta Premier Division,1020,2026,1603292,NS,Peerless,21608,United,8241,India,NS,Not Started,,,,,,,,,,,,0.0,0.0,0.0,0.0,0.0,0.0,0.0,0.0,0.0,0.0,,,2026-07-26T10:02:42.149972+00:00,COVERAGE_UNKNOWN,,,,,,0,1.0,COVERAGE_NOT_LOADED,,,,,,,,,,,,,,,,,,,,,,,,,,,,,,,,,,,,,,,,,,,,,,,,,,,,,NONE,,,,,,,,,,,,,,,,,,,,,,,,,,,,,,,,,,,,,,,,,,,,,,,,,,,,,,,,,,,,,,,,,,,,,,,,,,,,,,,,,,,,,,,,,,,,,,,
2026-07-26,2026-07-26T11:00:00+01:00,1785060000,2. Division - Group 2,474,2026,1496285,NS,Rana,16229,Kjelsås,7001,Norway,NS,Not Started,,,,,,,,,,,,0.0,0.0,0.0,0.0,0.0,0.0,0.0,0.0,0.0,0.0,,,2026-07-26T10:02:42.149977+00:00,COVERAGE_UNKNOWN,,,,,,0,1.0,COVERAGE_NOT_LOADED,,,,,,,,,,,,,,,,,,,,,,,,,,,,,,,,,,,,,,,,,,,,,,,,,,,,,NONE,,,,,,,,,,,,,,,,,,,,,,,,,,,,,,,,,,,,,,,,,,,,,,,,,,,,,,,,,,,,,,,,,,,,,,,,,,,,,,,,,,,,,,,,,,,,,,,
2026-07-26,2026-07-26T11:00:00+01:00,1785060000,3. Division - Girone 5,778,2026,1497196,NS,Skjetten,7025,Bossekop,18444,Norway,NS,Not Started,,,,,,,,,,,,0.0,0.0,0.0,0.0,0.0,0.0,0.0,0.0,0.0,0.0,,,2026-07-26T10:02:42.149981+00:00,COVERAGE_UNKNOWN,,,,,,0,1.0,COVERAGE_NOT_LOADED,,,,,,,,,,,,,,,,,,,,,,,,,,,,,,,,,,,,,,,,,,,,,,,,,,,,,NONE,,,,,,,,,,,,,,,,,,,,,,,,,,,,,,,,,,,,,,,,,,,,,,,,,,,,,,,,,,,,,,,,,,,,,,,,,,,,,,,,,,,,,,,,,,,,,,,
2026-07-26,2026-07-26T11:00:00+01:00,1785060000,Premier League,1031,2026,1601067,TBD,Tsirang,21277,Transport United,5593,Bhutan,TBD,Time To Be Defined,,,,,,,,,,,,0.0,0.0,0.0,0.0,0.0,0.0,0.0,0.0,0.0,0.0,,,2026-07-26T10:02:42.150028+00:00,COVERAGE_UNKNOWN,,,,,,0,1.0,COVERAGE_NOT_LOADED,,,,,,,,,,,,,,,,,,,,,,,,,,,,,,,,,,,,,,,,,,,,,,,,,,,,,NONE,,,,,,,,,,,,,,,,,,,,,,,,,,,,,,,,,,,,,,,,,,,,,,,,,,,,,,,,,,,,,,,,,,,,,,,,,,,,,,,,,,,,,,,,,,,,,,,
2026-07-26,2026-07-26T11:30:00+01:00,1785061800,K League 1,292,2026,1507012,NS,FC Anyang,2748,Gangwon FC,2746,South-Korea,NS,Not Started,,,,,,,,,,,,0.0,0.0,0.0,0.0,0.0,0.0,0.0,0.0,0.0,0.0,,,2026-07-26T10:02:42.150033+00:00,COVERAGE_RICH,1.0,1.0,0.0,1.0,1.0,1,0.95,OFFICIAL_API,,8.0,8.0,1.25,1.75,1.125,1.5,0.875,0.625,0.625,0.875,0.25,0.5,0.5,0.375,0.5,0.75,0.125,0.375,2026.0,2026.0,TEAM_LAST_8_ALL_COMPETITIONS,5.0,1.0,0.2,1.0,13.0,15.0,12.0,5.0,55.0,2.0,4.0,14.0,3.0,0.0,0.0,5.0,2.0,0.4,1.0,14.0,12.0,5.5,4.5,44.5,6.0,4.0,21.0,4.5,2.5,5.0,SPARSE,2026-07-26T10:03:25.494904+00:00,,,0.0,0.0,,,NONE,NONE,UNKNOWN,UNKNOWN,NONE,2026-07-26T10:04:24.796850+00:00,0.0,0.0,,,,,,,,,,,,,,,,,,0.12,90.0,25.44,1.0,0.0,NONE,NONE,NONE,INACTIVE,2026-07-26T10:04:33.421870+00:00,6.0,27.0,4.0,19.0,26.0,22.0,0.0,3.0,32.0,12.0,19.0,24.0,12.0,0.5,12.0,2026-07-26T10:04:42.938584+00:00,4.08,3.25,2.08,2.0,1.76,1.42,3.02,2.34,1.65,4.5,1.23,,,,,,13.0,124.0,3241.0,0.2451,0.3077,0.4808,0.5,0.5682,0.7042,0.3311,0.4274,0.6061,0.2222,0.813,,,,,,2026-07-26T10:04:47.585729+00:00,OK
2026-07-26,2026-07-26T11:30:00+01:00,1785061800,K League 1,292,2026,1507013,NS,Gwangju FC,2759,Jeju United FC,2761,South-Korea,NS,Not Started,,,,,,,,,,,,0.0,0.0,0.0,0.0,0.0,0.0,0.0,0.0,0.0,0.0,,,2026-07-26T10:02:42.150037+00:00,COVERAGE_RICH,1.0,1.0,0.0,1.0,1.0,1,0.95,OFFICIAL_API,,8.0,8.0,0.0,1.75,0.375,0.875,3.625,0.625,0.25,0.75,0.0,0.5,0.25,0.25,0.75,0.5,0.75,0.0,2026.0,2026.0,TEAM_LAST_8_ALL_COMPETITIONS,5.0,1.0,0.2,1.0,15.0,13.0,5.0,12.0,45.0,4.0,2.0,10.0,5.0,1.0,6.0,5.0,2.0,0.4,1.0,8.0,5.0,4.0,2.0,40.0,2.0,4.5,17.0,1.0,1.0,2.5,SPARSE,2026-07-26T10:03:31.500134+00:00,,,0.0,0.0,,,NONE,NONE,UNKNOWN,UNKNOWN,NONE,2026-07-26T10:04:24.801168+00:00,0.0,0.0,,,,,,,,,,,,,,,,,,0.12,90.0,25.43,1.0,0.0,NONE,NONE,NONE,INACTIVE,2026-07-26T10:04:34.221994+00:00,12.0,10.0,-33.0,19.0,10.0,43.0,1.0,8.0,24.0,-2.0,19.0,17.0,19.0,0.0,12.0,2026-07-26T10:04:42.943670+00:00,4.2,3.39,2.0,2.1,1.8,1.44,2.96,2.36,1.64,4.52,1.22,,,,,,13.0,124.0,3234.0,0.2381,0.295,0.5,0.4762,0.5556,0.6944,0.3378,0.4237,0.6098,0.2212,0.8197,,,,,,2026-07-26T10:04:48.387296+00:00,OK
2026-07-26,2026-07-26T11:30:00+01:00,1785061800,K League 1,292,2026,1507014,NS,Incheon United,2763,Bucheon FC 1995,2745,South-Korea,NS,Not Started,,,,,,,,,,,,0.0,0.0,0.0,0.0,0.0,0.0,0.0,0.0,0.0,0.0,,,2026-07-26T10:02:42.150042+00:00,COVERAGE_RICH,1.0,1.0,0.0,1.0,1.0,1,0.95,OFFICIAL_API,,8.0,8.0,1.75,1.0,1.125,0.5,0.875,1.125,0.75,0.375,0.375,0.375,0.5,0.125,0.5,0.375,0.5,0.25,2026.0,2026.0,TEAM_LAST_8_ALL_COMPETITIONS,5.0,2.0,0.4,1.0,8.5,11.5,2.5,5.0,55.5,5.0,2.5,15.5,2.0,1.0,2.5,5.0,2.0,0.4,1.0,12.0,14.0,5.0,4.0,43.5,1.5,6.0,14.0,2.0,0.5,2.5,SPARSE,2026-07-26T10:03:33.100098+00:00,,,0.0,0.0,,,NONE,NONE,UNKNOWN,UNKNOWN,NONE,2026-07-26T10:04:24.803309+00:00,0.0,0.0,,,,,,,,,,,,,,,,,,0.12,90.0,25.42,1.0,0.0,NONE,NONE,NONE,INACTIVE,2026-07-26T10:04:34.618068+00:00,7.0,27.0,4.0,19.0,24.0,20.0,0.0,11.0,19.0,-7.0,19.0,17.0,24.0,1.0,12.0,2026-07-26T10:04:42.946191+00:00,1.76,3.6,5.63,2.25,1.67,1.47,2.88,2.44,1.6,4.8,1.21,,,,,,13.0,127.0,3184.0,0.5682,0.2778,0.1776,0.4444,0.5988,0.6803,0.3472,0.4098,0.625,0.2083,0.8264,,,,,,2026-07-26T10:04:48.791958+00:00,OK
2026-07-26,2026-07-26T11:30:00+01:00,1785061800,K League 1,292,2026,1507015,NS,FC Seoul,2766,Ulsan Hyundai FC,2767,South-Korea,NS,Not Started,,,,,,,,,,,,0.0,0.0,0.0,0.0,0.0,0.0,0.0,0.0,0.0,0.0,,,2026-07-26T10:02:42.150047+00:00,COVERAGE_RICH,1.0,1.0,0.0,1.0,1.0,1,0.95,OFFICIAL_API,,8.0,8.0,1.75,1.25,1.625,1.5,0.875,1.875,0.75,0.75,0.375,0.0,0.5,0.75,0.625,0.875,0.5,0.625,2026.0,2026.0,TEAM_LAST_8_ALL_COMPETITIONS,5.0,2.0,0.4,1.0,10.0,13.0,4.0,3.0,55.5,4.0,6.5,12.0,0.0,1.5,1.5,5.0,1.0,0.2,1.0,20.0,15.0,4.0,9.0,58.0,6.0,4.0,20.0,3.0,2.0,11.0,SPARSE,2026-07-26T10:03:28.295003+00:00,,,0.0,0.0,,,NONE,NONE,UNKNOWN,UNKNOWN,NONE,2026-07-26T10:04:24.799014+00:00,0.0,0.0,,,,,,,,,,,,,,,,,,0.12,90.0,25.44,1.0,0.0,NONE,NONE,NONE,INACTIVE,2026-07-26T10:04:33.826482+00:00,1.0,42.0,20.0,19.0,34.0,14.0,1.0,4.0,28.0,-1.0,19.0,27.0,28.0,0.5,12.0,2026-07-26T10:04:42.941099+00:00,1.87,3.88,4.39,1.75,2.05,1.27,3.95,1.85,2.04,3.14,1.38,,,,,,13.0,115.0,3266.0,0.5348,0.2577,0.2278,0.5714,0.4878,0.7874,0.2532,0.5405,0.4902,0.3185,0.7246,,,,,,2026-07-26T10:04:47.983750+00:00,OK
2026-07-26,2026-07-26T11:30:00+01:00,1785061800,K League 2,293,2026,1510393,NS,Gimpo Citizen,7078,Yongin City,9171,South-Korea,NS,Not Started,,,,,,,,,,,,0.0,0.0,0.0,0.0,0.0,0.0,0.0,0.0,0.0,0.0,,,2026-07-26T10:02:42.150051+00:00,COVERAGE_UNKNOWN,,,,,,0,1.0,COVERAGE_NOT_LOADED,,,,,,,,,,,,,,,,,,,,,,,,,,,,,,,,,,,,,,,,,,,,,,,,,,,,,NONE,,,,,,,,,,,,,,,,,,,,,,,,,,,,,,,,,,,,,,,,,,,,,,,,,,,,,,,,,,,,,,,,,,,,,,,,,,,,,,,,,,,,,,,,,,,,,,,
2026-07-26,2026-07-26T11:30:00+01:00,1785061800,K League 2,293,2026,1510394,NS,Paju Citizen,7098,Ansan Greeners,2758,South-Korea,NS,Not Started,,,,,,,,,,,,0.0,0.0,0.0,0.0,0.0,0.0,0.0,0.0,0.0,0.0,,,2026-07-26T10:02:42.150056+00:00,COVERAGE_UNKNOWN,,,,,,0,1.0,COVERAGE_NOT_LOADED,,,,,,,,,,,,,,,,,,,,,,,,,,,,,,,,,,,,,,,,,,,,,,,,,,,,,NONE,,,,,,,,,,,,,,,,,,,,,,,,,,,,,,,,,,,,,,,,,,,,,,,,,,,,,,,,,,,,,,,,,,,,,,,,,,,,,,,,,,,,,,,,,,,,,,,
2026-07-26,2026-07-26T12:00:00+01:00,1785063600,2. Division - Group 1,473,2026,1496104,NS,Kvik Halden,7004,Træff,7040,Norway,NS,Not Started,,,,,,,,,,,,0.0,0.0,0.0,0.0,0.0,0.0,0.0,0.0,0.0,0.0,,,2026-07-26T10:02:42.150061+00:00,COVERAGE_UNKNOWN,,,,,,0,1.0,COVERAGE_NOT_LOADED,,,,,,,,,,,,,,,,,,,,,,,,,,,,,,,,,,,,,,,,,,,,,,,,,,,,,NONE,,,,,,,,,,,,,,,,,,,,,,,,,,,,,,,,,,,,,,,,,,,,,,,,,,,,,,,,,,,,,,,,,,,,,,,,,,,,,,,,,,,,,,,,,,,,,,,
2026-07-26,2026-07-26T12:00:00+01:00,1785063600,Superettan,114,2026,1497639,NS,GIF Sundsvall,373,Falkenbergs FF,812,Sweden,NS,Not Started,,,,,,,,,,,,0.0,0.0,0.0,0.0,0.0,0.0,0.0,0.0,0.0,0.0,,,2026-07-26T10:02:42.150066+00:00,COVERAGE_UNKNOWN,,,,,,0,1.0,COVERAGE_NOT_LOADED,,,,,,,,,,,,,,,,,,,,,,,,,,,,,,,,,,,,,,,,,,,,,,,,,,,,,NONE,,,,,,,,,,,,,,,,,,,,,,,,,,,,,,,,,,,,,,,,,,,,,,,,,,,,,,,,,,,,,,,,,,,,,,,,,,,,,,,,,,,,,,,,,,,,,,,
2026-07-26,2026-07-26T12:00:00+01:00,1785063600,Super League,169,2026,1523215,NS,Yunnan Yukun,21265,Sichuan Jiuniu,5686,China,NS,Not Started,,,,,,,,,,,,0.0,0.0,0.0,0.0,0.0,0.0,0.0,0.0,0.0,0.0,,,2026-07-26T10:02:42.150070+00:00,COVERAGE_UNKNOWN,,,,,,0,1.0,COVERAGE_NOT_LOADED,,,,,,,,,,,,,,,,,,,,,,,,,,,,,,,,,,,,,,,,,,,,,,,,,,,,,NONE,,,,,,,,,,,,,,,,,,,,,,,,,,,,,,,,,,,,,,,,,,,,,,,,,,,,,,,,,,,,,,,,,,,,,,,,,,,,,,,,,,,,,,,,,,,,,,,
2026-07-26,2026-07-26T12:00:00+01:00,1785063600,League One,170,2026,1528663,NS,Dalian Huayi,5652,Suzhou Dongwu,5688,China,NS,Not Started,,,,,,,,,,,,0.0,0.0,0.0,0.0,0.0,0.0,0.0,0.0,0.0,0.0,,,2026-07-26T10:02:42.150075+00:00,COVERAGE_UNKNOWN,,,,,,0,1.0,COVERAGE_NOT_LOADED,,,,,,,,,,,,,,,,,,,,,,,,,,,,,,,,,,,,,,,,,,,,,,,,,,,,,NONE,,,,,,,,,,,,,,,,,,,,,,,,,,,,,,,,,,,,,,,,,,,,,,,,,,,,,,,,,,,,,,,,,,,,,,,,,,,,,,,,,,,,,,,,,,,,,,,
2026-07-26,2026-07-26T12:00:00+01:00,1785063600,Second League - Group 3,650,2026,1536639,NS,Arsenal Tula II,17720,Ryazan,6823,Russia,NS,Not Started,,,,,,,,,,,,0.0,0.0,0.0,0.0,0.0,0.0,0.0,0.0,0.0,0.0,,,2026-07-26T10:02:42.150079+00:00,COVERAGE_UNKNOWN,,,,,,0,1.0,COVERAGE_NOT_LOADED,,,,,,,,,,,,,,,,,,,,,,,,,,,,,,,,,,,,,,,,,,,,,,,,,,,,,NONE,,,,,,,,,,,,,,,,,,,,,,,,,,,,,,,,,,,,,,,,,,,,,,,,,,,,,,,,,,,,,,,,,,,,,,,,,,,,,,,,,,,,,,,,,,,,,,,
2026-07-26,2026-07-26T12:00:00+01:00,1785063600,Second League A - Division A Gold,1025,2026,1565430,NS,Kaluga,6802,Novosibirsk,6819,Russia,NS,Not Started,,,,,,,,,,,,0.0,0.0,0.0,0.0,0.0,0.0,0.0,0.0,0.0,0.0,,,2026-07-26T10:02:42.150085+00:00,COVERAGE_UNKNOWN,,,,,,0,1.0,COVERAGE_NOT_LOADED,,,,,,,,,,,,,,,,,,,,,,,,,,,,,,,,,,,,,,,,,,,,,,,,,,,,,NONE,,,,,,,,,,,,,,,,,,,,,,,,,,,,,,,,,,,,,,,,,,,,,,,,,,,,,,,,,,,,,,,,,,,,,,,,,,,,,,,,,,,,,,,,,,,,,,,
2026-07-26,2026-07-26T12:00:00+01:00,1785063600,Oberliga - Hamburg,745,2026,1566285,NS,Pinneberg,27365,Harksheide,19470,Germany,NS,Not Started,,,,,,,,,,,,0.0,0.0,0.0,0.0,0.0,0.0,0.0,0.0,0.0,0.0,,,2026-07-26T10:02:42.150090+00:00,COVERAGE_UNKNOWN,,,,,,0,1.0,COVERAGE_NOT_LOADED,,,,,,,,,,,,,,,,,,,,,,,,,,,,,,,,,,,,,,,,,,,,,,,,,,,,,NONE,,,,,,,,,,,,,,,,,,,,,,,,,,,,,,,,,,,,,,,,,,,,,,,,,,,,,,,,,,,,,,,,,,,,,,,,,,,,,,,,,,,,,,,,,,,,,,,
2026-07-26,2026-07-26T12:00:00+01:00,1785063600,Friendlies Clubs,667,2026,1567739,NS,VfR Aalen,1327,FC Saarbrücken,1639,World,NS,Not Started,,,,,,,,,,,,0.0,0.0,0.0,0.0,0.0,0.0,0.0,0.0,0.0,0.0,,,2026-07-26T10:02:42.150094+00:00,COVERAGE_UNKNOWN,,,,,,0,1.0,COVERAGE_NOT_LOADED,,,,,,,,,,,,,,,,,,,,,,,,,,,,,,,,,,,,,,,,,,,,,,,,,,,,,NONE,,,,,,,,,,,,,,,,,,,,,,,,,,,,,,,,,,,,,,,,,,,,,,,,,,,,,,,,,,,,,,,,,,,,,,,,,,,,,,,,,,,,,,,,,,,,,,,
2026-07-26,2026-07-26T12:00:00+01:00,1785063600,Friendlies Clubs,667,2026,1567746,NS,Guimaraes,224,Nottingham Forest,65,World,NS,Not Started,,,,,,,,,,,,0.0,0.0,0.0,0.0,0.0,0.0,0.0,0.0,0.0,0.0,,,2026-07-26T10:02:42.150103+00:00,COVERAGE_UNKNOWN,,,,,,0,1.0,COVERAGE_NOT_LOADED,,,,,,,,,,,,,,,,,,,,,,,,,,,,,,,,,,,,,,,,,,,,,,,,,,,,,NONE,,,,,,,,,,,,,,,,,,,,,,,,,,,,,,,,,,,,,,,,,,,,,,,,,,,,,,,,,,,,,,,,,,,,,,,,,,,,,,,,,,,,,,,,,,,,,,,
2026-07-26,2026-07-26T12:00:00+01:00,1785063600,Persha Liga,334,2026,1581855,NS,Probiy Horodenka,24568,Inhulets,3625,Ukraine,NS,Not Started,,,,,,,,,,,,0.0,0.0,0.0,0.0,0.0,0.0,0.0,0.0,0.0,0.0,,,2026-07-26T10:02:42.150108+00:00,COVERAGE_UNKNOWN,,,,,,0,1.0,COVERAGE_NOT_LOADED,,,,,,,,,,,,,,,,,,,,,,,,,,,,,,,,,,,,,,,,,,,,,,,,,,,,,NONE,,,,,,,,,,,,,,,,,,,,,,,,,,,,,,,,,,,,,,,,,,,,,,,,,,,,,,,,,,,,,,,,,,,,,,,,,,,,,,,,,,,,,,,,,,,,,,,
2026-07-26,2026-07-26T12:00:00+01:00,1785063600,Coppa,486,2026,1598800,PST,Dinamo Minsk,394,ML Vitebsk,7808,Belarus,PST,Match Postponed,,,,,,,,,,,,0.0,0.0,0.0,0.0,0.0,0.0,0.0,0.0,0.0,0.0,,,2026-07-26T10:02:42.150113+00:00,COVERAGE_UNKNOWN,,,,,,0,1.0,COVERAGE_NOT_LOADED,,,,,,,,,,,,,,,,,,,,,,,,,,,,,,,,,,,,,,,,,,,,,,,,,,,,,NONE,,,,,,,,,,,,,,,,,,,,,,,,,,,,,,,,,,,,,,,,,,,,,,,,,,,,,,,,,,,,,,,,,,,,,,,,,,,,,,,,,,,,,,,,,,,,,,,
2026-07-26,2026-07-26T12:30:00+01:00,1785065400,League One,170,2026,1528664,NS,Guangxi Hengchen,23268,Heilongjiang Lava Spring,1445,China,NS,Not Started,,,,,,,,,,,,0.0,0.0,0.0,0.0,0.0,0.0,0.0,0.0,0.0,0.0,,,2026-07-26T10:02:42.150118+00:00,COVERAGE_UNKNOWN,,,,,,0,1.0,COVERAGE_NOT_LOADED,,,,,,,,,,,,,,,,,,,,,,,,,,,,,,,,,,,,,,,,,,,,,,,,,,,,,NONE,,,,,,,,,,,,,,,,,,,,,,,,,,,,,,,,,,,,,,,,,,,,,,,,,,,,,,,,,,,,,,,,,,,,,,,,,,,,,,,,,,,,,,,,,,,,,,,
2026-07-26,2026-07-26T12:30:00+01:00,1785065400,League Two,929,2026,1532841,NS,Guangdong Mingtu,25773,Chengdu Rongcheng II,25839,China,NS,Not Started,,,,,,,,,,,,0.0,0.0,0.0,0.0,0.0,0.0,0.0,0.0,0.0,0.0,,,2026-07-26T10:02:42.150122+00:00,COVERAGE_UNKNOWN,,,,,,0,1.0,COVERAGE_NOT_LOADED,,,,,,,,,,,,,,,,,,,,,,,,,,,,,,,,,,,,,,,,,,,,,,,,,,,,,NONE,,,,,,,,,,,,,,,,,,,,,,,,,,,,,,,,,,,,,,,,,,,,,,,,,,,,,,,,,,,,,,,,,,,,,,,,,,,,,,,,,,,,,,,,,,,,,,,
2026-07-26,2026-07-26T12:30:00+01:00,1785065400,League Two,929,2026,1532842,NS,Hubei Chufeng Heli,5660,Wuhan Three Towns II,25840,China,NS,Not Started,,,,,,,,,,,,0.0,0.0,0.0,0.0,0.0,0.0,0.0,0.0,0.0,0.0,,,2026-07-26T10:02:42.150127+00:00,COVERAGE_UNKNOWN,,,,,,0,1.0,COVERAGE_NOT_LOADED,,,,,,,,,,,,,,,,,,,,,,,,,,,,,,,,,,,,,,,,,,,,,,,,,,,,,NONE,,,,,,,,,,,,,,,,,,,,,,,,,,,,,,,,,,,,,,,,,,,,,,,,,,,,,,,,,,,,,,,,,,,,,,,,,,,,,,,,,,,,,,,,,,,,,,,
2026-07-26,2026-07-26T12:35:00+01:00,1785065700,Super League,169,2026,1523216,NS,Chengdu Better City,5648,Beijing Guoan,830,China,NS,Not Started,,,,,,,,,,,,0.0,0.0,0.0,0.0,0.0,0.0,0.0,0.0,0.0,0.0,,,2026-07-26T10:02:42.150132+00:00,COVERAGE_UNKNOWN,,,,,,0,1.0,COVERAGE_NOT_LOADED,,,,,,,,,,,,,,,,,,,,,,,,,,,,,,,,,,,,,,,,,,,,,,,,,,,,,NONE,,,,,,,,,,,,,,,,,,,,,,,,,,,,,,,,,,,,,,,,,,,,,,,,,,,,,,,,,,,,,,,,,,,,,,,,,,,,,,,,,,,,,,,,,,,,,,,
2026-07-26,2026-07-26T12:35:00+01:00,1785065700,Super League,169,2026,1523217,NS,Shandong Luneng,844,Henan Jianye,840,China,NS,Not Started,,,,,,,,,,,,0.0,0.0,0.0,0.0,0.0,0.0,0.0,0.0,0.0,0.0,,,2026-07-26T10:02:42.150136+00:00,COVERAGE_UNKNOWN,,,,,,0,1.0,COVERAGE_NOT_LOADED,,,,,,,,,,,,,,,,,,,,,,,,,,,,,,,,,,,,,,,,,,,,,,,,,,,,,NONE,,,,,,,,,,,,,,,,,,,,,,,,,,,,,,,,,,,,,,,,,,,,,,,,,,,,,,,,,,,,,,,,,,,,,,,,,,,,,,,,,,,,,,,,,,,,,,,
2026-07-26,2026-07-26T13:00:00+01:00,1785067200,Allsvenskan,113,2026,1494217,NS,IF Brommapojkarna,371,Hammarby FF,363,Sweden,NS,Not Started,,,,,,,,,,,,0.0,0.0,0.0,0.0,0.0,0.0,0.0,0.0,0.0,0.0,8.0,4.0,2026-07-26T10:02:42.150141+00:00,COVERAGE_RICH,1.0,1.0,1.0,1.0,1.0,1,0.95,OFFICIAL_API,,8.0,8.0,1.0,1.875,1.375,2.625,1.875,1.125,0.75,0.875,0.0,0.25,0.75,0.625,1.0,1.0,0.875,0.625,2026.0,2026.0,TEAM_LAST_8_ALL_COMPETITIONS,5.0,5.0,1.0,1.0,13.0,12.8,4.0,4.0,47.2,4.2,4.4,10.6,1.6,2.0,4.4,5.0,5.0,1.0,1.0,23.6,8.6,7.6,2.8,66.4,5.2,2.0,10.2,1.2,1.6,6.2,FULL,2026-07-26T10:03:01.088145+00:00,8.0,4.0,1.0,1.0,6.4,4.0,FULL,FULL,HIGH,HIGH,FULL,2026-07-26T10:04:21.988131+00:00,0.0,0.0,,,,,,,,,,,,,,,,,,0.12,90.0,115.5,0.0,0.0,NONE,NONE,NONE,INACTIVE,2026-07-26T10:04:30.220815+00:00,12.0,16.0,-3.0,13.0,18.0,21.0,0.5,2.0,26.0,18.0,14.0,32.0,14.0,1.0,16.0,2026-07-26T10:04:42.917883+00:00,7.0,5.04,1.48,1.67,2.2,1.17,6.0,1.5,2.68,2.3,1.67,,,,,,13.0,129.0,3782.0,0.1429,0.1984,0.6757,0.5988,0.4545,0.8547,0.1667,0.6667,0.3731,0.4348,0.5988,,,,,,2026-07-26T10:04:44.390577+00:00,OK
2026-07-26,2026-07-26T13:00:00+01:00,1785067200,Allsvenskan,113,2026,1494223,NS,Sirius,370,IFK Goteborg,366,Sweden,NS,Not Started,,,,,,,,,,,,0.0,0.0,0.0,0.0,0.0,0.0,0.0,0.0,0.0,0.0,8.0,4.0,2026-07-26T10:02:42.150146+00:00,COVERAGE_RICH,1.0,1.0,1.0,1.0,1.0,1,0.95,OFFICIAL_API,,8.0,8.0,2.375,0.875,2.5,1.125,1.25,2.25,0.875,0.625,0.25,0.0,0.625,0.625,0.875,1.0,0.75,0.5,2026.0,2026.0,TEAM_LAST_8_ALL_COMPETITIONS,5.0,5.0,1.0,1.0,15.4,13.4,5.0,4.2,47.2,5.4,4.6,13.0,1.0,1.4,5.6,5.0,5.0,1.0,1.0,15.4,13.6,5.2,6.0,53.2,5.4,4.8,11.2,2.2,1.6,4.4,FULL,2026-07-26T10:03:06.691045+00:00,8.0,4.0,1.0,1.0,7.2,4.0,FULL,FULL,HIGH,HIGH,FULL,2026-07-26T10:04:22.788359+00:00,0.0,0.0,,,,,,,,,,,,,,,,,,0.12,90.0,115.48,0.0,0.0,NONE,NONE,NONE,INACTIVE,2026-07-26T10:04:31.019584+00:00,1.0,35.0,20.0,13.0,36.0,16.0,1.0,13.0,13.0,-13.0,13.0,16.0,29.0,0.5,16.0,2026-07-26T10:04:42.923061+00:00,1.47,5.0,6.75,1.59,2.45,1.14,6.52,1.45,2.93,2.11,1.79,,,,,,13.0,129.0,3852.0,0.6803,0.2,0.1481,0.6289,0.4082,0.8772,0.1534,0.6897,0.3413,0.4739,0.5587,,,,,,2026-07-26T10:04:45.190162+00:00,OK
2026-07-26,2026-07-26T13:00:00+01:00,1785067200,Veikkausliiga,244,2026,1495742,NS,Ilves,1163,Lahti,1166,Finland,NS,Not Started,,,,,,,,,,,,0.0,0.0,0.0,0.0,0.0,0.0,0.0,0.0,0.0,0.0,,,2026-07-26T10:02:42.150150+00:00,COVERAGE_RICH,1.0,1.0,0.0,1.0,1.0,1,0.95,OFFICIAL_API,,,,,,,,,,,,,,,,,,,,,,,,,,,,,,,,,,,,,,,,,,,,,,,,,,,,,NONE,,,,,,,,,,,,,,,,,,,,,,,,,,,,,,,,,,,,,,,,,,,,,,,,,,,,,,,,,,,,,,,,,,,,,,,,,,,,,,,,,,,,,,,,,,,,,,,
2026-07-26,2026-07-26T13:00:00+01:00,1785067200,Veikkausliiga,244,2026,1495743,NS,Inter Turku,1164,Gnistan,2082,Finland,NS,Not Started,,,,,,,,,,,,0.0,0.0,0.0,0.0,0.0,0.0,0.0,0.0,0.0,0.0,,,2026-07-26T10:02:42.150155+00:00,COVERAGE_RICH,1.0,1.0,0.0,1.0,1.0,1,0.95,OFFICIAL_API,,,,,,,,,,,,,,,,,,,,,,,,,,,,,,,,,,,,,,,,,,,,,,,,,,,,,NONE,,,,,,,,,,,,,,,,,,,,,,,,,,,,,,,,,,,,,,,,,,,,,,,,,,,,,,,,,,,,,,,,,,,,,,,,,,,,,,,,,,,,,,,,,,,,,,,
2026-07-26,2026-07-26T13:00:00+01:00,1785067200,2. Division - Group 2,474,2026,1496287,NS,Trygg/Lade,7039,Eidsvold,6978,Norway,NS,Not Started,,,,,,,,,,,,0.0,0.0,0.0,0.0,0.0,0.0,0.0,0.0,0.0,0.0,,,2026-07-26T10:02:42.150160+00:00,COVERAGE_UNKNOWN,,,,,,0,1.0,COVERAGE_NOT_LOADED,,,,,,,,,,,,,,,,,,,,,,,,,,,,,,,,,,,,,,,,,,,,,,,,,,,,,NONE,,,,,,,,,,,,,,,,,,,,,,,,,,,,,,,,,,,,,,,,,,,,,,,,,,,,,,,,,,,,,,,,,,,,,,,,,,,,,,,,,,,,,,,,,,,,,,,
2026-07-26,2026-07-26T13:00:00+01:00,1785067200,3. Division - Girone 3,776,2026,1496831,NS,Os,12825,Varegg,19719,Norway,NS,Not Started,,,,,,,,,,,,0.0,0.0,0.0,0.0,0.0,0.0,0.0,0.0,0.0,0.0,,,2026-07-26T10:02:42.150164+00:00,COVERAGE_UNKNOWN,,,,,,0,1.0,COVERAGE_NOT_LOADED,,,,,,,,,,,,,,,,,,,,,,,,,,,,,,,,,,,,,,,,,,,,,,,,,,,,,NONE,,,,,,,,,,,,,,,,,,,,,,,,,,,,,,,,,,,,,,,,,,,,,,,,,,,,,,,,,,,,,,,,,,,,,,,,,,,,,,,,,,,,,,,,,,,,,,,
2026-07-26,2026-07-26T13:00:00+01:00,1785067200,3. Division - Girone 4,777,2026,1497009,NS,Åkra,7049,Brodd,6971,Norway,NS,Not Started,,,,,,,,,,,,0.0,0.0,0.0,0.0,0.0,0.0,0.0,0.0,0.0,0.0,,,2026-07-26T10:02:42.150169+00:00,COVERAGE_UNKNOWN,,,,,,0,1.0,COVERAGE_NOT_LOADED,,,,,,,,,,,,,,,,,,,,,,,,,,,,,,,,,,,,,,,,,,,,,,,,,,,,,NONE,,,,,,,,,,,,,,,,,,,,,,,,,,,,,,,,,,,,,,,,,,,,,,,,,,,,,,,,,,,,,,,,,,,,,,,,,,,,,,,,,,,,,,,,,,,,,,,
2026-07-26,2026-07-26T13:00:00+01:00,1785067200,Virsliga,365,2026,1515889,PST,Super Nova,4143,Riga,10124,Latvia,PST,Match Postponed,,,,,,,,,,,,0.0,0.0,0.0,0.0,0.0,0.0,0.0,0.0,0.0,0.0,,,2026-07-26T10:02:42.150174+00:00,COVERAGE_UNKNOWN,,,,,,0,1.0,COVERAGE_NOT_LOADED,,,,,,,,,,,,,,,,,,,,,,,,,,,,,,,,,,,,,,,,,,,,,,,,,,,,,NONE,,,,,,,,,,,,,,,,,,,,,,,,,,,,,,,,,,,,,,,,,,,,,,,,,,,,,,,,,,,,,,,,,,,,,,,,,,,,,,,,,,,,,,,,,,,,,,,
2026-07-26,2026-07-26T13:00:00+01:00,1785067200,Super League,169,2026,1523218,NS,Hangzhou Greentown,848,Dalian Zhixing,21263,China,NS,Not Started,,,,,,,,,,,,0.0,0.0,0.0,0.0,0.0,0.0,0.0,0.0,0.0,0.0,,,2026-07-26T10:02:42.150179+00:00,COVERAGE_UNKNOWN,,,,,,0,1.0,COVERAGE_NOT_LOADED,,,,,,,,,,,,,,,,,,,,,,,,,,,,,,,,,,,,,,,,,,,,,,,,,,,,,NONE,,,,,,,,,,,,,,,,,,,,,,,,,,,,,,,,,,,,,,,,,,,,,,,,,,,,,,,,,,,,,,,,,,,,,,,,,,,,,,,,,,,,,,,,,,,,,,,
2026-07-26,2026-07-26T13:00:00+01:00,1785067200,Second League - Group 4,653,2026,1536856,NS,Nosta,6818,Izhevsk,27650,Russia,NS,Not Started,,,,,,,,,,,,0.0,0.0,0.0,0.0,0.0,0.0,0.0,0.0,0.0,0.0,,,2026-07-26T10:02:42.150184+00:00,COVERAGE_UNKNOWN,,,,,,0,1.0,COVERAGE_NOT_LOADED,,,,,,,,,,,,,,,,,,,,,,,,,,,,,,,,,,,,,,,,,,,,,,,,,,,,,NONE,,,,,,,,,,,,,,,,,,,,,,,,,,,,,,,,,,,,,,,,,,,,,,,,,,,,,,,,,,,,,,,,,,,,,,,,,,,,,,,,,,,,,,,,,,,,,,,
2026-07-26,2026-07-26T13:00:00+01:00,1785067200,Friendlies Clubs,667,2026,1546729,NS,Bonner SC,1637,KFC Uerdingen 05,1322,World,NS,Not Started,,,,,,,,,,,,0.0,0.0,0.0,0.0,0.0,0.0,0.0,0.0,0.0,0.0,,,2026-07-26T10:02:42.150188+00:00,COVERAGE_UNKNOWN,,,,,,0,1.0,COVERAGE_NOT_LOADED,,,,,,,,,,,,,,,,,,,,,,,,,,,,,,,,,,,,,,,,,,,,,,,,,,,,,NONE,,,,,,,,,,,,,,,,,,,,,,,,,,,,,,,,,,,,,,,,,,,,,,,,,,,,,,,,,,,,,,,,,,,,,,,,,,,,,,,,,,,,,,,,,,,,,,,
2026-07-26,2026-07-26T13:00:00+01:00,1785067200,Friendlies Clubs,667,2026,1548029,NS,Feyenoord,209,Rayo Vallecano,728,World,NS,Not Started,,,,,,,,,,,,0.0,0.0,0.0,0.0,0.0,0.0,0.0,0.0,0.0,0.0,,,2026-07-26T10:02:42.150193+00:00,COVERAGE_UNKNOWN,,,,,,0,1.0,COVERAGE_NOT_LOADED,,,,,,,,,,,,,,,,,,,,,,,,,,,,,,,,,,,,,,,,,,,,,,,,,,,,,NONE,,,,,,,,,,,,,,,,,,,,,,,,,,,,,,,,,,,,,,,,,,,,,,,,,,,,,,,,,,,,,,,,,,,,,,,,,,,,,,,,,,,,,,,,,,,,,,,
2026-07-26,2026-07-26T13:00:00+01:00,1785067200,Superliga,119,2026,1548976,NS,Sonderjyske,396,FC Midtjylland,397,Denmark,NS,Not Started,,,,,,,,,,,,0.0,0.0,0.0,0.0,0.0,0.0,0.0,0.0,0.0,0.0,4.0,4.0,2026-07-26T10:02:42.150198+00:00,COVERAGE_RICH,1.0,1.0,1.0,1.0,1.0,1,0.95,OFFICIAL_API,,7.0,8.0,1.143,2.0,2.0,2.625,2.429,1.625,1.0,0.875,0.143,0.375,0.857,0.5,0.857,0.75,0.714,0.75,2026.0,2026.0,TEAM_LAST_8_ALL_COMPETITIONS,5.0,0.0,0.0,0.0,,,,,,,,,,,,5.0,0.0,0.0,0.0,,,,,,,,,,,,NONE,2026-07-26T10:04:19.914795+00:00,4.0,4.0,1.0,1.0,3.6,3.6,FULL,FULL,HIGH,HIGH,FULL,2026-07-26T10:04:28.788786+00:00,0.0,0.0,,,,,,,,,,,,,,,,,,0.12,90.0,115.34,0.0,0.0,NONE,NONE,NONE,INACTIVE,2026-07-26T10:04:39.822429+00:00,4.0,0.0,0.0,0.0,0.0,0.0,0.5,9.0,0.0,0.0,0.0,0.0,0.0,0.5,12.0,2026-07-26T10:04:42.979690+00:00,5.5,4.58,1.59,1.58,2.38,1.17,5.68,1.53,2.66,2.38,1.68,,,,,,14.0,145.0,5197.0,0.1818,0.2183,0.6289,0.6329,0.4202,0.8547,0.1761,0.6536,0.3759,0.4202,0.5952,,,,,,2026-07-26T10:04:53.986842+00:00,OK
2026-07-26,2026-07-26T13:00:00+01:00,1785067200,1. Division,120,2026,1551298,NS,Hobro,408,Aarhus Fremad,6004,Denmark,NS,Not Started,,,,,,,,,,,,0.0,0.0,0.0,0.0,0.0,0.0,0.0,0.0,0.0,0.0,,,2026-07-26T10:02:42.150203+00:00,COVERAGE_UNKNOWN,,,,,,0,1.0,COVERAGE_NOT_LOADED,,,,,,,,,,,,,,,,,,,,,,,,,,,,,,,,,,,,,,,,,,,,,,,,,,,,,NONE,,,,,,,,,,,,,,,,,,,,,,,,,,,,,,,,,,,,,,,,,,,,,,,,,,,,,,,,,,,,,,,,,,,,,,,,,,,,,,,,,,,,,,,,,,,,,,,
2026-07-26,2026-07-26T13:00:00+01:00,1785067200,Super League,207,2026,1555350,NS,BSC Young Boys,565,FC Sion,630,Switzerland,NS,Not Started,,,,,,,,,,,,0.0,0.0,0.0,0.0,0.0,0.0,0.0,0.0,0.0,0.0,,,2026-07-26T10:02:42.150207+00:00,COVERAGE_RICH,1.0,1.0,0.0,1.0,1.0,1,0.95,OFFICIAL_API,,6.0,7.0,1.667,2.714,2.0,4.0,1.333,1.0,0.5,1.0,0.5,0.286,0.167,0.714,0.833,1.0,0.5,0.857,2026.0,2026.0,TEAM_LAST_8_ALL_COMPETITIONS,5.0,0.0,0.0,0.0,,,,,,,,,,,,5.0,1.0,0.2,1.0,23.0,9.0,8.0,2.0,66.0,8.0,1.0,10.0,1.0,1.0,7.0,SPARSE,2026-07-26T10:04:00.709826+00:00,,,0.0,0.0,,,NONE,NONE,UNKNOWN,UNKNOWN,NONE,2026-07-26T10:04:27.590622+00:00,0.0,0.0,,,,,,,,,,,,,,,,,,0.12,90.0,115.37,0.0,0.0,NONE,NONE,NONE,INACTIVE,2026-07-26T10:04:37.820420+00:00,6.0,0.0,0.0,0.0,0.0,0.0,0.0,8.0,0.0,0.0,0.0,0.0,0.0,0.0,12.0,2026-07-26T10:04:42.966955+00:00,1.87,4.29,3.75,1.45,2.73,1.14,6.5,1.45,2.88,2.14,1.77,,,,,,13.0,115.0,3288.0,0.5348,0.2331,0.2667,0.6897,0.3663,0.8772,0.1538,0.6897,0.3472,0.4673,0.565,,,,,,2026-07-26T10:04:51.992479+00:00,OK
2026-07-26,2026-07-26T13:00:00+01:00,1785067200,1 Lyga,361,2026,1556394,NS,BFA,3857,Be1 NFA,16747,Lithuania,NS,Not Started,,,,,,,,,,,,0.0,0.0,0.0,0.0,0.0,0.0,0.0,0.0,0.0,0.0,,,2026-07-26T10:02:42.150212+00:00,COVERAGE_UNKNOWN,,,,,,0,1.0,COVERAGE_NOT_LOADED,,,,,,,,,,,,,,,,,,,,,,,,,,,,,,,,,,,,,,,,,,,,,,,,,,,,,NONE,,,,,,,,,,,,,,,,,,,,,,,,,,,,,,,,,,,,,,,,,,,,,,,,,,,,,,,,,,,,,,,,,,,,,,,,,,,,,,,,,,,,,,,,,,,,,,,
2026-07-26,2026-07-26T13:00:00+01:00,1785067200,Cup,657,2026,1556625,NS,Saku Sporting,14329,Legion,13152,Estonia,NS,Not Started,,,,,,,,,,,,0.0,0.0,0.0,0.0,0.0,0.0,0.0,0.0,0.0,0.0,,,2026-07-26T10:02:42.150216+00:00,COVERAGE_UNKNOWN,,,,,,0,1.0,COVERAGE_NOT_LOADED,,,,,,,,,,,,,,,,,,,,,,,,,,,,,,,,,,,,,,,,,,,,,,,,,,,,,NONE,,,,,,,,,,,,,,,,,,,,,,,,,,,,,,,,,,,,,,,,,,,,,,,,,,,,,,,,,,,,,,,,,,,,,,,,,,,,,,,,,,,,,,,,,,,,,,,
2026-07-26,2026-07-26T13:00:00+01:00,1785067200,Oberliga - Bayern Süd,939,2026,1567010,NS,Schwabmünchen,12850,1860 München II,12724,Germany,NS,Not Started,,,,,,,,,,,,0.0,0.0,0.0,0.0,0.0,0.0,0.0,0.0,0.0,0.0,,,2026-07-26T10:02:42.150221+00:00,COVERAGE_UNKNOWN,,,,,,0,1.0,COVERAGE_NOT_LOADED,,,,,,,,,,,,,,,,,,,,,,,,,,,,,,,,,,,,,,,,,,,,,,,,,,,,,NONE,,,,,,,,,,,,,,,,,,,,,,,,,,,,,,,,,,,,,,,,,,,,,,,,,,,,,,,,,,,,,,,,,,,,,,,,,,,,,,,,,,,,,,,,,,,,,,,
2026-07-26,2026-07-26T13:00:00+01:00,1785067200,Friendlies Clubs,667,2026,1567741,NS,Ajax,194,Burnley,44,World,NS,Not Started,,,,,,,,,,,,0.0,0.0,0.0,0.0,0.0,0.0,0.0,0.0,0.0,0.0,,,2026-07-26T10:02:42.150226+00:00,COVERAGE_UNKNOWN,,,,,,0,1.0,COVERAGE_NOT_LOADED,,,,,,,,,,,,,,,,,,,,,,,,,,,,,,,,,,,,,,,,,,,,,,,,,,,,,NONE,,,,,,,,,,,,,,,,,,,,,,,,,,,,,,,,,,,,,,,,,,,,,,,,,,,,,,,,,,,,,,,,,,,,,,,,,,,,,,,,,,,,,,,,,,,,,,,
2026-07-26,2026-07-26T13:00:00+01:00,1785067200,Friendlies Clubs,667,2026,1567745,NS,Eintracht Norderstedt,1631,St. Pauli II,9346,World,NS,Not Started,,,,,,,,,,,,0.0,0.0,0.0,0.0,0.0,0.0,0.0,0.0,0.0,0.0,,,2026-07-26T10:02:42.150235+00:00,COVERAGE_UNKNOWN,,,,,,0,1.0,COVERAGE_NOT_LOADED,,,,,,,,,,,,,,,,,,,,,,,,,,,,,,,,,,,,,,,,,,,,,,,,,,,,,NONE,,,,,,,,,,,,,,,,,,,,,,,,,,,,,,,,,,,,,,,,,,,,,,,,,,,,,,,,,,,,,,,,,,,,,,,,,,,,,,,,,,,,,,,,,,,,,,,
2026-07-26,2026-07-26T13:00:00+01:00,1785067200,Friendlies Clubs,667,2026,1567747,NS,SG Wattenscheid 09,1629,Germania Ratingen,14689,World,NS,Not Started,,,,,,,,,,,,0.0,0.0,0.0,0.0,0.0,0.0,0.0,0.0,0.0,0.0,,,2026-07-26T10:02:42.150257+00:00,COVERAGE_UNKNOWN,,,,,,0,1.0,COVERAGE_NOT_LOADED,,,,,,,,,,,,,,,,,,,,,,,,,,,,,,,,,,,,,,,,,,,,,,,,,,,,,NONE,,,,,,,,,,,,,,,,,,,,,,,,,,,,,,,,,,,,,,,,,,,,,,,,,,,,,,,,,,,,,,,,,,,,,,,,,,,,,,,,,,,,,,,,,,,,,,,
2026-07-26,2026-07-26T13:00:00+01:00,1785067200,Friendlies Clubs,667,2026,1583461,NS,Ostia Mare,9530,Benevento,506,World,NS,Not Started,,,,,,,,,,,,0.0,0.0,0.0,0.0,0.0,0.0,0.0,0.0,0.0,0.0,,,2026-07-26T10:02:42.150262+00:00,COVERAGE_UNKNOWN,,,,,,0,1.0,COVERAGE_NOT_LOADED,,,,,,,,,,,,,,,,,,,,,,,,,,,,,,,,,,,,,,,,,,,,,,,,,,,,,NONE,,,,,,,,,,,,,,,,,,,,,,,,,,,,,,,,,,,,,,,,,,,,,,,,,,,,,,,,,,,,,,,,,,,,,,,,,,,,,,,,,,,,,,,,,,,,,,,
2026-07-26,2026-07-26T13:00:00+01:00,1785067200,Regionalliga - Nordost,85,2026,1586794,NS,BSG Chemie Leipzig,1651,SV Babelsberg 03,1622,Germany,NS,Not Started,,,,,,,,,,,,0.0,0.0,0.0,0.0,0.0,0.0,0.0,0.0,0.0,0.0,,,2026-07-26T10:02:42.150272+00:00,COVERAGE_UNKNOWN,,,,,,0,1.0,COVERAGE_NOT_LOADED,,,,,,,,,,,,,,,,,,,,,,,,,,,,,,,,,,,,,,,,,,,,,,,,,,,,,NONE,,,,,,,,,,,,,,,,,,,,,,,,,,,,,,,,,,,,,,,,,,,,,,,,,,,,,,,,,,,,,,,,,,,,,,,,,,,,,,,,,,,,,,,,,,,,,,,
2026-07-26,2026-07-26T13:00:00+01:00,1785067200,Regionalliga - Nordost,85,2026,1586795,NS,Greifswalder FC,16118,Hallescher FC,1316,Germany,NS,Not Started,,,,,,,,,,,,0.0,0.0,0.0,0.0,0.0,0.0,0.0,0.0,0.0,0.0,,,2026-07-26T10:02:42.150276+00:00,COVERAGE_UNKNOWN,,,,,,0,1.0,COVERAGE_NOT_LOADED,,,,,,,,,,,,,,,,,,,,,,,,,,,,,,,,,,,,,,,,,,,,,,,,,,,,,NONE,,,,,,,,,,,,,,,,,,,,,,,,,,,,,,,,,,,,,,,,,,,,,,,,,,,,,,,,,,,,,,,,,,,,,,,,,,,,,,,,,,,,,,,,,,,,,,,
2026-07-26,2026-07-26T13:00:00+01:00,1785067200,Regionalliga - Nordost,85,2026,1586796,NS,FC Carl Zeiss Jena,1325,FSV Zwickau,1315,Germany,NS,Not Started,,,,,,,,,,,,0.0,0.0,0.0,0.0,0.0,0.0,0.0,0.0,0.0,0.0,,,2026-07-26T10:02:42.150281+00:00,COVERAGE_UNKNOWN,,,,,,0,1.0,COVERAGE_NOT_LOADED,,,,,,,,,,,,,,,,,,,,,,,,,,,,,,,,,,,,,,,,,,,,,,,,,,,,,NONE,,,,,,,,,,,,,,,,,,,,,,,,,,,,,,,,,,,,,,,,,,,,,,,,,,,,,,,,,,,,,,,,,,,,,,,,,,,,,,,,,,,,,,,,,,,,,,,
2026-07-26,2026-07-26T13:00:00+01:00,1785067200,Friendlies Clubs,667,2026,1591908,NS,Verl,4265,Bremer SV,1630,World,NS,Not Started,,,,,,,,,,,,0.0,0.0,0.0,0.0,0.0,0.0,0.0,0.0,0.0,0.0,,,2026-07-26T10:02:42.150285+00:00,COVERAGE_UNKNOWN,,,,,,0,1.0,COVERAGE_NOT_LOADED,,,,,,,,,,,,,,,,,,,,,,,,,,,,,,,,,,,,,,,,,,,,,,,,,,,,,NONE,,,,,,,,,,,,,,,,,,,,,,,,,,,,,,,,,,,,,,,,,,,,,,,,,,,,,,,,,,,,,,,,,,,,,,,,,,,,,,,,,,,,,,,,,,,,,,,
2026-07-26,2026-07-26T13:00:00+01:00,1785067200,Primeira Divisão,969,2026,1592163,NS,Chiba,25715,CPK,9420,Macao,NS,Not Started,,,,,,,,,,,,0.0,0.0,0.0,0.0,0.0,0.0,0.0,0.0,0.0,0.0,,,2026-07-26T10:02:42.150290+00:00,COVERAGE_UNKNOWN,,,,,,0,1.0,COVERAGE_NOT_LOADED,,,,,,,,,,,,,,,,,,,,,,,,,,,,,,,,,,,,,,,,,,,,,,,,,,,,,NONE,,,,,,,,,,,,,,,,,,,,,,,,,,,,,,,,,,,,,,,,,,,,,,,,,,,,,,,,,,,,,,,,,,,,,,,,,,,,,,,,,,,,,,,,,,,,,,,
2026-07-26,2026-07-26T13:00:00+01:00,1785067200,Friendlies Clubs,667,2026,1598546,NS,Göztepe,994,Rudes,1019,World,NS,Not Started,,,,,,,,,,,,0.0,0.0,0.0,0.0,0.0,0.0,0.0,0.0,0.0,0.0,,,2026-07-26T10:02:42.150295+00:00,COVERAGE_UNKNOWN,,,,,,0,1.0,COVERAGE_NOT_LOADED,,,,,,,,,,,,,,,,,,,,,,,,,,,,,,,,,,,,,,,,,,,,,,,,,,,,,NONE,,,,,,,,,,,,,,,,,,,,,,,,,,,,,,,,,,,,,,,,,,,,,,,,,,,,,,,,,,,,,,,,,,,,,,,,,,,,,,,,,,,,,,,,,,,,,,,
2026-07-26,2026-07-26T13:30:00+01:00,1785069000,Eliteserien,103,2026,1494710,NS,Brann,319,Valerenga,326,Norway,NS,Not Started,,,,,,,,,,,,0.0,0.0,0.0,0.0,0.0,0.0,0.0,0.0,0.0,0.0,4.0,6.0,2026-07-26T10:02:42.150299+00:00,COVERAGE_RICH,1.0,1.0,1.0,1.0,1.0,1,0.95,OFFICIAL_API,,8.0,8.0,1.625,0.75,2.375,1.125,1.25,1.875,0.875,0.625,0.125,0.125,0.75,0.5,0.875,0.75,0.75,0.375,2026.0,2026.0,TEAM_LAST_8_ALL_COMPETITIONS,5.0,4.0,0.8,1.0,12.25,13.25,5.0,4.0,52.75,5.75,5.25,14.5,2.25,1.5,4.0,5.0,5.0,1.0,1.0,16.0,14.0,4.8,4.8,48.8,7.4,3.8,10.2,3.4,1.25,5.4,PARTIAL,2026-07-26T10:03:13.891845+00:00,4.0,6.0,1.0,1.0,4.0,5.2,FULL,FULL,HIGH,HIGH,FULL,2026-07-26T10:04:23.609866+00:00,0.0,0.0,,,,,,,,,,,,,,,,,,0.12,90.0,145.47,0.0,0.0,NONE,NONE,NONE,INACTIVE,2026-07-26T10:04:31.823056+00:00,6.0,19.0,6.0,14.0,28.0,22.0,0.0,9.0,17.0,-3.0,13.0,19.0,22.0,0.0,16.0,2026-07-26T10:04:42.928285+00:00,1.73,4.42,4.45,1.46,2.7,1.14,6.67,1.44,2.96,2.12,1.8,,,,,,13.0,129.0,3790.0,0.578,0.2262,0.2247,0.6849,0.3704,0.8772,0.1499,0.6944,0.3378,0.4717,0.5556,,,,,,2026-07-26T10:04:45.995412+00:00,OK
2026-07-26,2026-07-26T13:30:00+01:00,1785069000,2. Division - Group 1,473,2026,1496103,NS,jerv,2151,Lysekloster,7007,Norway,NS,Not Started,,,,,,,,,,,,0.0,0.0,0.0,0.0,0.0,0.0,0.0,0.0,0.0,0.0,,,2026-07-26T10:02:42.150304+00:00,COVERAGE_UNKNOWN,,,,,,0,1.0,COVERAGE_NOT_LOADED,,,,,,,,,,,,,,,,,,,,,,,,,,,,,,,,,,,,,,,,,,,,,,,,,,,,,NONE,,,,,,,,,,,,,,,,,,,,,,,,,,,,,,,,,,,,,,,,,,,,,,,,,,,,,,,,,,,,,,,,,,,,,,,,,,,,,,,,,,,,,,,,,,,,,,,
2026-07-26,2026-07-26T13:30:00+01:00,1785069000,Super League,391,2026,1538657,NS,Karonga United,4589,Creck,23427,Malawi,NS,Not Started,,,,,,,,,,,,0.0,0.0,0.0,0.0,0.0,0.0,0.0,0.0,0.0,0.0,,,2026-07-26T10:02:42.150309+00:00,COVERAGE_UNKNOWN,,,,,,0,1.0,COVERAGE_NOT_LOADED,,,,,,,,,,,,,,,,,,,,,,,,,,,,,,,,,,,,,,,,,,,,,,,,,,,,,NONE,,,,,,,,,,,,,,,,,,,,,,,,,,,,,,,,,,,,,,,,,,,,,,,,,,,,,,,,,,,,,,,,,,,,,,,,,,,,,,,,,,,,,,,,,,,,,,,
2026-07-26,2026-07-26T13:30:00+01:00,1785069000,Super League,391,2026,1538658,NS,Mitundu Baptist,27656,Silver Strikers,4597,Malawi,NS,Not Started,,,,,,,,,,,,0.0,0.0,0.0,0.0,0.0,0.0,0.0,0.0,0.0,0.0,,,2026-07-26T10:02:42.150313+00:00,COVERAGE_UNKNOWN,,,,,,0,1.0,COVERAGE_NOT_LOADED,,,,,,,,,,,,,,,,,,,,,,,,,,,,,,,,,,,,,,,,,,,,,,,,,,,,,NONE,,,,,,,,,,,,,,,,,,,,,,,,,,,,,,,,,,,,,,,,,,,,,,,,,,,,,,,,,,,,,,,,,,,,,,,,,,,,,,,,,,,,,,,,,,,,,,,
2026-07-26,2026-07-26T13:30:00+01:00,1785069000,Super League,391,2026,1538660,NS,Kamuzu Barracks,4588,MAFCO,11127,Malawi,NS,Not Started,,,,,,,,,,,,0.0,0.0,0.0,0.0,0.0,0.0,0.0,0.0,0.0,0.0,,,2026-07-26T10:02:42.150318+00:00,COVERAGE_UNKNOWN,,,,,,0,1.0,COVERAGE_NOT_LOADED,,,,,,,,,,,,,,,,,,,,,,,,,,,,,,,,,,,,,,,,,,,,,,,,,,,,,NONE,,,,,,,,,,,,,,,,,,,,,,,,,,,,,,,,,,,,,,,,,,,,,,,,,,,,,,,,,,,,,,,,,,,,,,,,,,,,,,,,,,,,,,,,,,,,,,,
2026-07-26,2026-07-26T13:30:00+01:00,1785069000,Super League,391,2026,1538661,NS,Be Forward Wanderers,4583,Masters FC,27655,Malawi,NS,Not Started,,,,,,,,,,,,0.0,0.0,0.0,0.0,0.0,0.0,0.0,0.0,0.0,0.0,,,2026-07-26T10:02:42.150323+00:00,COVERAGE_UNKNOWN,,,,,,0,1.0,COVERAGE_NOT_LOADED,,,,,,,,,,,,,,,,,,,,,,,,,,,,,,,,,,,,,,,,,,,,,,,,,,,,,NONE,,,,,,,,,,,,,,,,,,,,,,,,,,,,,,,,,,,,,,,,,,,,,,,,,,,,,,,,,,,,,,,,,,,,,,,,,,,,,,,,,,,,,,,,,,,,,,,
2026-07-26,2026-07-26T13:30:00+01:00,1785069000,I Liga,107,2026,1558157,NS,Nieciecza,3487,Ruch Chorzów,6953,Poland,NS,Not Started,,,,,,,,,,,,0.0,0.0,0.0,0.0,0.0,0.0,0.0,0.0,0.0,0.0,,,2026-07-26T10:02:42.150328+00:00,COVERAGE_UNKNOWN,,,,,,0,1.0,COVERAGE_NOT_LOADED,,,,,,,,,,,,,,,,,,,,,,,,,,,,,,,,,,,,,,,,,,,,,,,,,,,,,NONE,,,,,,,,,,,,,,,,,,,,,,,,,,,,,,,,,,,,,,,,,,,,,,,,,,,,,,,,,,,,,,,,,,,,,,,,,,,,,,,,,,,,,,,,,,,,,,,
2026-07-26,2026-07-26T13:30:00+01:00,1785069000,FNL,346,2026,1559725,NS,Baník Ostrava II,8621,Vlašim,3730,Czech-Republic,NS,Not Started,,,,,,,,,,,,0.0,0.0,0.0,0.0,0.0,0.0,0.0,0.0,0.0,0.0,,,2026-07-26T10:02:42.150333+00:00,COVERAGE_UNKNOWN,,,,,,0,1.0,COVERAGE_NOT_LOADED,,,,,,,,,,,,,,,,,,,,,,,,,,,,,,,,,,,,,,,,,,,,,,,,,,,,,NONE,,,,,,,,,,,,,,,,,,,,,,,,,,,,,,,,,,,,,,,,,,,,,,,,,,,,,,,,,,,,,,,,,,,,,,,,,,,,,,,,,,,,,,,,,,,,,,,
2026-07-26,2026-07-26T13:30:00+01:00,1785069000,David Kipiani Cup,672,2026,1567379,NS,Guria,3506,Dinamo Tbilisi,2262,Georgia,NS,Not Started,,,,,,,,,,,,0.0,0.0,0.0,0.0,0.0,0.0,0.0,0.0,0.0,0.0,,,2026-07-26T10:02:42.150338+00:00,COVERAGE_UNKNOWN,,,,,,0,1.0,COVERAGE_NOT_LOADED,,,,,,,,,,,,,,,,,,,,,,,,,,,,,,,,,,,,,,,,,,,,,,,,,,,,,NONE,,,,,,,,,,,,,,,,,,,,,,,,,,,,,,,,,,,,,,,,,,,,,,,,,,,,,,,,,,,,,,,,,,,,,,,,,,,,,,,,,,,,,,,,,,,,,,,
2026-07-26,2026-07-26T13:30:00+01:00,1785069000,David Kipiani Cup,672,2026,1567382,NS,Merani Martvili,10016,Odishi 1919,13856,Georgia,NS,Not Started,,,,,,,,,,,,0.0,0.0,0.0,0.0,0.0,0.0,0.0,0.0,0.0,0.0,,,2026-07-26T10:02:42.150343+00:00,COVERAGE_UNKNOWN,,,,,,0,1.0,COVERAGE_NOT_LOADED,,,,,,,,,,,,,,,,,,,,,,,,,,,,,,,,,,,,,,,,,,,,,,,,,,,,,NONE,,,,,,,,,,,,,,,,,,,,,,,,,,,,,,,,,,,,,,,,,,,,,,,,,,,,,,,,,,,,,,,,,,,,,,,,,,,,,,,,,,,,,,,,,,,,,,,
2026-07-26,2026-07-26T13:30:00+01:00,1785069000,David Kipiani Cup,672,2026,1567384,NS,WIT Georgia,3504,Samgurali,10017,Georgia,NS,Not Started,,,,,,,,,,,,0.0,0.0,0.0,0.0,0.0,0.0,0.0,0.0,0.0,0.0,,,2026-07-26T10:02:42.150348+00:00,COVERAGE_UNKNOWN,,,,,,0,1.0,COVERAGE_NOT_LOADED,,,,,,,,,,,,,,,,,,,,,,,,,,,,,,,,,,,,,,,,,,,,,,,,,,,,,NONE,,,,,,,,,,,,,,,,,,,,,,,,,,,,,,,,,,,,,,,,,,,,,,,,,,,,,,,,,,,,,,,,,,,,,,,,,,,,,,,,,,,,,,,,,,,,,,,
2026-07-26,2026-07-26T13:30:00+01:00,1785069000,Friendlies Clubs,667,2026,1598548,NS,Jeunesse Canach,2029,Etzella Ettelbruck,2042,World,NS,Not Started,,,,,,,,,,,,0.0,0.0,0.0,0.0,0.0,0.0,0.0,0.0,0.0,0.0,,,2026-07-26T10:02:42.150352+00:00,COVERAGE_UNKNOWN,,,,,,0,1.0,COVERAGE_NOT_LOADED,,,,,,,,,,,,,,,,,,,,,,,,,,,,,,,,,,,,,,,,,,,,,,,,,,,,,NONE,,,,,,,,,,,,,,,,,,,,,,,,,,,,,,,,,,,,,,,,,,,,,,,,,,,,,,,,,,,,,,,,,,,,,,,,,,,,,,,,,,,,,,,,,,,,,,,
2026-07-26,2026-07-26T13:30:00+01:00,1785069000,Piala Presiden,924,2026,1602956,NS,Persebaya Surabaya,2446,Persija,10134,Indonesia,NS,Not Started,,,,,,,,,,,,0.0,0.0,0.0,0.0,0.0,0.0,0.0,0.0,0.0,0.0,,,2026-07-26T10:02:42.150357+00:00,COVERAGE_UNKNOWN,,,,,,0,1.0,COVERAGE_NOT_LOADED,,,,,,,,,,,,,,,,,,,,,,,,,,,,,,,,,,,,,,,,,,,,,,,,,,,,,NONE,,,,,,,,,,,,,,,,,,,,,,,,,,,,,,,,,,,,,,,,,,,,,,,,,,,,,,,,,,,,,,,,,,,,,,,,,,,,,,,,,,,,,,,,,,,,,,,
2026-07-26,2026-07-26T13:45:00+01:00,1785069900,Ekstraklasa,106,2026,1553106,NS,Raków Częstochowa,3491,Wisla Plock,341,Poland,NS,Not Started,,,,,,,,,,,,0.0,0.0,0.0,0.0,0.0,0.0,0.0,0.0,0.0,0.0,,,2026-07-26T10:02:42.150362+00:00,COVERAGE_UNKNOWN,,,,,,0,1.0,COVERAGE_NOT_LOADED,,,,,,,,,,,,,,,,,,,,,,,,,,,,,,,,,,,,,,,,,,,,,,,,,,,,,NONE,,,,,,,,,,,,,,,,,,,,,,,,,,,,,,,,,,,,,,,,,,,,,,,,,,,,,,,,,,,,,,,,,,,,,,,,,,,,,,,,,,,,,,,,,,,,,,,
2026-07-26,2026-07-26T14:00:00+01:00,1785070800,3. Division - Girone 3,776,2026,1496829,NS,Fyllingsdalen,6990,Åsane II,22871,Norway,NS,Not Started,,,,,,,,,,,,0.0,0.0,0.0,0.0,0.0,0.0,0.0,0.0,0.0,0.0,,,2026-07-26T10:02:42.150366+00:00,COVERAGE_UNKNOWN,,,,,,0,1.0,COVERAGE_NOT_LOADED,,,,,,,,,,,,,,,,,,,,,,,,,,,,,,,,,,,,,,,,,,,,,,,,,,,,,NONE,,,,,,,,,,,,,,,,,,,,,,,,,,,,,,,,,,,,,,,,,,,,,,,,,,,,,,,,,,,,,,,,,,,,,,,,,,,,,,,,,,,,,,,,,,,,,,,
2026-07-26,2026-07-26T14:00:00+01:00,1785070800,Superettan,114,2026,1497635,NS,Ljungskile SK,2165,Sandviken,6697,Sweden,NS,Not Started,,,,,,,,,,,,0.0,0.0,0.0,0.0,0.0,0.0,0.0,0.0,0.0,0.0,,,2026-07-26T10:02:42.150371+00:00,COVERAGE_UNKNOWN,,,,,,0,1.0,COVERAGE_NOT_LOADED,,,,,,,,,,,,,,,,,,,,,,,,,,,,,,,,,,,,,,,,,,,,,,,,,,,,,NONE,,,,,,,,,,,,,,,,,,,,,,,,,,,,,,,,,,,,,,,,,,,,,,,,,,,,,,,,,,,,,,,,,,,,,,,,,,,,,,,,,,,,,,,,,,,,,,,
2026-07-26,2026-07-26T14:00:00+01:00,1785070800,Ykkönen,245,2026,1517225,NS,KuPS Akatemia,18758,VJS,6075,Finland,NS,Not Started,,,,,,,,,,,,0.0,0.0,0.0,0.0,0.0,0.0,0.0,0.0,0.0,0.0,,,2026-07-26T10:02:42.150375+00:00,COVERAGE_UNKNOWN,,,,,,0,1.0,COVERAGE_NOT_LOADED,,,,,,,,,,,,,,,,,,,,,,,,,,,,,,,,,,,,,,,,,,,,,,,,,,,,,NONE,,,,,,,,,,,,,,,,,,,,,,,,,,,,,,,,,,,,,,,,,,,,,,,,,,,,,,,,,,,,,,,,,,,,,,,,,,,,,,,,,,,,,,,,,,,,,,,
2026-07-26,2026-07-26T14:00:00+01:00,1785070800,Premier League,389,2026,1528040,NS,FK Tobol Kostanay,2259,Atyrau,4564,Kazakhstan,NS,Not Started,,,,,,,,,,,,0.0,0.0,0.0,0.0,0.0,0.0,0.0,0.0,0.0,0.0,,,2026-07-26T10:02:42.150380+00:00,COVERAGE_UNKNOWN,,,,,,0,1.0,COVERAGE_NOT_LOADED,,,,,,,,,,,,,,,,,,,,,,,,,,,,,,,,,,,,,,,,,,,,,,,,,,,,,NONE,,,,,,,,,,,,,,,,,,,,,,,,,,,,,,,,,,,,,,,,,,,,,,,,,,,,,,,,,,,,,,,,,,,,,,,,,,,,,,,,,,,,,,,,,,,,,,,
2026-07-26,2026-07-26T14:00:00+01:00,1785070800,Second League - Group 4,653,2026,1536859,NS,Rubin Kazan 2,21032,KDV,25867,Russia,NS,Not Started,,,,,,,,,,,,0.0,0.0,0.0,0.0,0.0,0.0,0.0,0.0,0.0,0.0,,,2026-07-26T10:02:42.150385+00:00,COVERAGE_UNKNOWN,,,,,,0,1.0,COVERAGE_NOT_LOADED,,,,,,,,,,,,,,,,,,,,,,,,,,,,,,,,,,,,,,,,,,,,,,,,,,,,,NONE,,,,,,,,,,,,,,,,,,,,,,,,,,,,,,,,,,,,,,,,,,,,,,,,,,,,,,,,,,,,,,,,,,,,,,,,,,,,,,,,,,,,,,,,,,,,,,,
2026-07-26,2026-07-26T14:00:00+01:00,1785070800,Catarinense U20,1076,2026,1539865,NS,Chapecoense U20,12995,Nação U20,23325,Brazil,NS,Not Started,,,,,,,,,,,,0.0,0.0,0.0,0.0,0.0,0.0,0.0,0.0,0.0,0.0,,,2026-07-26T10:02:42.150389+00:00,COVERAGE_UNKNOWN,,,,,,0,1.0,COVERAGE_NOT_LOADED,,,,,,,,,,,,,,,,,,,,,,,,,,,,,,,,,,,,,,,,,,,,,,,,,,,,,NONE,,,,,,,,,,,,,,,,,,,,,,,,,,,,,,,,,,,,,,,,,,,,,,,,,,,,,,,,,,,,,,,,,,,,,,,,,,,,,,,,,,,,,,,,,,,,,,,
2026-07-26,2026-07-26T14:00:00+01:00,1785070800,Copa Paulista,742,2026,1546077,NS,Juventus,10019,Paulista,10038,Brazil,NS,Not Started,,,,,,,,,,,,0.0,0.0,0.0,0.0,0.0,0.0,0.0,0.0,0.0,0.0,,,2026-07-26T10:02:42.150394+00:00,COVERAGE_UNKNOWN,,,,,,0,1.0,COVERAGE_NOT_LOADED,,,,,,,,,,,,,,,,,,,,,,,,,,,,,,,,,,,,,,,,,,,,,,,,,,,,,NONE,,,,,,,,,,,,,,,,,,,,,,,,,,,,,,,,,,,,,,,,,,,,,,,,,,,,,,,,,,,,,,,,,,,,,,,,,,,,,,,,,,,,,,,,,,,,,,,
2026-07-26,2026-07-26T14:00:00+01:00,1785070800,Copa Paulista,742,2026,1546079,NS,Linense,7846,Marília,10035,Brazil,NS,Not Started,,,,,,,,,,,,0.0,0.0,0.0,0.0,0.0,0.0,0.0,0.0,0.0,0.0,,,2026-07-26T10:02:42.150399+00:00,COVERAGE_UNKNOWN,,,,,,0,1.0,COVERAGE_NOT_LOADED,,,,,,,,,,,,,,,,,,,,,,,,,,,,,,,,,,,,,,,,,,,,,,,,,,,,,NONE,,,,,,,,,,,,,,,,,,,,,,,,,,,,,,,,,,,,,,,,,,,,,,,,,,,,,,,,,,,,,,,,,,,,,,,,,,,,,,,,,,,,,,,,,,,,,,,
2026-07-26,2026-07-26T14:00:00+01:00,1785070800,Copa Paulista,742,2026,1546083,NS,Santo André,10003,São Caetano,7786,Brazil,NS,Not Started,,,,,,,,,,,,0.0,0.0,0.0,0.0,0.0,0.0,0.0,0.0,0.0,0.0,,,2026-07-26T10:02:42.150403+00:00,COVERAGE_UNKNOWN,,,,,,0,1.0,COVERAGE_NOT_LOADED,,,,,,,,,,,,,,,,,,,,,,,,,,,,,,,,,,,,,,,,,,,,,,,,,,,,,NONE,,,,,,,,,,,,,,,,,,,,,,,,,,,,,,,,,,,,,,,,,,,,,,,,,,,,,,,,,,,,,,,,,,,,,,,,,,,,,,,,,,,,,,,,,,,,,,,
2026-07-26,2026-07-26T14:00:00+01:00,1785070800,Paulista - U20,1086,2026,1547367,NS,Porto Football U20,23483,Referencia U20,23485,Brazil,NS,Not Started,,,,,,,,,,,,0.0,0.0,0.0,0.0,0.0,0.0,0.0,0.0,0.0,0.0,,,2026-07-26T10:02:42.150408+00:00,COVERAGE_UNKNOWN,,,,,,0,1.0,COVERAGE_NOT_LOADED,,,,,,,,,,,,,,,,,,,,,,,,,,,,,,,,,,,,,,,,,,,,,,,,,,,,,NONE,,,,,,,,,,,,,,,,,,,,,,,,,,,,,,,,,,,,,,,,,,,,,,,,,,,,,,,,,,,,,,,,,,,,,,,,,,,,,,,,,,,,,,,,,,,,,,,
2026-07-26,2026-07-26T14:00:00+01:00,1785070800,Czech Liga,345,2026,1559966,NS,Slavia Praha,560,Slovácko,3719,Czech-Republic,NS,Not Started,,,,,,,,,,,,0.0,0.0,0.0,0.0,0.0,0.0,0.0,0.0,0.0,0.0,,,2026-07-26T10:02:42.150413+00:00,COVERAGE_UNKNOWN,,,,,,0,1.0,COVERAGE_NOT_LOADED,,,,,,,,,,,,,,,,,,,,,,,,,,,,,,,,,,,,,,,,,,,,,,,,,,,,,NONE,,,,,,,,,,,,,,,,,,,,,,,,,,,,,,,,,,,,,,,,,,,,,,,,,,,,,,,,,,,,,,,,,,,,,,,,,,,,,,,,,,,,,,,,,,,,,,,
2026-07-26,2026-07-26T14:00:00+01:00,1785070800,Second League A - Division A Gold,1025,2026,1565428,NS,Dinamo Bryansk,6795,Alaniya Vladikavkaz,6787,Russia,NS,Not Started,,,,,,,,,,,,0.0,0.0,0.0,0.0,0.0,0.0,0.0,0.0,0.0,0.0,,,2026-07-26T10:02:42.150418+00:00,COVERAGE_UNKNOWN,,,,,,0,1.0,COVERAGE_NOT_LOADED,,,,,,,,,,,,,,,,,,,,,,,,,,,,,,,,,,,,,,,,,,,,,,,,,,,,,NONE,,,,,,,,,,,,,,,,,,,,,,,,,,,,,,,,,,,,,,,,,,,,,,,,,,,,,,,,,,,,,,,,,,,,,,,,,,,,,,,,,,,,,,,,,,,,,,,
2026-07-26,2026-07-26T14:00:00+01:00,1785070800,Oberliga - Hamburg,745,2026,1566288,NS,Vorwärts-Wacker 04,20895,Nikola Tesla,26174,Germany,NS,Not Started,,,,,,,,,,,,0.0,0.0,0.0,0.0,0.0,0.0,0.0,0.0,0.0,0.0,,,2026-07-26T10:02:42.150422+00:00,COVERAGE_UNKNOWN,,,,,,0,1.0,COVERAGE_NOT_LOADED,,,,,,,,,,,,,,,,,,,,,,,,,,,,,,,,,,,,,,,,,,,,,,,,,,,,,NONE,,,,,,,,,,,,,,,,,,,,,,,,,,,,,,,,,,,,,,,,,,,,,,,,,,,,,,,,,,,,,,,,,,,,,,,,,,,,,,,,,,,,,,,,,,,,,,,
2026-07-26,2026-07-26T14:00:00+01:00,1785070800,David Kipiani Cup,672,2026,1567380,NS,Saburtalo II,14863,Telavi,3511,Georgia,NS,Not Started,,,,,,,,,,,,0.0,0.0,0.0,0.0,0.0,0.0,0.0,0.0,0.0,0.0,,,2026-07-26T10:02:42.150427+00:00,COVERAGE_UNKNOWN,,,,,,0,1.0,COVERAGE_NOT_LOADED,,,,,,,,,,,,,,,,,,,,,,,,,,,,,,,,,,,,,,,,,,,,,,,,,,,,,NONE,,,,,,,,,,,,,,,,,,,,,,,,,,,,,,,,,,,,,,,,,,,,,,,,,,,,,,,,,,,,,,,,,,,,,,,,,,,,,,,,,,,,,,,,,,,,,,,
2026-07-26,2026-07-26T14:00:00+01:00,1785070800,Friendlies Clubs,667,2026,1567743,NS,Borussia Dortmund II,9367,Jong Utrecht,428,World,NS,Not Started,,,,,,,,,,,,0.0,0.0,0.0,0.0,0.0,0.0,0.0,0.0,0.0,0.0,,,2026-07-26T10:02:42.150431+00:00,COVERAGE_UNKNOWN,,,,,,0,1.0,COVERAGE_NOT_LOADED,,,,,,,,,,,,,,,,,,,,,,,,,,,,,,,,,,,,,,,,,,,,,,,,,,,,,NONE,,,,,,,,,,,,,,,,,,,,,,,,,,,,,,,,,,,,,,,,,,,,,,,,,,,,,,,,,,,,,,,,,,,,,,,,,,,,,,,,,,,,,,,,,,,,,,,
2026-07-26,2026-07-26T14:00:00+01:00,1785070800,First League,236,2026,1577452,NS,Leningradets,6811,Ural,1084,Russia,NS,Not Started,,,,,,,,,,,,0.0,0.0,0.0,0.0,0.0,0.0,0.0,0.0,0.0,0.0,,,2026-07-26T10:02:42.150436+00:00,COVERAGE_UNKNOWN,,,,,,0,1.0,COVERAGE_NOT_LOADED,,,,,,,,,,,,,,,,,,,,,,,,,,,,,,,,,,,,,,,,,,,,,,,,,,,,,NONE,,,,,,,,,,,,,,,,,,,,,,,,,,,,,,,,,,,,,,,,,,,,,,,,,,,,,,,,,,,,,,,,,,,,,,,,,,,,,,,,,,,,,,,,,,,,,,,
2026-07-26,2026-07-26T14:00:00+01:00,1785070800,Persha Liga,334,2026,1581852,NS,Kulykiv,24566,Metal Kharkiv,14437,Ukraine,NS,Not Started,,,,,,,,,,,,0.0,0.0,0.0,0.0,0.0,0.0,0.0,0.0,0.0,0.0,,,2026-07-26T10:02:42.150441+00:00,COVERAGE_UNKNOWN,,,,,,0,1.0,COVERAGE_NOT_LOADED,,,,,,,,,,,,,,,,,,,,,,,,,,,,,,,,,,,,,,,,,,,,,,,,,,,,,NONE,,,,,,,,,,,,,,,,,,,,,,,,,,,,,,,,,,,,,,,,,,,,,,,,,,,,,,,,,,,,,,,,,,,,,,,,,,,,,,,,,,,,,,,,,,,,,,,
2026-07-26,2026-07-26T14:00:00+01:00,1785070800,Friendlies Clubs,667,2026,1583462,NS,PEC Zwolle,193,AEK Athens FC,575,World,NS,Not Started,,,,,,,,,,,,0.0,0.0,0.0,0.0,0.0,0.0,0.0,0.0,0.0,0.0,,,2026-07-26T10:02:42.150445+00:00,COVERAGE_UNKNOWN,,,,,,0,1.0,COVERAGE_NOT_LOADED,,,,,,,,,,,,,,,,,,,,,,,,,,,,,,,,,,,,,,,,,,,,,,,,,,,,,NONE,,,,,,,,,,,,,,,,,,,,,,,,,,,,,,,,,,,,,,,,,,,,,,,,,,,,,,,,,,,,,,,,,,,,,,,,,,,,,,,,,,,,,,,,,,,,,,,
2026-07-26,2026-07-26T14:00:00+01:00,1785070800,Friendlies Clubs,667,2026,1589306,NS,Bergisch Gladbach,9366,Viktoria Jüchen-Garz.,23678,World,NS,Not Started,,,,,,,,,,,,0.0,0.0,0.0,0.0,0.0,0.0,0.0,0.0,0.0,0.0,,,2026-07-26T10:02:42.150450+00:00,COVERAGE_UNKNOWN,,,,,,0,1.0,COVERAGE_NOT_LOADED,,,,,,,,,,,,,,,,,,,,,,,,,,,,,,,,,,,,,,,,,,,,,,,,,,,,,NONE,,,,,,,,,,,,,,,,,,,,,,,,,,,,,,,,,,,,,,,,,,,,,,,,,,,,,,,,,,,,,,,,,,,,,,,,,,,,,,,,,,,,,,,,,,,,,,,
2026-07-26,2026-07-26T14:00:00+01:00,1785070800,Premier Soccer League,401,2026,1589382,NS,Bulawayo Chiefs,5217,Kariba,5226,Zimbabwe,NS,Not Started,,,,,,,,,,,,0.0,0.0,0.0,0.0,0.0,0.0,0.0,0.0,0.0,0.0,,,2026-07-26T10:02:42.150526+00:00,COVERAGE_UNKNOWN,,,,,,0,1.0,COVERAGE_NOT_LOADED,,,,,,,,,,,,,,,,,,,,,,,,,,,,,,,,,,,,,,,,,,,,,,,,,,,,,NONE,,,,,,,,,,,,,,,,,,,,,,,,,,,,,,,,,,,,,,,,,,,,,,,,,,,,,,,,,,,,,,,,,,,,,,,,,,,,,,,,,,,,,,,,,,,,,,,
2026-07-26,2026-07-26T14:00:00+01:00,1785070800,Premier Soccer League,401,2026,1589383,NS,Highlanders,5224,Chicken Inn,5220,Zimbabwe,NS,Not Started,,,,,,,,,,,,0.0,0.0,0.0,0.0,0.0,0.0,0.0,0.0,0.0,0.0,,,2026-07-26T10:02:42.150532+00:00,COVERAGE_UNKNOWN,,,,,,0,1.0,COVERAGE_NOT_LOADED,,,,,,,,,,,,,,,,,,,,,,,,,,,,,,,,,,,,,,,,,,,,,,,,,,,,,NONE,,,,,,,,,,,,,,,,,,,,,,,,,,,,,,,,,,,,,,,,,,,,,,,,,,,,,,,,,,,,,,,,,,,,,,,,,,,,,,,,,,,,,,,,,,,,,,,
2026-07-26,2026-07-26T14:00:00+01:00,1785070800,Premier Soccer League,401,2026,1589384,NS,Hunters,27275,Herentals,5223,Zimbabwe,NS,Not Started,,,,,,,,,,,,0.0,0.0,0.0,0.0,0.0,0.0,0.0,0.0,0.0,0.0,,,2026-07-26T10:02:42.150537+00:00,COVERAGE_UNKNOWN,,,,,,0,1.0,COVERAGE_NOT_LOADED,,,,,,,,,,,,,,,,,,,,,,,,,,,,,,,,,,,,,,,,,,,,,,,,,,,,,NONE,,,,,,,,,,,,,,,,,,,,,,,,,,,,,,,,,,,,,,,,,,,,,,,,,,,,,,,,,,,,,,,,,,,,,,,,,,,,,,,,,,,,,,,,,,,,,,,
2026-07-26,2026-07-26T14:00:00+01:00,1785070800,Premier Soccer League,401,2026,1589385,NS,Manica Diamonds,5227,Triangle United,5232,Zimbabwe,NS,Not Started,,,,,,,,,,,,0.0,0.0,0.0,0.0,0.0,0.0,0.0,0.0,0.0,0.0,,,2026-07-26T10:02:42.150542+00:00,COVERAGE_UNKNOWN,,,,,,0,1.0,COVERAGE_NOT_LOADED,,,,,,,,,,,,,,,,,,,,,,,,,,,,,,,,,,,,,,,,,,,,,,,,,,,,,NONE,,,,,,,,,,,,,,,,,,,,,,,,,,,,,,,,,,,,,,,,,,,,,,,,,,,,,,,,,,,,,,,,,,,,,,,,,,,,,,,,,,,,,,,,,,,,,,,
2026-07-26,2026-07-26T14:00:00+01:00,1785070800,Premier Soccer League,401,2026,1589386,NS,Ngezi Platinum,5229,Hardrock,27274,Zimbabwe,NS,Not Started,,,,,,,,,,,,0.0,0.0,0.0,0.0,0.0,0.0,0.0,0.0,0.0,0.0,,,2026-07-26T10:02:42.150547+00:00,COVERAGE_UNKNOWN,,,,,,0,1.0,COVERAGE_NOT_LOADED,,,,,,,,,,,,,,,,,,,,,,,,,,,,,,,,,,,,,,,,,,,,,,,,,,,,,NONE,,,,,,,,,,,,,,,,,,,,,,,,,,,,,,,,,,,,,,,,,,,,,,,,,,,,,,,,,,,,,,,,,,,,,,,,,,,,,,,,,,,,,,,,,,,,,,,
2026-07-26,2026-07-26T14:00:00+01:00,1785070800,Premier Soccer League,401,2026,1589387,NS,Simba Bhora,21055,Agama,27273,Zimbabwe,NS,Not Started,,,,,,,,,,,,0.0,0.0,0.0,0.0,0.0,0.0,0.0,0.0,0.0,0.0,,,2026-07-26T10:02:42.150551+00:00,COVERAGE_UNKNOWN,,,,,,0,1.0,COVERAGE_NOT_LOADED,,,,,,,,,,,,,,,,,,,,,,,,,,,,,,,,,,,,,,,,,,,,,,,,,,,,,NONE,,,,,,,,,,,,,,,,,,,,,,,,,,,,,,,,,,,,,,,,,,,,,,,,,,,,,,,,,,,,,,,,,,,,,,,,,,,,,,,,,,,,,,,,,,,,,,,
2026-07-26,2026-07-26T14:00:00+01:00,1785070800,Premier Soccer League,401,2026,1589388,NS,TelOne,5231,CAPS United,5218,Zimbabwe,NS,Not Started,,,,,,,,,,,,0.0,0.0,0.0,0.0,0.0,0.0,0.0,0.0,0.0,0.0,,,2026-07-26T10:02:42.150556+00:00,COVERAGE_UNKNOWN,,,,,,0,1.0,COVERAGE_NOT_LOADED,,,,,,,,,,,,,,,,,,,,,,,,,,,,,,,,,,,,,,,,,,,,,,,,,,,,,NONE,,,,,,,,,,,,,,,,,,,,,,,,,,,,,,,,,,,,,,,,,,,,,,,,,,,,,,,,,,,,,,,,,,,,,,,,,,,,,,,,,,,,,,,,,,,,,,,
2026-07-26,2026-07-26T14:00:00+01:00,1785070800,Paulista Série B,1098,2026,1595481,NS,America SP,22945,Itaquá Athletico Clube,27686,Brazil,NS,Not Started,,,,,,,,,,,,0.0,0.0,0.0,0.0,0.0,0.0,0.0,0.0,0.0,0.0,,,2026-07-26T10:02:42.150561+00:00,COVERAGE_UNKNOWN,,,,,,0,1.0,COVERAGE_NOT_LOADED,,,,,,,,,,,,,,,,,,,,,,,,,,,,,,,,,,,,,,,,,,,,,,,,,,,,,NONE,,,,,,,,,,,,,,,,,,,,,,,,,,,,,,,,,,,,,,,,,,,,,,,,,,,,,,,,,,,,,,,,,,,,,,,,,,,,,,,,,,,,,,,,,,,,,,,
2026-07-26,2026-07-26T14:00:00+01:00,1785070800,Coppa,486,2026,1598801,PST,Orsha,3390,Bate Borisov,388,Belarus,PST,Match Postponed,,,,,,,,,,,,0.0,0.0,0.0,0.0,0.0,0.0,0.0,0.0,0.0,0.0,,,2026-07-26T10:02:42.150566+00:00,COVERAGE_UNKNOWN,,,,,,0,1.0,COVERAGE_NOT_LOADED,,,,,,,,,,,,,,,,,,,,,,,,,,,,,,,,,,,,,,,,,,,,,,,,,,,,,NONE,,,,,,,,,,,,,,,,,,,,,,,,,,,,,,,,,,,,,,,,,,,,,,,,,,,,,,,,,,,,,,,,,,,,,,,,,,,,,,,,,,,,,,,,,,,,,,,
2026-07-26,2026-07-26T14:00:00+01:00,1785070800,Division Intermedia,251,2026,1599153,NS,Encarnación,23155,Fernando De La Mora,2130,Paraguay,NS,Not Started,,,,,,,,,,,,0.0,0.0,0.0,0.0,0.0,0.0,0.0,0.0,0.0,0.0,,,2026-07-26T10:02:42.150571+00:00,COVERAGE_UNKNOWN,,,,,,0,1.0,COVERAGE_NOT_LOADED,,,,,,,,,,,,,,,,,,,,,,,,,,,,,,,,,,,,,,,,,,,,,,,,,,,,,NONE,,,,,,,,,,,,,,,,,,,,,,,,,,,,,,,,,,,,,,,,,,,,,,,,,,,,,,,,,,,,,,,,,,,,,,,,,,,,,,,,,,,,,,,,,,,,,,,
2026-07-26,2026-07-26T14:00:00+01:00,1785070800,Division Intermedia,251,2026,1599154,NS,Sportivo Carapeguá,20786,General Caballero,1181,Paraguay,NS,Not Started,,,,,,,,,,,,0.0,0.0,0.0,0.0,0.0,0.0,0.0,0.0,0.0,0.0,,,2026-07-26T10:02:42.150575+00:00,COVERAGE_UNKNOWN,,,,,,0,1.0,COVERAGE_NOT_LOADED,,,,,,,,,,,,,,,,,,,,,,,,,,,,,,,,,,,,,,,,,,,,,,,,,,,,,NONE,,,,,,,,,,,,,,,,,,,,,,,,,,,,,,,,,,,,,,,,,,,,,,,,,,,,,,,,,,,,,,,,,,,,,,,,,,,,,,,,,,,,,,,,,,,,,,,
2026-07-26,2026-07-26T14:00:00+01:00,1785070800,CECAFA Club Cup,869,2027,1601073,NS,Al Hilal Omdurman,5237,Tusker,2475,World,NS,Not Started,,,,,,,,,,,,0.0,0.0,0.0,0.0,0.0,0.0,0.0,0.0,0.0,0.0,,,2026-07-26T10:02:42.150580+00:00,COVERAGE_UNKNOWN,,,,,,0,1.0,COVERAGE_NOT_LOADED,,,,,,,,,,,,,,,,,,,,,,,,,,,,,,,,,,,,,,,,,,,,,,,,,,,,,NONE,,,,,,,,,,,,,,,,,,,,,,,,,,,,,,,,,,,,,,,,,,,,,,,,,,,,,,,,,,,,,,,,,,,,,,,,,,,,,,,,,,,,,,,,,,,,,,,
2026-07-26,2026-07-26T14:00:00+01:00,1785070800,Premier Soccer League,401,2026,1603281,PST,Dynamos,5221,Scotland Mabvuku,25735,Zimbabwe,PST,Match Postponed,,,,,,,,,,,,0.0,0.0,0.0,0.0,0.0,0.0,0.0,0.0,0.0,0.0,,,2026-07-26T10:02:42.150585+00:00,COVERAGE_UNKNOWN,,,,,,0,1.0,COVERAGE_NOT_LOADED,,,,,,,,,,,,,,,,,,,,,,,,,,,,,,,,,,,,,,,,,,,,,,,,,,,,,NONE,,,,,,,,,,,,,,,,,,,,,,,,,,,,,,,,,,,,,,,,,,,,,,,,,,,,,,,,,,,,,,,,,,,,,,,,,,,,,,,,,,,,,,,,,,,,,,,
2026-07-26,2026-07-26T14:30:00+01:00,1785072600,Second League - Group 1,651,2026,1536012,NS,Dynamo Makhachkala II,21853,Rostov II,23316,Russia,NS,Not Started,,,,,,,,,,,,0.0,0.0,0.0,0.0,0.0,0.0,0.0,0.0,0.0,0.0,,,2026-07-26T10:02:42.150589+00:00,COVERAGE_UNKNOWN,,,,,,0,1.0,COVERAGE_NOT_LOADED,,,,,,,,,,,,,,,,,,,,,,,,,,,,,,,,,,,,,,,,,,,,,,,,,,,,,NONE,,,,,,,,,,,,,,,,,,,,,,,,,,,,,,,,,,,,,,,,,,,,,,,,,,,,,,,,,,,,,,,,,,,,,,,,,,,,,,,,,,,,,,,,,,,,,,,
2026-07-26,2026-07-26T14:30:00+01:00,1785072600,Mineiro - 2,619,2026,1589414,NS,BOA,153,Aymorés,16751,Brazil,NS,Not Started,,,,,,,,,,,,0.0,0.0,0.0,0.0,0.0,0.0,0.0,0.0,0.0,0.0,,,2026-07-26T10:02:42.150594+00:00,COVERAGE_UNKNOWN,,,,,,0,1.0,COVERAGE_NOT_LOADED,,,,,,,,,,,,,,,,,,,,,,,,,,,,,,,,,,,,,,,,,,,,,,,,,,,,,NONE,,,,,,,,,,,,,,,,,,,,,,,,,,,,,,,,,,,,,,,,,,,,,,,,,,,,,,,,,,,,,,,,,,,,,,,,,,,,,,,,,,,,,,,,,,,,,,,
2026-07-26,2026-07-26T14:45:00+01:00,1785073500,NB I,271,2026,1560206,NS,Vasas,675,Gyori ETO FC,2402,Hungary,NS,Not Started,,,,,,,,,,,,0.0,0.0,0.0,0.0,0.0,0.0,0.0,0.0,0.0,0.0,,,2026-07-26T10:02:42.150598+00:00,COVERAGE_UNKNOWN,,,,,,0,1.0,COVERAGE_NOT_LOADED,,,,,,,,,,,,,,,,,,,,,,,,,,,,,,,,,,,,,,,,,,,,,,,,,,,,,NONE,,,,,,,,,,,,,,,,,,,,,,,,,,,,,,,,,,,,,,,,,,,,,,,,,,,,,,,,,,,,,,,,,,,,,,,,,,,,,,,,,,,,,,,,,,,,,,,
2026-07-26,2026-07-26T15:00:00+01:00,1785074400,Veikkausliiga,244,2026,1495744,NS,HJK Helsinki,649,Turku PS,1168,Finland,NS,Not Started,,,,,,,,,,,,0.0,0.0,0.0,0.0,0.0,0.0,0.0,0.0,0.0,0.0,,,2026-07-26T10:02:42.150603+00:00,COVERAGE_RICH,1.0,1.0,0.0,1.0,1.0,1,0.95,OFFICIAL_API,,,,,,,,,,,,,,,,,,,,,,,,,,,,,,,,,,,,,,,,,,,,,,,,,,,,,NONE,,,,,,,,,,,,,,,,,,,,,,,,,,,,,,,,,,,,,,,,,,,,,,,,,,,,,,,,,,,,,,,,,,,,,,,,,,,,,,,,,,,,,,,,,,,,,,,
2026-07-26,2026-07-26T15:00:00+01:00,1785074400,3. Division - Girone 2,775,2026,1496649,NS,Rosenborg II,10113,Strindheim,12864,Norway,NS,Not Started,,,,,,,,,,,,0.0,0.0,0.0,0.0,0.0,0.0,0.0,0.0,0.0,0.0,,,2026-07-26T10:02:42.150608+00:00,COVERAGE_UNKNOWN,,,,,,0,1.0,COVERAGE_NOT_LOADED,,,,,,,,,,,,,,,,,,,,,,,,,,,,,,,,,,,,,,,,,,,,,,,,,,,,,NONE,,,,,,,,,,,,,,,,,,,,,,,,,,,,,,,,,,,,,,,,,,,,,,,,,,,,,,,,,,,,,,,,,,,,,,,,,,,,,,,,,,,,,,,,,,,,,,,
2026-07-26,2026-07-26T15:00:00+01:00,1785074400,Brasileiro Women,74,2026,1522469,NS,Corinthians W,1798,Vitória BA W,3828,Brazil,NS,Not Started,,,,,,,,,,,,0.0,0.0,0.0,0.0,0.0,0.0,0.0,0.0,0.0,0.0,,,2026-07-26T10:02:42.150612+00:00,COVERAGE_UNKNOWN,,,,,,0,1.0,COVERAGE_NOT_LOADED,,,,,,,,,,,,,,,,,,,,,,,,,,,,,,,,,,,,,,,,,,,,,,,,,,,,,NONE,,,,,,,,,,,,,,,,,,,,,,,,,,,,,,,,,,,,,,,,,,,,,,,,,,,,,,,,,,,,,,,,,,,,,,,,,,,,,,,,,,,,,,,,,,,,,,,
2026-07-26,2026-07-26T15:00:00+01:00,1785074400,Premier League,389,2026,1528037,NS,FC Astana,562,Altay,4544,Kazakhstan,NS,Not Started,,,,,,,,,,,,0.0,0.0,0.0,0.0,0.0,0.0,0.0,0.0,0.0,0.0,,,2026-07-26T10:02:42.150617+00:00,COVERAGE_UNKNOWN,,,,,,0,1.0,COVERAGE_NOT_LOADED,,,,,,,,,,,,,,,,,,,,,,,,,,,,,,,,,,,,,,,,,,,,,,,,,,,,,NONE,,,,,,,,,,,,,,,,,,,,,,,,,,,,,,,,,,,,,,,,,,,,,,,,,,,,,,,,,,,,,,,,,,,,,,,,,,,,,,,,,,,,,,,,,,,,,,,
2026-07-26,2026-07-26T15:00:00+01:00,1785074400,Premier League,389,2026,1528038,NS,Kairat Almaty,664,Ordabasy,692,Kazakhstan,NS,Not Started,,,,,,,,,,,,0.0,0.0,0.0,0.0,0.0,0.0,0.0,0.0,0.0,0.0,,,2026-07-26T10:02:42.150622+00:00,COVERAGE_UNKNOWN,,,,,,0,1.0,COVERAGE_NOT_LOADED,,,,,,,,,,,,,,,,,,,,,,,,,,,,,,,,,,,,,,,,,,,,,,,,,,,,,NONE,,,,,,,,,,,,,,,,,,,,,,,,,,,,,,,,,,,,,,,,,,,,,,,,,,,,,,,,,,,,,,,,,,,,,,,,,,,,,,,,,,,,,,,,,,,,,,,
2026-07-26,2026-07-26T15:00:00+01:00,1785074400,Premier League,389,2026,1528042,NS,Yelimay Semey,21011,Kaisar,4562,Kazakhstan,NS,Not Started,,,,,,,,,,,,0.0,0.0,0.0,0.0,0.0,0.0,0.0,0.0,0.0,0.0,,,2026-07-26T10:02:42.150626+00:00,COVERAGE_UNKNOWN,,,,,,0,1.0,COVERAGE_NOT_LOADED,,,,,,,,,,,,,,,,,,,,,,,,,,,,,,,,,,,,,,,,,,,,,,,,,,,,,NONE,,,,,,,,,,,,,,,,,,,,,,,,,,,,,,,,,,,,,,,,,,,,,,,,,,,,,,,,,,,,,,,,,,,,,,,,,,,,,,,,,,,,,,,,,,,,,,,
2026-07-26,2026-07-26T15:00:00+01:00,1785074400,1. Division,117,2026,1534371,NS,Lida,3387,Slonim,3392,Belarus,NS,Not Started,,,,,,,,,,,,0.0,0.0,0.0,0.0,0.0,0.0,0.0,0.0,0.0,0.0,,,2026-07-26T10:02:42.150631+00:00,COVERAGE_UNKNOWN,,,,,,0,1.0,COVERAGE_NOT_LOADED,,,,,,,,,,,,,,,,,,,,,,,,,,,,,,,,,,,,,,,,,,,,,,,,,,,,,NONE,,,,,,,,,,,,,,,,,,,,,,,,,,,,,,,,,,,,,,,,,,,,,,,,,,,,,,,,,,,,,,,,,,,,,,,,,,,,,,,,,,,,,,,,,,,,,,,
2026-07-26,2026-07-26T15:00:00+01:00,1785074400,Second League - Group 2,652,2026,1536408,NS,Baltika II,25868,Irkutsk,21539,Russia,NS,Not Started,,,,,,,,,,,,0.0,0.0,0.0,0.0,0.0,0.0,0.0,0.0,0.0,0.0,,,2026-07-26T10:02:42.150636+00:00,COVERAGE_UNKNOWN,,,,,,0,1.0,COVERAGE_NOT_LOADED,,,,,,,,,,,,,,,,,,,,,,,,,,,,,,,,,,,,,,,,,,,,,,,,,,,,,NONE,,,,,,,,,,,,,,,,,,,,,,,,,,,,,,,,,,,,,,,,,,,,,,,,,,,,,,,,,,,,,,,,,,,,,,,,,,,,,,,,,,,,,,,,,,,,,,,
2026-07-26,2026-07-26T15:00:00+01:00,1785074400,League Cup,185,2026,1548183,NS,ST Mirren,251,Dunfermline,1388,Scotland,NS,Not Started,,,,,,,,,,,,0.0,0.0,0.0,0.0,0.0,0.0,0.0,0.0,0.0,0.0,,,2026-07-26T10:02:42.150640+00:00,COVERAGE_UNKNOWN,,,,,,0,1.0,COVERAGE_NOT_LOADED,,,,,,,,,,,,,,,,,,,,,,,,,,,,,,,,,,,,,,,,,,,,,,,,,,,,,NONE,,,,,,,,,,,,,,,,,,,,,,,,,,,,,,,,,,,,,,,,,,,,,,,,,,,,,,,,,,,,,,,,,,,,,,,,,,,,,,,,,,,,,,,,,,,,,,,
2026-07-26,2026-07-26T15:00:00+01:00,1785074400,Superliga,119,2026,1548979,NS,FC Copenhagen,400,Lyngby,625,Denmark,NS,Not Started,,,,,,,,,,,,0.0,0.0,0.0,0.0,0.0,0.0,0.0,0.0,0.0,0.0,2.0,0.0,2026-07-26T10:02:42.150645+00:00,COVERAGE_RICH,1.0,1.0,1.0,1.0,1.0,1,0.95,OFFICIAL_API,,8.0,8.0,1.875,2.5,2.625,2.5,2.5,1.125,0.875,1.0,0.0,0.375,0.875,0.625,1.0,0.75,0.875,0.625,2026.0,2026.0,TEAM_LAST_8_ALL_COMPETITIONS,5.0,1.0,0.2,1.0,11.0,20.0,7.0,7.0,50.0,3.0,2.0,13.0,2.0,4.0,0.0,5.0,0.0,0.0,0.0,,,,,,,,,,,,SPARSE,2026-07-26T10:04:15.923429+00:00,2.0,0.0,1.0,1.0,2.0,0.0,FULL,FULL,MEDIUM,LOW,FULL,2026-07-26T10:04:28.386432+00:00,0.0,0.0,,,,,,,,,,,,,,,,,,0.12,90.0,235.34,0.0,0.0,NONE,NONE,NONE,INACTIVE,2026-07-26T10:04:39.425990+00:00,6.0,0.0,0.0,0.0,0.0,0.0,0.0,8.0,0.0,0.0,0.0,0.0,0.0,0.0,12.0,2026-07-26T10:04:42.977163+00:00,1.47,5.21,7.0,1.58,2.45,1.13,7.0,1.43,3.12,2.1,1.89,,,,,,14.0,157.0,5194.0,0.6803,0.1919,0.1429,0.6329,0.4082,0.885,0.1429,0.6993,0.3205,0.4762,0.5291,,,,,,2026-07-26T10:04:53.603391+00:00,OK
2026-07-26,2026-07-26T15:00:00+01:00,1785074400,Premier League,235,2026,1561335,NS,Lokomotiv,597,Akhmat,1085,Russia,NS,Not Started,,,,,,,,,,,,0.0,0.0,0.0,0.0,0.0,0.0,0.0,0.0,0.0,0.0,,,2026-07-26T10:02:42.150650+00:00,COVERAGE_UNKNOWN,,,,,,0,1.0,COVERAGE_NOT_LOADED,,,,,,,,,,,,,,,,,,,,,,,,,,,,,,,,,,,,,,,,,,,,,,,,,,,,,NONE,,,,,,,,,,,,,,,,,,,,,,,,,,,,,,,,,,,,,,,,,,,,,,,,,,,,,,,,,,,,,,,,,,,,,,,,,,,,,,,,,,,,,,,,,,,,,,,
2026-07-26,2026-07-26T15:00:00+01:00,1785074400,II Liga - East,109,2026,1561588,NS,Avia Świdnik,16264,Olimpia Grudziądz,4247,Poland,NS,Not Started,,,,,,,,,,,,0.0,0.0,0.0,0.0,0.0,0.0,0.0,0.0,0.0,0.0,,,2026-07-26T10:02:42.150654+00:00,COVERAGE_UNKNOWN,,,,,,0,1.0,COVERAGE_NOT_LOADED,,,,,,,,,,,,,,,,,,,,,,,,,,,,,,,,,,,,,,,,,,,,,,,,,,,,,NONE,,,,,,,,,,,,,,,,,,,,,,,,,,,,,,,,,,,,,,,,,,,,,,,,,,,,,,,,,,,,,,,,,,,,,,,,,,,,,,,,,,,,,,,,,,,,,,,
2026-07-26,2026-07-26T15:00:00+01:00,1785074400,First League,236,2026,1577455,NS,Torpedo Moskva,3985,Shinnik Yaroslavl,1998,Russia,NS,Not Started,,,,,,,,,,,,0.0,0.0,0.0,0.0,0.0,0.0,0.0,0.0,0.0,0.0,,,2026-07-26T10:02:42.150666+00:00,COVERAGE_UNKNOWN,,,,,,0,1.0,COVERAGE_NOT_LOADED,,,,,,,,,,,,,,,,,,,,,,,,,,,,,,,,,,,,,,,,,,,,,,,,,,,,,NONE,,,,,,,,,,,,,,,,,,,,,,,,,,,,,,,,,,,,,,,,,,,,,,,,,,,,,,,,,,,,,,,,,,,,,,,,,,,,,,,,,,,,,,,,,,,,,,,
2026-07-26,2026-07-26T15:00:00+01:00,1785074400,First League,236,2026,1577456,NS,FC UFA,1078,Ska-khabarovsk,1087,Russia,NS,Not Started,,,,,,,,,,,,0.0,0.0,0.0,0.0,0.0,0.0,0.0,0.0,0.0,0.0,,,2026-07-26T10:02:42.150671+00:00,COVERAGE_UNKNOWN,,,,,,0,1.0,COVERAGE_NOT_LOADED,,,,,,,,,,,,,,,,,,,,,,,,,,,,,,,,,,,,,,,,,,,,,,,,,,,,,NONE,,,,,,,,,,,,,,,,,,,,,,,,,,,,,,,,,,,,,,,,,,,,,,,,,,,,,,,,,,,,,,,,,,,,,,,,,,,,,,,,,,,,,,,,,,,,,,,
2026-07-26,2026-07-26T15:00:00+01:00,1785074400,Friendlies Clubs,667,2026,1583463,NS,UN Kaerjeng 97,2035,F91 Dudelange,578,World,NS,Not Started,,,,,,,,,,,,0.0,0.0,0.0,0.0,0.0,0.0,0.0,0.0,0.0,0.0,,,2026-07-26T10:02:42.150676+00:00,COVERAGE_UNKNOWN,,,,,,0,1.0,COVERAGE_NOT_LOADED,,,,,,,,,,,,,,,,,,,,,,,,,,,,,,,,,,,,,,,,,,,,,,,,,,,,,NONE,,,,,,,,,,,,,,,,,,,,,,,,,,,,,,,,,,,,,,,,,,,,,,,,,,,,,,,,,,,,,,,,,,,,,,,,,,,,,,,,,,,,,,,,,,,,,,,
2026-07-26,2026-07-26T15:00:00+01:00,1785074400,Friendlies Clubs,667,2026,1584984,NS,Clydebank,17025,Partick,901,World,NS,Not Started,,,,,,,,,,,,0.0,0.0,0.0,0.0,0.0,0.0,0.0,0.0,0.0,0.0,,,2026-07-26T10:02:42.150681+00:00,COVERAGE_UNKNOWN,,,,,,0,1.0,COVERAGE_NOT_LOADED,,,,,,,,,,,,,,,,,,,,,,,,,,,,,,,,,,,,,,,,,,,,,,,,,,,,,NONE,,,,,,,,,,,,,,,,,,,,,,,,,,,,,,,,,,,,,,,,,,,,,,,,,,,,,,,,,,,,,,,,,,,,,,,,,,,,,,,,,,,,,,,,,,,,,,,
2026-07-26,2026-07-26T15:30:00+01:00,1785076200,Allsvenskan,113,2026,1494219,NS,Gais,2170,Halmstad,766,Sweden,NS,Not Started,,,,,,,,,,,,0.0,0.0,0.0,0.0,0.0,0.0,0.0,0.0,0.0,0.0,8.0,2.0,2026-07-26T10:02:42.150685+00:00,COVERAGE_RICH,1.0,1.0,1.0,1.0,1.0,1,0.95,OFFICIAL_API,,8.0,8.0,1.375,0.25,1.5,0.5,1.125,2.25,0.75,0.5,0.375,0.0,0.5,0.5,0.75,1.0,0.625,0.5,2026.0,2026.0,TEAM_LAST_8_ALL_COMPETITIONS,5.0,5.0,1.0,1.0,14.8,10.6,5.0,4.0,53.2,5.2,3.8,17.6,2.0,1.2,3.8,5.0,5.0,1.0,1.0,11.6,15.2,2.0,5.0,40.8,2.4,6.0,12.6,2.0,0.8,3.8,FULL,2026-07-26T10:02:57.889292+00:00,8.0,2.0,1.0,1.0,7.2,1.2,FULL,FULL,HIGH,LOW,FULL,2026-07-26T10:04:21.586935+00:00,0.0,0.0,,,,,,,,,,,,,,,,,,0.12,90.0,265.5,0.0,0.0,NONE,NONE,NONE,INACTIVE,2026-07-26T10:04:29.829383+00:00,8.0,19.0,4.0,14.0,18.0,14.0,0.0,16.0,6.0,-18.0,13.0,10.0,28.0,1.0,16.0,2026-07-26T10:04:42.914424+00:00,1.38,5.23,9.0,1.93,1.91,1.2,4.65,1.64,2.31,2.63,1.53,,,,,,13.0,125.0,3680.0,0.7246,0.1912,0.1111,0.5181,0.5236,0.8333,0.2151,0.6098,0.4329,0.3802,0.6536,,,,,,2026-07-26T10:04:44.008981+00:00,OK
2026-07-26,2026-07-26T15:30:00+01:00,1785076200,Allsvenskan,113,2026,1494222,NS,Malmo FF,375,IF Elfsborg,372,Sweden,NS,Not Started,,,,,,,,,,,,0.0,0.0,0.0,0.0,0.0,0.0,0.0,0.0,0.0,0.0,12.0,2.0,2026-07-26T10:02:42.150690+00:00,COVERAGE_RICH,1.0,1.0,1.0,1.0,1.0,1,0.95,OFFICIAL_API,,8.0,8.0,1.75,2.125,1.5,1.75,1.125,0.875,1.0,1.0,0.375,0.375,0.625,0.625,0.625,0.875,0.375,0.5,2026.0,2026.0,TEAM_LAST_8_ALL_COMPETITIONS,5.0,5.0,1.0,1.0,12.4,15.0,4.0,5.6,47.2,4.6,7.2,12.8,1.6,0.4,4.4,5.0,5.0,1.0,1.0,9.0,12.8,3.4,4.0,41.8,3.0,5.6,12.6,2.4,1.0,2.4,FULL,2026-07-26T10:03:04.292089+00:00,12.0,2.0,1.0,1.0,10.4,2.0,FULL,FULL,HIGH,MEDIUM,FULL,2026-07-26T10:04:22.386038+00:00,0.0,0.0,,,,,,,,,,,,,,,,,,0.12,90.0,265.49,0.0,0.0,NONE,NONE,NONE,INACTIVE,2026-07-26T10:04:30.623932+00:00,7.0,20.0,5.0,13.0,27.0,22.0,0.0,9.0,18.0,1.0,14.0,18.0,17.0,0.0,16.0,2026-07-26T10:04:42.920491+00:00,1.92,3.84,4.0,1.67,2.38,1.23,4.4,1.73,2.2,2.75,1.46,,,,,,13.0,129.0,3713.0,0.5208,0.2604,0.25,0.5988,0.4202,0.813,0.2273,0.578,0.4545,0.3636,0.6849,,,,,,2026-07-26T10:04:44.794777+00:00,OK
2026-07-26,2026-07-26T15:30:00+01:00,1785076200,Friendlies Clubs,667,2026,1548030,NS,Karlsruher SC,785,Inter,505,World,NS,Not Started,,,,,,,,,,,,0.0,0.0,0.0,0.0,0.0,0.0,0.0,0.0,0.0,0.0,,,2026-07-26T10:02:42.150695+00:00,COVERAGE_UNKNOWN,,,,,,0,1.0,COVERAGE_NOT_LOADED,,,,,,,,,,,,,,,,,,,,,,,,,,,,,,,,,,,,,,,,,,,,,,,,,,,,,NONE,,,,,,,,,,,,,,,,,,,,,,,,,,,,,,,,,,,,,,,,,,,,,,,,,,,,,,,,,,,,,,,,,,,,,,,,,,,,,,,,,,,,,,,,,,,,,,,
2026-07-26,2026-07-26T15:30:00+01:00,1785076200,Super League,207,2026,1555351,NS,FC Lugano,606,FC Vaduz,660,Switzerland,NS,Not Started,,,,,,,,,,,,0.0,0.0,0.0,0.0,0.0,0.0,0.0,0.0,0.0,0.0,,,2026-07-26T10:02:42.150699+00:00,COVERAGE_RICH,1.0,1.0,0.0,1.0,1.0,1,0.95,OFFICIAL_API,,8.0,7.0,1.625,2.571,1.625,2.286,1.375,0.857,1.0,0.857,0.375,0.286,0.625,0.571,0.75,0.714,0.625,0.714,2026.0,2026.0,TEAM_LAST_8_ALL_COMPETITIONS,5.0,1.0,0.2,1.0,24.0,12.0,7.0,3.0,72.0,7.0,3.0,17.0,2.0,5.0,6.0,5.0,0.0,0.0,0.0,,,,,,,,,,,,SPARSE,2026-07-26T10:04:04.312506+00:00,,,0.0,0.0,,,NONE,NONE,UNKNOWN,UNKNOWN,NONE,2026-07-26T10:04:27.592877+00:00,0.0,0.0,,,,,,,,,,,,,,,,,,0.12,90.0,265.36,0.0,0.0,NONE,NONE,NONE,INACTIVE,2026-07-26T10:04:38.221169+00:00,5.0,0.0,0.0,0.0,0.0,0.0,0.0,10.0,0.0,0.0,0.0,0.0,0.0,0.5,12.0,2026-07-26T10:04:42.969551+00:00,1.54,4.7,6.25,1.67,2.3,1.17,5.5,1.55,2.55,2.36,1.62,,,,,,13.0,114.0,3183.0,0.6494,0.2128,0.16,0.5988,0.4348,0.8547,0.1818,0.6452,0.3922,0.4237,0.6173,,,,,,2026-07-26T10:04:52.393481+00:00,OK
2026-07-26,2026-07-26T15:30:00+01:00,1785076200,Super League,207,2026,1555352,NS,FC ST. Gallen,1011,FC Zurich,783,Switzerland,NS,Not Started,,,,,,,,,,,,0.0,0.0,0.0,0.0,0.0,0.0,0.0,0.0,0.0,0.0,,,2026-07-26T10:02:42.150704+00:00,COVERAGE_RICH,1.0,1.0,0.0,1.0,1.0,1,0.95,OFFICIAL_API,,6.0,7.0,2.0,0.857,1.833,2.286,2.167,2.714,0.833,1.0,0.167,0.0,0.667,1.0,0.833,1.0,0.833,1.0,2026.0,2026.0,TEAM_LAST_8_ALL_COMPETITIONS,5.0,0.0,0.0,0.0,,,,,,,,,,,,5.0,0.0,0.0,0.0,,,,,,,,,,,,NONE,2026-07-26T10:04:08.314668+00:00,,,0.0,0.0,,,NONE,NONE,UNKNOWN,UNKNOWN,NONE,2026-07-26T10:04:27.595031+00:00,0.0,0.0,,,,,,,,,,,,,,,,,,0.12,90.0,265.36,0.0,0.0,NONE,NONE,NONE,INACTIVE,2026-07-26T10:04:38.630144+00:00,9.0,0.0,0.0,0.0,0.0,0.0,0.5,7.0,0.0,0.0,0.0,0.0,0.0,0.0,12.0,2026-07-26T10:04:42.972080+00:00,1.68,4.33,4.75,1.5,2.7,1.14,6.5,1.45,2.88,2.1,1.82,,,,,,13.0,115.0,3321.0,0.5952,0.2309,0.2105,0.6667,0.3704,0.8772,0.1538,0.6897,0.3472,0.4762,0.5495,,,,,,2026-07-26T10:04:52.799513+00:00,OK
2026-07-26,2026-07-26T15:30:00+01:00,1785076200,Liga I,283,2026,1565197,NS,Sepsi OSK Sfantu Gheorghe,2585,Universitatea Cluj,2599,Romania,NS,Not Started,,,,,,,,,,,,0.0,0.0,0.0,0.0,0.0,0.0,0.0,0.0,0.0,0.0,,,2026-07-26T10:02:42.150709+00:00,COVERAGE_UNKNOWN,,,,,,0,1.0,COVERAGE_NOT_LOADED,,,,,,,,,,,,,,,,,,,,,,,,,,,,,,,,,,,,,,,,,,,,,,,,,,,,,NONE,,,,,,,,,,,,,,,,,,,,,,,,,,,,,,,,,,,,,,,,,,,,,,,,,,,,,,,,,,,,,,,,,,,,,,,,,,,,,,,,,,,,,,,,,,,,,,,
2026-07-26,2026-07-26T15:30:00+01:00,1785076200,Second League A - Division A Gold,1025,2026,1565431,NS,FK Sokol Saratov,1995,Dinamo Kirov,21538,Russia,NS,Not Started,,,,,,,,,,,,0.0,0.0,0.0,0.0,0.0,0.0,0.0,0.0,0.0,0.0,,,2026-07-26T10:02:42.150714+00:00,COVERAGE_UNKNOWN,,,,,,0,1.0,COVERAGE_NOT_LOADED,,,,,,,,,,,,,,,,,,,,,,,,,,,,,,,,,,,,,,,,,,,,,,,,,,,,,NONE,,,,,,,,,,,,,,,,,,,,,,,,,,,,,,,,,,,,,,,,,,,,,,,,,,,,,,,,,,,,,,,,,,,,,,,,,,,,,,,,,,,,,,,,,,,,,,,
2026-07-26,2026-07-26T15:30:00+01:00,1785076200,David Kipiani Cup,672,2026,1567383,NS,Samtredia,581,Shturmi,16516,Georgia,NS,Not Started,,,,,,,,,,,,0.0,0.0,0.0,0.0,0.0,0.0,0.0,0.0,0.0,0.0,,,2026-07-26T10:02:42.150718+00:00,COVERAGE_UNKNOWN,,,,,,0,1.0,COVERAGE_NOT_LOADED,,,,,,,,,,,,,,,,,,,,,,,,,,,,,,,,,,,,,,,,,,,,,,,,,,,,,NONE,,,,,,,,,,,,,,,,,,,,,,,,,,,,,,,,,,,,,,,,,,,,,,,,,,,,,,,,,,,,,,,,,,,,,,,,,,,,,,,,,,,,,,,,,,,,,,,
2026-07-26,2026-07-26T15:30:00+01:00,1785076200,Cup,347,2026,1582715,NS,FS Třebíč,24190,Sokol Tasovice,7355,Czech-Republic,NS,Not Started,,,,,,,,,,,,0.0,0.0,0.0,0.0,0.0,0.0,0.0,0.0,0.0,0.0,,,2026-07-26T10:02:42.150723+00:00,COVERAGE_UNKNOWN,,,,,,0,1.0,COVERAGE_NOT_LOADED,,,,,,,,,,,,,,,,,,,,,,,,,,,,,,,,,,,,,,,,,,,,,,,,,,,,,NONE,,,,,,,,,,,,,,,,,,,,,,,,,,,,,,,,,,,,,,,,,,,,,,,,,,,,,,,,,,,,,,,,,,,,,,,,,,,,,,,,,,,,,,,,,,,,,,,
2026-07-26,2026-07-26T15:30:00+01:00,1785076200,Premier League,569,2026,1599173,NS,Abdish-Ata,12234,Asia Talas,27432,Kyrgyzstan,NS,Not Started,,,,,,,,,,,,0.0,0.0,0.0,0.0,0.0,0.0,0.0,0.0,0.0,0.0,,,2026-07-26T10:02:42.150728+00:00,COVERAGE_UNKNOWN,,,,,,0,1.0,COVERAGE_NOT_LOADED,,,,,,,,,,,,,,,,,,,,,,,,,,,,,,,,,,,,,,,,,,,,,,,,,,,,,NONE,,,,,,,,,,,,,,,,,,,,,,,,,,,,,,,,,,,,,,,,,,,,,,,,,,,,,,,,,,,,,,,,,,,,,,,,,,,,,,,,,,,,,,,,,,,,,,,
2026-07-26,2026-07-26T15:30:00+01:00,1785076200,Premier League,569,2026,1599174,NS,Dordoi Bishkek,8026,Alga,12235,Kyrgyzstan,NS,Not Started,,,,,,,,,,,,0.0,0.0,0.0,0.0,0.0,0.0,0.0,0.0,0.0,0.0,,,2026-07-26T10:02:42.150732+00:00,COVERAGE_UNKNOWN,,,,,,0,1.0,COVERAGE_NOT_LOADED,,,,,,,,,,,,,,,,,,,,,,,,,,,,,,,,,,,,,,,,,,,,,,,,,,,,,NONE,,,,,,,,,,,,,,,,,,,,,,,,,,,,,,,,,,,,,,,,,,,,,,,,,,,,,,,,,,,,,,,,,,,,,,,,,,,,,,,,,,,,,,,,,,,,,,,
2026-07-26,2026-07-26T16:00:00+01:00,1785078000,Eliteserien,103,2026,1494711,NS,KFUM Oslo,2143,Molde,329,Norway,NS,Not Started,,,,,,,,,,,,0.0,0.0,0.0,0.0,0.0,0.0,0.0,0.0,0.0,0.0,8.0,6.0,2026-07-26T10:02:42.150737+00:00,COVERAGE_RICH,1.0,1.0,1.0,1.0,1.0,1,0.95,OFFICIAL_API,,8.0,8.0,1.0,1.625,1.375,1.875,2.125,1.25,0.875,0.875,0.125,0.25,0.75,0.625,0.875,0.75,0.875,0.5,2026.0,2026.0,TEAM_LAST_8_ALL_COMPETITIONS,5.0,4.0,0.8,1.0,13.0,12.75,4.5,4.5,46.5,2.5,5.25,12.0,1.25,1.0,3.75,5.0,5.0,1.0,1.0,11.8,14.2,4.6,5.6,55.2,3.4,5.6,13.2,2.0,1.0,1.2,PARTIAL,2026-07-26T10:03:16.691358+00:00,8.0,6.0,1.0,1.0,6.4,5.2,FULL,FULL,HIGH,HIGH,FULL,2026-07-26T10:04:23.994426+00:00,0.0,0.0,,,,,,,,,,,,,,,,,,0.12,90.0,295.46,0.0,0.0,NONE,NONE,NONE,INACTIVE,2026-07-26T10:04:32.221549+00:00,13.0,12.0,-8.0,13.0,13.0,21.0,0.5,5.0,20.0,4.0,13.0,21.0,17.0,0.0,16.0,2026-07-26T10:04:42.930857+00:00,3.1,3.83,2.26,1.57,2.38,1.22,4.5,1.72,2.21,2.77,1.47,,,,,,13.0,129.0,3686.0,0.3226,0.2611,0.4425,0.6369,0.4202,0.8197,0.2222,0.5814,0.4525,0.361,0.6803,,,,,,2026-07-26T10:04:46.393909+00:00,OK
2026-07-26,2026-07-26T16:00:00+01:00,1785078000,Eliteserien,103,2026,1494714,NS,Sandefjord,332,Bodo/Glimt,327,Norway,NS,Not Started,,,,,,,,,,,,0.0,0.0,0.0,0.0,0.0,0.0,0.0,0.0,0.0,0.0,2.0,8.0,2026-07-26T10:02:42.150742+00:00,COVERAGE_RICH,1.0,1.0,1.0,1.0,1.0,1,0.95,OFFICIAL_API,,8.0,8.0,1.375,2.0,0.875,2.0,1.125,1.0,0.625,0.75,0.375,0.5,0.375,0.25,0.5,0.875,0.375,0.625,2026.0,2026.0,TEAM_LAST_8_ALL_COMPETITIONS,5.0,5.0,1.0,1.0,17.0,15.0,5.0,4.0,50.6,5.6,8.6,13.4,2.25,1.4,5.4,5.0,4.0,0.8,1.0,21.5,8.75,8.0,3.5,61.0,9.75,2.75,8.75,0.333,1.333,7.0,PARTIAL,2026-07-26T10:03:19.093076+00:00,2.0,8.0,1.0,1.0,2.0,4.8,FULL,FULL,MEDIUM,HIGH,FULL,2026-07-26T10:04:24.393193+00:00,0.0,0.0,,,,,,,,,,,,,,,,,,0.12,90.0,295.46,0.0,0.0,NONE,NONE,NONE,INACTIVE,2026-07-26T10:04:32.626821+00:00,11.0,15.0,-4.0,13.0,13.0,17.0,0.0,2.0,32.0,23.0,14.0,34.0,11.0,1.0,16.0,2026-07-26T10:04:42.933456+00:00,8.05,5.96,1.35,1.6,2.45,1.12,8.0,1.37,3.4,1.95,1.93,,,,,,13.0,128.0,3761.0,0.1242,0.1678,0.7407,0.625,0.4082,0.8929,0.125,0.7299,0.2941,0.5128,0.5181,,,,,,2026-07-26T10:04:46.789165+00:00,OK
2026-07-26,2026-07-26T16:00:00+01:00,1785078000,Eliteserien,103,2026,1494715,NS,Sarpsborg 08 FF,333,Ham-Kam,2159,Norway,NS,Not Started,,,,,,,,,,,,0.0,0.0,0.0,0.0,0.0,0.0,0.0,0.0,0.0,0.0,4.0,2.0,2026-07-26T10:02:42.150746+00:00,COVERAGE_RICH,1.0,1.0,1.0,1.0,1.0,1,0.95,OFFICIAL_API,,8.0,8.0,0.75,1.75,0.875,1.75,1.5,1.75,0.625,1.0,0.125,0.25,0.5,0.75,0.75,0.875,0.375,0.75,2026.0,2026.0,TEAM_LAST_8_ALL_COMPETITIONS,5.0,5.0,1.0,1.0,10.8,12.6,3.4,4.8,46.4,4.6,4.0,10.2,1.6,1.8,2.6,5.0,5.0,1.0,1.0,9.2,13.2,3.4,3.6,44.8,3.0,3.2,13.0,1.4,1.5,2.4,FULL,2026-07-26T10:03:21.495143+00:00,4.0,2.0,1.0,1.0,4.0,2.0,FULL,FULL,HIGH,MEDIUM,FULL,2026-07-26T10:04:24.794079+00:00,0.0,0.0,,,,,,,,,,,,,,,,,,0.12,90.0,295.45,0.0,0.0,NONE,NONE,NONE,INACTIVE,2026-07-26T10:04:33.022776+00:00,7.0,18.0,-2.0,13.0,14.0,16.0,0.0,8.0,18.0,-5.0,13.0,20.0,25.0,0.0,16.0,2026-07-26T10:04:42.936014+00:00,1.7,4.39,5.13,1.6,2.38,1.19,5.24,1.6,2.49,2.45,1.6,,,,,,13.0,128.0,3732.0,0.5882,0.2278,0.1949,0.625,0.4202,0.8403,0.1908,0.625,0.4016,0.4082,0.625,,,,,,2026-07-26T10:04:47.193680+00:00,OK
2026-07-26,2026-07-26T16:00:00+01:00,1785078000,1. Division,104,2026,1495887,NS,Asane,2148,Egersund,6976,Norway,NS,Not Started,,,,,,,,,,,,0.0,0.0,0.0,0.0,0.0,0.0,0.0,0.0,0.0,0.0,,,2026-07-26T10:02:42.150751+00:00,COVERAGE_UNKNOWN,,,,,,0,1.0,COVERAGE_NOT_LOADED,,,,,,,,,,,,,,,,,,,,,,,,,,,,,,,,,,,,,,,,,,,,,,,,,,,,,NONE,,,,,,,,,,,,,,,,,,,,,,,,,,,,,,,,,,,,,,,,,,,,,,,,,,,,,,,,,,,,,,,,,,,,,,,,,,,,,,,,,,,,,,,,,,,,,,,
2026-07-26,2026-07-26T16:00:00+01:00,1785078000,1. Division,104,2026,1495889,NS,Moss,7012,Raufoss,2153,Norway,NS,Not Started,,,,,,,,,,,,0.0,0.0,0.0,0.0,0.0,0.0,0.0,0.0,0.0,0.0,,,2026-07-26T10:02:42.150755+00:00,COVERAGE_UNKNOWN,,,,,,0,1.0,COVERAGE_NOT_LOADED,,,,,,,,,,,,,,,,,,,,,,,,,,,,,,,,,,,,,,,,,,,,,,,,,,,,,NONE,,,,,,,,,,,,,,,,,,,,,,,,,,,,,,,,,,,,,,,,,,,,,,,,,,,,,,,,,,,,,,,,,,,,,,,,,,,,,,,,,,,,,,,,,,,,,,,
2026-07-26,2026-07-26T16:00:00+01:00,1785078000,1. Division,104,2026,1495890,NS,Sandnes ULF,2146,Kongsvinger,2144,Norway,NS,Not Started,,,,,,,,,,,,0.0,0.0,0.0,0.0,0.0,0.0,0.0,0.0,0.0,0.0,,,2026-07-26T10:02:42.150760+00:00,COVERAGE_UNKNOWN,,,,,,0,1.0,COVERAGE_NOT_LOADED,,,,,,,,,,,,,,,,,,,,,,,,,,,,,,,,,,,,,,,,,,,,,,,,,,,,,NONE,,,,,,,,,,,,,,,,,,,,,,,,,,,,,,,,,,,,,,,,,,,,,,,,,,,,,,,,,,,,,,,,,,,,,,,,,,,,,,,,,,,,,,,,,,,,,,,
2026-07-26,2026-07-26T16:00:00+01:00,1785078000,1. Division,104,2026,1495891,NS,Sogndal,758,Ranheim,322,Norway,NS,Not Started,,,,,,,,,,,,0.0,0.0,0.0,0.0,0.0,0.0,0.0,0.0,0.0,0.0,,,2026-07-26T10:02:42.150765+00:00,COVERAGE_UNKNOWN,,,,,,0,1.0,COVERAGE_NOT_LOADED,,,,,,,,,,,,,,,,,,,,,,,,,,,,,,,,,,,,,,,,,,,,,,,,,,,,,NONE,,,,,,,,,,,,,,,,,,,,,,,,,,,,,,,,,,,,,,,,,,,,,,,,,,,,,,,,,,,,,,,,,,,,,,,,,,,,,,,,,,,,,,,,,,,,,,,
2026-07-26,2026-07-26T16:00:00+01:00,1785078000,1. Division,104,2026,1495893,NS,Strommen,2147,ODD Ballklubb,330,Norway,NS,Not Started,,,,,,,,,,,,0.0,0.0,0.0,0.0,0.0,0.0,0.0,0.0,0.0,0.0,,,2026-07-26T10:02:42.150770+00:00,COVERAGE_UNKNOWN,,,,,,0,1.0,COVERAGE_NOT_LOADED,,,,,,,,,,,,,,,,,,,,,,,,,,,,,,,,,,,,,,,,,,,,,,,,,,,,,NONE,,,,,,,,,,,,,,,,,,,,,,,,,,,,,,,,,,,,,,,,,,,,,,,,,,,,,,,,,,,,,,,,,,,,,,,,,,,,,,,,,,,,,,,,,,,,,,,
2026-07-26,2026-07-26T16:00:00+01:00,1785078000,Superettan,114,2026,1497636,NS,Norrby IF,2173,Ostersunds FK,376,Sweden,NS,Not Started,,,,,,,,,,,,0.0,0.0,0.0,0.0,0.0,0.0,0.0,0.0,0.0,0.0,,,2026-07-26T10:02:42.150775+00:00,COVERAGE_UNKNOWN,,,,,,0,1.0,COVERAGE_NOT_LOADED,,,,,,,,,,,,,,,,,,,,,,,,,,,,,,,,,,,,,,,,,,,,,,,,,,,,,NONE,,,,,,,,,,,,,,,,,,,,,,,,,,,,,,,,,,,,,,,,,,,,,,,,,,,,,,,,,,,,,,,,,,,,,,,,,,,,,,,,,,,,,,,,,,,,,,,
2026-07-26,2026-07-26T16:00:00+01:00,1785078000,MLS Next Pro,909,2026,1513246,NS,Atlanta United II,3986,New York City II,18815,USA,NS,Not Started,,,,,,,,,,,,0.0,0.0,0.0,0.0,0.0,0.0,0.0,0.0,0.0,0.0,,,2026-07-26T10:02:42.150779+00:00,COVERAGE_UNKNOWN,,,,,,0,1.0,COVERAGE_NOT_LOADED,,,,,,,,,,,,,,,,,,,,,,,,,,,,,,,,,,,,,,,,,,,,,,,,,,,,,NONE,,,,,,,,,,,,,,,,,,,,,,,,,,,,,,,,,,,,,,,,,,,,,,,,,,,,,,,,,,,,,,,,,,,,,,,,,,,,,,,,,,,,,,,,,,,,,,,
2026-07-26,2026-07-26T16:00:00+01:00,1785078000,Super League,369,2026,1516074,NS,Bunyodkor,4210,Pakhtakor,4220,Uzbekistan,NS,Not Started,,,,,,,,,,,,0.0,0.0,0.0,0.0,0.0,0.0,0.0,0.0,0.0,0.0,,,2026-07-26T10:02:42.150784+00:00,COVERAGE_UNKNOWN,,,,,,0,1.0,COVERAGE_NOT_LOADED,,,,,,,,,,,,,,,,,,,,,,,,,,,,,,,,,,,,,,,,,,,,,,,,,,,,,NONE,,,,,,,,,,,,,,,,,,,,,,,,,,,,,,,,,,,,,,,,,,,,,,,,,,,,,,,,,,,,,,,,,,,,,,,,,,,,,,,,,,,,,,,,,,,,,,,
2026-07-26,2026-07-26T16:00:00+01:00,1785078000,Ykkönen,245,2026,1517226,NS,OLS,9195,KPV-j,10199,Finland,NS,Not Started,,,,,,,,,,,,0.0,0.0,0.0,0.0,0.0,0.0,0.0,0.0,0.0,0.0,,,2026-07-26T10:02:42.150789+00:00,COVERAGE_UNKNOWN,,,,,,0,1.0,COVERAGE_NOT_LOADED,,,,,,,,,,,,,,,,,,,,,,,,,,,,,,,,,,,,,,,,,,,,,,,,,,,,,NONE,,,,,,,,,,,,,,,,,,,,,,,,,,,,,,,,,,,,,,,,,,,,,,,,,,,,,,,,,,,,,,,,,,,,,,,,,,,,,,,,,,,,,,,,,,,,,,,
2026-07-26,2026-07-26T16:00:00+01:00,1785078000,Premier League,389,2026,1528039,NS,Kaspiy,4552,Zhenys,16611,Kazakhstan,NS,Not Started,,,,,,,,,,,,0.0,0.0,0.0,0.0,0.0,0.0,0.0,0.0,0.0,0.0,,,2026-07-26T10:02:42.150793+00:00,COVERAGE_UNKNOWN,,,,,,0,1.0,COVERAGE_NOT_LOADED,,,,,,,,,,,,,,,,,,,,,,,,,,,,,,,,,,,,,,,,,,,,,,,,,,,,,NONE,,,,,,,,,,,,,,,,,,,,,,,,,,,,,,,,,,,,,,,,,,,,,,,,,,,,,,,,,,,,,,,,,,,,,,,,,,,,,,,,,,,,,,,,,,,,,,,
2026-07-26,2026-07-26T16:00:00+01:00,1785078000,1. Division,117,2026,1534372,NS,Minsk II,11249,Uni Minsk,18857,Belarus,NS,Not Started,,,,,,,,,,,,0.0,0.0,0.0,0.0,0.0,0.0,0.0,0.0,0.0,0.0,,,2026-07-26T10:02:42.150798+00:00,COVERAGE_UNKNOWN,,,,,,0,1.0,COVERAGE_NOT_LOADED,,,,,,,,,,,,,,,,,,,,,,,,,,,,,,,,,,,,,,,,,,,,,,,,,,,,,NONE,,,,,,,,,,,,,,,,,,,,,,,,,,,,,,,,,,,,,,,,,,,,,,,,,,,,,,,,,,,,,,,,,,,,,,,,,,,,,,,,,,,,,,,,,,,,,,,
2026-07-26,2026-07-26T16:00:00+01:00,1785078000,Second League - Group 2,652,2026,1536409,NS,Cherepovets,24450,Iskra Smolensk,27645,Russia,NS,Not Started,,,,,,,,,,,,0.0,0.0,0.0,0.0,0.0,0.0,0.0,0.0,0.0,0.0,,,2026-07-26T10:02:42.150803+00:00,COVERAGE_UNKNOWN,,,,,,0,1.0,COVERAGE_NOT_LOADED,,,,,,,,,,,,,,,,,,,,,,,,,,,,,,,,,,,,,,,,,,,,,,,,,,,,,NONE,,,,,,,,,,,,,,,,,,,,,,,,,,,,,,,,,,,,,,,,,,,,,,,,,,,,,,,,,,,,,,,,,,,,,,,,,,,,,,,,,,,,,,,,,,,,,,,
2026-07-26,2026-07-26T16:00:00+01:00,1785078000,First League,371,2026,1551426,NS,Sileks,4331,Bashkimi Kumanovo,22153,Macedonia,NS,Not Started,,,,,,,,,,,,0.0,0.0,0.0,0.0,0.0,0.0,0.0,0.0,0.0,0.0,,,2026-07-26T10:02:42.150807+00:00,COVERAGE_UNKNOWN,,,,,,0,1.0,COVERAGE_NOT_LOADED,,,,,,,,,,,,,,,,,,,,,,,,,,,,,,,,,,,,,,,,,,,,,,,,,,,,,NONE,,,,,,,,,,,,,,,,,,,,,,,,,,,,,,,,,,,,,,,,,,,,,,,,,,,,,,,,,,,,,,,,,,,,,,,,,,,,,,,,,,,,,,,,,,,,,,,
2026-07-26,2026-07-26T16:00:00+01:00,1785078000,Super Liga,332,2026,1551517,NS,Ružomberok,3549,Dunajska Streda,2257,Slovakia,NS,Not Started,,,,,,,,,,,,0.0,0.0,0.0,0.0,0.0,0.0,0.0,0.0,0.0,0.0,,,2026-07-26T10:02:42.150812+00:00,COVERAGE_PARTIAL,1.0,0.0,0.0,1.0,1.0,0,0.7,OFFICIAL_API,,,,,,,,,,,,,,,,,,,,,,,,,,,,,,,,,,,,,,,,,,,,,,,,,,,,,NONE,,,,,,,,,,,,,,,,,,,,,,,,,,,,,,,,,,,,,,,,,,,,,,,,,,,,,,,,,,,,,,,,,,,,,,,,,,,,,,,,,,,,,,,,,,,,,,,
2026-07-26,2026-07-26T16:00:00+01:00,1785078000,Super Liga,332,2026,1551520,NS,Žilina,3554,FK Košice,10534,Slovakia,NS,Not Started,,,,,,,,,,,,0.0,0.0,0.0,0.0,0.0,0.0,0.0,0.0,0.0,0.0,,,2026-07-26T10:02:42.150817+00:00,COVERAGE_PARTIAL,1.0,0.0,0.0,1.0,1.0,0,0.7,OFFICIAL_API,,,,,,,,,,,,,,,,,,,,,,,,,,,,,,,,,,,,,,,,,,,,,,,,,,,,,NONE,,,,,,,,,,,,,,,,,,,,,,,,,,,,,,,,,,,,,,,,,,,,,,,,,,,,,,,,,,,,,,,,,,,,,,,,,,,,,,,,,,,,,,,,,,,,,,,
2026-07-26,2026-07-26T16:00:00+01:00,1785078000,I Liga,107,2026,1558155,NS,Unia Skierniewice,6961,Stal Mielec,3493,Poland,NS,Not Started,,,,,,,,,,,,0.0,0.0,0.0,0.0,0.0,0.0,0.0,0.0,0.0,0.0,,,2026-07-26T10:02:42.150822+00:00,COVERAGE_UNKNOWN,,,,,,0,1.0,COVERAGE_NOT_LOADED,,,,,,,,,,,,,,,,,,,,,,,,,,,,,,,,,,,,,,,,,,,,,,,,,,,,,NONE,,,,,,,,,,,,,,,,,,,,,,,,,,,,,,,,,,,,,,,,,,,,,,,,,,,,,,,,,,,,,,,,,,,,,,,,,,,,,,,,,,,,,,,,,,,,,,,
2026-07-26,2026-07-26T16:00:00+01:00,1785078000,Cup,657,2026,1558485,NS,TransferWise,14337,Olympic,14343,Estonia,NS,Not Started,,,,,,,,,,,,0.0,0.0,0.0,0.0,0.0,0.0,0.0,0.0,0.0,0.0,,,2026-07-26T10:02:42.150826+00:00,COVERAGE_UNKNOWN,,,,,,0,1.0,COVERAGE_NOT_LOADED,,,,,,,,,,,,,,,,,,,,,,,,,,,,,,,,,,,,,,,,,,,,,,,,,,,,,NONE,,,,,,,,,,,,,,,,,,,,,,,,,,,,,,,,,,,,,,,,,,,,,,,,,,,,,,,,,,,,,,,,,,,,,,,,,,,,,,,,,,,,,,,,,,,,,,,
2026-07-26,2026-07-26T16:00:00+01:00,1785078000,Cup,220,2026,1560891,NS,Schwaz,4957,Wallern / Marienkirchen,21534,Austria,NS,Not Started,,,,,,,,,,,,0.0,0.0,0.0,0.0,0.0,0.0,0.0,0.0,0.0,0.0,,,2026-07-26T10:02:42.150831+00:00,COVERAGE_UNKNOWN,,,,,,0,1.0,COVERAGE_NOT_LOADED,,,,,,,,,,,,,,,,,,,,,,,,,,,,,,,,,,,,,,,,,,,,,,,,,,,,,NONE,,,,,,,,,,,,,,,,,,,,,,,,,,,,,,,,,,,,,,,,,,,,,,,,,,,,,,,,,,,,,,,,,,,,,,,,,,,,,,,,,,,,,,,,,,,,,,,
2026-07-26,2026-07-26T16:00:00+01:00,1785078000,Cup,220,2026,1560892,NS,Imst,14709,TSV Hartberg,1072,Austria,NS,Not Started,,,,,,,,,,,,0.0,0.0,0.0,0.0,0.0,0.0,0.0,0.0,0.0,0.0,,,2026-07-26T10:02:42.150836+00:00,COVERAGE_UNKNOWN,,,,,,0,1.0,COVERAGE_NOT_LOADED,,,,,,,,,,,,,,,,,,,,,,,,,,,,,,,,,,,,,,,,,,,,,,,,,,,,,NONE,,,,,,,,,,,,,,,,,,,,,,,,,,,,,,,,,,,,,,,,,,,,,,,,,,,,,,,,,,,,,,,,,,,,,,,,,,,,,,,,,,,,,,,,,,,,,,,
2026-07-26,2026-07-26T16:00:00+01:00,1785078000,Second League A - Division A Gold,1025,2026,1565432,NS,Volgar Astrakhan,2004,Mashuk-KMV,6814,Russia,NS,Not Started,,,,,,,,,,,,0.0,0.0,0.0,0.0,0.0,0.0,0.0,0.0,0.0,0.0,,,2026-07-26T10:02:42.150841+00:00,COVERAGE_UNKNOWN,,,,,,0,1.0,COVERAGE_NOT_LOADED,,,,,,,,,,,,,,,,,,,,,,,,,,,,,,,,,,,,,,,,,,,,,,,,,,,,,NONE,,,,,,,,,,,,,,,,,,,,,,,,,,,,,,,,,,,,,,,,,,,,,,,,,,,,,,,,,,,,,,,,,,,,,,,,,,,,,,,,,,,,,,,,,,,,,,,
2026-07-26,2026-07-26T16:00:00+01:00,1785078000,David Kipiani Cup,672,2026,1567385,NS,Iveria Khashuri,27370,Torpedo Kutaisi,685,Georgia,NS,Not Started,,,,,,,,,,,,0.0,0.0,0.0,0.0,0.0,0.0,0.0,0.0,0.0,0.0,,,2026-07-26T10:02:42.150846+00:00,COVERAGE_UNKNOWN,,,,,,0,1.0,COVERAGE_NOT_LOADED,,,,,,,,,,,,,,,,,,,,,,,,,,,,,,,,,,,,,,,,,,,,,,,,,,,,,NONE,,,,,,,,,,,,,,,,,,,,,,,,,,,,,,,,,,,,,,,,,,,,,,,,,,,,,,,,,,,,,,,,,,,,,,,,,,,,,,,,,,,,,,,,,,,,,,,
2026-07-26,2026-07-26T16:00:00+01:00,1785078000,Friendlies Clubs,667,2026,1567749,NS,Rangers,257,West Ham,48,World,NS,Not Started,,,,,,,,,,,,0.0,0.0,0.0,0.0,0.0,0.0,0.0,0.0,0.0,0.0,,,2026-07-26T10:02:42.150850+00:00,COVERAGE_UNKNOWN,,,,,,0,1.0,COVERAGE_NOT_LOADED,,,,,,,,,,,,,,,,,,,,,,,,,,,,,,,,,,,,,,,,,,,,,,,,,,,,,NONE,,,,,,,,,,,,,,,,,,,,,,,,,,,,,,,,,,,,,,,,,,,,,,,,,,,,,,,,,,,,,,,,,,,,,,,,,,,,,,,,,,,,,,,,,,,,,,,
2026-07-26,2026-07-26T16:00:00+01:00,1785078000,First League,236,2026,1577453,NS,FC Sochi,2012,Arsenal Tula,1077,Russia,NS,Not Started,,,,,,,,,,,,0.0,0.0,0.0,0.0,0.0,0.0,0.0,0.0,0.0,0.0,,,2026-07-26T10:02:42.150855+00:00,COVERAGE_UNKNOWN,,,,,,0,1.0,COVERAGE_NOT_LOADED,,,,,,,,,,,,,,,,,,,,,,,,,,,,,,,,,,,,,,,,,,,,,,,,,,,,,NONE,,,,,,,,,,,,,,,,,,,,,,,,,,,,,,,,,,,,,,,,,,,,,,,,,,,,,,,,,,,,,,,,,,,,,,,,,,,,,,,,,,,,,,,,,,,,,,,
2026-07-26,2026-07-26T16:00:00+01:00,1785078000,Cup,347,2026,1582707,NS,Bedrichov,27927,Humpolec,7301,Czech-Republic,NS,Not Started,,,,,,,,,,,,0.0,0.0,0.0,0.0,0.0,0.0,0.0,0.0,0.0,0.0,,,2026-07-26T10:02:42.150860+00:00,COVERAGE_UNKNOWN,,,,,,0,1.0,COVERAGE_NOT_LOADED,,,,,,,,,,,,,,,,,,,,,,,,,,,,,,,,,,,,,,,,,,,,,,,,,,,,,NONE,,,,,,,,,,,,,,,,,,,,,,,,,,,,,,,,,,,,,,,,,,,,,,,,,,,,,,,,,,,,,,,,,,,,,,,,,,,,,,,,,,,,,,,,,,,,,,,
2026-07-26,2026-07-26T16:00:00+01:00,1785078000,Cup,347,2026,1582708,NS,Belotin,27970,Nový Jičín,7323,Czech-Republic,NS,Not Started,,,,,,,,,,,,0.0,0.0,0.0,0.0,0.0,0.0,0.0,0.0,0.0,0.0,,,2026-07-26T10:02:42.150865+00:00,COVERAGE_UNKNOWN,,,,,,0,1.0,COVERAGE_NOT_LOADED,,,,,,,,,,,,,,,,,,,,,,,,,,,,,,,,,,,,,,,,,,,,,,,,,,,,,NONE,,,,,,,,,,,,,,,,,,,,,,,,,,,,,,,,,,,,,,,,,,,,,,,,,,,,,,,,,,,,,,,,,,,,,,,,,,,,,,,,,,,,,,,,,,,,,,,
2026-07-26,2026-07-26T16:00:00+01:00,1785078000,Cup,347,2026,1582709,NS,Bílovec,16875,Vítkovice,3732,Czech-Republic,NS,Not Started,,,,,,,,,,,,0.0,0.0,0.0,0.0,0.0,0.0,0.0,0.0,0.0,0.0,,,2026-07-26T10:02:42.150869+00:00,COVERAGE_UNKNOWN,,,,,,0,1.0,COVERAGE_NOT_LOADED,,,,,,,,,,,,,,,,,,,,,,,,,,,,,,,,,,,,,,,,,,,,,,,,,,,,,NONE,,,,,,,,,,,,,,,,,,,,,,,,,,,,,,,,,,,,,,,,,,,,,,,,,,,,,,,,,,,,,,,,,,,,,,,,,,,,,,,,,,,,,,,,,,,,,,,
2026-07-26,2026-07-26T16:00:00+01:00,1785078000,Cup,347,2026,1582713,NS,Chotebor,26124,Velké Meziříčí,7373,Czech-Republic,NS,Not Started,,,,,,,,,,,,0.0,0.0,0.0,0.0,0.0,0.0,0.0,0.0,0.0,0.0,,,2026-07-26T10:02:42.150874+00:00,COVERAGE_UNKNOWN,,,,,,0,1.0,COVERAGE_NOT_LOADED,,,,,,,,,,,,,,,,,,,,,,,,,,,,,,,,,,,,,,,,,,,,,,,,,,,,,NONE,,,,,,,,,,,,,,,,,,,,,,,,,,,,,,,,,,,,,,,,,,,,,,,,,,,,,,,,,,,,,,,,,,,,,,,,,,,,,,,,,,,,,,,,,,,,,,,
2026-07-26,2026-07-26T16:00:00+01:00,1785078000,Cup,347,2026,1582714,NS,Kozlovice,7311,Frýdek-Místek,7288,Czech-Republic,NS,Not Started,,,,,,,,,,,,0.0,0.0,0.0,0.0,0.0,0.0,0.0,0.0,0.0,0.0,,,2026-07-26T10:02:42.150879+00:00,COVERAGE_UNKNOWN,,,,,,0,1.0,COVERAGE_NOT_LOADED,,,,,,,,,,,,,,,,,,,,,,,,,,,,,,,,,,,,,,,,,,,,,,,,,,,,,NONE,,,,,,,,,,,,,,,,,,,,,,,,,,,,,,,,,,,,,,,,,,,,,,,,,,,,,,,,,,,,,,,,,,,,,,,,,,,,,,,,,,,,,,,,,,,,,,,
2026-07-26,2026-07-26T16:00:00+01:00,1785078000,Cup,347,2026,1582721,NS,Nové Sady,7322,Šumperk,7387,Czech-Republic,NS,Not Started,,,,,,,,,,,,0.0,0.0,0.0,0.0,0.0,0.0,0.0,0.0,0.0,0.0,,,2026-07-26T10:02:42.150884+00:00,COVERAGE_UNKNOWN,,,,,,0,1.0,COVERAGE_NOT_LOADED,,,,,,,,,,,,,,,,,,,,,,,,,,,,,,,,,,,,,,,,,,,,,,,,,,,,,NONE,,,,,,,,,,,,,,,,,,,,,,,,,,,,,,,,,,,,,,,,,,,,,,,,,,,,,,,,,,,,,,,,,,,,,,,,,,,,,,,,,,,,,,,,,,,,,,,
2026-07-26,2026-07-26T16:00:00+01:00,1785078000,Cup,347,2026,1582722,NS,Ráječko,26241,Žďár nad Sázavou,7389,Czech-Republic,NS,Not Started,,,,,,,,,,,,0.0,0.0,0.0,0.0,0.0,0.0,0.0,0.0,0.0,0.0,,,2026-07-26T10:02:42.150888+00:00,COVERAGE_UNKNOWN,,,,,,0,1.0,COVERAGE_NOT_LOADED,,,,,,,,,,,,,,,,,,,,,,,,,,,,,,,,,,,,,,,,,,,,,,,,,,,,,NONE,,,,,,,,,,,,,,,,,,,,,,,,,,,,,,,,,,,,,,,,,,,,,,,,,,,,,,,,,,,,,,,,,,,,,,,,,,,,,,,,,,,,,,,,,,,,,,,
2026-07-26,2026-07-26T16:00:00+01:00,1785078000,Cup,347,2026,1582723,NS,SK Krumvir,27929,Znojmo,3734,Czech-Republic,NS,Not Started,,,,,,,,,,,,0.0,0.0,0.0,0.0,0.0,0.0,0.0,0.0,0.0,0.0,,,2026-07-26T10:02:42.150893+00:00,COVERAGE_UNKNOWN,,,,,,0,1.0,COVERAGE_NOT_LOADED,,,,,,,,,,,,,,,,,,,,,,,,,,,,,,,,,,,,,,,,,,,,,,,,,,,,,NONE,,,,,,,,,,,,,,,,,,,,,,,,,,,,,,,,,,,,,,,,,,,,,,,,,,,,,,,,,,,,,,,,,,,,,,,,,,,,,,,,,,,,,,,,,,,,,,,
2026-07-26,2026-07-26T16:00:00+01:00,1785078000,Cup,347,2026,1582729,NS,TJ Bystrice,27977,Frýdlant,7289,Czech-Republic,NS,Not Started,,,,,,,,,,,,0.0,0.0,0.0,0.0,0.0,0.0,0.0,0.0,0.0,0.0,,,2026-07-26T10:02:42.150898+00:00,COVERAGE_UNKNOWN,,,,,,0,1.0,COVERAGE_NOT_LOADED,,,,,,,,,,,,,,,,,,,,,,,,,,,,,,,,,,,,,,,,,,,,,,,,,,,,,NONE,,,,,,,,,,,,,,,,,,,,,,,,,,,,,,,,,,,,,,,,,,,,,,,,,,,,,,,,,,,,,,,,,,,,,,,,,,,,,,,,,,,,,,,,,,,,,,,
2026-07-26,2026-07-26T16:00:00+01:00,1785078000,Cup,347,2026,1582733,NS,Zabreh,26129,Hranice,7300,Czech-Republic,NS,Not Started,,,,,,,,,,,,0.0,0.0,0.0,0.0,0.0,0.0,0.0,0.0,0.0,0.0,,,2026-07-26T10:02:42.150902+00:00,COVERAGE_UNKNOWN,,,,,,0,1.0,COVERAGE_NOT_LOADED,,,,,,,,,,,,,,,,,,,,,,,,,,,,,,,,,,,,,,,,,,,,,,,,,,,,,NONE,,,,,,,,,,,,,,,,,,,,,,,,,,,,,,,,,,,,,,,,,,,,,,,,,,,,,,,,,,,,,,,,,,,,,,,,,,,,,,,,,,,,,,,,,,,,,,,
2026-07-26,2026-07-26T16:00:00+01:00,1785078000,Segunda División,269,2026,1584335,NS,Fenix,2357,Atenas,2364,Uruguay,NS,Not Started,,,,,,,,,,,,0.0,0.0,0.0,0.0,0.0,0.0,0.0,0.0,0.0,0.0,,,2026-07-26T10:02:42.150907+00:00,COVERAGE_UNKNOWN,,,,,,0,1.0,COVERAGE_NOT_LOADED,,,,,,,,,,,,,,,,,,,,,,,,,,,,,,,,,,,,,,,,,,,,,,,,,,,,,NONE,,,,,,,,,,,,,,,,,,,,,,,,,,,,,,,,,,,,,,,,,,,,,,,,,,,,,,,,,,,,,,,,,,,,,,,,,,,,,,,,,,,,,,,,,,,,,,,
2026-07-26,2026-07-26T16:00:00+01:00,1785078000,Friendlies Clubs,667,2026,1589305,NS,Rodange 91,2039,Mamer,15882,World,NS,Not Started,,,,,,,,,,,,0.0,0.0,0.0,0.0,0.0,0.0,0.0,0.0,0.0,0.0,,,2026-07-26T10:02:42.150911+00:00,COVERAGE_UNKNOWN,,,,,,0,1.0,COVERAGE_NOT_LOADED,,,,,,,,,,,,,,,,,,,,,,,,,,,,,,,,,,,,,,,,,,,,,,,,,,,,,NONE,,,,,,,,,,,,,,,,,,,,,,,,,,,,,,,,,,,,,,,,,,,,,,,,,,,,,,,,,,,,,,,,,,,,,,,,,,,,,,,,,,,,,,,,,,,,,,,
2026-07-26,2026-07-26T16:00:00+01:00,1785078000,Liga MX U21,1200,2026,1592795,NS,Necaxa U21,26837,Monterrey U21,26836,Mexico,NS,Not Started,,,,,,,,,,,,0.0,0.0,0.0,0.0,0.0,0.0,0.0,0.0,0.0,0.0,,,2026-07-26T10:02:42.150916+00:00,COVERAGE_UNKNOWN,,,,,,0,1.0,COVERAGE_NOT_LOADED,,,,,,,,,,,,,,,,,,,,,,,,,,,,,,,,,,,,,,,,,,,,,,,,,,,,,NONE,,,,,,,,,,,,,,,,,,,,,,,,,,,,,,,,,,,,,,,,,,,,,,,,,,,,,,,,,,,,,,,,,,,,,,,,,,,,,,,,,,,,,,,,,,,,,,,
2026-07-26,2026-07-26T16:00:00+01:00,1785078000,NB III - Northeast,633,2026,1593842,NS,Tarpa,15198,Füzesabony,24493,Hungary,NS,Not Started,,,,,,,,,,,,0.0,0.0,0.0,0.0,0.0,0.0,0.0,0.0,0.0,0.0,,,2026-07-26T10:02:42.150921+00:00,COVERAGE_UNKNOWN,,,,,,0,1.0,COVERAGE_NOT_LOADED,,,,,,,,,,,,,,,,,,,,,,,,,,,,,,,,,,,,,,,,,,,,,,,,,,,,,NONE,,,,,,,,,,,,,,,,,,,,,,,,,,,,,,,,,,,,,,,,,,,,,,,,,,,,,,,,,,,,,,,,,,,,,,,,,,,,,,,,,,,,,,,,,,,,,,,
2026-07-26,2026-07-26T16:00:00+01:00,1785078000,Super Liga,394,2026,1595194,NS,Politehnica UTM,26115,Zimbru,4633,Moldova,NS,Not Started,,,,,,,,,,,,0.0,0.0,0.0,0.0,0.0,0.0,0.0,0.0,0.0,0.0,,,2026-07-26T10:02:42.150925+00:00,COVERAGE_UNKNOWN,,,,,,0,1.0,COVERAGE_NOT_LOADED,,,,,,,,,,,,,,,,,,,,,,,,,,,,,,,,,,,,,,,,,,,,,,,,,,,,,NONE,,,,,,,,,,,,,,,,,,,,,,,,,,,,,,,,,,,,,,,,,,,,,,,,,,,,,,,,,,,,,,,,,,,,,,,,,,,,,,,,,,,,,,,,,,,,,,,
2026-07-26,2026-07-26T16:00:00+01:00,1785078000,Friendlies Clubs,667,2026,1598549,NS,Umeå FC,6705,Täfteå,12592,World,NS,Not Started,,,,,,,,,,,,0.0,0.0,0.0,0.0,0.0,0.0,0.0,0.0,0.0,0.0,,,2026-07-26T10:02:42.150930+00:00,COVERAGE_UNKNOWN,,,,,,0,1.0,COVERAGE_NOT_LOADED,,,,,,,,,,,,,,,,,,,,,,,,,,,,,,,,,,,,,,,,,,,,,,,,,,,,,NONE,,,,,,,,,,,,,,,,,,,,,,,,,,,,,,,,,,,,,,,,,,,,,,,,,,,,,,,,,,,,,,,,,,,,,,,,,,,,,,,,,,,,,,,,,,,,,,,
2026-07-26,2026-07-26T16:00:00+01:00,1785078000,Coppa,486,2026,1598802,NS,Arsenal,9419,Neman,387,Belarus,NS,Not Started,,,,,,,,,,,,0.0,0.0,0.0,0.0,0.0,0.0,0.0,0.0,0.0,0.0,,,2026-07-26T10:02:42.150935+00:00,COVERAGE_UNKNOWN,,,,,,0,1.0,COVERAGE_NOT_LOADED,,,,,,,,,,,,,,,,,,,,,,,,,,,,,,,,,,,,,,,,,,,,,,,,,,,,,NONE,,,,,,,,,,,,,,,,,,,,,,,,,,,,,,,,,,,,,,,,,,,,,,,,,,,,,,,,,,,,,,,,,,,,,,,,,,,,,,,,,,,,,,,,,,,,,,,
2026-07-26,2026-07-26T16:15:00+01:00,1785078900,Liga MX U21,1200,2026,1592796,NS,Pachuca U21,26838,Queretaro U21,26840,Mexico,NS,Not Started,,,,,,,,,,,,0.0,0.0,0.0,0.0,0.0,0.0,0.0,0.0,0.0,0.0,,,2026-07-26T10:02:42.150939+00:00,COVERAGE_UNKNOWN,,,,,,0,1.0,COVERAGE_NOT_LOADED,,,,,,,,,,,,,,,,,,,,,,,,,,,,,,,,,,,,,,,,,,,,,,,,,,,,,NONE,,,,,,,,,,,,,,,,,,,,,,,,,,,,,,,,,,,,,,,,,,,,,,,,,,,,,,,,,,,,,,,,,,,,,,,,,,,,,,,,,,,,,,,,,,,,,,,
2026-07-26,2026-07-26T16:30:00+01:00,1785079800,Virsliga,365,2026,1515890,NS,FS Jelgava,18834,FK Liepaja,661,Latvia,NS,Not Started,,,,,,,,,,,,0.0,0.0,0.0,0.0,0.0,0.0,0.0,0.0,0.0,0.0,,,2026-07-26T10:02:42.150944+00:00,COVERAGE_UNKNOWN,,,,,,0,1.0,COVERAGE_NOT_LOADED,,,,,,,,,,,,,,,,,,,,,,,,,,,,,,,,,,,,,,,,,,,,,,,,,,,,,NONE,,,,,,,,,,,,,,,,,,,,,,,,,,,,,,,,,,,,,,,,,,,,,,,,,,,,,,,,,,,,,,,,,,,,,,,,,,,,,,,,,,,,,,,,,,,,,,,
2026-07-26,2026-07-26T16:30:00+01:00,1785079800,Kakkonen - Lohko C,249,2026,1541722,NS,Kraft,9213,Vaajakoski,9201,Finland,NS,Not Started,,,,,,,,,,,,0.0,0.0,0.0,0.0,0.0,0.0,0.0,0.0,0.0,0.0,,,2026-07-26T10:02:42.150949+00:00,COVERAGE_UNKNOWN,,,,,,0,1.0,COVERAGE_NOT_LOADED,,,,,,,,,,,,,,,,,,,,,,,,,,,,,,,,,,,,,,,,,,,,,,,,,,,,,NONE,,,,,,,,,,,,,,,,,,,,,,,,,,,,,,,,,,,,,,,,,,,,,,,,,,,,,,,,,,,,,,,,,,,,,,,,,,,,,,,,,,,,,,,,,,,,,,,
2026-07-26,2026-07-26T16:30:00+01:00,1785079800,Ekstraklasa,106,2026,1553107,NS,Widzew Łódź,6962,Motor Lublin,14562,Poland,NS,Not Started,,,,,,,,,,,,0.0,0.0,0.0,0.0,0.0,0.0,0.0,0.0,0.0,0.0,,,2026-07-26T10:02:42.150953+00:00,COVERAGE_UNKNOWN,,,,,,0,1.0,COVERAGE_NOT_LOADED,,,,,,,,,,,,,,,,,,,,,,,,,,,,,,,,,,,,,,,,,,,,,,,,,,,,,NONE,,,,,,,,,,,,,,,,,,,,,,,,,,,,,,,,,,,,,,,,,,,,,,,,,,,,,,,,,,,,,,,,,,,,,,,,,,,,,,,,,,,,,,,,,,,,,,,
2026-07-26,2026-07-26T16:30:00+01:00,1785079800,Czech Liga,345,2026,1559963,NS,FK Jablonec,1122,Sigma Olomouc,2250,Czech-Republic,NS,Not Started,,,,,,,,,,,,0.0,0.0,0.0,0.0,0.0,0.0,0.0,0.0,0.0,0.0,,,2026-07-26T10:02:42.150958+00:00,COVERAGE_UNKNOWN,,,,,,0,1.0,COVERAGE_NOT_LOADED,,,,,,,,,,,,,,,,,,,,,,,,,,,,,,,,,,,,,,,,,,,,,,,,,,,,,NONE,,,,,,,,,,,,,,,,,,,,,,,,,,,,,,,,,,,,,,,,,,,,,,,,,,,,,,,,,,,,,,,,,,,,,,,,,,,,,,,,,,,,,,,,,,,,,,,
2026-07-26,2026-07-26T16:30:00+01:00,1785079800,Friendlies Clubs,667,2026,1567750,NS,Cannes,9932,AS Roma,497,World,NS,Not Started,,,,,,,,,,,,0.0,0.0,0.0,0.0,0.0,0.0,0.0,0.0,0.0,0.0,,,2026-07-26T10:02:42.150962+00:00,COVERAGE_UNKNOWN,,,,,,0,1.0,COVERAGE_NOT_LOADED,,,,,,,,,,,,,,,,,,,,,,,,,,,,,,,,,,,,,,,,,,,,,,,,,,,,,NONE,,,,,,,,,,,,,,,,,,,,,,,,,,,,,,,,,,,,,,,,,,,,,,,,,,,,,,,,,,,,,,,,,,,,,,,,,,,,,,,,,,,,,,,,,,,,,,,
2026-07-26,2026-07-26T16:30:00+01:00,1785079800,NB II,272,2026,1571795,NS,Szentlőrinc SE,5139,Karcag SE,17289,Hungary,NS,Not Started,,,,,,,,,,,,0.0,0.0,0.0,0.0,0.0,0.0,0.0,0.0,0.0,0.0,,,2026-07-26T10:02:42.150967+00:00,COVERAGE_UNKNOWN,,,,,,0,1.0,COVERAGE_NOT_LOADED,,,,,,,,,,,,,,,,,,,,,,,,,,,,,,,,,,,,,,,,,,,,,,,,,,,,,NONE,,,,,,,,,,,,,,,,,,,,,,,,,,,,,,,,,,,,,,,,,,,,,,,,,,,,,,,,,,,,,,,,,,,,,,,,,,,,,,,,,,,,,,,,,,,,,,,
2026-07-26,2026-07-26T16:30:00+01:00,1785079800,NB III - Northeast,633,2026,1593839,NS,Cigand SE,2419,Eger,5089,Hungary,NS,Not Started,,,,,,,,,,,,0.0,0.0,0.0,0.0,0.0,0.0,0.0,0.0,0.0,0.0,,,2026-07-26T10:02:42.150972+00:00,COVERAGE_UNKNOWN,,,,,,0,1.0,COVERAGE_NOT_LOADED,,,,,,,,,,,,,,,,,,,,,,,,,,,,,,,,,,,,,,,,,,,,,,,,,,,,,NONE,,,,,,,,,,,,,,,,,,,,,,,,,,,,,,,,,,,,,,,,,,,,,,,,,,,,,,,,,,,,,,,,,,,,,,,,,,,,,,,,,,,,,,,,,,,,,,,
2026-07-26,2026-07-26T16:30:00+01:00,1785079800,NB III - Northeast,633,2026,1593843,NS,Tiszafuredi VSE,5147,DEAC,5082,Hungary,NS,Not Started,,,,,,,,,,,,0.0,0.0,0.0,0.0,0.0,0.0,0.0,0.0,0.0,0.0,,,2026-07-26T10:02:42.150976+00:00,COVERAGE_UNKNOWN,,,,,,0,1.0,COVERAGE_NOT_LOADED,,,,,,,,,,,,,,,,,,,,,,,,,,,,,,,,,,,,,,,,,,,,,,,,,,,,,NONE,,,,,,,,,,,,,,,,,,,,,,,,,,,,,,,,,,,,,,,,,,,,,,,,,,,,,,,,,,,,,,,,,,,,,,,,,,,,,,,,,,,,,,,,,,,,,,,
2026-07-26,2026-07-26T16:30:00+01:00,1785079800,NB III - Southeast,1023,2026,1594319,NS,ESMTK,5087,Monori Se,2411,Hungary,NS,Not Started,,,,,,,,,,,,0.0,0.0,0.0,0.0,0.0,0.0,0.0,0.0,0.0,0.0,,,2026-07-26T10:02:42.150981+00:00,COVERAGE_UNKNOWN,,,,,,0,1.0,COVERAGE_NOT_LOADED,,,,,,,,,,,,,,,,,,,,,,,,,,,,,,,,,,,,,,,,,,,,,,,,,,,,,NONE,,,,,,,,,,,,,,,,,,,,,,,,,,,,,,,,,,,,,,,,,,,,,,,,,,,,,,,,,,,,,,,,,,,,,,,,,,,,,,,,,,,,,,,,,,,,,,,
2026-07-26,2026-07-26T16:30:00+01:00,1785079800,NB III - Southeast,1023,2026,1594323,NS,Dabas,5083,Szeged-Csanád II,21857,Hungary,NS,Not Started,,,,,,,,,,,,0.0,0.0,0.0,0.0,0.0,0.0,0.0,0.0,0.0,0.0,,,2026-07-26T10:02:42.150986+00:00,COVERAGE_UNKNOWN,,,,,,0,1.0,COVERAGE_NOT_LOADED,,,,,,,,,,,,,,,,,,,,,,,,,,,,,,,,,,,,,,,,,,,,,,,,,,,,,NONE,,,,,,,,,,,,,,,,,,,,,,,,,,,,,,,,,,,,,,,,,,,,,,,,,,,,,,,,,,,,,,,,,,,,,,,,,,,,,,,,,,,,,,,,,,,,,,,
2026-07-26,2026-07-26T16:30:00+01:00,1785079800,NB III - Southwest,634,2026,1594562,NS,PTE-PEAC,5127,Sárbogárd,7562,Hungary,NS,Not Started,,,,,,,,,,,,0.0,0.0,0.0,0.0,0.0,0.0,0.0,0.0,0.0,0.0,,,2026-07-26T10:02:42.150990+00:00,COVERAGE_UNKNOWN,,,,,,0,1.0,COVERAGE_NOT_LOADED,,,,,,,,,,,,,,,,,,,,,,,,,,,,,,,,,,,,,,,,,,,,,,,,,,,,,NONE,,,,,,,,,,,,,,,,,,,,,,,,,,,,,,,,,,,,,,,,,,,,,,,,,,,,,,,,,,,,,,,,,,,,,,,,,,,,,,,,,,,,,,,,,,,,,,,
2026-07-26,2026-07-26T16:30:00+01:00,1785079800,NB III - Southwest,634,2026,1594563,NS,Majosi,11784,Paksi SE II,11856,Hungary,NS,Not Started,,,,,,,,,,,,0.0,0.0,0.0,0.0,0.0,0.0,0.0,0.0,0.0,0.0,,,2026-07-26T10:02:42.150995+00:00,COVERAGE_UNKNOWN,,,,,,0,1.0,COVERAGE_NOT_LOADED,,,,,,,,,,,,,,,,,,,,,,,,,,,,,,,,,,,,,,,,,,,,,,,,,,,,,NONE,,,,,,,,,,,,,,,,,,,,,,,,,,,,,,,,,,,,,,,,,,,,,,,,,,,,,,,,,,,,,,,,,,,,,,,,,,,,,,,,,,,,,,,,,,,,,,,
2026-07-26,2026-07-26T16:45:00+01:00,1785080700,A Lyga,362,2026,1547595,NS,TransINVEST Vilnius,18878,Džiugas Telšiai,3860,Lithuania,NS,Not Started,,,,,,,,,,,,0.0,0.0,0.0,0.0,0.0,0.0,0.0,0.0,0.0,0.0,,,2026-07-26T10:02:42.151000+00:00,COVERAGE_PARTIAL,1.0,0.0,0.0,1.0,1.0,0,0.7,OFFICIAL_API,,,,,,,,,,,,,,,,,,,,,,,,,,,,,,,,,,,,,,,,,,,,,,,,,,,,,NONE,,,,,,,,,,,,,,,,,,,,,,,,,,,,,,,,,,,,,,,,,,,,,,,,,,,,,,,,,,,,,,,,,,,,,,,,,,,,,,,,,,,,,,,,,,,,,,,
2026-07-26,2026-07-26T17:00:00+01:00,1785081600,Virsliga,365,2026,1515892,NS,Auda,4135,BFC Daugavpils,4149,Latvia,NS,Not Started,,,,,,,,,,,,0.0,0.0,0.0,0.0,0.0,0.0,0.0,0.0,0.0,0.0,,,2026-07-26T10:02:42.151004+00:00,COVERAGE_UNKNOWN,,,,,,0,1.0,COVERAGE_NOT_LOADED,,,,,,,,,,,,,,,,,,,,,,,,,,,,,,,,,,,,,,,,,,,,,,,,,,,,,NONE,,,,,,,,,,,,,,,,,,,,,,,,,,,,,,,,,,,,,,,,,,,,,,,,,,,,,,,,,,,,,,,,,,,,,,,,,,,,,,,,,,,,,,,,,,,,,,,
2026-07-26,2026-07-26T17:00:00+01:00,1785081600,Second League - Group 2,652,2026,1536410,NS,Chertanovo Moscow,2014,Zvezda St. Petersburg,6840,Russia,NS,Not Started,,,,,,,,,,,,0.0,0.0,0.0,0.0,0.0,0.0,0.0,0.0,0.0,0.0,,,2026-07-26T10:02:42.151009+00:00,COVERAGE_UNKNOWN,,,,,,0,1.0,COVERAGE_NOT_LOADED,,,,,,,,,,,,,,,,,,,,,,,,,,,,,,,,,,,,,,,,,,,,,,,,,,,,,NONE,,,,,,,,,,,,,,,,,,,,,,,,,,,,,,,,,,,,,,,,,,,,,,,,,,,,,,,,,,,,,,,,,,,,,,,,,,,,,,,,,,,,,,,,,,,,,,,
2026-07-26,2026-07-26T17:00:00+01:00,1785081600,Superliga,119,2026,1548978,NS,AC Horsens,404,FC Nordsjaelland,398,Denmark,NS,Not Started,,,,,,,,,,,,0.0,0.0,0.0,0.0,0.0,0.0,0.0,0.0,0.0,0.0,0.0,4.0,2026-07-26T10:02:42.151014+00:00,COVERAGE_RICH,1.0,1.0,1.0,1.0,1.0,1,0.95,OFFICIAL_API,,8.0,8.0,0.875,0.75,1.0,1.5,1.5,1.875,0.625,0.625,0.25,0.0,0.375,0.625,0.875,0.875,0.375,0.625,2026.0,2026.0,TEAM_LAST_8_ALL_COMPETITIONS,5.0,0.0,0.0,0.0,,,,,,,,,,,,5.0,1.0,0.2,1.0,10.0,16.0,1.0,4.0,60.0,6.0,8.0,13.0,0.0,2.0,4.0,SPARSE,2026-07-26T10:04:12.314124+00:00,0.0,4.0,1.0,1.0,0.0,4.0,FULL,FULL,LOW,HIGH,FULL,2026-07-26T10:04:27.995601+00:00,0.0,0.0,,,,,,,,,,,,,,,,,,0.12,90.0,355.35,0.0,0.0,NONE,NONE,NONE,INACTIVE,2026-07-26T10:04:39.025899+00:00,7.0,0.0,0.0,0.0,0.0,0.0,0.0,10.0,0.0,0.0,0.0,0.0,0.0,0.5,12.0,2026-07-26T10:04:42.974661+00:00,3.85,3.7,2.07,1.62,2.38,1.23,4.7,1.73,2.23,2.73,1.5,,,,,,14.0,158.0,4995.0,0.2597,0.2703,0.4831,0.6173,0.4202,0.813,0.2128,0.578,0.4484,0.3663,0.6667,,,,,,2026-07-26T10:04:53.199821+00:00,OK
2026-07-26,2026-07-26T17:00:00+01:00,1785081600,First League,172,2026,1551055,NS,Cherno More Varna,851,Spartak Varna,4660,Bulgaria,NS,Not Started,,,,,,,,,,,,0.0,0.0,0.0,0.0,0.0,0.0,0.0,0.0,0.0,0.0,,,2026-07-26T10:02:42.151018+00:00,COVERAGE_UNKNOWN,,,,,,0,1.0,COVERAGE_NOT_LOADED,,,,,,,,,,,,,,,,,,,,,,,,,,,,,,,,,,,,,,,,,,,,,,,,,,,,,NONE,,,,,,,,,,,,,,,,,,,,,,,,,,,,,,,,,,,,,,,,,,,,,,,,,,,,,,,,,,,,,,,,,,,,,,,,,,,,,,,,,,,,,,,,,,,,,,,
2026-07-26,2026-07-26T17:00:00+01:00,1785081600,1. SNL,373,2026,1557975,NS,Bravo,4359,Nafta,4376,Slovenia,NS,Not Started,,,,,,,,,,,,0.0,0.0,0.0,0.0,0.0,0.0,0.0,0.0,0.0,0.0,,,2026-07-26T10:02:42.151023+00:00,COVERAGE_UNKNOWN,,,,,,0,1.0,COVERAGE_NOT_LOADED,,,,,,,,,,,,,,,,,,,,,,,,,,,,,,,,,,,,,,,,,,,,,,,,,,,,,NONE,,,,,,,,,,,,,,,,,,,,,,,,,,,,,,,,,,,,,,,,,,,,,,,,,,,,,,,,,,,,,,,,,,,,,,,,,,,,,,,,,,,,,,,,,,,,,,,
2026-07-26,2026-07-26T17:00:00+01:00,1785081600,Segunda División,282,2026,1559529,NS,Ayacucho FC,2542,Santos,4226,Peru,NS,Not Started,,,,,,,,,,,,0.0,0.0,0.0,0.0,0.0,0.0,0.0,0.0,0.0,0.0,,,2026-07-26T10:02:42.151028+00:00,COVERAGE_UNKNOWN,,,,,,0,1.0,COVERAGE_NOT_LOADED,,,,,,,,,,,,,,,,,,,,,,,,,,,,,,,,,,,,,,,,,,,,,,,,,,,,,NONE,,,,,,,,,,,,,,,,,,,,,,,,,,,,,,,,,,,,,,,,,,,,,,,,,,,,,,,,,,,,,,,,,,,,,,,,,,,,,,,,,,,,,,,,,,,,,,,
2026-07-26,2026-07-26T17:00:00+01:00,1785081600,NB I,271,2026,1560201,NS,Debreceni VSC,2392,Puskas Academy,2391,Hungary,NS,Not Started,,,,,,,,,,,,0.0,0.0,0.0,0.0,0.0,0.0,0.0,0.0,0.0,0.0,,,2026-07-26T10:02:42.151033+00:00,COVERAGE_UNKNOWN,,,,,,0,1.0,COVERAGE_NOT_LOADED,,,,,,,,,,,,,,,,,,,,,,,,,,,,,,,,,,,,,,,,,,,,,,,,,,,,,NONE,,,,,,,,,,,,,,,,,,,,,,,,,,,,,,,,,,,,,,,,,,,,,,,,,,,,,,,,,,,,,,,,,,,,,,,,,,,,,,,,,,,,,,,,,,,,,,,
2026-07-26,2026-07-26T17:00:00+01:00,1785081600,Cup,220,2026,1560885,NS,Leithaprodersdorf,8268,Admira Wacker,1023,Austria,NS,Not Started,,,,,,,,,,,,0.0,0.0,0.0,0.0,0.0,0.0,0.0,0.0,0.0,0.0,,,2026-07-26T10:02:42.151037+00:00,COVERAGE_UNKNOWN,,,,,,0,1.0,COVERAGE_NOT_LOADED,,,,,,,,,,,,,,,,,,,,,,,,,,,,,,,,,,,,,,,,,,,,,,,,,,,,,NONE,,,,,,,,,,,,,,,,,,,,,,,,,,,,,,,,,,,,,,,,,,,,,,,,,,,,,,,,,,,,,,,,,,,,,,,,,,,,,,,,,,,,,,,,,,,,,,,
2026-07-26,2026-07-26T17:00:00+01:00,1785081600,Cup,220,2026,1560902,NS,Wiener SC,4965,Austria Vienna,601,Austria,NS,Not Started,,,,,,,,,,,,0.0,0.0,0.0,0.0,0.0,0.0,0.0,0.0,0.0,0.0,,,2026-07-26T10:02:42.151042+00:00,COVERAGE_UNKNOWN,,,,,,0,1.0,COVERAGE_NOT_LOADED,,,,,,,,,,,,,,,,,,,,,,,,,,,,,,,,,,,,,,,,,,,,,,,,,,,,,NONE,,,,,,,,,,,,,,,,,,,,,,,,,,,,,,,,,,,,,,,,,,,,,,,,,,,,,,,,,,,,,,,,,,,,,,,,,,,,,,,,,,,,,,,,,,,,,,,
2026-07-26,2026-07-26T17:00:00+01:00,1785081600,Friendlies Clubs,667,2026,1583464,NS,Pisa,801,PRO Vercelli,526,World,NS,Not Started,,,,,,,,,,,,0.0,0.0,0.0,0.0,0.0,0.0,0.0,0.0,0.0,0.0,,,2026-07-26T10:02:42.151047+00:00,COVERAGE_UNKNOWN,,,,,,0,1.0,COVERAGE_NOT_LOADED,,,,,,,,,,,,,,,,,,,,,,,,,,,,,,,,,,,,,,,,,,,,,,,,,,,,,NONE,,,,,,,,,,,,,,,,,,,,,,,,,,,,,,,,,,,,,,,,,,,,,,,,,,,,,,,,,,,,,,,,,,,,,,,,,,,,,,,,,,,,,,,,,,,,,,,
2026-07-26,2026-07-26T17:00:00+01:00,1785081600,Friendlies Clubs,667,2026,1584985,NS,Lazio,487,Flaminia,9497,World,NS,Not Started,,,,,,,,,,,,0.0,0.0,0.0,0.0,0.0,0.0,0.0,0.0,0.0,0.0,,,2026-07-26T10:02:42.151051+00:00,COVERAGE_UNKNOWN,,,,,,0,1.0,COVERAGE_NOT_LOADED,,,,,,,,,,,,,,,,,,,,,,,,,,,,,,,,,,,,,,,,,,,,,,,,,,,,,NONE,,,,,,,,,,,,,,,,,,,,,,,,,,,,,,,,,,,,,,,,,,,,,,,,,,,,,,,,,,,,,,,,,,,,,,,,,,,,,,,,,,,,,,,,,,,,,,,
2026-07-26,2026-07-26T17:00:00+01:00,1785081600,Friendlies Clubs,667,2026,1584987,NS,Bursaspor,1003,Shakhtar Donetsk,550,World,NS,Not Started,,,,,,,,,,,,0.0,0.0,0.0,0.0,0.0,0.0,0.0,0.0,0.0,0.0,,,2026-07-26T10:02:42.151056+00:00,COVERAGE_UNKNOWN,,,,,,0,1.0,COVERAGE_NOT_LOADED,,,,,,,,,,,,,,,,,,,,,,,,,,,,,,,,,,,,,,,,,,,,,,,,,,,,,NONE,,,,,,,,,,,,,,,,,,,,,,,,,,,,,,,,,,,,,,,,,,,,,,,,,,,,,,,,,,,,,,,,,,,,,,,,,,,,,,,,,,,,,,,,,,,,,,,
2026-07-26,2026-07-26T17:00:00+01:00,1785081600,NB III - Northwest,635,2026,1594081,NS,Szombathelyi Haladas,2395,SC Sopron,7557,Hungary,NS,Not Started,,,,,,,,,,,,0.0,0.0,0.0,0.0,0.0,0.0,0.0,0.0,0.0,0.0,,,2026-07-26T10:02:42.151061+00:00,COVERAGE_UNKNOWN,,,,,,0,1.0,COVERAGE_NOT_LOADED,,,,,,,,,,,,,,,,,,,,,,,,,,,,,,,,,,,,,,,,,,,,,,,,,,,,,NONE,,,,,,,,,,,,,,,,,,,,,,,,,,,,,,,,,,,,,,,,,,,,,,,,,,,,,,,,,,,,,,,,,,,,,,,,,,,,,,,,,,,,,,,,,,,,,,,
2026-07-26,2026-07-26T17:00:00+01:00,1785081600,Friendlies Clubs,667,2026,1598547,NS,Sloboda Uzice,2641,Jedinstvo,3747,World,NS,Not Started,,,,,,,,,,,,0.0,0.0,0.0,0.0,0.0,0.0,0.0,0.0,0.0,0.0,,,2026-07-26T10:02:42.151065+00:00,COVERAGE_UNKNOWN,,,,,,0,1.0,COVERAGE_NOT_LOADED,,,,,,,,,,,,,,,,,,,,,,,,,,,,,,,,,,,,,,,,,,,,,,,,,,,,,NONE,,,,,,,,,,,,,,,,,,,,,,,,,,,,,,,,,,,,,,,,,,,,,,,,,,,,,,,,,,,,,,,,,,,,,,,,,,,,,,,,,,,,,,,,,,,,,,,
2026-07-26,2026-07-26T17:00:00+01:00,1785081600,Friendlies Clubs,667,2026,1598550,NS,Napoli,492,Carrarese,1581,World,NS,Not Started,,,,,,,,,,,,0.0,0.0,0.0,0.0,0.0,0.0,0.0,0.0,0.0,0.0,,,2026-07-26T10:02:42.151070+00:00,COVERAGE_UNKNOWN,,,,,,0,1.0,COVERAGE_NOT_LOADED,,,,,,,,,,,,,,,,,,,,,,,,,,,,,,,,,,,,,,,,,,,,,,,,,,,,,NONE,,,,,,,,,,,,,,,,,,,,,,,,,,,,,,,,,,,,,,,,,,,,,,,,,,,,,,,,,,,,,,,,,,,,,,,,,,,,,,,,,,,,,,,,,,,,,,,
2026-07-26,2026-07-26T17:00:00+01:00,1785081600,CECAFA Club Cup,869,2027,1601083,NS,Rayon Sports,5323,KVZ,8103,World,NS,Not Started,,,,,,,,,,,,0.0,0.0,0.0,0.0,0.0,0.0,0.0,0.0,0.0,0.0,,,2026-07-26T10:02:42.151074+00:00,COVERAGE_UNKNOWN,,,,,,0,1.0,COVERAGE_NOT_LOADED,,,,,,,,,,,,,,,,,,,,,,,,,,,,,,,,,,,,,,,,,,,,,,,,,,,,,NONE,,,,,,,,,,,,,,,,,,,,,,,,,,,,,,,,,,,,,,,,,,,,,,,,,,,,,,,,,,,,,,,,,,,,,,,,,,,,,,,,,,,,,,,,,,,,,,,
2026-07-26,2026-07-26T17:30:00+01:00,1785083400,Primera B,266,2026,1511620,NS,D. Puerto Montt,2342,Antofagasta,2327,Chile,NS,Not Started,,,,,,,,,,,,0.0,0.0,0.0,0.0,0.0,0.0,0.0,0.0,0.0,0.0,,,2026-07-26T10:02:42.151079+00:00,COVERAGE_UNKNOWN,,,,,,0,1.0,COVERAGE_NOT_LOADED,,,,,,,,,,,,,,,,,,,,,,,,,,,,,,,,,,,,,,,,,,,,,,,,,,,,,NONE,,,,,,,,,,,,,,,,,,,,,,,,,,,,,,,,,,,,,,,,,,,,,,,,,,,,,,,,,,,,,,,,,,,,,,,,,,,,,,,,,,,,,,,,,,,,,,,
2026-07-26,2026-07-26T17:30:00+01:00,1785083400,Primera B,266,2026,1511621,NS,Rangers de Talca,2344,Deportes Copiapo,2343,Chile,NS,Not Started,,,,,,,,,,,,0.0,0.0,0.0,0.0,0.0,0.0,0.0,0.0,0.0,0.0,,,2026-07-26T10:02:42.151084+00:00,COVERAGE_UNKNOWN,,,,,,0,1.0,COVERAGE_NOT_LOADED,,,,,,,,,,,,,,,,,,,,,,,,,,,,,,,,,,,,,,,,,,,,,,,,,,,,,NONE,,,,,,,,,,,,,,,,,,,,,,,,,,,,,,,,,,,,,,,,,,,,,,,,,,,,,,,,,,,,,,,,,,,,,,,,,,,,,,,,,,,,,,,,,,,,,,,
2026-07-26,2026-07-26T17:30:00+01:00,1785083400,Premier League,235,2026,1561336,NS,FC Orenburg,1080,FC Rostov,779,Russia,NS,Not Started,,,,,,,,,,,,0.0,0.0,0.0,0.0,0.0,0.0,0.0,0.0,0.0,0.0,,,2026-07-26T10:02:42.151088+00:00,COVERAGE_UNKNOWN,,,,,,0,1.0,COVERAGE_NOT_LOADED,,,,,,,,,,,,,,,,,,,,,,,,,,,,,,,,,,,,,,,,,,,,,,,,,,,,,NONE,,,,,,,,,,,,,,,,,,,,,,,,,,,,,,,,,,,,,,,,,,,,,,,,,,,,,,,,,,,,,,,,,,,,,,,,,,,,,,,,,,,,,,,,,,,,,,,
2026-07-26,2026-07-26T17:30:00+01:00,1785083400,Premier League,235,2026,1561337,NS,Rubin,1083,FC Krasnodar,621,Russia,NS,Not Started,,,,,,,,,,,,0.0,0.0,0.0,0.0,0.0,0.0,0.0,0.0,0.0,0.0,,,2026-07-26T10:02:42.151093+00:00,COVERAGE_UNKNOWN,,,,,,0,1.0,COVERAGE_NOT_LOADED,,,,,,,,,,,,,,,,,,,,,,,,,,,,,,,,,,,,,,,,,,,,,,,,,,,,,NONE,,,,,,,,,,,,,,,,,,,,,,,,,,,,,,,,,,,,,,,,,,,,,,,,,,,,,,,,,,,,,,,,,,,,,,,,,,,,,,,,,,,,,,,,,,,,,,,
2026-07-26,2026-07-26T17:30:00+01:00,1785083400,Friendlies Clubs,667,2026,1584986,NS,Frosinone,512,Ascoli,507,World,NS,Not Started,,,,,,,,,,,,0.0,0.0,0.0,0.0,0.0,0.0,0.0,0.0,0.0,0.0,,,2026-07-26T10:02:42.151097+00:00,COVERAGE_UNKNOWN,,,,,,0,1.0,COVERAGE_NOT_LOADED,,,,,,,,,,,,,,,,,,,,,,,,,,,,,,,,,,,,,,,,,,,,,,,,,,,,,NONE,,,,,,,,,,,,,,,,,,,,,,,,,,,,,,,,,,,,,,,,,,,,,,,,,,,,,,,,,,,,,,,,,,,,,,,,,,,,,,,,,,,,,,,,,,,,,,,
2026-07-26,2026-07-26T18:00:00+01:00,1785085200,Torneo Promocional Amateur,1067,2026,1549988,NS,Alumni Los Hornos,27785,Control Orientado,27787,Argentina,NS,Not Started,,,,,,,,,,,,0.0,0.0,0.0,0.0,0.0,0.0,0.0,0.0,0.0,0.0,,,2026-07-26T10:02:42.151102+00:00,COVERAGE_UNKNOWN,,,,,,0,1.0,COVERAGE_NOT_LOADED,,,,,,,,,,,,,,,,,,,,,,,,,,,,,,,,,,,,,,,,,,,,,,,,,,,,,NONE,,,,,,,,,,,,,,,,,,,,,,,,,,,,,,,,,,,,,,,,,,,,,,,,,,,,,,,,,,,,,,,,,,,,,,,,,,,,,,,,,,,,,,,,,,,,,,,
2026-07-26,2026-07-26T18:00:00+01:00,1785085200,First League,371,2026,1551425,NS,Shkendija,609,Skopje,4332,Macedonia,NS,Not Started,,,,,,,,,,,,0.0,0.0,0.0,0.0,0.0,0.0,0.0,0.0,0.0,0.0,,,2026-07-26T10:02:42.151106+00:00,COVERAGE_UNKNOWN,,,,,,0,1.0,COVERAGE_NOT_LOADED,,,,,,,,,,,,,,,,,,,,,,,,,,,,,,,,,,,,,,,,,,,,,,,,,,,,,NONE,,,,,,,,,,,,,,,,,,,,,,,,,,,,,,,,,,,,,,,,,,,,,,,,,,,,,,,,,,,,,,,,,,,,,,,,,,,,,,,,,,,,,,,,,,,,,,,
2026-07-26,2026-07-26T18:00:00+01:00,1785085200,Super Liga,332,2026,1551515,NS,Dukla Banská Bystrica,10533,Slovan Bratislava,656,Slovakia,NS,Not Started,,,,,,,,,,,,0.0,0.0,0.0,0.0,0.0,0.0,0.0,0.0,0.0,0.0,,,2026-07-26T10:02:42.151111+00:00,COVERAGE_PARTIAL,1.0,0.0,0.0,1.0,1.0,0,0.7,OFFICIAL_API,,,,,,,,,,,,,,,,,,,,,,,,,,,,,,,,,,,,,,,,,,,,,,,,,,,,,NONE,,,,,,,,,,,,,,,,,,,,,,,,,,,,,,,,,,,,,,,,,,,,,,,,,,,,,,,,,,,,,,,,,,,,,,,,,,,,,,,,,,,,,,,,,,,,,,,
2026-07-26,2026-07-26T18:00:00+01:00,1785085200,Super Liga,286,2026,1553815,NS,FK Crvena Zvezda,598,Vojvodina,702,Serbia,NS,Not Started,,,,,,,,,,,,0.0,0.0,0.0,0.0,0.0,0.0,0.0,0.0,0.0,0.0,,,2026-07-26T10:02:42.151116+00:00,COVERAGE_UNKNOWN,,,,,,0,1.0,COVERAGE_NOT_LOADED,,,,,,,,,,,,,,,,,,,,,,,,,,,,,,,,,,,,,,,,,,,,,,,,,,,,,NONE,,,,,,,,,,,,,,,,,,,,,,,,,,,,,,,,,,,,,,,,,,,,,,,,,,,,,,,,,,,,,,,,,,,,,,,,,,,,,,,,,,,,,,,,,,,,,,,
2026-07-26,2026-07-26T18:00:00+01:00,1785085200,David Kipiani Cup,672,2026,1567386,NS,Varketili,14866,Rustavi,3501,Georgia,NS,Not Started,,,,,,,,,,,,0.0,0.0,0.0,0.0,0.0,0.0,0.0,0.0,0.0,0.0,,,2026-07-26T10:02:42.151120+00:00,COVERAGE_UNKNOWN,,,,,,0,1.0,COVERAGE_NOT_LOADED,,,,,,,,,,,,,,,,,,,,,,,,,,,,,,,,,,,,,,,,,,,,,,,,,,,,,NONE,,,,,,,,,,,,,,,,,,,,,,,,,,,,,,,,,,,,,,,,,,,,,,,,,,,,,,,,,,,,,,,,,,,,,,,,,,,,,,,,,,,,,,,,,,,,,,,
2026-07-26,2026-07-26T18:00:00+01:00,1785085200,NB II,272,2026,1571792,NS,Gyirmot SE,2398,Csakvar,2409,Hungary,NS,Not Started,,,,,,,,,,,,0.0,0.0,0.0,0.0,0.0,0.0,0.0,0.0,0.0,0.0,,,2026-07-26T10:02:42.151125+00:00,COVERAGE_UNKNOWN,,,,,,0,1.0,COVERAGE_NOT_LOADED,,,,,,,,,,,,,,,,,,,,,,,,,,,,,,,,,,,,,,,,,,,,,,,,,,,,,NONE,,,,,,,,,,,,,,,,,,,,,,,,,,,,,,,,,,,,,,,,,,,,,,,,,,,,,,,,,,,,,,,,,,,,,,,,,,,,,,,,,,,,,,,,,,,,,,,
2026-07-26,2026-07-26T18:00:00+01:00,1785085200,NB II,272,2026,1571794,NS,Soroksar,2404,Mezokovesd-zsory,2389,Hungary,NS,Not Started,,,,,,,,,,,,0.0,0.0,0.0,0.0,0.0,0.0,0.0,0.0,0.0,0.0,,,2026-07-26T10:02:42.151130+00:00,COVERAGE_UNKNOWN,,,,,,0,1.0,COVERAGE_NOT_LOADED,,,,,,,,,,,,,,,,,,,,,,,,,,,,,,,,,,,,,,,,,,,,,,,,,,,,,NONE,,,,,,,,,,,,,,,,,,,,,,,,,,,,,,,,,,,,,,,,,,,,,,,,,,,,,,,,,,,,,,,,,,,,,,,,,,,,,,,,,,,,,,,,,,,,,,,
2026-07-26,2026-07-26T18:00:00+01:00,1785085200,Super Liga,394,2026,1595195,NS,Sireți,5379,Petrocub,2271,Moldova,NS,Not Started,,,,,,,,,,,,0.0,0.0,0.0,0.0,0.0,0.0,0.0,0.0,0.0,0.0,,,2026-07-26T10:02:42.151134+00:00,COVERAGE_UNKNOWN,,,,,,0,1.0,COVERAGE_NOT_LOADED,,,,,,,,,,,,,,,,,,,,,,,,,,,,,,,,,,,,,,,,,,,,,,,,,,,,,NONE,,,,,,,,,,,,,,,,,,,,,,,,,,,,,,,,,,,,,,,,,,,,,,,,,,,,,,,,,,,,,,,,,,,,,,,,,,,,,,,,,,,,,,,,,,,,,,,
2026-07-26,2026-07-26T18:00:00+01:00,1785085200,Super Liga,394,2026,1595196,NS,Sheriff Tiraspol,568,Milsami Orhei,691,Moldova,NS,Not Started,,,,,,,,,,,,0.0,0.0,0.0,0.0,0.0,0.0,0.0,0.0,0.0,0.0,,,2026-07-26T10:02:42.151139+00:00,COVERAGE_UNKNOWN,,,,,,0,1.0,COVERAGE_NOT_LOADED,,,,,,,,,,,,,,,,,,,,,,,,,,,,,,,,,,,,,,,,,,,,,,,,,,,,,NONE,,,,,,,,,,,,,,,,,,,,,,,,,,,,,,,,,,,,,,,,,,,,,,,,,,,,,,,,,,,,,,,,,,,,,,,,,,,,,,,,,,,,,,,,,,,,,,,
2026-07-26,2026-07-26T18:00:00+01:00,1785085200,Coppa,486,2026,1598803,NS,Slavia Mozyr,751,Dinamo Brest,386,Belarus,NS,Not Started,,,,,,,,,,,,0.0,0.0,0.0,0.0,0.0,0.0,0.0,0.0,0.0,0.0,,,2026-07-26T10:02:42.151144+00:00,COVERAGE_UNKNOWN,,,,,,0,1.0,COVERAGE_NOT_LOADED,,,,,,,,,,,,,,,,,,,,,,,,,,,,,,,,,,,,,,,,,,,,,,,,,,,,,NONE,,,,,,,,,,,,,,,,,,,,,,,,,,,,,,,,,,,,,,,,,,,,,,,,,,,,,,,,,,,,,,,,,,,,,,,,,,,,,,,,,,,,,,,,,,,,,,,
2026-07-26,2026-07-26T18:00:00+01:00,1785085200,Africa Cup of Nations - Women,922,2025,1600198,NS,Algeria W,18257,Senegal W,18262,World,NS,Not Started,,,,,,,,,,,,0.0,0.0,0.0,0.0,0.0,0.0,0.0,0.0,0.0,0.0,,,2026-07-26T10:02:42.151148+00:00,COVERAGE_UNKNOWN,,,,,,0,1.0,COVERAGE_NOT_LOADED,,,,,,,,,,,,,,,,,,,,,,,,,,,,,,,,,,,,,,,,,,,,,,,,,,,,,NONE,,,,,,,,,,,,,,,,,,,,,,,,,,,,,,,,,,,,,,,,,,,,,,,,,,,,,,,,,,,,,,,,,,,,,,,,,,,,,,,,,,,,,,,,,,,,,,,
2026-07-26,2026-07-26T18:15:00+01:00,1785086100,Eliteserien,103,2026,1494709,NS,Aalesund,757,Viking,759,Norway,NS,Not Started,,,,,,,,,,,,0.0,0.0,0.0,0.0,0.0,0.0,0.0,0.0,0.0,0.0,10.0,12.0,2026-07-26T10:02:42.151153+00:00,COVERAGE_RICH,1.0,1.0,1.0,1.0,1.0,1,0.95,OFFICIAL_API,,8.0,8.0,0.75,2.625,1.125,2.75,1.75,0.75,0.75,1.0,0.0,0.5,0.75,0.5,0.875,0.875,0.625,0.875,2026.0,2026.0,TEAM_LAST_8_ALL_COMPETITIONS,5.0,4.0,0.8,1.0,13.75,19.25,4.25,7.0,45.75,5.25,7.5,12.0,2.0,2.0,4.75,5.0,5.0,1.0,1.0,17.2,10.4,6.6,2.6,48.0,5.4,6.0,11.8,2.2,2.0,4.2,PARTIAL,2026-07-26T10:03:10.698141+00:00,10.0,12.0,1.0,1.0,6.4,10.4,FULL,FULL,HIGH,HIGH,FULL,2026-07-26T10:04:23.190750+00:00,0.0,0.0,,,,,,,,,,,,,,,,,,0.12,90.0,430.48,0.0,0.0,NONE,NONE,NONE,INACTIVE,2026-07-26T10:04:31.420347+00:00,14.0,12.0,-10.0,13.0,18.0,28.0,1.0,1.0,33.0,20.0,13.0,33.0,13.0,1.0,16.0,2026-07-26T10:04:42.925667+00:00,5.75,4.93,1.54,1.53,2.5,1.13,6.5,1.44,2.97,2.08,1.81,,,,,,13.0,129.0,3759.0,0.1739,0.2028,0.6494,0.6536,0.4,0.885,0.1538,0.6944,0.3367,0.4808,0.5525,,,,,,2026-07-26T10:04:45.600853+00:00,OK
2026-07-26,2026-07-26T18:30:00+01:00,1785087000,I Liga,107,2026,1558154,NS,Puszcza Niepołomice,3490,Polonia Warszawa,16239,Poland,NS,Not Started,,,,,,,,,,,,0.0,0.0,0.0,0.0,0.0,0.0,0.0,0.0,0.0,0.0,,,2026-07-26T10:02:42.151158+00:00,COVERAGE_UNKNOWN,,,,,,0,1.0,COVERAGE_NOT_LOADED,,,,,,,,,,,,,,,,,,,,,,,,,,,,,,,,,,,,,,,,,,,,,,,,,,,,,NONE,,,,,,,,,,,,,,,,,,,,,,,,,,,,,,,,,,,,,,,,,,,,,,,,,,,,,,,,,,,,,,,,,,,,,,,,,,,,,,,,,,,,,,,,,,,,,,,
2026-07-26,2026-07-26T18:30:00+01:00,1785087000,II Liga - East,109,2026,1561589,NS,Chojniczanka Chojnice,3482,Tychy 71,3495,Poland,NS,Not Started,,,,,,,,,,,,0.0,0.0,0.0,0.0,0.0,0.0,0.0,0.0,0.0,0.0,,,2026-07-26T10:02:42.151162+00:00,COVERAGE_UNKNOWN,,,,,,0,1.0,COVERAGE_NOT_LOADED,,,,,,,,,,,,,,,,,,,,,,,,,,,,,,,,,,,,,,,,,,,,,,,,,,,,,NONE,,,,,,,,,,,,,,,,,,,,,,,,,,,,,,,,,,,,,,,,,,,,,,,,,,,,,,,,,,,,,,,,,,,,,,,,,,,,,,,,,,,,,,,,,,,,,,,
2026-07-26,2026-07-26T18:30:00+01:00,1785087000,Liga I,283,2026,1565192,NS,Csikszereda,6230,FCSB,559,Romania,NS,Not Started,,,,,,,,,,,,0.0,0.0,0.0,0.0,0.0,0.0,0.0,0.0,0.0,0.0,,,2026-07-26T10:02:42.151167+00:00,COVERAGE_UNKNOWN,,,,,,0,1.0,COVERAGE_NOT_LOADED,,,,,,,,,,,,,,,,,,,,,,,,,,,,,,,,,,,,,,,,,,,,,,,,,,,,,NONE,,,,,,,,,,,,,,,,,,,,,,,,,,,,,,,,,,,,,,,,,,,,,,,,,,,,,,,,,,,,,,,,,,,,,,,,,,,,,,,,,,,,,,,,,,,,,,,
2026-07-26,2026-07-26T18:30:00+01:00,1785087000,CONCACAF Caribbean Club Shield,534,2026,1603278,NS,Baltimore,4428,Helenites,28025,World,NS,Not Started,,,,,,,,,,,,0.0,0.0,0.0,0.0,0.0,0.0,0.0,0.0,0.0,0.0,,,2026-07-26T10:02:42.151171+00:00,COVERAGE_UNKNOWN,,,,,,0,1.0,COVERAGE_NOT_LOADED,,,,,,,,,,,,,,,,,,,,,,,,,,,,,,,,,,,,,,,,,,,,,,,,,,,,,NONE,,,,,,,,,,,,,,,,,,,,,,,,,,,,,,,,,,,,,,,,,,,,,,,,,,,,,,,,,,,,,,,,,,,,,,,,,,,,,,,,,,,,,,,,,,,,,,,
2026-07-26,2026-07-26T18:45:00+01:00,1785087900,Carioca C,1106,2026,1602408,NS,Cardoso Moreira,27826,Búzios,25962,Brazil,NS,Not Started,,,,,,,,,,,,0.0,0.0,0.0,0.0,0.0,0.0,0.0,0.0,0.0,0.0,,,2026-07-26T10:02:42.151176+00:00,COVERAGE_UNKNOWN,,,,,,0,1.0,COVERAGE_NOT_LOADED,,,,,,,,,,,,,,,,,,,,,,,,,,,,,,,,,,,,,,,,,,,,,,,,,,,,,NONE,,,,,,,,,,,,,,,,,,,,,,,,,,,,,,,,,,,,,,,,,,,,,,,,,,,,,,,,,,,,,,,,,,,,,,,,,,,,,,,,,,,,,,,,,,,,,,,
2026-07-26,2026-07-26T19:00:00+01:00,1785088800,Liga Profesional Argentina,128,2026,1493002,NS,Atletico Tucuman,455,Independ. Rivadavia,473,Argentina,NS,Not Started,,,,,,,,,,,,0.0,0.0,0.0,0.0,0.0,0.0,0.0,0.0,0.0,0.0,,,2026-07-26T10:02:42.151181+00:00,COVERAGE_UNKNOWN,,,,,,0,1.0,COVERAGE_NOT_LOADED,,,,,,,,,,,,,,,,,,,,,,,,,,,,,,,,,,,,,,,,,,,,,,,,,,,,,NONE,,,,,,,,,,,,,,,,,,,,,,,,,,,,,,,,,,,,,,,,,,,,,,,,,,,,,,,,,,,,,,,,,,,,,,,,,,,,,,,,,,,,,,,,,,,,,,,
2026-07-26,2026-07-26T19:00:00+01:00,1785088800,Primera Nacional,129,2026,1498667,NS,Agropecuario,462,San Martin S.J.,461,Argentina,NS,Not Started,,,,,,,,,,,,0.0,0.0,0.0,0.0,0.0,0.0,0.0,0.0,0.0,0.0,,,2026-07-26T10:02:42.151186+00:00,COVERAGE_UNKNOWN,,,,,,0,1.0,COVERAGE_NOT_LOADED,,,,,,,,,,,,,,,,,,,,,,,,,,,,,,,,,,,,,,,,,,,,,,,,,,,,,NONE,,,,,,,,,,,,,,,,,,,,,,,,,,,,,,,,,,,,,,,,,,,,,,,,,,,,,,,,,,,,,,,,,,,,,,,,,,,,,,,,,,,,,,,,,,,,,,,
2026-07-26,2026-07-26T19:00:00+01:00,1785088800,Primera Nacional,129,2026,1498668,NS,All Boys,464,Defensores De Belgrano,1067,Argentina,NS,Not Started,,,,,,,,,,,,0.0,0.0,0.0,0.0,0.0,0.0,0.0,0.0,0.0,0.0,,,2026-07-26T10:02:42.151190+00:00,COVERAGE_UNKNOWN,,,,,,0,1.0,COVERAGE_NOT_LOADED,,,,,,,,,,,,,,,,,,,,,,,,,,,,,,,,,,,,,,,,,,,,,,,,,,,,,NONE,,,,,,,,,,,,,,,,,,,,,,,,,,,,,,,,,,,,,,,,,,,,,,,,,,,,,,,,,,,,,,,,,,,,,,,,,,,,,,,,,,,,,,,,,,,,,,,
2026-07-26,2026-07-26T19:00:00+01:00,1785088800,Primera Nacional,129,2026,1498674,NS,Deportivo Moron,469,Ferro Carril Oeste,470,Argentina,NS,Not Started,,,,,,,,,,,,0.0,0.0,0.0,0.0,0.0,0.0,0.0,0.0,0.0,0.0,,,2026-07-26T10:02:42.151195+00:00,COVERAGE_UNKNOWN,,,,,,0,1.0,COVERAGE_NOT_LOADED,,,,,,,,,,,,,,,,,,,,,,,,,,,,,,,,,,,,,,,,,,,,,,,,,,,,,NONE,,,,,,,,,,,,,,,,,,,,,,,,,,,,,,,,,,,,,,,,,,,,,,,,,,,,,,,,,,,,,,,,,,,,,,,,,,,,,,,,,,,,,,,,,,,,,,,
2026-07-26,2026-07-26T19:00:00+01:00,1785088800,Primera Nacional,129,2026,1498678,NS,Los Andes,483,Deportivo Madryn,1929,Argentina,NS,Not Started,,,,,,,,,,,,0.0,0.0,0.0,0.0,0.0,0.0,0.0,0.0,0.0,0.0,,,2026-07-26T10:02:42.151200+00:00,COVERAGE_UNKNOWN,,,,,,0,1.0,COVERAGE_NOT_LOADED,,,,,,,,,,,,,,,,,,,,,,,,,,,,,,,,,,,,,,,,,,,,,,,,,,,,,NONE,,,,,,,,,,,,,,,,,,,,,,,,,,,,,,,,,,,,,,,,,,,,,,,,,,,,,,,,,,,,,,,,,,,,,,,,,,,,,,,,,,,,,,,,,,,,,,,
2026-07-26,2026-07-26T19:00:00+01:00,1785088800,Primera B Metropolitana,131,2026,1499550,NS,Deportivo Laferrere,1924,Talleres Remedios,1927,Argentina,NS,Not Started,,,,,,,,,,,,0.0,0.0,0.0,0.0,0.0,0.0,0.0,0.0,0.0,0.0,,,2026-07-26T10:02:42.151204+00:00,COVERAGE_UNKNOWN,,,,,,0,1.0,COVERAGE_NOT_LOADED,,,,,,,,,,,,,,,,,,,,,,,,,,,,,,,,,,,,,,,,,,,,,,,,,,,,,NONE,,,,,,,,,,,,,,,,,,,,,,,,,,,,,,,,,,,,,,,,,,,,,,,,,,,,,,,,,,,,,,,,,,,,,,,,,,,,,,,,,,,,,,,,,,,,,,,
2026-07-26,2026-07-26T19:00:00+01:00,1785088800,Primera C,132,2026,1500010,NS,Lujan,1958,Central Ballester,1967,Argentina,NS,Not Started,,,,,,,,,,,,0.0,0.0,0.0,0.0,0.0,0.0,0.0,0.0,0.0,0.0,,,2026-07-26T10:02:42.151209+00:00,COVERAGE_UNKNOWN,,,,,,0,1.0,COVERAGE_NOT_LOADED,,,,,,,,,,,,,,,,,,,,,,,,,,,,,,,,,,,,,,,,,,,,,,,,,,,,,NONE,,,,,,,,,,,,,,,,,,,,,,,,,,,,,,,,,,,,,,,,,,,,,,,,,,,,,,,,,,,,,,,,,,,,,,,,,,,,,,,,,,,,,,,,,,,,,,,
2026-07-26,2026-07-26T19:00:00+01:00,1785088800,Primera C,132,2026,1500013,NS,General Lamadrid,1955,Claypole,8391,Argentina,NS,Not Started,,,,,,,,,,,,0.0,0.0,0.0,0.0,0.0,0.0,0.0,0.0,0.0,0.0,,,2026-07-26T10:02:42.151214+00:00,COVERAGE_UNKNOWN,,,,,,0,1.0,COVERAGE_NOT_LOADED,,,,,,,,,,,,,,,,,,,,,,,,,,,,,,,,,,,,,,,,,,,,,,,,,,,,,NONE,,,,,,,,,,,,,,,,,,,,,,,,,,,,,,,,,,,,,,,,,,,,,,,,,,,,,,,,,,,,,,,,,,,,,,,,,,,,,,,,,,,,,,,,,,,,,,,
2026-07-26,2026-07-26T19:00:00+01:00,1785088800,Primera C,132,2026,1500014,NS,Juventud Unida,486,Defensores de Cambaceres,8392,Argentina,NS,Not Started,,,,,,,,,,,,0.0,0.0,0.0,0.0,0.0,0.0,0.0,0.0,0.0,0.0,,,2026-07-26T10:02:42.151218+00:00,COVERAGE_UNKNOWN,,,,,,0,1.0,COVERAGE_NOT_LOADED,,,,,,,,,,,,,,,,,,,,,,,,,,,,,,,,,,,,,,,,,,,,,,,,,,,,,NONE,,,,,,,,,,,,,,,,,,,,,,,,,,,,,,,,,,,,,,,,,,,,,,,,,,,,,,,,,,,,,,,,,,,,,,,,,,,,,,,,,,,,,,,,,,,,,,,
2026-07-26,2026-07-26T19:00:00+01:00,1785088800,Canadian Premier League,479,2026,1517315,NS,Atlético Ottawa,10169,Pacific FC,2622,Canada,NS,Not Started,,,,,,,,,,,,0.0,0.0,0.0,0.0,0.0,0.0,0.0,0.0,0.0,0.0,,,2026-07-26T10:02:42.151223+00:00,COVERAGE_UNKNOWN,,,,,,0,1.0,COVERAGE_NOT_LOADED,,,,,,,,,,,,,,,,,,,,,,,,,,,,,,,,,,,,,,,,,,,,,,,,,,,,,NONE,,,,,,,,,,,,,,,,,,,,,,,,,,,,,,,,,,,,,,,,,,,,,,,,,,,,,,,,,,,,,,,,,,,,,,,,,,,,,,,,,,,,,,,,,,,,,,,
2026-07-26,2026-07-26T19:00:00+01:00,1785088800,Brasileiro Women,74,2026,1522416,NS,Juventude W,25825,Ferroviaria W,1795,Brazil,NS,Not Started,,,,,,,,,,,,0.0,0.0,0.0,0.0,0.0,0.0,0.0,0.0,0.0,0.0,,,2026-07-26T10:02:42.151228+00:00,COVERAGE_UNKNOWN,,,,,,0,1.0,COVERAGE_NOT_LOADED,,,,,,,,,,,,,,,,,,,,,,,,,,,,,,,,,,,,,,,,,,,,,,,,,,,,,NONE,,,,,,,,,,,,,,,,,,,,,,,,,,,,,,,,,,,,,,,,,,,,,,,,,,,,,,,,,,,,,,,,,,,,,,,,,,,,,,,,,,,,,,,,,,,,,,,
2026-07-26,2026-07-26T19:00:00+01:00,1785088800,Torneo Federal A,134,2026,1530469,NS,Atenas,21043,Juventud Unida Univ.,3947,Argentina,NS,Not Started,,,,,,,,,,,,0.0,0.0,0.0,0.0,0.0,0.0,0.0,0.0,0.0,0.0,,,2026-07-26T10:02:42.151233+00:00,COVERAGE_UNKNOWN,,,,,,0,1.0,COVERAGE_NOT_LOADED,,,,,,,,,,,,,,,,,,,,,,,,,,,,,,,,,,,,,,,,,,,,,,,,,,,,,NONE,,,,,,,,,,,,,,,,,,,,,,,,,,,,,,,,,,,,,,,,,,,,,,,,,,,,,,,,,,,,,,,,,,,,,,,,,,,,,,,,,,,,,,,,,,,,,,,
2026-07-26,2026-07-26T19:00:00+01:00,1785088800,Torneo Federal A,134,2026,1530470,NS,Boca Unidos,467,Juventud Antoniana,1961,Argentina,NS,Not Started,,,,,,,,,,,,0.0,0.0,0.0,0.0,0.0,0.0,0.0,0.0,0.0,0.0,,,2026-07-26T10:02:42.151252+00:00,COVERAGE_UNKNOWN,,,,,,0,1.0,COVERAGE_NOT_LOADED,,,,,,,,,,,,,,,,,,,,,,,,,,,,,,,,,,,,,,,,,,,,,,,,,,,,,NONE,,,,,,,,,,,,,,,,,,,,,,,,,,,,,,,,,,,,,,,,,,,,,,,,,,,,,,,,,,,,,,,,,,,,,,,,,,,,,,,,,,,,,,,,,,,,,,,
2026-07-26,2026-07-26T19:00:00+01:00,1785088800,Torneo Federal A,134,2026,1530473,NS,Douglas Haig,789,9 de Julio Rafaela,21040,Argentina,NS,Not Started,,,,,,,,,,,,0.0,0.0,0.0,0.0,0.0,0.0,0.0,0.0,0.0,0.0,,,2026-07-26T10:02:42.151257+00:00,COVERAGE_UNKNOWN,,,,,,0,1.0,COVERAGE_NOT_LOADED,,,,,,,,,,,,,,,,,,,,,,,,,,,,,,,,,,,,,,,,,,,,,,,,,,,,,NONE,,,,,,,,,,,,,,,,,,,,,,,,,,,,,,,,,,,,,,,,,,,,,,,,,,,,,,,,,,,,,,,,,,,,,,,,,,,,,,,,,,,,,,,,,,,,,,,
2026-07-26,2026-07-26T19:00:00+01:00,1785088800,Torneo Federal A,134,2026,1530474,NS,Gimnasia Concepción,3945,El Linqueño,21041,Argentina,NS,Not Started,,,,,,,,,,,,0.0,0.0,0.0,0.0,0.0,0.0,0.0,0.0,0.0,0.0,,,2026-07-26T10:02:42.151262+00:00,COVERAGE_UNKNOWN,,,,,,0,1.0,COVERAGE_NOT_LOADED,,,,,,,,,,,,,,,,,,,,,,,,,,,,,,,,,,,,,,,,,,,,,,,,,,,,,NONE,,,,,,,,,,,,,,,,,,,,,,,,,,,,,,,,,,,,,,,,,,,,,,,,,,,,,,,,,,,,,,,,,,,,,,,,,,,,,,,,,,,,,,,,,,,,,,,
2026-07-26,2026-07-26T19:00:00+01:00,1785088800,Torneo Federal A,134,2026,1530475,NS,Guillermo Brown,472,Germinal de Rawson,3972,Argentina,NS,Not Started,,,,,,,,,,,,0.0,0.0,0.0,0.0,0.0,0.0,0.0,0.0,0.0,0.0,,,2026-07-26T10:02:42.151267+00:00,COVERAGE_UNKNOWN,,,,,,0,1.0,COVERAGE_NOT_LOADED,,,,,,,,,,,,,,,,,,,,,,,,,,,,,,,,,,,,,,,,,,,,,,,,,,,,,NONE,,,,,,,,,,,,,,,,,,,,,,,,,,,,,,,,,,,,,,,,,,,,,,,,,,,,,,,,,,,,,,,,,,,,,,,,,,,,,,,,,,,,,,,,,,,,,,,
2026-07-26,2026-07-26T19:00:00+01:00,1785088800,Torneo Federal A,134,2026,1530476,NS,Huracan Las Heras,2428,Fundacion Amigos,27574,Argentina,NS,Not Started,,,,,,,,,,,,0.0,0.0,0.0,0.0,0.0,0.0,0.0,0.0,0.0,0.0,,,2026-07-26T10:02:42.151271+00:00,COVERAGE_UNKNOWN,,,,,,0,1.0,COVERAGE_NOT_LOADED,,,,,,,,,,,,,,,,,,,,,,,,,,,,,,,,,,,,,,,,,,,,,,,,,,,,,NONE,,,,,,,,,,,,,,,,,,,,,,,,,,,,,,,,,,,,,,,,,,,,,,,,,,,,,,,,,,,,,,,,,,,,,,,,,,,,,,,,,,,,,,,,,,,,,,,
2026-07-26,2026-07-26T19:00:00+01:00,1785088800,Torneo Federal A,134,2026,1530477,NS,Independiente De Chivilcoy,1960,Sportivo Las Parejas,1950,Argentina,NS,Not Started,,,,,,,,,,,,0.0,0.0,0.0,0.0,0.0,0.0,0.0,0.0,0.0,0.0,,,2026-07-26T10:02:42.151280+00:00,COVERAGE_UNKNOWN,,,,,,0,1.0,COVERAGE_NOT_LOADED,,,,,,,,,,,,,,,,,,,,,,,,,,,,,,,,,,,,,,,,,,,,,,,,,,,,,NONE,,,,,,,,,,,,,,,,,,,,,,,,,,,,,,,,,,,,,,,,,,,,,,,,,,,,,,,,,,,,,,,,,,,,,,,,,,,,,,,,,,,,,,,,,,,,,,,
2026-07-26,2026-07-26T19:00:00+01:00,1785088800,Torneo Federal A,134,2026,1530479,NS,Olimpo Bahia Blanca,443,Santamarina,475,Argentina,NS,Not Started,,,,,,,,,,,,0.0,0.0,0.0,0.0,0.0,0.0,0.0,0.0,0.0,0.0,,,2026-07-26T10:02:42.151285+00:00,COVERAGE_UNKNOWN,,,,,,0,1.0,COVERAGE_NOT_LOADED,,,,,,,,,,,,,,,,,,,,,,,,,,,,,,,,,,,,,,,,,,,,,,,,,,,,,NONE,,,,,,,,,,,,,,,,,,,,,,,,,,,,,,,,,,,,,,,,,,,,,,,,,,,,,,,,,,,,,,,,,,,,,,,,,,,,,,,,,,,,,,,,,,,,,,,
2026-07-26,2026-07-26T19:00:00+01:00,1785088800,Torneo Federal A,134,2026,1530481,NS,San Martín Mendoza,21042,Argentino Monte Maíz,18764,Argentina,NS,Not Started,,,,,,,,,,,,0.0,0.0,0.0,0.0,0.0,0.0,0.0,0.0,0.0,0.0,,,2026-07-26T10:02:42.151289+00:00,COVERAGE_UNKNOWN,,,,,,0,1.0,COVERAGE_NOT_LOADED,,,,,,,,,,,,,,,,,,,,,,,,,,,,,,,,,,,,,,,,,,,,,,,,,,,,,NONE,,,,,,,,,,,,,,,,,,,,,,,,,,,,,,,,,,,,,,,,,,,,,,,,,,,,,,,,,,,,,,,,,,,,,,,,,,,,,,,,,,,,,,,,,,,,,,,
2026-07-26,2026-07-26T19:00:00+01:00,1785088800,Torneo Federal A,134,2026,1530483,NS,Sol de Mayo,1941,Villa Mitre,1938,Argentina,NS,Not Started,,,,,,,,,,,,0.0,0.0,0.0,0.0,0.0,0.0,0.0,0.0,0.0,0.0,,,2026-07-26T10:02:42.151294+00:00,COVERAGE_UNKNOWN,,,,,,0,1.0,COVERAGE_NOT_LOADED,,,,,,,,,,,,,,,,,,,,,,,,,,,,,,,,,,,,,,,,,,,,,,,,,,,,,NONE,,,,,,,,,,,,,,,,,,,,,,,,,,,,,,,,,,,,,,,,,,,,,,,,,,,,,,,,,,,,,,,,,,,,,,,,,,,,,,,,,,,,,,,,,,,,,,,
2026-07-26,2026-07-26T19:00:00+01:00,1785088800,Paulista - U20,1086,2026,1547368,NS,Botafogo SP U20,12987,Desportivo Brasil U20,13003,Brazil,NS,Not Started,,,,,,,,,,,,0.0,0.0,0.0,0.0,0.0,0.0,0.0,0.0,0.0,0.0,,,2026-07-26T10:02:42.151299+00:00,COVERAGE_UNKNOWN,,,,,,0,1.0,COVERAGE_NOT_LOADED,,,,,,,,,,,,,,,,,,,,,,,,,,,,,,,,,,,,,,,,,,,,,,,,,,,,,NONE,,,,,,,,,,,,,,,,,,,,,,,,,,,,,,,,,,,,,,,,,,,,,,,,,,,,,,,,,,,,,,,,,,,,,,,,,,,,,,,,,,,,,,,,,,,,,,,
2026-07-26,2026-07-26T19:00:00+01:00,1785088800,Paulista - U20,1086,2026,1547369,NS,Mirassol U20,13027,Ferroviária U20,13006,Brazil,NS,Not Started,,,,,,,,,,,,0.0,0.0,0.0,0.0,0.0,0.0,0.0,0.0,0.0,0.0,,,2026-07-26T10:02:42.151303+00:00,COVERAGE_UNKNOWN,,,,,,0,1.0,COVERAGE_NOT_LOADED,,,,,,,,,,,,,,,,,,,,,,,,,,,,,,,,,,,,,,,,,,,,,,,,,,,,,NONE,,,,,,,,,,,,,,,,,,,,,,,,,,,,,,,,,,,,,,,,,,,,,,,,,,,,,,,,,,,,,,,,,,,,,,,,,,,,,,,,,,,,,,,,,,,,,,,
2026-07-26,2026-07-26T19:00:00+01:00,1785088800,Paulista - U20,1086,2026,1547370,NS,Palmeiras U20,12968,RB Bragantino U20,18345,Brazil,NS,Not Started,,,,,,,,,,,,0.0,0.0,0.0,0.0,0.0,0.0,0.0,0.0,0.0,0.0,,,2026-07-26T10:02:42.151308+00:00,COVERAGE_UNKNOWN,,,,,,0,1.0,COVERAGE_NOT_LOADED,,,,,,,,,,,,,,,,,,,,,,,,,,,,,,,,,,,,,,,,,,,,,,,,,,,,,NONE,,,,,,,,,,,,,,,,,,,,,,,,,,,,,,,,,,,,,,,,,,,,,,,,,,,,,,,,,,,,,,,,,,,,,,,,,,,,,,,,,,,,,,,,,,,,,,,
2026-07-26,2026-07-26T19:00:00+01:00,1785088800,Paulista - U20,1086,2026,1547371,NS,Santos U20,13055,Portuguesa U20,13045,Brazil,NS,Not Started,,,,,,,,,,,,0.0,0.0,0.0,0.0,0.0,0.0,0.0,0.0,0.0,0.0,,,2026-07-26T10:02:42.151313+00:00,COVERAGE_UNKNOWN,,,,,,0,1.0,COVERAGE_NOT_LOADED,,,,,,,,,,,,,,,,,,,,,,,,,,,,,,,,,,,,,,,,,,,,,,,,,,,,,NONE,,,,,,,,,,,,,,,,,,,,,,,,,,,,,,,,,,,,,,,,,,,,,,,,,,,,,,,,,,,,,,,,,,,,,,,,,,,,,,,,,,,,,,,,,,,,,,,
2026-07-26,2026-07-26T19:00:00+01:00,1785088800,Paulista - U20,1086,2026,1547372,NS,São Paulo U20,12973,Oeste U20,13034,Brazil,NS,Not Started,,,,,,,,,,,,0.0,0.0,0.0,0.0,0.0,0.0,0.0,0.0,0.0,0.0,,,2026-07-26T10:02:42.151318+00:00,COVERAGE_UNKNOWN,,,,,,0,1.0,COVERAGE_NOT_LOADED,,,,,,,,,,,,,,,,,,,,,,,,,,,,,,,,,,,,,,,,,,,,,,,,,,,,,NONE,,,,,,,,,,,,,,,,,,,,,,,,,,,,,,,,,,,,,,,,,,,,,,,,,,,,,,,,,,,,,,,,,,,,,,,,,,,,,,,,,,,,,,,,,,,,,,,
2026-07-26,2026-07-26T19:00:00+01:00,1785088800,Capixaba B,1147,2027,1548255,NS,Doze,27798,Audax São Mateus,27711,Brazil,NS,Not Started,,,,,,,,,,,,0.0,0.0,0.0,0.0,0.0,0.0,0.0,0.0,0.0,0.0,,,2026-07-26T10:02:42.151322+00:00,COVERAGE_UNKNOWN,,,,,,0,1.0,COVERAGE_NOT_LOADED,,,,,,,,,,,,,,,,,,,,,,,,,,,,,,,,,,,,,,,,,,,,,,,,,,,,,NONE,,,,,,,,,,,,,,,,,,,,,,,,,,,,,,,,,,,,,,,,,,,,,,,,,,,,,,,,,,,,,,,,,,,,,,,,,,,,,,,,,,,,,,,,,,,,,,,
2026-07-26,2026-07-26T19:00:00+01:00,1785088800,Capixaba B,1147,2027,1548257,NS,Sport Brasil ES,23568,Rive,27799,Brazil,NS,Not Started,,,,,,,,,,,,0.0,0.0,0.0,0.0,0.0,0.0,0.0,0.0,0.0,0.0,,,2026-07-26T10:02:42.151327+00:00,COVERAGE_UNKNOWN,,,,,,0,1.0,COVERAGE_NOT_LOADED,,,,,,,,,,,,,,,,,,,,,,,,,,,,,,,,,,,,,,,,,,,,,,,,,,,,,NONE,,,,,,,,,,,,,,,,,,,,,,,,,,,,,,,,,,,,,,,,,,,,,,,,,,,,,,,,,,,,,,,,,,,,,,,,,,,,,,,,,,,,,,,,,,,,,,,
2026-07-26,2026-07-26T19:00:00+01:00,1785088800,Primera División,281,2026,1549420,NS,UTC Cajamarca,2539,UCV Moquegua,22489,Peru,NS,Not Started,,,,,,,,,,,,0.0,0.0,0.0,0.0,0.0,0.0,0.0,0.0,0.0,0.0,,,2026-07-26T10:02:42.151332+00:00,COVERAGE_UNKNOWN,,,,,,0,1.0,COVERAGE_NOT_LOADED,,,,,,,,,,,,,,,,,,,,,,,,,,,,,,,,,,,,,,,,,,,,,,,,,,,,,NONE,,,,,,,,,,,,,,,,,,,,,,,,,,,,,,,,,,,,,,,,,,,,,,,,,,,,,,,,,,,,,,,,,,,,,,,,,,,,,,,,,,,,,,,,,,,,,,,
2026-07-26,2026-07-26T19:00:00+01:00,1785088800,Torneo Promocional Amateur,1067,2026,1549968,NS,Deportivo Metalurgico,23098,Estrella de Berisso,23100,Argentina,NS,Not Started,,,,,,,,,,,,0.0,0.0,0.0,0.0,0.0,0.0,0.0,0.0,0.0,0.0,,,2026-07-26T10:02:42.151336+00:00,COVERAGE_UNKNOWN,,,,,,0,1.0,COVERAGE_NOT_LOADED,,,,,,,,,,,,,,,,,,,,,,,,,,,,,,,,,,,,,,,,,,,,,,,,,,,,,NONE,,,,,,,,,,,,,,,,,,,,,,,,,,,,,,,,,,,,,,,,,,,,,,,,,,,,,,,,,,,,,,,,,,,,,,,,,,,,,,,,,,,,,,,,,,,,,,,
2026-07-26,2026-07-26T19:00:00+01:00,1785088800,Torneo Promocional Amateur,1067,2026,1549990,NS,Las Mandarinas,27788,Buenos Aires City,27786,Argentina,NS,Not Started,,,,,,,,,,,,0.0,0.0,0.0,0.0,0.0,0.0,0.0,0.0,0.0,0.0,,,2026-07-26T10:02:42.151341+00:00,COVERAGE_UNKNOWN,,,,,,0,1.0,COVERAGE_NOT_LOADED,,,,,,,,,,,,,,,,,,,,,,,,,,,,,,,,,,,,,,,,,,,,,,,,,,,,,NONE,,,,,,,,,,,,,,,,,,,,,,,,,,,,,,,,,,,,,,,,,,,,,,,,,,,,,,,,,,,,,,,,,,,,,,,,,,,,,,,,,,,,,,,,,,,,,,,
2026-07-26,2026-07-26T19:00:00+01:00,1785088800,Liga Women,1229,2026,1557282,NS,Flamengo FBC W,27776,Atl. Andahuaylas W,27772,Peru,NS,Not Started,,,,,,,,,,,,0.0,0.0,0.0,0.0,0.0,0.0,0.0,0.0,0.0,0.0,,,2026-07-26T10:02:42.151346+00:00,COVERAGE_UNKNOWN,,,,,,0,1.0,COVERAGE_NOT_LOADED,,,,,,,,,,,,,,,,,,,,,,,,,,,,,,,,,,,,,,,,,,,,,,,,,,,,,NONE,,,,,,,,,,,,,,,,,,,,,,,,,,,,,,,,,,,,,,,,,,,,,,,,,,,,,,,,,,,,,,,,,,,,,,,,,,,,,,,,,,,,,,,,,,,,,,,
2026-07-26,2026-07-26T19:00:00+01:00,1785088800,Czech Liga,345,2026,1559962,NS,Hradec Králové,3723,Pardubice,3724,Czech-Republic,NS,Not Started,,,,,,,,,,,,0.0,0.0,0.0,0.0,0.0,0.0,0.0,0.0,0.0,0.0,,,2026-07-26T10:02:42.151351+00:00,COVERAGE_UNKNOWN,,,,,,0,1.0,COVERAGE_NOT_LOADED,,,,,,,,,,,,,,,,,,,,,,,,,,,,,,,,,,,,,,,,,,,,,,,,,,,,,NONE,,,,,,,,,,,,,,,,,,,,,,,,,,,,,,,,,,,,,,,,,,,,,,,,,,,,,,,,,,,,,,,,,,,,,,,,,,,,,,,,,,,,,,,,,,,,,,,
2026-07-26,2026-07-26T19:00:00+01:00,1785088800,NB I,271,2026,1560205,NS,Paks,2390,Ferencvarosi TC,651,Hungary,NS,Not Started,,,,,,,,,,,,0.0,0.0,0.0,0.0,0.0,0.0,0.0,0.0,0.0,0.0,,,2026-07-26T10:02:42.151355+00:00,COVERAGE_UNKNOWN,,,,,,0,1.0,COVERAGE_NOT_LOADED,,,,,,,,,,,,,,,,,,,,,,,,,,,,,,,,,,,,,,,,,,,,,,,,,,,,,NONE,,,,,,,,,,,,,,,,,,,,,,,,,,,,,,,,,,,,,,,,,,,,,,,,,,,,,,,,,,,,,,,,,,,,,,,,,,,,,,,,,,,,,,,,,,,,,,,
2026-07-26,2026-07-26T19:00:00+01:00,1785088800,Primera División - Apertura,268,2026,1576800,NS,Cerro,2362,Racing Montevideo,2359,Uruguay,NS,Not Started,,,,,,,,,,,,0.0,0.0,0.0,0.0,0.0,0.0,0.0,0.0,0.0,0.0,,,2026-07-26T10:02:42.151360+00:00,COVERAGE_UNKNOWN,,,,,,0,1.0,COVERAGE_NOT_LOADED,,,,,,,,,,,,,,,,,,,,,,,,,,,,,,,,,,,,,,,,,,,,,,,,,,,,,NONE,,,,,,,,,,,,,,,,,,,,,,,,,,,,,,,,,,,,,,,,,,,,,,,,,,,,,,,,,,,,,,,,,,,,,,,,,,,,,,,,,,,,,,,,,,,,,,,
2026-07-26,2026-07-26T19:00:00+01:00,1785088800,Mineiro - 2,619,2026,1589411,NS,Valeriodoce,23247,Villa Nova,7869,Brazil,NS,Not Started,,,,,,,,,,,,0.0,0.0,0.0,0.0,0.0,0.0,0.0,0.0,0.0,0.0,,,2026-07-26T10:02:42.151364+00:00,COVERAGE_UNKNOWN,,,,,,0,1.0,COVERAGE_NOT_LOADED,,,,,,,,,,,,,,,,,,,,,,,,,,,,,,,,,,,,,,,,,,,,,,,,,,,,,NONE,,,,,,,,,,,,,,,,,,,,,,,,,,,,,,,,,,,,,,,,,,,,,,,,,,,,,,,,,,,,,,,,,,,,,,,,,,,,,,,,,,,,,,,,,,,,,,,
2026-07-26,2026-07-26T19:00:00+01:00,1785088800,Cearense U20,1112,2026,1595473,NS,Quixadá U20,26056,Floresta CE U20,16471,Brazil,NS,Not Started,,,,,,,,,,,,0.0,0.0,0.0,0.0,0.0,0.0,0.0,0.0,0.0,0.0,,,2026-07-26T10:02:42.151369+00:00,COVERAGE_UNKNOWN,,,,,,0,1.0,COVERAGE_NOT_LOADED,,,,,,,,,,,,,,,,,,,,,,,,,,,,,,,,,,,,,,,,,,,,,,,,,,,,,NONE,,,,,,,,,,,,,,,,,,,,,,,,,,,,,,,,,,,,,,,,,,,,,,,,,,,,,,,,,,,,,,,,,,,,,,,,,,,,,,,,,,,,,,,,,,,,,,,
2026-07-26,2026-07-26T19:00:00+01:00,1785088800,Baiano - 2,613,2026,1598804,NS,SSA,23592,Fluminense De Feira,1200,Brazil,NS,Not Started,,,,,,,,,,,,0.0,0.0,0.0,0.0,0.0,0.0,0.0,0.0,0.0,0.0,,,2026-07-26T10:02:42.151374+00:00,COVERAGE_UNKNOWN,,,,,,0,1.0,COVERAGE_NOT_LOADED,,,,,,,,,,,,,,,,,,,,,,,,,,,,,,,,,,,,,,,,,,,,,,,,,,,,,NONE,,,,,,,,,,,,,,,,,,,,,,,,,,,,,,,,,,,,,,,,,,,,,,,,,,,,,,,,,,,,,,,,,,,,,,,,,,,,,,,,,,,,,,,,,,,,,,,
2026-07-26,2026-07-26T19:15:00+01:00,1785089700,Liga Pro,242,2026,1519424,NS,Aucas,1156,Macara,1155,Ecuador,NS,Not Started,,,,,,,,,,,,0.0,0.0,0.0,0.0,0.0,0.0,0.0,0.0,0.0,0.0,,,2026-07-26T10:02:42.151378+00:00,COVERAGE_UNKNOWN,,,,,,0,1.0,COVERAGE_NOT_LOADED,,,,,,,,,,,,,,,,,,,,,,,,,,,,,,,,,,,,,,,,,,,,,,,,,,,,,NONE,,,,,,,,,,,,,,,,,,,,,,,,,,,,,,,,,,,,,,,,,,,,,,,,,,,,,,,,,,,,,,,,,,,,,,,,,,,,,,,,,,,,,,,,,,,,,,,
2026-07-26,2026-07-26T19:15:00+01:00,1785089700,Liga Pro,242,2026,1519426,NS,Delfin SC,1149,Leones del Norte,19034,Ecuador,NS,Not Started,,,,,,,,,,,,0.0,0.0,0.0,0.0,0.0,0.0,0.0,0.0,0.0,0.0,,,2026-07-26T10:02:42.151383+00:00,COVERAGE_UNKNOWN,,,,,,0,1.0,COVERAGE_NOT_LOADED,,,,,,,,,,,,,,,,,,,,,,,,,,,,,,,,,,,,,,,,,,,,,,,,,,,,,NONE,,,,,,,,,,,,,,,,,,,,,,,,,,,,,,,,,,,,,,,,,,,,,,,,,,,,,,,,,,,,,,,,,,,,,,,,,,,,,,,,,,,,,,,,,,,,,,,
2026-07-26,2026-07-26T19:15:00+01:00,1785089700,First League,172,2026,1551059,NS,Lokomotiv Plovdiv,858,Septemvri Sofia,856,Bulgaria,NS,Not Started,,,,,,,,,,,,0.0,0.0,0.0,0.0,0.0,0.0,0.0,0.0,0.0,0.0,,,2026-07-26T10:02:42.151388+00:00,COVERAGE_UNKNOWN,,,,,,0,1.0,COVERAGE_NOT_LOADED,,,,,,,,,,,,,,,,,,,,,,,,,,,,,,,,,,,,,,,,,,,,,,,,,,,,,NONE,,,,,,,,,,,,,,,,,,,,,,,,,,,,,,,,,,,,,,,,,,,,,,,,,,,,,,,,,,,,,,,,,,,,,,,,,,,,,,,,,,,,,,,,,,,,,,,
2026-07-26,2026-07-26T19:15:00+01:00,1785089700,Ekstraklasa,106,2026,1553108,NS,Wisla Krakow,338,GKS Katowice,3484,Poland,NS,Not Started,,,,,,,,,,,,0.0,0.0,0.0,0.0,0.0,0.0,0.0,0.0,0.0,0.0,,,2026-07-26T10:02:42.151392+00:00,COVERAGE_UNKNOWN,,,,,,0,1.0,COVERAGE_NOT_LOADED,,,,,,,,,,,,,,,,,,,,,,,,,,,,,,,,,,,,,,,,,,,,,,,,,,,,,NONE,,,,,,,,,,,,,,,,,,,,,,,,,,,,,,,,,,,,,,,,,,,,,,,,,,,,,,,,,,,,,,,,,,,,,,,,,,,,,,,,,,,,,,,,,,,,,,,
2026-07-26,2026-07-26T19:15:00+01:00,1785089700,1. SNL,373,2026,1557976,NS,Koper,4374,Radomlje,4378,Slovenia,NS,Not Started,,,,,,,,,,,,0.0,0.0,0.0,0.0,0.0,0.0,0.0,0.0,0.0,0.0,,,2026-07-26T10:02:42.151397+00:00,COVERAGE_UNKNOWN,,,,,,0,1.0,COVERAGE_NOT_LOADED,,,,,,,,,,,,,,,,,,,,,,,,,,,,,,,,,,,,,,,,,,,,,,,,,,,,,NONE,,,,,,,,,,,,,,,,,,,,,,,,,,,,,,,,,,,,,,,,,,,,,,,,,,,,,,,,,,,,,,,,,,,,,,,,,,,,,,,,,,,,,,,,,,,,,,,
2026-07-26,2026-07-26T19:15:00+01:00,1785089700,Segunda División,282,2026,1559530,NS,Deportivo Binacional,2550,Bentín Tacna Heroica,22462,Peru,NS,Not Started,,,,,,,,,,,,0.0,0.0,0.0,0.0,0.0,0.0,0.0,0.0,0.0,0.0,,,2026-07-26T10:02:42.151402+00:00,COVERAGE_UNKNOWN,,,,,,0,1.0,COVERAGE_NOT_LOADED,,,,,,,,,,,,,,,,,,,,,,,,,,,,,,,,,,,,,,,,,,,,,,,,,,,,,NONE,,,,,,,,,,,,,,,,,,,,,,,,,,,,,,,,,,,,,,,,,,,,,,,,,,,,,,,,,,,,,,,,,,,,,,,,,,,,,,,,,,,,,,,,,,,,,,,
2026-07-26,2026-07-26T19:30:00+01:00,1785090600,Primera Nacional,129,2026,1498673,NS,Colon Santa Fe,448,Chaco For Ever,1946,Argentina,NS,Not Started,,,,,,,,,,,,0.0,0.0,0.0,0.0,0.0,0.0,0.0,0.0,0.0,0.0,,,2026-07-26T10:02:42.151406+00:00,COVERAGE_UNKNOWN,,,,,,0,1.0,COVERAGE_NOT_LOADED,,,,,,,,,,,,,,,,,,,,,,,,,,,,,,,,,,,,,,,,,,,,,,,,,,,,,NONE,,,,,,,,,,,,,,,,,,,,,,,,,,,,,,,,,,,,,,,,,,,,,,,,,,,,,,,,,,,,,,,,,,,,,,,,,,,,,,,,,,,,,,,,,,,,,,,
2026-07-26,2026-07-26T19:30:00+01:00,1785090600,Primera Nacional,129,2026,1498683,NS,San Miguel,8379,Acassuso,2425,Argentina,NS,Not Started,,,,,,,,,,,,0.0,0.0,0.0,0.0,0.0,0.0,0.0,0.0,0.0,0.0,,,2026-07-26T10:02:42.151411+00:00,COVERAGE_UNKNOWN,,,,,,0,1.0,COVERAGE_NOT_LOADED,,,,,,,,,,,,,,,,,,,,,,,,,,,,,,,,,,,,,,,,,,,,,,,,,,,,,NONE,,,,,,,,,,,,,,,,,,,,,,,,,,,,,,,,,,,,,,,,,,,,,,,,,,,,,,,,,,,,,,,,,,,,,,,,,,,,,,,,,,,,,,,,,,,,,,,
2026-07-26,2026-07-26T19:30:00+01:00,1785090600,Torneo Federal A,134,2026,1530480,NS,San Martin Formosa,1935,Bartolomé Mitre,25756,Argentina,NS,Not Started,,,,,,,,,,,,0.0,0.0,0.0,0.0,0.0,0.0,0.0,0.0,0.0,0.0,,,2026-07-26T10:02:42.151416+00:00,COVERAGE_UNKNOWN,,,,,,0,1.0,COVERAGE_NOT_LOADED,,,,,,,,,,,,,,,,,,,,,,,,,,,,,,,,,,,,,,,,,,,,,,,,,,,,,NONE,,,,,,,,,,,,,,,,,,,,,,,,,,,,,,,,,,,,,,,,,,,,,,,,,,,,,,,,,,,,,,,,,,,,,,,,,,,,,,,,,,,,,,,,,,,,,,,
2026-07-26,2026-07-26T19:30:00+01:00,1785090600,Brasiliense U20,1100,2026,1546266,NS,Grêmio Valparaíso U20,23612,Ceilândia U20,20752,Brazil,NS,Not Started,,,,,,,,,,,,0.0,0.0,0.0,0.0,0.0,0.0,0.0,0.0,0.0,0.0,,,2026-07-26T10:02:42.151420+00:00,COVERAGE_UNKNOWN,,,,,,0,1.0,COVERAGE_NOT_LOADED,,,,,,,,,,,,,,,,,,,,,,,,,,,,,,,,,,,,,,,,,,,,,,,,,,,,,NONE,,,,,,,,,,,,,,,,,,,,,,,,,,,,,,,,,,,,,,,,,,,,,,,,,,,,,,,,,,,,,,,,,,,,,,,,,,,,,,,,,,,,,,,,,,,,,,,
2026-07-26,2026-07-26T19:30:00+01:00,1785090600,Brasiliense U20,1100,2026,1546268,NS,Planaltina DF U20,16737,Canaã U20,12991,Brazil,NS,Not Started,,,,,,,,,,,,0.0,0.0,0.0,0.0,0.0,0.0,0.0,0.0,0.0,0.0,,,2026-07-26T10:02:42.151425+00:00,COVERAGE_UNKNOWN,,,,,,0,1.0,COVERAGE_NOT_LOADED,,,,,,,,,,,,,,,,,,,,,,,,,,,,,,,,,,,,,,,,,,,,,,,,,,,,,NONE,,,,,,,,,,,,,,,,,,,,,,,,,,,,,,,,,,,,,,,,,,,,,,,,,,,,,,,,,,,,,,,,,,,,,,,,,,,,,,,,,,,,,,,,,,,,,,,
2026-07-26,2026-07-26T19:30:00+01:00,1785090600,Super Liga,286,2026,1553818,NS,Mladost Lucani,699,Novi Pazar,2643,Serbia,NS,Not Started,,,,,,,,,,,,0.0,0.0,0.0,0.0,0.0,0.0,0.0,0.0,0.0,0.0,,,2026-07-26T10:02:42.151429+00:00,COVERAGE_UNKNOWN,,,,,,0,1.0,COVERAGE_NOT_LOADED,,,,,,,,,,,,,,,,,,,,,,,,,,,,,,,,,,,,,,,,,,,,,,,,,,,,,NONE,,,,,,,,,,,,,,,,,,,,,,,,,,,,,,,,,,,,,,,,,,,,,,,,,,,,,,,,,,,,,,,,,,,,,,,,,,,,,,,,,,,,,,,,,,,,,,,
2026-07-26,2026-07-26T19:30:00+01:00,1785090600,Super Liga,286,2026,1553820,PST,Radnicki 1923,2644,Železničar Pančevo,12360,Serbia,PST,Match Postponed,,,,,,,,,,,,0.0,0.0,0.0,0.0,0.0,0.0,0.0,0.0,0.0,0.0,,,2026-07-26T10:02:42.151434+00:00,COVERAGE_UNKNOWN,,,,,,0,1.0,COVERAGE_NOT_LOADED,,,,,,,,,,,,,,,,,,,,,,,,,,,,,,,,,,,,,,,,,,,,,,,,,,,,,NONE,,,,,,,,,,,,,,,,,,,,,,,,,,,,,,,,,,,,,,,,,,,,,,,,,,,,,,,,,,,,,,,,,,,,,,,,,,,,,,,,,,,,,,,,,,,,,,,
2026-07-26,2026-07-26T19:30:00+01:00,1785090600,Paranaense - 3,1138,2026,1556577,NS,Cambé,24823,City London,26724,Brazil,NS,Not Started,,,,,,,,,,,,0.0,0.0,0.0,0.0,0.0,0.0,0.0,0.0,0.0,0.0,,,2026-07-26T10:02:42.151438+00:00,COVERAGE_UNKNOWN,,,,,,0,1.0,COVERAGE_NOT_LOADED,,,,,,,,,,,,,,,,,,,,,,,,,,,,,,,,,,,,,,,,,,,,,,,,,,,,,NONE,,,,,,,,,,,,,,,,,,,,,,,,,,,,,,,,,,,,,,,,,,,,,,,,,,,,,,,,,,,,,,,,,,,,,,,,,,,,,,,,,,,,,,,,,,,,,,,
2026-07-26,2026-07-26T19:30:00+01:00,1785090600,Paranaense - 3,1138,2026,1556578,NS,Hope Internacional,24825,Iraty,24826,Brazil,NS,Not Started,,,,,,,,,,,,0.0,0.0,0.0,0.0,0.0,0.0,0.0,0.0,0.0,0.0,,,2026-07-26T10:02:42.151443+00:00,COVERAGE_UNKNOWN,,,,,,0,1.0,COVERAGE_NOT_LOADED,,,,,,,,,,,,,,,,,,,,,,,,,,,,,,,,,,,,,,,,,,,,,,,,,,,,,NONE,,,,,,,,,,,,,,,,,,,,,,,,,,,,,,,,,,,,,,,,,,,,,,,,,,,,,,,,,,,,,,,,,,,,,,,,,,,,,,,,,,,,,,,,,,,,,,,
2026-07-26,2026-07-26T19:30:00+01:00,1785090600,Paranaense - 3,1138,2026,1556580,NS,Oeste Brasil,24827,Sport Club PR,27851,Brazil,NS,Not Started,,,,,,,,,,,,0.0,0.0,0.0,0.0,0.0,0.0,0.0,0.0,0.0,0.0,,,2026-07-26T10:02:42.151448+00:00,COVERAGE_UNKNOWN,,,,,,0,1.0,COVERAGE_NOT_LOADED,,,,,,,,,,,,,,,,,,,,,,,,,,,,,,,,,,,,,,,,,,,,,,,,,,,,,NONE,,,,,,,,,,,,,,,,,,,,,,,,,,,,,,,,,,,,,,,,,,,,,,,,,,,,,,,,,,,,,,,,,,,,,,,,,,,,,,,,,,,,,,,,,,,,,,,
2026-07-26,2026-07-26T19:30:00+01:00,1785090600,Paranaense - 3,1138,2026,1556581,NS,Samas,27850,AA Iguaçu,17427,Brazil,NS,Not Started,,,,,,,,,,,,0.0,0.0,0.0,0.0,0.0,0.0,0.0,0.0,0.0,0.0,,,2026-07-26T10:02:42.151453+00:00,COVERAGE_UNKNOWN,,,,,,0,1.0,COVERAGE_NOT_LOADED,,,,,,,,,,,,,,,,,,,,,,,,,,,,,,,,,,,,,,,,,,,,,,,,,,,,,NONE,,,,,,,,,,,,,,,,,,,,,,,,,,,,,,,,,,,,,,,,,,,,,,,,,,,,,,,,,,,,,,,,,,,,,,,,,,,,,,,,,,,,,,,,,,,,,,,
2026-07-26,2026-07-26T19:30:00+01:00,1785090600,Cup,220,2026,1560901,NS,Wienerberg,5008,Rapid Vienna,781,Austria,NS,Not Started,,,,,,,,,,,,0.0,0.0,0.0,0.0,0.0,0.0,0.0,0.0,0.0,0.0,,,2026-07-26T10:02:42.151457+00:00,COVERAGE_UNKNOWN,,,,,,0,1.0,COVERAGE_NOT_LOADED,,,,,,,,,,,,,,,,,,,,,,,,,,,,,,,,,,,,,,,,,,,,,,,,,,,,,NONE,,,,,,,,,,,,,,,,,,,,,,,,,,,,,,,,,,,,,,,,,,,,,,,,,,,,,,,,,,,,,,,,,,,,,,,,,,,,,,,,,,,,,,,,,,,,,,,
2026-07-26,2026-07-26T19:30:00+01:00,1785090600,Friendlies Clubs,667,2026,1583465,NS,Marino,9799,Tenerife,719,World,NS,Not Started,,,,,,,,,,,,0.0,0.0,0.0,0.0,0.0,0.0,0.0,0.0,0.0,0.0,,,2026-07-26T10:02:42.151462+00:00,COVERAGE_UNKNOWN,,,,,,0,1.0,COVERAGE_NOT_LOADED,,,,,,,,,,,,,,,,,,,,,,,,,,,,,,,,,,,,,,,,,,,,,,,,,,,,,NONE,,,,,,,,,,,,,,,,,,,,,,,,,,,,,,,,,,,,,,,,,,,,,,,,,,,,,,,,,,,,,,,,,,,,,,,,,,,,,,,,,,,,,,,,,,,,,,,
2026-07-26,2026-07-26T19:30:00+01:00,1785090600,Friendlies Clubs,667,2026,1583466,NS,Sambenedettese,871,Avellino,528,World,NS,Not Started,,,,,,,,,,,,0.0,0.0,0.0,0.0,0.0,0.0,0.0,0.0,0.0,0.0,,,2026-07-26T10:02:42.151466+00:00,COVERAGE_UNKNOWN,,,,,,0,1.0,COVERAGE_NOT_LOADED,,,,,,,,,,,,,,,,,,,,,,,,,,,,,,,,,,,,,,,,,,,,,,,,,,,,,NONE,,,,,,,,,,,,,,,,,,,,,,,,,,,,,,,,,,,,,,,,,,,,,,,,,,,,,,,,,,,,,,,,,,,,,,,,,,,,,,,,,,,,,,,,,,,,,,,
2026-07-26,2026-07-26T19:30:00+01:00,1785090600,Brasiliense U20,1100,2026,1585102,NS,Santa Maria U20,25932,Luziânia U20,23614,Brazil,NS,Not Started,,,,,,,,,,,,0.0,0.0,0.0,0.0,0.0,0.0,0.0,0.0,0.0,0.0,,,2026-07-26T10:02:42.151472+00:00,COVERAGE_UNKNOWN,,,,,,0,1.0,COVERAGE_NOT_LOADED,,,,,,,,,,,,,,,,,,,,,,,,,,,,,,,,,,,,,,,,,,,,,,,,,,,,,NONE,,,,,,,,,,,,,,,,,,,,,,,,,,,,,,,,,,,,,,,,,,,,,,,,,,,,,,,,,,,,,,,,,,,,,,,,,,,,,,,,,,,,,,,,,,,,,,,
2026-07-26,2026-07-26T19:30:00+01:00,1785090600,Brasiliense U20,1100,2026,1595466,NS,Ceilandense U20,23611,Real Brasília U20,18346,Brazil,NS,Not Started,,,,,,,,,,,,0.0,0.0,0.0,0.0,0.0,0.0,0.0,0.0,0.0,0.0,,,2026-07-26T10:02:42.151476+00:00,COVERAGE_UNKNOWN,,,,,,0,1.0,COVERAGE_NOT_LOADED,,,,,,,,,,,,,,,,,,,,,,,,,,,,,,,,,,,,,,,,,,,,,,,,,,,,,NONE,,,,,,,,,,,,,,,,,,,,,,,,,,,,,,,,,,,,,,,,,,,,,,,,,,,,,,,,,,,,,,,,,,,,,,,,,,,,,,,,,,,,,,,,,,,,,,,
2026-07-26,2026-07-26T19:30:00+01:00,1785090600,COTIF Tournament,940,2026,1600195,NS,Mauritania U20,11038,Elche U20,22012,World,NS,Not Started,,,,,,,,,,,,0.0,0.0,0.0,0.0,0.0,0.0,0.0,0.0,0.0,0.0,,,2026-07-26T10:02:42.151481+00:00,COVERAGE_UNKNOWN,,,,,,0,1.0,COVERAGE_NOT_LOADED,,,,,,,,,,,,,,,,,,,,,,,,,,,,,,,,,,,,,,,,,,,,,,,,,,,,,NONE,,,,,,,,,,,,,,,,,,,,,,,,,,,,,,,,,,,,,,,,,,,,,,,,,,,,,,,,,,,,,,,,,,,,,,,,,,,,,,,,,,,,,,,,,,,,,,,
2026-07-26,2026-07-26T20:00:00+01:00,1785092400,Division Profesional - Clausura,252,2026,1489272,NS,Olimpia,1182,Libertad Asuncion,1179,Paraguay,NS,Not Started,,,,,,,,,,,,0.0,0.0,0.0,0.0,0.0,0.0,0.0,0.0,0.0,0.0,,,2026-07-26T10:02:42.151485+00:00,COVERAGE_UNKNOWN,,,,,,0,1.0,COVERAGE_NOT_LOADED,,,,,,,,,,,,,,,,,,,,,,,,,,,,,,,,,,,,,,,,,,,,,,,,,,,,,NONE,,,,,,,,,,,,,,,,,,,,,,,,,,,,,,,,,,,,,,,,,,,,,,,,,,,,,,,,,,,,,,,,,,,,,,,,,,,,,,,,,,,,,,,,,,,,,,,
2026-07-26,2026-07-26T20:00:00+01:00,1785092400,Serie A,71,2026,1492301,NS,Bahia,118,Corinthians,131,Brazil,NS,Not Started,,,,,,,,,,,,0.0,0.0,0.0,0.0,0.0,0.0,0.0,0.0,0.0,0.0,4.0,6.0,2026-07-26T10:02:42.151490+00:00,COVERAGE_RICH,1.0,1.0,1.0,1.0,1.0,1,0.95,OFFICIAL_API,,8.0,8.0,1.0,1.875,1.5,1.0,2.0,0.375,0.875,0.75,0.125,0.75,0.75,0.25,1.0,0.5,0.875,0.125,2026.0,2026.0,TEAM_LAST_8_ALL_COMPETITIONS,5.0,5.0,1.0,1.0,15.4,14.8,6.2,6.4,60.0,6.0,6.4,12.2,1.8,1.6,3.8,5.0,5.0,1.0,1.0,11.6,11.6,3.6,4.8,59.8,5.0,3.4,10.6,1.4,2.0,3.8,FULL,2026-07-26T10:03:37.103956+00:00,4.0,6.0,1.0,1.0,3.6,5.6,FULL,FULL,HIGH,HIGH,FULL,2026-07-26T10:04:25.192036+00:00,0.0,0.0,,,,,,,,,,,,,,,,,,0.12,90.0,535.42,0.0,0.0,NONE,NONE,NONE,INACTIVE,2026-07-26T10:04:35.019814+00:00,6.0,30.0,4.0,19.0,28.0,24.0,0.0,7.0,27.0,2.0,19.0,21.0,19.0,0.0,20.0,2026-07-26T10:04:42.948772+00:00,2.46,3.4,3.5,1.76,2.05,1.34,3.5,2.05,1.86,3.8,1.33,,,,,,13.0,165.0,5954.0,0.4065,0.2941,0.2857,0.5682,0.4878,0.7463,0.2857,0.4878,0.5376,0.2632,0.7519,,,,,,2026-07-26T10:04:49.217102+00:00,OK
2026-07-26,2026-07-26T20:00:00+01:00,1785092400,Serie A,71,2026,1492303,NS,Cruzeiro,135,Botafogo,120,Brazil,NS,Not Started,,,,,,,,,,,,0.0,0.0,0.0,0.0,0.0,0.0,0.0,0.0,0.0,0.0,10.0,4.0,2026-07-26T10:02:42.151494+00:00,COVERAGE_RICH,1.0,1.0,1.0,1.0,1.0,1,0.95,OFFICIAL_API,,8.0,8.0,1.75,2.125,1.25,2.25,1.0,1.25,0.875,1.0,0.5,0.25,0.5,0.75,0.625,0.875,0.5,0.875,2026.0,2026.0,TEAM_LAST_8_ALL_COMPETITIONS,5.0,5.0,1.0,1.0,11.8,9.8,3.6,3.0,55.8,3.2,2.8,14.2,3.2,2.0,3.4,5.0,5.0,1.0,1.0,19.4,9.6,6.8,4.0,57.0,7.2,4.2,16.2,2.2,2.25,5.0,FULL,2026-07-26T10:03:41.109674+00:00,10.0,4.0,1.0,1.0,8.0,4.0,FULL,FULL,HIGH,HIGH,FULL,2026-07-26T10:04:25.588724+00:00,0.0,0.0,,,,,,,,,,,,,,,,,,0.12,90.0,535.41,0.0,0.0,NONE,NONE,NONE,INACTIVE,2026-07-26T10:04:35.423051+00:00,8.0,27.0,-3.0,19.0,26.0,29.0,0.0,9.0,26.0,1.0,19.0,33.0,32.0,0.0,20.0,2026-07-26T10:04:42.951388+00:00,1.8,3.95,4.8,1.8,2.0,1.29,4.0,1.87,2.03,3.2,1.4,,,,,,13.0,167.0,5972.0,0.5556,0.2532,0.2083,0.5556,0.5,0.7752,0.25,0.5348,0.4926,0.3125,0.7143,,,,,,2026-07-26T10:04:49.605410+00:00,OK
2026-07-26,2026-07-26T20:00:00+01:00,1785092400,Primera Nacional,129,2026,1498672,NS,Atletico Mitre,466,Almirante Brown,8375,Argentina,NS,Not Started,,,,,,,,,,,,0.0,0.0,0.0,0.0,0.0,0.0,0.0,0.0,0.0,0.0,,,2026-07-26T10:02:42.151499+00:00,COVERAGE_UNKNOWN,,,,,,0,1.0,COVERAGE_NOT_LOADED,,,,,,,,,,,,,,,,,,,,,,,,,,,,,,,,,,,,,,,,,,,,,,,,,,,,,NONE,,,,,,,,,,,,,,,,,,,,,,,,,,,,,,,,,,,,,,,,,,,,,,,,,,,,,,,,,,,,,,,,,,,,,,,,,,,,,,,,,,,,,,,,,,,,,,,
2026-07-26,2026-07-26T20:00:00+01:00,1785092400,Primera Nacional,129,2026,1498675,NS,Gimnasia Jujuy,479,Club Atlético Güemes,3969,Argentina,NS,Not Started,,,,,,,,,,,,0.0,0.0,0.0,0.0,0.0,0.0,0.0,0.0,0.0,0.0,,,2026-07-26T10:02:42.151504+00:00,COVERAGE_UNKNOWN,,,,,,0,1.0,COVERAGE_NOT_LOADED,,,,,,,,,,,,,,,,,,,,,,,,,,,,,,,,,,,,,,,,,,,,,,,,,,,,,NONE,,,,,,,,,,,,,,,,,,,,,,,,,,,,,,,,,,,,,,,,,,,,,,,,,,,,,,,,,,,,,,,,,,,,,,,,,,,,,,,,,,,,,,,,,,,,,,,
2026-07-26,2026-07-26T20:00:00+01:00,1785092400,Primera Nacional,129,2026,1498679,NS,Midland,1963,Patronato,444,Argentina,NS,Not Started,,,,,,,,,,,,0.0,0.0,0.0,0.0,0.0,0.0,0.0,0.0,0.0,0.0,,,2026-07-26T10:02:42.151509+00:00,COVERAGE_UNKNOWN,,,,,,0,1.0,COVERAGE_NOT_LOADED,,,,,,,,,,,,,,,,,,,,,,,,,,,,,,,,,,,,,,,,,,,,,,,,,,,,,NONE,,,,,,,,,,,,,,,,,,,,,,,,,,,,,,,,,,,,,,,,,,,,,,,,,,,,,,,,,,,,,,,,,,,,,,,,,,,,,,,,,,,,,,,,,,,,,,,
2026-07-26,2026-07-26T20:00:00+01:00,1785092400,Primera Nacional,129,2026,1498681,NS,Racing Cordoba,1957,San Telmo,1932,Argentina,NS,Not Started,,,,,,,,,,,,0.0,0.0,0.0,0.0,0.0,0.0,0.0,0.0,0.0,0.0,,,2026-07-26T10:02:42.151513+00:00,COVERAGE_UNKNOWN,,,,,,0,1.0,COVERAGE_NOT_LOADED,,,,,,,,,,,,,,,,,,,,,,,,,,,,,,,,,,,,,,,,,,,,,,,,,,,,,NONE,,,,,,,,,,,,,,,,,,,,,,,,,,,,,,,,,,,,,,,,,,,,,,,,,,,,,,,,,,,,,,,,,,,,,,,,,,,,,,,,,,,,,,,,,,,,,,,
2026-07-26,2026-07-26T20:00:00+01:00,1785092400,Primera División,265,2026,1505471,NS,Nublense,2337,Palestino,2318,Chile,NS,Not Started,,,,,,,,,,,,0.0,0.0,0.0,0.0,0.0,0.0,0.0,0.0,0.0,0.0,,,2026-07-26T10:02:42.151518+00:00,COVERAGE_UNKNOWN,,,,,,0,1.0,COVERAGE_NOT_LOADED,,,,,,,,,,,,,,,,,,,,,,,,,,,,,,,,,,,,,,,,,,,,,,,,,,,,,NONE,,,,,,,,,,,,,,,,,,,,,,,,,,,,,,,,,,,,,,,,,,,,,,,,,,,,,,,,,,,,,,,,,,,,,,,,,,,,,,,,,,,,,,,,,,,,,,,
2026-07-26,2026-07-26T20:00:00+01:00,1785092400,Serie B,72,2026,1520793,NS,Criciuma,140,Nautico Recife,755,Brazil,NS,Not Started,,,,,,,,,,,,0.0,0.0,0.0,0.0,0.0,0.0,0.0,0.0,0.0,0.0,,,2026-07-26T10:02:42.151522+00:00,COVERAGE_RICH,1.0,1.0,0.0,1.0,1.0,1,0.95,OFFICIAL_API,,,,,,,,,,,,,,,,,,,,,,,,,,,,,,,,,,,,,,,,,,,,,,,,,,,,,NONE,,,,,,,,,,,,,,,,,,,,,,,,,,,,,,,,,,,,,,,,,,,,,,,,,,,,,,,,,,,,,,,,,,,,,,,,,,,,,,,,,,,,,,,,,,,,,,,
2026-07-26,2026-07-26T20:00:00+01:00,1785092400,Serie B,72,2026,1520798,NS,São Bernardo,7865,Ceara,129,Brazil,NS,Not Started,,,,,,,,,,,,0.0,0.0,0.0,0.0,0.0,0.0,0.0,0.0,0.0,0.0,,,2026-07-26T10:02:42.151527+00:00,COVERAGE_RICH,1.0,1.0,0.0,1.0,1.0,1,0.95,OFFICIAL_API,,,,,,,,,,,,,,,,,,,,,,,,,,,,,,,,,,,,,,,,,,,,,,,,,,,,,NONE,,,,,,,,,,,,,,,,,,,,,,,,,,,,,,,,,,,,,,,,,,,,,,,,,,,,,,,,,,,,,,,,,,,,,,,,,,,,,,,,,,,,,,,,,,,,,,,
2026-07-26,2026-07-26T20:00:00+01:00,1785092400,Liga Femenina,712,2026,1525747,NS,Santa Fe W,15730,Real Santander W,26893,Colombia,NS,Not Started,,,,,,,,,,,,0.0,0.0,0.0,0.0,0.0,0.0,0.0,0.0,0.0,0.0,,,2026-07-26T10:02:42.151532+00:00,COVERAGE_UNKNOWN,,,,,,0,1.0,COVERAGE_NOT_LOADED,,,,,,,,,,,,,,,,,,,,,,,,,,,,,,,,,,,,,,,,,,,,,,,,,,,,,NONE,,,,,,,,,,,,,,,,,,,,,,,,,,,,,,,,,,,,,,,,,,,,,,,,,,,,,,,,,,,,,,,,,,,,,,,,,,,,,,,,,,,,,,,,,,,,,,,
2026-07-26,2026-07-26T20:00:00+01:00,1785092400,Serie C,75,2026,1526896,NS,Brusque,1211,Ituano,7779,Brazil,NS,Not Started,,,,,,,,,,,,0.0,0.0,0.0,0.0,0.0,0.0,0.0,0.0,0.0,0.0,,,2026-07-26T10:02:42.151536+00:00,COVERAGE_PARTIAL,1.0,0.0,0.0,1.0,1.0,0,0.7,OFFICIAL_API,,,,,,,,,,,,,,,,,,,,,,,,,,,,,,,,,,,,,,,,,,,,,,,,,,,,,NONE,,,,,,,,,,,,,,,,,,,,,,,,,,,,,,,,,,,,,,,,,,,,,,,,,,,,,,,,,,,,,,,,,,,,,,,,,,,,,,,,,,,,,,,,,,,,,,,
2026-07-26,2026-07-26T20:00:00+01:00,1785092400,Serie C,75,2026,1526904,NS,Ypiranga-RS,1221,Barra,18271,Brazil,NS,Not Started,,,,,,,,,,,,0.0,0.0,0.0,0.0,0.0,0.0,0.0,0.0,0.0,0.0,,,2026-07-26T10:02:42.151541+00:00,COVERAGE_PARTIAL,1.0,0.0,0.0,1.0,1.0,0,0.7,OFFICIAL_API,,,,,,,,,,,,,,,,,,,,,,,,,,,,,,,,,,,,,,,,,,,,,,,,,,,,,NONE,,,,,,,,,,,,,,,,,,,,,,,,,,,,,,,,,,,,,,,,,,,,,,,,,,,,,,,,,,,,,,,,,,,,,,,,,,,,,,,,,,,,,,,,,,,,,,,
2026-07-26,2026-07-26T20:00:00+01:00,1785092400,Torneo Federal A,134,2026,1530482,NS,Sarmiento Resistencia,1953,Sol de América,3982,Argentina,NS,Not Started,,,,,,,,,,,,0.0,0.0,0.0,0.0,0.0,0.0,0.0,0.0,0.0,0.0,,,2026-07-26T10:02:42.151545+00:00,COVERAGE_UNKNOWN,,,,,,0,1.0,COVERAGE_NOT_LOADED,,,,,,,,,,,,,,,,,,,,,,,,,,,,,,,,,,,,,,,,,,,,,,,,,,,,,NONE,,,,,,,,,,,,,,,,,,,,,,,,,,,,,,,,,,,,,,,,,,,,,,,,,,,,,,,,,,,,,,,,,,,,,,,,,,,,,,,,,,,,,,,,,,,,,,,
2026-07-26,2026-07-26T20:00:00+01:00,1785092400,Torneo Federal A,134,2026,1530485,NS,Tucuman Central,27573,Sarmiento de La Banda,23255,Argentina,NS,Not Started,,,,,,,,,,,,0.0,0.0,0.0,0.0,0.0,0.0,0.0,0.0,0.0,0.0,,,2026-07-26T10:02:42.151550+00:00,COVERAGE_UNKNOWN,,,,,,0,1.0,COVERAGE_NOT_LOADED,,,,,,,,,,,,,,,,,,,,,,,,,,,,,,,,,,,,,,,,,,,,,,,,,,,,,NONE,,,,,,,,,,,,,,,,,,,,,,,,,,,,,,,,,,,,,,,,,,,,,,,,,,,,,,,,,,,,,,,,,,,,,,,,,,,,,,,,,,,,,,,,,,,,,,,
2026-07-26,2026-07-26T20:00:00+01:00,1785092400,Primera División,344,2026,1545384,NS,Blooming,3701,The Strongest,3711,Bolivia,NS,Not Started,,,,,,,,,,,,0.0,0.0,0.0,0.0,0.0,0.0,0.0,0.0,0.0,0.0,,,2026-07-26T10:02:42.151555+00:00,COVERAGE_UNKNOWN,,,,,,0,1.0,COVERAGE_NOT_LOADED,,,,,,,,,,,,,,,,,,,,,,,,,,,,,,,,,,,,,,,,,,,,,,,,,,,,,NONE,,,,,,,,,,,,,,,,,,,,,,,,,,,,,,,,,,,,,,,,,,,,,,,,,,,,,,,,,,,,,,,,,,,,,,,,,,,,,,,,,,,,,,,,,,,,,,,
2026-07-26,2026-07-26T20:00:00+01:00,1785092400,Primera A,239,2026,1549689,NS,Internacional de Bogota,1134,America de Cali,1138,Colombia,NS,Not Started,,,,,,,,,,,,0.0,0.0,0.0,0.0,0.0,0.0,0.0,0.0,0.0,0.0,,,2026-07-26T10:02:42.151559+00:00,COVERAGE_UNKNOWN,,,,,,0,1.0,COVERAGE_NOT_LOADED,,,,,,,,,,,,,,,,,,,,,,,,,,,,,,,,,,,,,,,,,,,,,,,,,,,,,NONE,,,,,,,,,,,,,,,,,,,,,,,,,,,,,,,,,,,,,,,,,,,,,,,,,,,,,,,,,,,,,,,,,,,,,,,,,,,,,,,,,,,,,,,,,,,,,,,
2026-07-26,2026-07-26T20:00:00+01:00,1785092400,Super Liga,286,2026,1553817,NS,Macva,2637,FK Partizan,573,Serbia,NS,Not Started,,,,,,,,,,,,0.0,0.0,0.0,0.0,0.0,0.0,0.0,0.0,0.0,0.0,,,2026-07-26T10:02:42.151564+00:00,COVERAGE_UNKNOWN,,,,,,0,1.0,COVERAGE_NOT_LOADED,,,,,,,,,,,,,,,,,,,,,,,,,,,,,,,,,,,,,,,,,,,,,,,,,,,,,NONE,,,,,,,,,,,,,,,,,,,,,,,,,,,,,,,,,,,,,,,,,,,,,,,,,,,,,,,,,,,,,,,,,,,,,,,,,,,,,,,,,,,,,,,,,,,,,,,
2026-07-26,2026-07-26T20:00:00+01:00,1785092400,Friendlies Clubs,667,2026,1567751,NS,Sevilla,536,AD Ceuta FC,10139,World,NS,Not Started,,,,,,,,,,,,0.0,0.0,0.0,0.0,0.0,0.0,0.0,0.0,0.0,0.0,,,2026-07-26T10:02:42.151568+00:00,COVERAGE_UNKNOWN,,,,,,0,1.0,COVERAGE_NOT_LOADED,,,,,,,,,,,,,,,,,,,,,,,,,,,,,,,,,,,,,,,,,,,,,,,,,,,,,NONE,,,,,,,,,,,,,,,,,,,,,,,,,,,,,,,,,,,,,,,,,,,,,,,,,,,,,,,,,,,,,,,,,,,,,,,,,,,,,,,,,,,,,,,,,,,,,,,
2026-07-26,2026-07-26T20:00:00+01:00,1785092400,Serie D,76,2026,1589357,NS,CSA,150,São Luiz,10004,Brazil,NS,Not Started,,,,,,,,,,,,0.0,0.0,0.0,0.0,0.0,0.0,0.0,0.0,0.0,0.0,,,2026-07-26T10:02:42.151573+00:00,COVERAGE_UNKNOWN,,,,,,0,1.0,COVERAGE_NOT_LOADED,,,,,,,,,,,,,,,,,,,,,,,,,,,,,,,,,,,,,,,,,,,,,,,,,,,,,NONE,,,,,,,,,,,,,,,,,,,,,,,,,,,,,,,,,,,,,,,,,,,,,,,,,,,,,,,,,,,,,,,,,,,,,,,,,,,,,,,,,,,,,,,,,,,,,,,
2026-07-26,2026-07-26T20:00:00+01:00,1785092400,Serie D,76,2026,1589359,NS,Gama,1222,America-RN,2233,Brazil,NS,Not Started,,,,,,,,,,,,0.0,0.0,0.0,0.0,0.0,0.0,0.0,0.0,0.0,0.0,,,2026-07-26T10:02:42.151578+00:00,COVERAGE_UNKNOWN,,,,,,0,1.0,COVERAGE_NOT_LOADED,,,,,,,,,,,,,,,,,,,,,,,,,,,,,,,,,,,,,,,,,,,,,,,,,,,,,NONE,,,,,,,,,,,,,,,,,,,,,,,,,,,,,,,,,,,,,,,,,,,,,,,,,,,,,,,,,,,,,,,,,,,,,,,,,,,,,,,,,,,,,,,,,,,,,,,
2026-07-26,2026-07-26T20:00:00+01:00,1785092400,Segunda División,711,2026,1595452,NS,General Velásquez,5639,Trasandino,5646,Chile,NS,Not Started,,,,,,,,,,,,0.0,0.0,0.0,0.0,0.0,0.0,0.0,0.0,0.0,0.0,,,2026-07-26T10:02:42.151582+00:00,COVERAGE_UNKNOWN,,,,,,0,1.0,COVERAGE_NOT_LOADED,,,,,,,,,,,,,,,,,,,,,,,,,,,,,,,,,,,,,,,,,,,,,,,,,,,,,NONE,,,,,,,,,,,,,,,,,,,,,,,,,,,,,,,,,,,,,,,,,,,,,,,,,,,,,,,,,,,,,,,,,,,,,,,,,,,,,,,,,,,,,,,,,,,,,,,
2026-07-26,2026-07-26T20:00:00+01:00,1785092400,Segunda División,300,2026,1599175,NS,Bolívar,21231,Mineros de Guyana,2824,Venezuela,NS,Not Started,,,,,,,,,,,,0.0,0.0,0.0,0.0,0.0,0.0,0.0,0.0,0.0,0.0,,,2026-07-26T10:02:42.151587+00:00,COVERAGE_UNKNOWN,,,,,,0,1.0,COVERAGE_NOT_LOADED,,,,,,,,,,,,,,,,,,,,,,,,,,,,,,,,,,,,,,,,,,,,,,,,,,,,,NONE,,,,,,,,,,,,,,,,,,,,,,,,,,,,,,,,,,,,,,,,,,,,,,,,,,,,,,,,,,,,,,,,,,,,,,,,,,,,,,,,,,,,,,,,,,,,,,,
2026-07-26,2026-07-26T20:15:00+01:00,1785093300,Úrvalsdeild,164,2026,1508815,NS,Fram Reykjavik,2117,FH hafnarfjordur,270,Iceland,NS,Not Started,,,,,,,,,,,,0.0,0.0,0.0,0.0,0.0,0.0,0.0,0.0,0.0,0.0,,,2026-07-26T10:02:42.151591+00:00,COVERAGE_UNKNOWN,,,,,,0,1.0,COVERAGE_NOT_LOADED,,,,,,,,,,,,,,,,,,,,,,,,,,,,,,,,,,,,,,,,,,,,,,,,,,,,,NONE,,,,,,,,,,,,,,,,,,,,,,,,,,,,,,,,,,,,,,,,,,,,,,,,,,,,,,,,,,,,,,,,,,,,,,,,,,,,,,,,,,,,,,,,,,,,,,,
2026-07-26,2026-07-26T20:15:00+01:00,1785093300,Úrvalsdeild,164,2026,1508816,NS,IA Akranes,827,Stjarnan,275,Iceland,NS,Not Started,,,,,,,,,,,,0.0,0.0,0.0,0.0,0.0,0.0,0.0,0.0,0.0,0.0,,,2026-07-26T10:02:42.151596+00:00,COVERAGE_UNKNOWN,,,,,,0,1.0,COVERAGE_NOT_LOADED,,,,,,,,,,,,,,,,,,,,,,,,,,,,,,,,,,,,,,,,,,,,,,,,,,,,,NONE,,,,,,,,,,,,,,,,,,,,,,,,,,,,,,,,,,,,,,,,,,,,,,,,,,,,,,,,,,,,,,,,,,,,,,,,,,,,,,,,,,,,,,,,,,,,,,,
2026-07-26,2026-07-26T20:30:00+01:00,1785094200,Primera Nacional,129,2026,1498677,NS,Godoy Cruz,439,Central Norte,1951,Argentina,NS,Not Started,,,,,,,,,,,,0.0,0.0,0.0,0.0,0.0,0.0,0.0,0.0,0.0,0.0,,,2026-07-26T10:02:42.151601+00:00,COVERAGE_UNKNOWN,,,,,,0,1.0,COVERAGE_NOT_LOADED,,,,,,,,,,,,,,,,,,,,,,,,,,,,,,,,,,,,,,,,,,,,,,,,,,,,,NONE,,,,,,,,,,,,,,,,,,,,,,,,,,,,,,,,,,,,,,,,,,,,,,,,,,,,,,,,,,,,,,,,,,,,,,,,,,,,,,,,,,,,,,,,,,,,,,,
2026-07-26,2026-07-26T20:30:00+01:00,1785094200,Segunda División,300,2026,1599176,NS,Petare FC,2853,Aragua FC,2817,Venezuela,NS,Not Started,,,,,,,,,,,,0.0,0.0,0.0,0.0,0.0,0.0,0.0,0.0,0.0,0.0,,,2026-07-26T10:02:42.151605+00:00,COVERAGE_UNKNOWN,,,,,,0,1.0,COVERAGE_NOT_LOADED,,,,,,,,,,,,,,,,,,,,,,,,,,,,,,,,,,,,,,,,,,,,,,,,,,,,,NONE,,,,,,,,,,,,,,,,,,,,,,,,,,,,,,,,,,,,,,,,,,,,,,,,,,,,,,,,,,,,,,,,,,,,,,,,,,,,,,,,,,,,,,,,,,,,,,,
2026-07-26,2026-07-26T20:30:00+01:00,1785094200,CONCACAF Caribbean Club Shield,534,2026,1601382,NS,Inter Willemstad,14020,St. John's,23371,World,NS,Not Started,,,,,,,,,,,,0.0,0.0,0.0,0.0,0.0,0.0,0.0,0.0,0.0,0.0,,,2026-07-26T10:02:42.151610+00:00,COVERAGE_UNKNOWN,,,,,,0,1.0,COVERAGE_NOT_LOADED,,,,,,,,,,,,,,,,,,,,,,,,,,,,,,,,,,,,,,,,,,,,,,,,,,,,,NONE,,,,,,,,,,,,,,,,,,,,,,,,,,,,,,,,,,,,,,,,,,,,,,,,,,,,,,,,,,,,,,,,,,,,,,,,,,,,,,,,,,,,,,,,,,,,,,,
2026-07-26,2026-07-26T21:00:00+01:00,1785096000,MLS Next Pro,909,2026,1513243,NS,Portland Timbers II,4011,Real Monarchs,4012,USA,NS,Not Started,,,,,,,,,,,,0.0,0.0,0.0,0.0,0.0,0.0,0.0,0.0,0.0,0.0,,,2026-07-26T10:02:42.151615+00:00,COVERAGE_UNKNOWN,,,,,,0,1.0,COVERAGE_NOT_LOADED,,,,,,,,,,,,,,,,,,,,,,,,,,,,,,,,,,,,,,,,,,,,,,,,,,,,,NONE,,,,,,,,,,,,,,,,,,,,,,,,,,,,,,,,,,,,,,,,,,,,,,,,,,,,,,,,,,,,,,,,,,,,,,,,,,,,,,,,,,,,,,,,,,,,,,,
2026-07-26,2026-07-26T21:00:00+01:00,1785096000,Liga Femenina,712,2026,1525742,NS,Deportivo Pasto W,15724,Once Caldas W,25713,Colombia,NS,Not Started,,,,,,,,,,,,0.0,0.0,0.0,0.0,0.0,0.0,0.0,0.0,0.0,0.0,,,2026-07-26T10:02:42.151619+00:00,COVERAGE_UNKNOWN,,,,,,0,1.0,COVERAGE_NOT_LOADED,,,,,,,,,,,,,,,,,,,,,,,,,,,,,,,,,,,,,,,,,,,,,,,,,,,,,NONE,,,,,,,,,,,,,,,,,,,,,,,,,,,,,,,,,,,,,,,,,,,,,,,,,,,,,,,,,,,,,,,,,,,,,,,,,,,,,,,,,,,,,,,,,,,,,,,
2026-07-26,2026-07-26T21:00:00+01:00,1785096000,Northern Super League,1182,2026,1534069,NS,Vancouver Rise W,25901,Halifax Tides W,25898,Canada,NS,Not Started,,,,,,,,,,,,0.0,0.0,0.0,0.0,0.0,0.0,0.0,0.0,0.0,0.0,,,2026-07-26T10:02:42.151624+00:00,COVERAGE_UNKNOWN,,,,,,0,1.0,COVERAGE_NOT_LOADED,,,,,,,,,,,,,,,,,,,,,,,,,,,,,,,,,,,,,,,,,,,,,,,,,,,,,NONE,,,,,,,,,,,,,,,,,,,,,,,,,,,,,,,,,,,,,,,,,,,,,,,,,,,,,,,,,,,,,,,,,,,,,,,,,,,,,,,,,,,,,,,,,,,,,,,
2026-07-26,2026-07-26T21:00:00+01:00,1785096000,CONCACAF U20,537,2026,1544721,NS,Panama U20,10297,Canada U20,10992,World,NS,Not Started,,,,,,,,,,,,0.0,0.0,0.0,0.0,0.0,0.0,0.0,0.0,0.0,0.0,,,2026-07-26T10:02:42.151628+00:00,COVERAGE_UNKNOWN,,,,,,0,1.0,COVERAGE_NOT_LOADED,,,,,,,,,,,,,,,,,,,,,,,,,,,,,,,,,,,,,,,,,,,,,,,,,,,,,NONE,,,,,,,,,,,,,,,,,,,,,,,,,,,,,,,,,,,,,,,,,,,,,,,,,,,,,,,,,,,,,,,,,,,,,,,,,,,,,,,,,,,,,,,,,,,,,,,
2026-07-26,2026-07-26T21:00:00+01:00,1785096000,Serie D,76,2026,1589355,NS,ABC,754,Luverdense,752,Brazil,NS,Not Started,,,,,,,,,,,,0.0,0.0,0.0,0.0,0.0,0.0,0.0,0.0,0.0,0.0,,,2026-07-26T10:02:42.151633+00:00,COVERAGE_UNKNOWN,,,,,,0,1.0,COVERAGE_NOT_LOADED,,,,,,,,,,,,,,,,,,,,,,,,,,,,,,,,,,,,,,,,,,,,,,,,,,,,,NONE,,,,,,,,,,,,,,,,,,,,,,,,,,,,,,,,,,,,,,,,,,,,,,,,,,,,,,,,,,,,,,,,,,,,,,,,,,,,,,,,,,,,,,,,,,,,,,,
2026-07-26,2026-07-26T21:00:00+01:00,1785096000,Serie D,76,2026,1589356,NS,ASA,1207,Cianorte,1194,Brazil,NS,Not Started,,,,,,,,,,,,0.0,0.0,0.0,0.0,0.0,0.0,0.0,0.0,0.0,0.0,,,2026-07-26T10:02:42.151637+00:00,COVERAGE_UNKNOWN,,,,,,0,1.0,COVERAGE_NOT_LOADED,,,,,,,,,,,,,,,,,,,,,,,,,,,,,,,,,,,,,,,,,,,,,,,,,,,,,NONE,,,,,,,,,,,,,,,,,,,,,,,,,,,,,,,,,,,,,,,,,,,,,,,,,,,,,,,,,,,,,,,,,,,,,,,,,,,,,,,,,,,,,,,,,,,,,,,
2026-07-26,2026-07-26T21:00:00+01:00,1785096000,Serie D,76,2026,1589358,NS,Ferroviario,1195,Goiatuba EC,18296,Brazil,NS,Not Started,,,,,,,,,,,,0.0,0.0,0.0,0.0,0.0,0.0,0.0,0.0,0.0,0.0,,,2026-07-26T10:02:42.151642+00:00,COVERAGE_UNKNOWN,,,,,,0,1.0,COVERAGE_NOT_LOADED,,,,,,,,,,,,,,,,,,,,,,,,,,,,,,,,,,,,,,,,,,,,,,,,,,,,,NONE,,,,,,,,,,,,,,,,,,,,,,,,,,,,,,,,,,,,,,,,,,,,,,,,,,,,,,,,,,,,,,,,,,,,,,,,,,,,,,,,,,,,,,,,,,,,,,,
2026-07-26,2026-07-26T21:00:00+01:00,1785096000,Serie D,76,2026,1589362,NS,Treze,7787,Sao Jose,2232,Brazil,NS,Not Started,,,,,,,,,,,,0.0,0.0,0.0,0.0,0.0,0.0,0.0,0.0,0.0,0.0,,,2026-07-26T10:02:42.151647+00:00,COVERAGE_UNKNOWN,,,,,,0,1.0,COVERAGE_NOT_LOADED,,,,,,,,,,,,,,,,,,,,,,,,,,,,,,,,,,,,,,,,,,,,,,,,,,,,,NONE,,,,,,,,,,,,,,,,,,,,,,,,,,,,,,,,,,,,,,,,,,,,,,,,,,,,,,,,,,,,,,,,,,,,,,,,,,,,,,,,,,,,,,,,,,,,,,,
2026-07-26,2026-07-26T21:00:00+01:00,1785096000,Copa De La Liga,1232,2026,1589393,NS,ADT,10492,UCV Moquegua,22489,Peru,NS,Not Started,,,,,,,,,,,,0.0,0.0,0.0,0.0,0.0,0.0,0.0,0.0,0.0,0.0,,,2026-07-26T10:02:42.151651+00:00,COVERAGE_UNKNOWN,,,,,,0,1.0,COVERAGE_NOT_LOADED,,,,,,,,,,,,,,,,,,,,,,,,,,,,,,,,,,,,,,,,,,,,,,,,,,,,,NONE,,,,,,,,,,,,,,,,,,,,,,,,,,,,,,,,,,,,,,,,,,,,,,,,,,,,,,,,,,,,,,,,,,,,,,,,,,,,,,,,,,,,,,,,,,,,,,,
2026-07-26,2026-07-26T21:00:00+01:00,1785096000,Copa De La Liga,1232,2026,1589394,NS,Alianza Atletico,2560,UTC Cajamarca,2539,Peru,NS,Not Started,,,,,,,,,,,,0.0,0.0,0.0,0.0,0.0,0.0,0.0,0.0,0.0,0.0,,,2026-07-26T10:02:42.151656+00:00,COVERAGE_UNKNOWN,,,,,,0,1.0,COVERAGE_NOT_LOADED,,,,,,,,,,,,,,,,,,,,,,,,,,,,,,,,,,,,,,,,,,,,,,,,,,,,,NONE,,,,,,,,,,,,,,,,,,,,,,,,,,,,,,,,,,,,,,,,,,,,,,,,,,,,,,,,,,,,,,,,,,,,,,,,,,,,,,,,,,,,,,,,,,,,,,,
2026-07-26,2026-07-26T21:00:00+01:00,1785096000,Copa De La Liga,1232,2026,1589395,NS,Atletico Grau,2564,Sport Boys,2544,Peru,NS,Not Started,,,,,,,,,,,,0.0,0.0,0.0,0.0,0.0,0.0,0.0,0.0,0.0,0.0,,,2026-07-26T10:02:42.151660+00:00,COVERAGE_UNKNOWN,,,,,,0,1.0,COVERAGE_NOT_LOADED,,,,,,,,,,,,,,,,,,,,,,,,,,,,,,,,,,,,,,,,,,,,,,,,,,,,,NONE,,,,,,,,,,,,,,,,,,,,,,,,,,,,,,,,,,,,,,,,,,,,,,,,,,,,,,,,,,,,,,,,,,,,,,,,,,,,,,,,,,,,,,,,,,,,,,,
2026-07-26,2026-07-26T21:00:00+01:00,1785096000,Copa De La Liga,1232,2026,1589396,NS,Sporting Cristal,2546,Sport Huancayo,2555,Peru,NS,Not Started,,,,,,,,,,,,0.0,0.0,0.0,0.0,0.0,0.0,0.0,0.0,0.0,0.0,,,2026-07-26T10:02:42.151665+00:00,COVERAGE_UNKNOWN,,,,,,0,1.0,COVERAGE_NOT_LOADED,,,,,,,,,,,,,,,,,,,,,,,,,,,,,,,,,,,,,,,,,,,,,,,,,,,,,NONE,,,,,,,,,,,,,,,,,,,,,,,,,,,,,,,,,,,,,,,,,,,,,,,,,,,,,,,,,,,,,,,,,,,,,,,,,,,,,,,,,,,,,,,,,,,,,,,
2026-07-26,2026-07-26T21:00:00+01:00,1785096000,Segunda División,300,2026,1599177,NS,Dinamo de Puerto La Cruz,2858,Monagas II,11371,Venezuela,NS,Not Started,,,,,,,,,,,,0.0,0.0,0.0,0.0,0.0,0.0,0.0,0.0,0.0,0.0,,,2026-07-26T10:02:42.151670+00:00,COVERAGE_UNKNOWN,,,,,,0,1.0,COVERAGE_NOT_LOADED,,,,,,,,,,,,,,,,,,,,,,,,,,,,,,,,,,,,,,,,,,,,,,,,,,,,,NONE,,,,,,,,,,,,,,,,,,,,,,,,,,,,,,,,,,,,,,,,,,,,,,,,,,,,,,,,,,,,,,,,,,,,,,,,,,,,,,,,,,,,,,,,,,,,,,,
2026-07-26,2026-07-26T21:00:00+01:00,1785096000,Africa Cup of Nations - Women,922,2025,1600199,NS,Morocco W,14461,Kenya W,16934,World,NS,Not Started,,,,,,,,,,,,0.0,0.0,0.0,0.0,0.0,0.0,0.0,0.0,0.0,0.0,,,2026-07-26T10:02:42.151675+00:00,COVERAGE_UNKNOWN,,,,,,0,1.0,COVERAGE_NOT_LOADED,,,,,,,,,,,,,,,,,,,,,,,,,,,,,,,,,,,,,,,,,,,,,,,,,,,,,NONE,,,,,,,,,,,,,,,,,,,,,,,,,,,,,,,,,,,,,,,,,,,,,,,,,,,,,,,,,,,,,,,,,,,,,,,,,,,,,,,,,,,,,,,,,,,,,,,
2026-07-26,2026-07-26T21:00:00+01:00,1785096000,CONCACAF Caribbean Club Shield,534,2026,1603279,NS,Metropolitan,10968,North Leeward,28026,World,NS,Not Started,,,,,,,,,,,,0.0,0.0,0.0,0.0,0.0,0.0,0.0,0.0,0.0,0.0,,,2026-07-26T10:02:42.151679+00:00,COVERAGE_UNKNOWN,,,,,,0,1.0,COVERAGE_NOT_LOADED,,,,,,,,,,,,,,,,,,,,,,,,,,,,,,,,,,,,,,,,,,,,,,,,,,,,,NONE,,,,,,,,,,,,,,,,,,,,,,,,,,,,,,,,,,,,,,,,,,,,,,,,,,,,,,,,,,,,,,,,,,,,,,,,,,,,,,,,,,,,,,,,,,,,,,,
2026-07-26,2026-07-26T21:15:00+01:00,1785096900,Liga Profesional Argentina,128,2026,1493006,NS,Estudiantes L.P.,450,Independiente,453,Argentina,NS,Not Started,,,,,,,,,,,,0.0,0.0,0.0,0.0,0.0,0.0,0.0,0.0,0.0,0.0,,,2026-07-26T10:02:42.151684+00:00,COVERAGE_UNKNOWN,,,,,,0,1.0,COVERAGE_NOT_LOADED,,,,,,,,,,,,,,,,,,,,,,,,,,,,,,,,,,,,,,,,,,,,,,,,,,,,,NONE,,,,,,,,,,,,,,,,,,,,,,,,,,,,,,,,,,,,,,,,,,,,,,,,,,,,,,,,,,,,,,,,,,,,,,,,,,,,,,,,,,,,,,,,,,,,,,,
2026-07-26,2026-07-26T21:30:00+01:00,1785097800,Primera División,281,2026,1549421,NS,Comerciantes Unidos,2558,Alianza Lima,2553,Peru,NS,Not Started,,,,,,,,,,,,0.0,0.0,0.0,0.0,0.0,0.0,0.0,0.0,0.0,0.0,,,2026-07-26T10:02:42.151688+00:00,COVERAGE_UNKNOWN,,,,,,0,1.0,COVERAGE_NOT_LOADED,,,,,,,,,,,,,,,,,,,,,,,,,,,,,,,,,,,,,,,,,,,,,,,,,,,,,NONE,,,,,,,,,,,,,,,,,,,,,,,,,,,,,,,,,,,,,,,,,,,,,,,,,,,,,,,,,,,,,,,,,,,,,,,,,,,,,,,,,,,,,,,,,,,,,,,
2026-07-26,2026-07-26T21:30:00+01:00,1785097800,Segunda División,282,2026,1559531,NS,Deportiva Agropecuaria,22469,Molinos El Pirata,2556,Peru,NS,Not Started,,,,,,,,,,,,0.0,0.0,0.0,0.0,0.0,0.0,0.0,0.0,0.0,0.0,,,2026-07-26T10:02:42.151693+00:00,COVERAGE_UNKNOWN,,,,,,0,1.0,COVERAGE_NOT_LOADED,,,,,,,,,,,,,,,,,,,,,,,,,,,,,,,,,,,,,,,,,,,,,,,,,,,,,NONE,,,,,,,,,,,,,,,,,,,,,,,,,,,,,,,,,,,,,,,,,,,,,,,,,,,,,,,,,,,,,,,,,,,,,,,,,,,,,,,,,,,,,,,,,,,,,,,
2026-07-26,2026-07-26T21:45:00+01:00,1785098700,Liga Pro,242,2026,1519430,NS,Orense SC,1992,Independiente del Valle,1153,Ecuador,NS,Not Started,,,,,,,,,,,,0.0,0.0,0.0,0.0,0.0,0.0,0.0,0.0,0.0,0.0,,,2026-07-26T10:02:42.151698+00:00,COVERAGE_UNKNOWN,,,,,,0,1.0,COVERAGE_NOT_LOADED,,,,,,,,,,,,,,,,,,,,,,,,,,,,,,,,,,,,,,,,,,,,,,,,,,,,,NONE,,,,,,,,,,,,,,,,,,,,,,,,,,,,,,,,,,,,,,,,,,,,,,,,,,,,,,,,,,,,,,,,,,,,,,,,,,,,,,,,,,,,,,,,,,,,,,,
2026-07-26,2026-07-26T21:45:00+01:00,1785098700,COTIF Tournament,940,2026,1600196,NS,Valencia U20,19926,CD Castellon U19,28020,World,NS,Not Started,,,,,,,,,,,,0.0,0.0,0.0,0.0,0.0,0.0,0.0,0.0,0.0,0.0,,,2026-07-26T10:02:42.151702+00:00,COVERAGE_UNKNOWN,,,,,,0,1.0,COVERAGE_NOT_LOADED,,,,,,,,,,,,,,,,,,,,,,,,,,,,,,,,,,,,,,,,,,,,,,,,,,,,,NONE,,,,,,,,,,,,,,,,,,,,,,,,,,,,,,,,,,,,,,,,,,,,,,,,,,,,,,,,,,,,,,,,,,,,,,,,,,,,,,,,,,,,,,,,,,,,,,,
2026-07-26,2026-07-26T22:00:00+01:00,1785099600,Primera Nacional,129,2026,1498676,NS,Gimnasia Y Tiro,1928,Deportivo Maipu,1954,Argentina,NS,Not Started,,,,,,,,,,,,0.0,0.0,0.0,0.0,0.0,0.0,0.0,0.0,0.0,0.0,,,2026-07-26T10:02:42.151707+00:00,COVERAGE_UNKNOWN,,,,,,0,1.0,COVERAGE_NOT_LOADED,,,,,,,,,,,,,,,,,,,,,,,,,,,,,,,,,,,,,,,,,,,,,,,,,,,,,NONE,,,,,,,,,,,,,,,,,,,,,,,,,,,,,,,,,,,,,,,,,,,,,,,,,,,,,,,,,,,,,,,,,,,,,,,,,,,,,,,,,,,,,,,,,,,,,,,
2026-07-26,2026-07-26T22:00:00+01:00,1785099600,NWSL Women,254,2026,1508480,NS,San Diego Wave W,18451,Seattle Reign FC W,3002,USA,NS,Not Started,,,,,,,,,,,,0.0,0.0,0.0,0.0,0.0,0.0,0.0,0.0,0.0,0.0,,,2026-07-26T10:02:42.151712+00:00,COVERAGE_UNKNOWN,,,,,,0,1.0,COVERAGE_NOT_LOADED,,,,,,,,,,,,,,,,,,,,,,,,,,,,,,,,,,,,,,,,,,,,,,,,,,,,,NONE,,,,,,,,,,,,,,,,,,,,,,,,,,,,,,,,,,,,,,,,,,,,,,,,,,,,,,,,,,,,,,,,,,,,,,,,,,,,,,,,,,,,,,,,,,,,,,,
2026-07-26,2026-07-26T22:00:00+01:00,1785099600,Canadian Premier League,479,2026,1517316,NS,York United,2623,Forge,3830,Canada,NS,Not Started,,,,,,,,,,,,0.0,0.0,0.0,0.0,0.0,0.0,0.0,0.0,0.0,0.0,,,2026-07-26T10:02:42.151716+00:00,COVERAGE_UNKNOWN,,,,,,0,1.0,COVERAGE_NOT_LOADED,,,,,,,,,,,,,,,,,,,,,,,,,,,,,,,,,,,,,,,,,,,,,,,,,,,,,NONE,,,,,,,,,,,,,,,,,,,,,,,,,,,,,,,,,,,,,,,,,,,,,,,,,,,,,,,,,,,,,,,,,,,,,,,,,,,,,,,,,,,,,,,,,,,,,,,
2026-07-26,2026-07-26T22:00:00+01:00,1785099600,Primera B,240,2026,1549568,NS,Patriotas,1140,Internacional Palmira,23326,Colombia,NS,Not Started,,,,,,,,,,,,0.0,0.0,0.0,0.0,0.0,0.0,0.0,0.0,0.0,0.0,,,2026-07-26T10:02:42.151721+00:00,COVERAGE_UNKNOWN,,,,,,0,1.0,COVERAGE_NOT_LOADED,,,,,,,,,,,,,,,,,,,,,,,,,,,,,,,,,,,,,,,,,,,,,,,,,,,,,NONE,,,,,,,,,,,,,,,,,,,,,,,,,,,,,,,,,,,,,,,,,,,,,,,,,,,,,,,,,,,,,,,,,,,,,,,,,,,,,,,,,,,,,,,,,,,,,,,
2026-07-26,2026-07-26T22:00:00+01:00,1785099600,Liga Panameña de Fútbol,304,2026,1583720,NS,Herrera,15619,Union Cocle,27364,Panama,NS,Not Started,,,,,,,,,,,,0.0,0.0,0.0,0.0,0.0,0.0,0.0,0.0,0.0,0.0,,,2026-07-26T10:02:42.151726+00:00,COVERAGE_UNKNOWN,,,,,,0,1.0,COVERAGE_NOT_LOADED,,,,,,,,,,,,,,,,,,,,,,,,,,,,,,,,,,,,,,,,,,,,,,,,,,,,,NONE,,,,,,,,,,,,,,,,,,,,,,,,,,,,,,,,,,,,,,,,,,,,,,,,,,,,,,,,,,,,,,,,,,,,,,,,,,,,,,,,,,,,,,,,,,,,,,,
2026-07-26,2026-07-26T22:00:00+01:00,1785099600,Primera Division,396,2026,1586088,NS,H&H Export,17135,San Marcos,23311,Nicaragua,NS,Not Started,,,,,,,,,,,,0.0,0.0,0.0,0.0,0.0,0.0,0.0,0.0,0.0,0.0,,,2026-07-26T10:02:42.151731+00:00,COVERAGE_UNKNOWN,,,,,,0,1.0,COVERAGE_NOT_LOADED,,,,,,,,,,,,,,,,,,,,,,,,,,,,,,,,,,,,,,,,,,,,,,,,,,,,,NONE,,,,,,,,,,,,,,,,,,,,,,,,,,,,,,,,,,,,,,,,,,,,,,,,,,,,,,,,,,,,,,,,,,,,,,,,,,,,,,,,,,,,,,,,,,,,,,,
2026-07-26,2026-07-26T22:00:00+01:00,1785099600,Primera Division,370,2026,1599457,NS,Águila,4310,Firpo,4303,El-Salvador,NS,Not Started,,,,,,,,,,,,0.0,0.0,0.0,0.0,0.0,0.0,0.0,0.0,0.0,0.0,,,2026-07-26T10:02:42.151736+00:00,COVERAGE_UNKNOWN,,,,,,0,1.0,COVERAGE_NOT_LOADED,,,,,,,,,,,,,,,,,,,,,,,,,,,,,,,,,,,,,,,,,,,,,,,,,,,,,NONE,,,,,,,,,,,,,,,,,,,,,,,,,,,,,,,,,,,,,,,,,,,,,,,,,,,,,,,,,,,,,,,,,,,,,,,,,,,,,,,,,,,,,,,,,,,,,,,
2026-07-26,2026-07-26T22:00:00+01:00,1785099600,Primera Division,370,2026,1599458,NS,Fuerte San Francisco,22157,Platense,19763,El-Salvador,NS,Not Started,,,,,,,,,,,,0.0,0.0,0.0,0.0,0.0,0.0,0.0,0.0,0.0,0.0,,,2026-07-26T10:02:42.151740+00:00,COVERAGE_UNKNOWN,,,,,,0,1.0,COVERAGE_NOT_LOADED,,,,,,,,,,,,,,,,,,,,,,,,,,,,,,,,,,,,,,,,,,,,,,,,,,,,,NONE,,,,,,,,,,,,,,,,,,,,,,,,,,,,,,,,,,,,,,,,,,,,,,,,,,,,,,,,,,,,,,,,,,,,,,,,,,,,,,,,,,,,,,,,,,,,,,,
2026-07-26,2026-07-26T22:05:00+01:00,1785099900,Primera A,239,2026,1549683,NS,Águilas Doradas,1144,Santa Fe,1139,Colombia,NS,Not Started,,,,,,,,,,,,0.0,0.0,0.0,0.0,0.0,0.0,0.0,0.0,0.0,0.0,,,2026-07-26T10:02:42.151745+00:00,COVERAGE_UNKNOWN,,,,,,0,1.0,COVERAGE_NOT_LOADED,,,,,,,,,,,,,,,,,,,,,,,,,,,,,,,,,,,,,,,,,,,,,,,,,,,,,NONE,,,,,,,,,,,,,,,,,,,,,,,,,,,,,,,,,,,,,,,,,,,,,,,,,,,,,,,,,,,,,,,,,,,,,,,,,,,,,,,,,,,,,,,,,,,,,,,
2026-07-26,2026-07-26T22:15:00+01:00,1785100500,Primera División,344,2026,1545383,NS,Bolívar,3702,Real Potosí,3708,Bolivia,NS,Not Started,,,,,,,,,,,,0.0,0.0,0.0,0.0,0.0,0.0,0.0,0.0,0.0,0.0,,,2026-07-26T10:02:42.151749+00:00,COVERAGE_UNKNOWN,,,,,,0,1.0,COVERAGE_NOT_LOADED,,,,,,,,,,,,,,,,,,,,,,,,,,,,,,,,,,,,,,,,,,,,,,,,,,,,,NONE,,,,,,,,,,,,,,,,,,,,,,,,,,,,,,,,,,,,,,,,,,,,,,,,,,,,,,,,,,,,,,,,,,,,,,,,,,,,,,,,,,,,,,,,,,,,,,,
2026-07-26,2026-07-26T22:30:00+01:00,1785101400,Division Profesional - Clausura,252,2026,1489271,NS,Club Guarani,1174,Sportivo Luqueno,1183,Paraguay,NS,Not Started,,,,,,,,,,,,0.0,0.0,0.0,0.0,0.0,0.0,0.0,0.0,0.0,0.0,,,2026-07-26T10:02:42.151754+00:00,COVERAGE_UNKNOWN,,,,,,0,1.0,COVERAGE_NOT_LOADED,,,,,,,,,,,,,,,,,,,,,,,,,,,,,,,,,,,,,,,,,,,,,,,,,,,,,NONE,,,,,,,,,,,,,,,,,,,,,,,,,,,,,,,,,,,,,,,,,,,,,,,,,,,,,,,,,,,,,,,,,,,,,,,,,,,,,,,,,,,,,,,,,,,,,,,
2026-07-26,2026-07-26T22:30:00+01:00,1785101400,Serie A,71,2026,1492302,NS,RB Bragantino,794,Coritiba,147,Brazil,NS,Not Started,,,,,,,,,,,,0.0,0.0,0.0,0.0,0.0,0.0,0.0,0.0,0.0,0.0,12.0,6.0,2026-07-26T10:02:42.151759+00:00,COVERAGE_RICH,1.0,1.0,1.0,1.0,1.0,1,0.95,OFFICIAL_API,,8.0,8.0,1.625,0.875,2.125,0.875,1.25,1.375,0.75,0.625,0.125,0.25,0.625,0.5,0.75,0.75,0.625,0.25,2026.0,2026.0,TEAM_LAST_8_ALL_COMPETITIONS,5.0,5.0,1.0,1.0,15.4,11.0,6.6,3.8,52.4,4.6,4.2,12.2,2.8,1.0,2.0,5.0,5.0,1.0,1.0,9.0,17.8,2.8,5.8,38.0,3.0,5.8,13.0,2.4,1.0,1.6,FULL,2026-07-26T10:03:54.709974+00:00,12.0,6.0,1.0,1.0,11.2,4.8,FULL,FULL,HIGH,HIGH,FULL,2026-07-26T10:04:27.191948+00:00,0.0,0.0,,,,,,,,,,,,,,,,,,0.12,90.0,685.38,0.0,0.0,NONE,NONE,NONE,INACTIVE,2026-07-26T10:04:37.026194+00:00,5.0,30.0,6.0,19.0,26.0,20.0,0.5,10.0,26.0,-2.0,19.0,25.0,27.0,0.0,20.0,2026-07-26T10:04:42.961824+00:00,1.67,4.0,5.7,1.95,1.87,1.32,3.75,2.01,1.93,3.49,1.34,,,,,,13.0,166.0,5984.0,0.5988,0.25,0.1754,0.5128,0.5348,0.7576,0.2667,0.4975,0.5181,0.2865,0.7463,,,,,,2026-07-26T10:04:51.207108+00:00,OK
2026-07-26,2026-07-26T22:30:00+01:00,1785101400,Serie A,71,2026,1492304,NS,Flamengo,127,Sao Paulo,126,Brazil,NS,Not Started,,,,,,,,,,,,0.0,0.0,0.0,0.0,0.0,0.0,0.0,0.0,0.0,0.0,10.0,6.0,2026-07-26T10:02:42.151763+00:00,COVERAGE_RICH,1.0,1.0,1.0,1.0,1.0,1,0.95,OFFICIAL_API,,8.0,8.0,2.5,1.75,2.375,1.0,0.75,0.75,1.0,0.75,0.375,0.625,0.625,0.25,1.0,0.5,0.625,0.25,2026.0,2026.0,TEAM_LAST_8_ALL_COMPETITIONS,5.0,5.0,1.0,1.0,13.8,14.0,7.0,5.0,51.8,4.0,4.8,12.0,2.0,0.6,3.4,5.0,5.0,1.0,1.0,14.6,16.0,4.0,3.6,47.6,9.6,5.8,13.2,2.0,1.75,5.4,FULL,2026-07-26T10:03:44.302762+00:00,10.0,6.0,1.0,1.0,8.4,4.4,FULL,FULL,HIGH,HIGH,FULL,2026-07-26T10:04:25.994188+00:00,0.0,0.0,,,,,,,,,,,,,,,,,,0.12,90.0,685.4,0.0,0.0,NONE,NONE,NONE,INACTIVE,2026-07-26T10:04:35.821494+00:00,2.0,37.0,19.0,18.0,35.0,16.0,1.0,12.0,25.0,2.0,19.0,24.0,22.0,0.0,20.0,2026-07-26T10:04:42.953964+00:00,1.52,4.5,7.8,2.07,1.75,1.31,3.75,1.93,1.98,3.4,1.36,,,,,,13.0,166.0,5896.0,0.6579,0.2222,0.1282,0.4831,0.5714,0.7634,0.2667,0.5181,0.5051,0.2941,0.7353,,,,,,2026-07-26T10:04:50.010214+00:00,OK
2026-07-26,2026-07-26T22:30:00+01:00,1785101400,Serie A,71,2026,1492305,NS,Gremio,130,Fluminense,124,Brazil,NS,Not Started,,,,,,,,,,,,0.0,0.0,0.0,0.0,0.0,0.0,0.0,0.0,0.0,0.0,4.0,8.0,2026-07-26T10:02:42.151768+00:00,COVERAGE_RICH,1.0,1.0,1.0,1.0,1.0,1,0.95,OFFICIAL_API,,8.0,8.0,1.875,1.0,0.875,1.0,0.25,1.5,0.5,0.625,0.875,0.125,0.0,0.625,0.375,0.875,0.125,0.5,2026.0,2026.0,TEAM_LAST_8_ALL_COMPETITIONS,5.0,5.0,1.0,1.0,14.6,10.6,4.0,2.6,59.6,4.6,3.4,12.8,2.0,2.2,4.2,5.0,5.0,1.0,1.0,13.0,12.2,4.6,4.6,62.8,2.8,2.8,12.2,2.6,0.75,2.6,FULL,2026-07-26T10:03:48.308569+00:00,4.0,8.0,1.0,1.0,3.6,6.8,FULL,FULL,HIGH,HIGH,FULL,2026-07-26T10:04:26.399159+00:00,0.0,0.0,,,,,,,,,,,,,,,,,,0.12,90.0,685.4,0.0,0.0,NONE,NONE,NONE,INACTIVE,2026-07-26T10:04:36.229754+00:00,16.0,21.0,-4.0,19.0,21.0,25.0,0.5,4.0,32.0,5.0,19.0,29.0,24.0,0.5,20.0,2026-07-26T10:04:42.956536+00:00,2.78,3.35,2.7,1.76,2.1,1.34,3.75,2.05,1.88,3.7,1.33,,,,,,13.0,166.0,5966.0,0.3597,0.2985,0.3704,0.5682,0.4762,0.7463,0.2667,0.4878,0.5319,0.2703,0.7519,,,,,,2026-07-26T10:04:50.404397+00:00,OK
2026-07-26,2026-07-26T22:30:00+01:00,1785101400,Primera División,265,2026,1505467,NS,A. Italiano,2329,Universidad de Chile,2323,Chile,NS,Not Started,,,,,,,,,,,,0.0,0.0,0.0,0.0,0.0,0.0,0.0,0.0,0.0,0.0,,,2026-07-26T10:02:42.151772+00:00,COVERAGE_UNKNOWN,,,,,,0,1.0,COVERAGE_NOT_LOADED,,,,,,,,,,,,,,,,,,,,,,,,,,,,,,,,,,,,,,,,,,,,,,,,,,,,,NONE,,,,,,,,,,,,,,,,,,,,,,,,,,,,,,,,,,,,,,,,,,,,,,,,,,,,,,,,,,,,,,,,,,,,,,,,,,,,,,,,,,,,,,,,,,,,,,,
2026-07-26,2026-07-26T22:30:00+01:00,1785101400,Primera B,266,2026,1511622,NS,San Marcos de Arica,2345,Magallanes,2336,Chile,NS,Not Started,,,,,,,,,,,,0.0,0.0,0.0,0.0,0.0,0.0,0.0,0.0,0.0,0.0,,,2026-07-26T10:02:42.151777+00:00,COVERAGE_UNKNOWN,,,,,,0,1.0,COVERAGE_NOT_LOADED,,,,,,,,,,,,,,,,,,,,,,,,,,,,,,,,,,,,,,,,,,,,,,,,,,,,,NONE,,,,,,,,,,,,,,,,,,,,,,,,,,,,,,,,,,,,,,,,,,,,,,,,,,,,,,,,,,,,,,,,,,,,,,,,,,,,,,,,,,,,,,,,,,,,,,,
2026-07-26,2026-07-26T22:30:00+01:00,1785101400,Serie B,72,2026,1520790,NS,America Mineiro,125,Goias,151,Brazil,NS,Not Started,,,,,,,,,,,,0.0,0.0,0.0,0.0,0.0,0.0,0.0,0.0,0.0,0.0,,,2026-07-26T10:02:42.151782+00:00,COVERAGE_RICH,1.0,1.0,0.0,1.0,1.0,1,0.95,OFFICIAL_API,,,,,,,,,,,,,,,,,,,,,,,,,,,,,,,,,,,,,,,,,,,,,,,,,,,,,NONE,,,,,,,,,,,,,,,,,,,,,,,,,,,,,,,,,,,,,,,,,,,,,,,,,,,,,,,,,,,,,,,,,,,,,,,,,,,,,,,,,,,,,,,,,,,,,,,
2026-07-26,2026-07-26T22:30:00+01:00,1785101400,Serie B,72,2026,1520796,NS,Londrina,148,Novorizontino,7834,Brazil,NS,Not Started,,,,,,,,,,,,0.0,0.0,0.0,0.0,0.0,0.0,0.0,0.0,0.0,0.0,,,2026-07-26T10:02:42.151787+00:00,COVERAGE_RICH,1.0,1.0,0.0,1.0,1.0,1,0.95,OFFICIAL_API,,,,,,,,,,,,,,,,,,,,,,,,,,,,,,,,,,,,,,,,,,,,,,,,,,,,,NONE,,,,,,,,,,,,,,,,,,,,,,,,,,,,,,,,,,,,,,,,,,,,,,,,,,,,,,,,,,,,,,,,,,,,,,,,,,,,,,,,,,,,,,,,,,,,,,,
2026-07-26,2026-07-26T22:30:00+01:00,1785101400,Serie C,75,2026,1526902,NS,Caxias,7770,Botafogo PB,1197,Brazil,NS,Not Started,,,,,,,,,,,,0.0,0.0,0.0,0.0,0.0,0.0,0.0,0.0,0.0,0.0,,,2026-07-26T10:02:42.151791+00:00,COVERAGE_PARTIAL,1.0,0.0,0.0,1.0,1.0,0,0.7,OFFICIAL_API,,,,,,,,,,,,,,,,,,,,,,,,,,,,,,,,,,,,,,,,,,,,,,,,,,,,,NONE,,,,,,,,,,,,,,,,,,,,,,,,,,,,,,,,,,,,,,,,,,,,,,,,,,,,,,,,,,,,,,,,,,,,,,,,,,,,,,,,,,,,,,,,,,,,,,,
2026-07-26,2026-07-26T23:00:00+01:00,1785103200,Primera Nacional,129,2026,1498680,NS,Quilmes,480,Colegiales,8377,Argentina,NS,Not Started,,,,,,,,,,,,0.0,0.0,0.0,0.0,0.0,0.0,0.0,0.0,0.0,0.0,,,2026-07-26T10:02:42.151796+00:00,COVERAGE_UNKNOWN,,,,,,0,1.0,COVERAGE_NOT_LOADED,,,,,,,,,,,,,,,,,,,,,,,,,,,,,,,,,,,,,,,,,,,,,,,,,,,,,NONE,,,,,,,,,,,,,,,,,,,,,,,,,,,,,,,,,,,,,,,,,,,,,,,,,,,,,,,,,,,,,,,,,,,,,,,,,,,,,,,,,,,,,,,,,,,,,,,
2026-07-26,2026-07-26T23:00:00+01:00,1785103200,MLS Next Pro,909,2026,1513245,NS,Connecticut FC,27420,Columbus Crew II,18811,USA,NS,Not Started,,,,,,,,,,,,0.0,0.0,0.0,0.0,0.0,0.0,0.0,0.0,0.0,0.0,,,2026-07-26T10:02:42.151800+00:00,COVERAGE_UNKNOWN,,,,,,0,1.0,COVERAGE_NOT_LOADED,,,,,,,,,,,,,,,,,,,,,,,,,,,,,,,,,,,,,,,,,,,,,,,,,,,,,NONE,,,,,,,,,,,,,,,,,,,,,,,,,,,,,,,,,,,,,,,,,,,,,,,,,,,,,,,,,,,,,,,,,,,,,,,,,,,,,,,,,,,,,,,,,,,,,,,
2026-07-26,2026-07-26T23:00:00+01:00,1785103200,Primera B,240,2026,1549567,NS,Orsomarso,1469,Barranquilla,1466,Colombia,NS,Not Started,,,,,,,,,,,,0.0,0.0,0.0,0.0,0.0,0.0,0.0,0.0,0.0,0.0,,,2026-07-26T10:02:42.151805+00:00,COVERAGE_UNKNOWN,,,,,,0,1.0,COVERAGE_NOT_LOADED,,,,,,,,,,,,,,,,,,,,,,,,,,,,,,,,,,,,,,,,,,,,,,,,,,,,,NONE,,,,,,,,,,,,,,,,,,,,,,,,,,,,,,,,,,,,,,,,,,,,,,,,,,,,,,,,,,,,,,,,,,,,,,,,,,,,,,,,,,,,,,,,,,,,,,,
2026-07-26,2026-07-26T23:00:00+01:00,1785103200,CONCACAF Caribbean Club Shield,534,2026,1603280,NS,Delfines Del Este,16139,Elite,28024,World,NS,Not Started,,,,,,,,,,,,0.0,0.0,0.0,0.0,0.0,0.0,0.0,0.0,0.0,0.0,,,2026-07-26T10:02:42.151814+00:00,COVERAGE_UNKNOWN,,,,,,0,1.0,COVERAGE_NOT_LOADED,,,,,,,,,,,,,,,,,,,,,,,,,,,,,,,,,,,,,,,,,,,,,,,,,,,,,NONE,,,,,,,,,,,,,,,,,,,,,,,,,,,,,,,,,,,,,,,,,,,,,,,,,,,,,,,,,,,,,,,,,,,,,,,,,,,,,,,,,,,,,,,,,,,,,,,
2026-07-26,2026-07-26T23:30:00+01:00,1785105000,Serie A,71,2026,1492306,NS,Palmeiras,121,Atletico-MG,1062,Brazil,NS,Not Started,,,,,,,,,,,,0.0,0.0,0.0,0.0,0.0,0.0,0.0,0.0,0.0,0.0,8.0,12.0,2026-07-26T10:02:42.151819+00:00,COVERAGE_RICH,1.0,1.0,1.0,1.0,1.0,1,0.95,OFFICIAL_API,,8.0,8.0,2.25,1.25,1.375,1.125,0.375,1.625,0.875,0.5,0.625,0.0,0.375,0.5,0.625,0.75,0.25,0.625,2026.0,2026.0,TEAM_LAST_8_ALL_COMPETITIONS,5.0,5.0,1.0,1.0,19.4,12.8,4.6,3.4,57.4,8.0,4.8,12.8,1.4,2.2,6.6,5.0,5.0,1.0,1.0,12.2,13.6,5.6,4.8,47.2,5.2,3.8,10.6,2.8,2.25,3.2,FULL,2026-07-26T10:03:51.503600+00:00,8.0,12.0,1.0,1.0,6.8,10.0,FULL,FULL,HIGH,HIGH,FULL,2026-07-26T10:04:26.792492+00:00,0.0,0.0,,,,,,,,,,,,,,,,,,0.12,90.0,745.39,0.0,0.0,NONE,NONE,NONE,INACTIVE,2026-07-26T10:04:36.625840+00:00,1.0,44.0,19.0,19.0,33.0,14.0,1.0,13.0,25.0,-1.0,19.0,23.0,24.0,0.0,20.0,2026-07-26T10:04:42.959292+00:00,1.7,3.8,6.06,1.96,1.9,1.33,3.5,2.04,1.87,3.6,1.33,,,,,,13.0,167.0,5692.0,0.5882,0.2632,0.165,0.5102,0.5263,0.7519,0.2857,0.4902,0.5348,0.2778,0.7519,,,,,,2026-07-26T10:04:50.787171+00:00,OK
2026-07-26,2026-07-26T23:30:00+01:00,1785105000,Serie A,71,2026,1492307,NS,Remo,1198,Vitoria,136,Brazil,NS,Not Started,,,,,,,,,,,,0.0,0.0,0.0,0.0,0.0,0.0,0.0,0.0,0.0,0.0,8.0,20.0,2026-07-26T10:02:42.151823+00:00,COVERAGE_RICH,1.0,1.0,1.0,1.0,1.0,1,0.95,OFFICIAL_API,,8.0,8.0,1.625,1.75,1.5,1.75,1.375,1.125,0.875,0.875,0.125,0.375,0.75,0.625,0.75,0.75,0.625,0.625,2026.0,2026.0,TEAM_LAST_8_ALL_COMPETITIONS,5.0,4.0,0.8,1.0,11.75,12.5,4.5,6.25,42.5,3.25,5.25,11.5,1.0,1.5,3.25,5.0,3.0,0.6,1.0,7.667,16.0,3.667,7.333,46.333,2.333,4.667,11.0,2.667,3.0,1.667,PARTIAL,2026-07-26T10:03:56.707485+00:00,8.0,20.0,1.0,1.0,5.2,15.2,FULL,FULL,HIGH,HIGH,FULL,2026-07-26T10:04:27.587996+00:00,0.0,0.0,,,,,,,,,,,,,,,,,,0.12,90.0,745.38,0.0,0.0,NONE,NONE,NONE,INACTIVE,2026-07-26T10:04:37.424900+00:00,19.0,18.0,-11.0,19.0,21.0,32.0,1.0,11.0,26.0,-3.0,19.0,22.0,25.0,0.0,20.0,2026-07-26T10:04:42.964405+00:00,2.23,3.5,3.47,1.87,1.95,1.37,3.44,2.1,1.83,3.75,1.3,,,,,,13.0,166.0,5819.0,0.4484,0.2857,0.2882,0.5348,0.5128,0.7299,0.2907,0.4762,0.5464,0.2667,0.7692,,,,,,2026-07-26T10:04:51.602729+00:00,OK
2026-07-26,2026-07-26T23:30:00+01:00,1785105000,Liga Profesional Argentina,128,2026,1493005,NS,Deportivo Riestra,476,Boca Juniors,451,Argentina,NS,Not Started,,,,,,,,,,,,0.0,0.0,0.0,0.0,0.0,0.0,0.0,0.0,0.0,0.0,,,2026-07-26T10:02:42.151828+00:00,COVERAGE_UNKNOWN,,,,,,0,1.0,COVERAGE_NOT_LOADED,,,,,,,,,,,,,,,,,,,,,,,,,,,,,,,,,,,,,,,,,,,,,,,,,,,,,NONE,,,,,,,,,,,,,,,,,,,,,,,,,,,,,,,,,,,,,,,,,,,,,,,,,,,,,,,,,,,,,,,,,,,,,,,,,,,,,,,,,,,,,,,,,,,,,,,
2026-07-26,2026-07-26T23:30:00+01:00,1785105000,Segunda División,269,2026,1584336,NS,Miramar,2373,La Luz,18295,Uruguay,NS,Not Started,,,,,,,,,,,,0.0,0.0,0.0,0.0,0.0,0.0,0.0,0.0,0.0,0.0,,,2026-07-26T10:02:42.151832+00:00,COVERAGE_UNKNOWN,,,,,,0,1.0,COVERAGE_NOT_LOADED,,,,,,,,,,,,,,,,,,,,,,,,,,,,,,,,,,,,,,,,,,,,,,,,,,,,,NONE,,,,,,,,,,,,,,,,,,,,,,,,,,,,,,,,,,,,,,,,,,,,,,,,,,,,,,,,,,,,,,,,,,,,,,,,,,,,,,,,,,,,,,,,,,,,,,,
