target_date,generated_at,fixture_id,home_team,away_team,league,promotion_status,gap_status,gap_stage,scored_row_found,scored_row_status,gap_reason,recommended_fix,allowed_downstream_use,auto_apply,production_change
2026-07-26,2026-07-26T23:30:46+01:00,1492307,Remo,Vitoria,,PROMOTED_TO_SCORING_INPUT,PROMOTED,SCORING_ALLOWED,true,SCORED_AVAILABLE,raw candidate was promoted to normal scoring flow,"Proceed through normal scoring, translator, board and prelock gates.",SCORING_ALLOWED_WITH_NORMAL_GATES,NO,NO
2026-07-26,2026-07-26T23:30:46+01:00,1494219,Gais,Halmstad,Allsvenskan,PROMOTED_TO_SCORING_INPUT,PROMOTED,SCORING_ALLOWED,true,SCORED_AVAILABLE,raw candidate was promoted to normal scoring flow,"Proceed through normal scoring, translator, board and prelock gates.",SCORING_ALLOWED_WITH_NORMAL_GATES,NO,NO
2026-07-26,2026-07-26T23:30:46+01:00,1494217,IF Brommapojkarna,Hammarby FF,Allsvenskan,PROMOTED_TO_SCORING_INPUT,PROMOTED,SCORING_ALLOWED,true,SCORED_AVAILABLE,raw candidate was promoted to normal scoring flow,"Proceed through normal scoring, translator, board and prelock gates.",SCORING_ALLOWED_WITH_NORMAL_GATES,NO,NO
2026-07-26,2026-07-26T23:30:46+01:00,1494222,Malmo FF,IF Elfsborg,Allsvenskan,PROMOTED_TO_SCORING_INPUT,PROMOTED,SCORING_ALLOWED,true,SCORED_AVAILABLE,raw candidate was promoted to normal scoring flow,"Proceed through normal scoring, translator, board and prelock gates.",SCORING_ALLOWED_WITH_NORMAL_GATES,NO,NO
2026-07-26,2026-07-26T23:30:46+01:00,1494223,Sirius,IFK Goteborg,Allsvenskan,PROMOTED_TO_SCORING_INPUT,PROMOTED,SCORING_ALLOWED,true,SCORED_AVAILABLE,raw candidate was promoted to normal scoring flow,"Proceed through normal scoring, translator, board and prelock gates.",SCORING_ALLOWED_WITH_NORMAL_GATES,NO,NO
2026-07-26,2026-07-26T23:30:46+01:00,1494709,Aalesund,Viking,Eliteserien,PROMOTED_TO_SCORING_INPUT,PROMOTED,SCORING_ALLOWED,true,SCORED_AVAILABLE,raw candidate was promoted to normal scoring flow,"Proceed through normal scoring, translator, board and prelock gates.",SCORING_ALLOWED_WITH_NORMAL_GATES,NO,NO
2026-07-26,2026-07-26T23:30:46+01:00,1494710,Brann,Valerenga,Eliteserien,PROMOTED_TO_SCORING_INPUT,PROMOTED,SCORING_ALLOWED,true,SCORED_AVAILABLE,raw candidate was promoted to normal scoring flow,"Proceed through normal scoring, translator, board and prelock gates.",SCORING_ALLOWED_WITH_NORMAL_GATES,NO,NO
2026-07-26,2026-07-26T23:30:46+01:00,1494711,KFUM Oslo,Molde,Eliteserien,PROMOTED_TO_SCORING_INPUT,PROMOTED,SCORING_ALLOWED,true,SCORED_AVAILABLE,raw candidate was promoted to normal scoring flow,"Proceed through normal scoring, translator, board and prelock gates.",SCORING_ALLOWED_WITH_NORMAL_GATES,NO,NO
2026-07-26,2026-07-26T23:30:46+01:00,1494714,Sandefjord,Bodo/Glimt,Eliteserien,PROMOTED_TO_SCORING_INPUT,PROMOTED,SCORING_ALLOWED,true,SCORED_AVAILABLE,raw candidate was promoted to normal scoring flow,"Proceed through normal scoring, translator, board and prelock gates.",SCORING_ALLOWED_WITH_NORMAL_GATES,NO,NO
2026-07-26,2026-07-26T23:30:46+01:00,1494715,Sarpsborg 08 FF,Ham-Kam,Eliteserien,PROMOTED_TO_SCORING_INPUT,PROMOTED,SCORING_ALLOWED,true,SCORED_AVAILABLE,raw candidate was promoted to normal scoring flow,"Proceed through normal scoring, translator, board and prelock gates.",SCORING_ALLOWED_WITH_NORMAL_GATES,NO,NO
2026-07-26,2026-07-26T23:30:46+01:00,1507012,FC Anyang,Gangwon FC,K League 1,PROMOTED_TO_SCORING_INPUT,PROMOTED,SCORING_ALLOWED,true,SCORED_AVAILABLE,raw candidate was promoted to normal scoring flow,"Proceed through normal scoring, translator, board and prelock gates.",SCORING_ALLOWED_WITH_NORMAL_GATES,NO,NO
2026-07-26,2026-07-26T23:30:46+01:00,1507015,FC Seoul,Ulsan Hyundai FC,K League 1,PROMOTED_TO_SCORING_INPUT,PROMOTED,SCORING_ALLOWED,true,SCORED_AVAILABLE,raw candidate was promoted to normal scoring flow,"Proceed through normal scoring, translator, board and prelock gates.",SCORING_ALLOWED_WITH_NORMAL_GATES,NO,NO
2026-07-26,2026-07-26T23:30:46+01:00,1507013,Gwangju FC,Jeju United FC,K League 1,PROMOTED_TO_SCORING_INPUT,PROMOTED,SCORING_ALLOWED,true,SCORED_AVAILABLE,raw candidate was promoted to normal scoring flow,"Proceed through normal scoring, translator, board and prelock gates.",SCORING_ALLOWED_WITH_NORMAL_GATES,NO,NO
2026-07-26,2026-07-26T23:30:46+01:00,1507014,Incheon United,Bucheon FC 1995,K League 1,PROMOTED_TO_SCORING_INPUT,PROMOTED,SCORING_ALLOWED,true,SCORED_AVAILABLE,raw candidate was promoted to normal scoring flow,"Proceed through normal scoring, translator, board and prelock gates.",SCORING_ALLOWED_WITH_NORMAL_GATES,NO,NO
2026-07-26,2026-07-26T23:30:46+01:00,1492301,Bahia,Corinthians,Serie A,PROMOTED_TO_SCORING_INPUT,PROMOTED,SCORING_ALLOWED,true,SCORED_AVAILABLE,raw candidate was promoted to normal scoring flow,"Proceed through normal scoring, translator, board and prelock gates.",SCORING_ALLOWED_WITH_NORMAL_GATES,NO,NO
2026-07-26,2026-07-26T23:30:46+01:00,1492303,Cruzeiro,Botafogo,Serie A,PROMOTED_TO_SCORING_INPUT,PROMOTED,SCORING_ALLOWED,true,SCORED_AVAILABLE,raw candidate was promoted to normal scoring flow,"Proceed through normal scoring, translator, board and prelock gates.",SCORING_ALLOWED_WITH_NORMAL_GATES,NO,NO
2026-07-26,2026-07-26T23:30:46+01:00,1492304,Flamengo,Sao Paulo,Serie A,PROMOTED_TO_SCORING_INPUT,PROMOTED,SCORING_ALLOWED,true,SCORED_AVAILABLE,raw candidate was promoted to normal scoring flow,"Proceed through normal scoring, translator, board and prelock gates.",SCORING_ALLOWED_WITH_NORMAL_GATES,NO,NO
2026-07-26,2026-07-26T23:30:46+01:00,1492305,Gremio,Fluminense,Serie A,PROMOTED_TO_SCORING_INPUT,PROMOTED,SCORING_ALLOWED,true,SCORED_AVAILABLE,raw candidate was promoted to normal scoring flow,"Proceed through normal scoring, translator, board and prelock gates.",SCORING_ALLOWED_WITH_NORMAL_GATES,NO,NO
2026-07-26,2026-07-26T23:30:46+01:00,1492306,Palmeiras,Atletico-MG,Serie A,PROMOTED_TO_SCORING_INPUT,PROMOTED,SCORING_ALLOWED,true,SCORED_AVAILABLE,raw candidate was promoted to normal scoring flow,"Proceed through normal scoring, translator, board and prelock gates.",SCORING_ALLOWED_WITH_NORMAL_GATES,NO,NO
2026-07-26,2026-07-26T23:30:46+01:00,1492302,RB Bragantino,Coritiba,Serie A,PROMOTED_TO_SCORING_INPUT,PROMOTED,SCORING_ALLOWED,true,SCORED_AVAILABLE,raw candidate was promoted to normal scoring flow,"Proceed through normal scoring, translator, board and prelock gates.",SCORING_ALLOWED_WITH_NORMAL_GATES,NO,NO
2026-07-26,2026-07-26T23:30:46+01:00,1555350,BSC Young Boys,FC Sion,Super League,PROMOTED_TO_SCORING_INPUT,PROMOTED,SCORING_ALLOWED,true,SCORED_AVAILABLE,raw candidate was promoted to normal scoring flow,"Proceed through normal scoring, translator, board and prelock gates.",SCORING_ALLOWED_WITH_NORMAL_GATES,NO,NO
2026-07-26,2026-07-26T23:30:46+01:00,1555351,FC Lugano,FC Vaduz,Super League,PROMOTED_TO_SCORING_INPUT,PROMOTED,SCORING_ALLOWED,true,SCORED_AVAILABLE,raw candidate was promoted to normal scoring flow,"Proceed through normal scoring, translator, board and prelock gates.",SCORING_ALLOWED_WITH_NORMAL_GATES,NO,NO
2026-07-26,2026-07-26T23:30:46+01:00,1555352,FC ST. Gallen,FC Zurich,Super League,PROMOTED_TO_SCORING_INPUT,PROMOTED,SCORING_ALLOWED,true,SCORED_AVAILABLE,raw candidate was promoted to normal scoring flow,"Proceed through normal scoring, translator, board and prelock gates.",SCORING_ALLOWED_WITH_NORMAL_GATES,NO,NO
2026-07-26,2026-07-26T23:30:46+01:00,1548978,AC Horsens,FC Nordsjaelland,Superliga,PROMOTED_TO_SCORING_INPUT,PROMOTED,SCORING_ALLOWED,true,SCORED_AVAILABLE,raw candidate was promoted to normal scoring flow,"Proceed through normal scoring, translator, board and prelock gates.",SCORING_ALLOWED_WITH_NORMAL_GATES,NO,NO
2026-07-26,2026-07-26T23:30:46+01:00,1548979,FC Copenhagen,Lyngby,Superliga,PROMOTED_TO_SCORING_INPUT,PROMOTED,SCORING_ALLOWED,true,SCORED_AVAILABLE,raw candidate was promoted to normal scoring flow,"Proceed through normal scoring, translator, board and prelock gates.",SCORING_ALLOWED_WITH_NORMAL_GATES,NO,NO
2026-07-26,2026-07-26T23:30:46+01:00,1548976,Sonderjyske,FC Midtjylland,Superliga,PROMOTED_TO_SCORING_INPUT,PROMOTED,SCORING_ALLOWED,true,SCORED_AVAILABLE,raw candidate was promoted to normal scoring flow,"Proceed through normal scoring, translator, board and prelock gates.",SCORING_ALLOWED_WITH_NORMAL_GATES,NO,NO
2026-07-26,2026-07-26T23:30:46+01:00,1547595,TransINVEST Vilnius,Džiugas Telšiai,A Lyga,TRUSTED_SOURCE_BUT_NO_DATA_BLOCKED,SCORED_ROW_NO_DATA_BLOCKED,SCORING_ENRICHMENT_BLOCKED,true,NO_DATA_BLOCKED,matching scored row exists but is NO_DATA_BLOCKED,Repair enrichment inputs for stats/odds/standings/coverage; do not promote until non-blocked.,NO_PROMOTION_NO_BET,NO,NO
2026-07-26,2026-07-26T23:30:46+01:00,1520790,America Mineiro,Goias,Serie B,TRUSTED_SOURCE_BUT_NO_DATA_BLOCKED,SCORED_ROW_NO_DATA_BLOCKED,SCORING_ENRICHMENT_BLOCKED,true,NO_DATA_BLOCKED,matching scored row exists but is NO_DATA_BLOCKED,Repair enrichment inputs for stats/odds/standings/coverage; do not promote until non-blocked.,NO_PROMOTION_NO_BET,NO,NO
2026-07-26,2026-07-26T23:30:46+01:00,1520793,Criciuma,Nautico Recife,Serie B,TRUSTED_SOURCE_BUT_NO_DATA_BLOCKED,SCORED_ROW_NO_DATA_BLOCKED,SCORING_ENRICHMENT_BLOCKED,true,NO_DATA_BLOCKED,matching scored row exists but is NO_DATA_BLOCKED,Repair enrichment inputs for stats/odds/standings/coverage; do not promote until non-blocked.,NO_PROMOTION_NO_BET,NO,NO
2026-07-26,2026-07-26T23:30:46+01:00,1520796,Londrina,Novorizontino,Serie B,TRUSTED_SOURCE_BUT_NO_DATA_BLOCKED,SCORED_ROW_NO_DATA_BLOCKED,SCORING_ENRICHMENT_BLOCKED,true,NO_DATA_BLOCKED,matching scored row exists but is NO_DATA_BLOCKED,Repair enrichment inputs for stats/odds/standings/coverage; do not promote until non-blocked.,NO_PROMOTION_NO_BET,NO,NO
2026-07-26,2026-07-26T23:30:46+01:00,1520798,São Bernardo,Ceara,Serie B,TRUSTED_SOURCE_BUT_NO_DATA_BLOCKED,SCORED_ROW_NO_DATA_BLOCKED,SCORING_ENRICHMENT_BLOCKED,true,NO_DATA_BLOCKED,matching scored row exists but is NO_DATA_BLOCKED,Repair enrichment inputs for stats/odds/standings/coverage; do not promote until non-blocked.,NO_PROMOTION_NO_BET,NO,NO
2026-07-26,2026-07-26T23:30:46+01:00,1526896,Brusque,Ituano,Serie C,TRUSTED_SOURCE_BUT_NO_DATA_BLOCKED,SCORED_ROW_NO_DATA_BLOCKED,SCORING_ENRICHMENT_BLOCKED,true,NO_DATA_BLOCKED,matching scored row exists but is NO_DATA_BLOCKED,Repair enrichment inputs for stats/odds/standings/coverage; do not promote until non-blocked.,NO_PROMOTION_NO_BET,NO,NO
2026-07-26,2026-07-26T23:30:46+01:00,1526902,Caxias,Botafogo PB,Serie C,TRUSTED_SOURCE_BUT_NO_DATA_BLOCKED,SCORED_ROW_NO_DATA_BLOCKED,SCORING_ENRICHMENT_BLOCKED,true,NO_DATA_BLOCKED,matching scored row exists but is NO_DATA_BLOCKED,Repair enrichment inputs for stats/odds/standings/coverage; do not promote until non-blocked.,NO_PROMOTION_NO_BET,NO,NO
2026-07-26,2026-07-26T23:30:46+01:00,1526904,Ypiranga-RS,Barra,Serie C,TRUSTED_SOURCE_BUT_NO_DATA_BLOCKED,SCORED_ROW_NO_DATA_BLOCKED,SCORING_ENRICHMENT_BLOCKED,true,NO_DATA_BLOCKED,matching scored row exists but is NO_DATA_BLOCKED,Repair enrichment inputs for stats/odds/standings/coverage; do not promote until non-blocked.,NO_PROMOTION_NO_BET,NO,NO
2026-07-26,2026-07-26T23:30:46+01:00,1551515,Dukla Banská Bystrica,Slovan Bratislava,Super Liga,TRUSTED_SOURCE_BUT_NO_DATA_BLOCKED,SCORED_ROW_NO_DATA_BLOCKED,SCORING_ENRICHMENT_BLOCKED,true,NO_DATA_BLOCKED,matching scored row exists but is NO_DATA_BLOCKED,Repair enrichment inputs for stats/odds/standings/coverage; do not promote until non-blocked.,NO_PROMOTION_NO_BET,NO,NO
2026-07-26,2026-07-26T23:30:46+01:00,1551517,Ružomberok,Dunajska Streda,Super Liga,TRUSTED_SOURCE_BUT_NO_DATA_BLOCKED,SCORED_ROW_NO_DATA_BLOCKED,SCORING_ENRICHMENT_BLOCKED,true,NO_DATA_BLOCKED,matching scored row exists but is NO_DATA_BLOCKED,Repair enrichment inputs for stats/odds/standings/coverage; do not promote until non-blocked.,NO_PROMOTION_NO_BET,NO,NO
2026-07-26,2026-07-26T23:30:46+01:00,1551520,Žilina,FK Košice,Super Liga,TRUSTED_SOURCE_BUT_NO_DATA_BLOCKED,SCORED_ROW_NO_DATA_BLOCKED,SCORING_ENRICHMENT_BLOCKED,true,NO_DATA_BLOCKED,matching scored row exists but is NO_DATA_BLOCKED,Repair enrichment inputs for stats/odds/standings/coverage; do not promote until non-blocked.,NO_PROMOTION_NO_BET,NO,NO
2026-07-26,2026-07-26T23:30:46+01:00,1495744,HJK Helsinki,Turku PS,Veikkausliiga,TRUSTED_SOURCE_BUT_NO_DATA_BLOCKED,SCORED_ROW_NO_DATA_BLOCKED,SCORING_ENRICHMENT_BLOCKED,true,NO_DATA_BLOCKED,matching scored row exists but is NO_DATA_BLOCKED,Repair enrichment inputs for stats/odds/standings/coverage; do not promote until non-blocked.,NO_PROMOTION_NO_BET,NO,NO
2026-07-26,2026-07-26T23:30:46+01:00,1495742,Ilves,Lahti,Veikkausliiga,TRUSTED_SOURCE_BUT_NO_DATA_BLOCKED,SCORED_ROW_NO_DATA_BLOCKED,SCORING_ENRICHMENT_BLOCKED,true,NO_DATA_BLOCKED,matching scored row exists but is NO_DATA_BLOCKED,Repair enrichment inputs for stats/odds/standings/coverage; do not promote until non-blocked.,NO_PROMOTION_NO_BET,NO,NO
2026-07-26,2026-07-26T23:30:46+01:00,1495743,Inter Turku,Gnistan,Veikkausliiga,TRUSTED_SOURCE_BUT_NO_DATA_BLOCKED,SCORED_ROW_NO_DATA_BLOCKED,SCORING_ENRICHMENT_BLOCKED,true,NO_DATA_BLOCKED,matching scored row exists but is NO_DATA_BLOCKED,Repair enrichment inputs for stats/odds/standings/coverage; do not promote until non-blocked.,NO_PROMOTION_NO_BET,NO,NO
2026-07-26,2026-07-26T23:30:46+01:00,1556394,BFA,Be1 NFA,1 Lyga,TRUSTED_SOURCE_BUT_NO_SCORED_ROW,MISSING_SCORED_ROW,SCORING_NOT_RUN_FOR_TRUSTED_RAW,false,MISSING,trusted raw candidate has no matching scored row,Run/repair scoring enrichment over trusted raw fixture candidates before market translation.,WAIT_SCORING,NO,NO
2026-07-26,2026-07-26T23:30:46+01:00,1495887,Asane,Egersund,1. Division,TRUSTED_SOURCE_BUT_NO_SCORED_ROW,MISSING_SCORED_ROW,SCORING_NOT_RUN_FOR_TRUSTED_RAW,false,MISSING,trusted raw candidate has no matching scored row,Run/repair scoring enrichment over trusted raw fixture candidates before market translation.,WAIT_SCORING,NO,NO
2026-07-26,2026-07-26T23:30:46+01:00,1551298,Hobro,Aarhus Fremad,1. Division,TRUSTED_SOURCE_BUT_NO_SCORED_ROW,MISSING_SCORED_ROW,SCORING_NOT_RUN_FOR_TRUSTED_RAW,false,MISSING,trusted raw candidate has no matching scored row,Run/repair scoring enrichment over trusted raw fixture candidates before market translation.,WAIT_SCORING,NO,NO
2026-07-26,2026-07-26T23:30:46+01:00,1534371,Lida,Slonim,1. Division,TRUSTED_SOURCE_BUT_NO_SCORED_ROW,MISSING_SCORED_ROW,SCORING_NOT_RUN_FOR_TRUSTED_RAW,false,MISSING,trusted raw candidate has no matching scored row,Run/repair scoring enrichment over trusted raw fixture candidates before market translation.,WAIT_SCORING,NO,NO
2026-07-26,2026-07-26T23:30:46+01:00,1534372,Minsk II,Uni Minsk,1. Division,TRUSTED_SOURCE_BUT_NO_SCORED_ROW,MISSING_SCORED_ROW,SCORING_NOT_RUN_FOR_TRUSTED_RAW,false,MISSING,trusted raw candidate has no matching scored row,Run/repair scoring enrichment over trusted raw fixture candidates before market translation.,WAIT_SCORING,NO,NO
2026-07-26,2026-07-26T23:30:46+01:00,1495889,Moss,Raufoss,1. Division,TRUSTED_SOURCE_BUT_NO_SCORED_ROW,MISSING_SCORED_ROW,SCORING_NOT_RUN_FOR_TRUSTED_RAW,false,MISSING,trusted raw candidate has no matching scored row,Run/repair scoring enrichment over trusted raw fixture candidates before market translation.,WAIT_SCORING,NO,NO
2026-07-26,2026-07-26T23:30:46+01:00,1495890,Sandnes ULF,Kongsvinger,1. Division,TRUSTED_SOURCE_BUT_NO_SCORED_ROW,MISSING_SCORED_ROW,SCORING_NOT_RUN_FOR_TRUSTED_RAW,false,MISSING,trusted raw candidate has no matching scored row,Run/repair scoring enrichment over trusted raw fixture candidates before market translation.,WAIT_SCORING,NO,NO
2026-07-26,2026-07-26T23:30:46+01:00,1495891,Sogndal,Ranheim,1. Division,TRUSTED_SOURCE_BUT_NO_SCORED_ROW,MISSING_SCORED_ROW,SCORING_NOT_RUN_FOR_TRUSTED_RAW,false,MISSING,trusted raw candidate has no matching scored row,Run/repair scoring enrichment over trusted raw fixture candidates before market translation.,WAIT_SCORING,NO,NO
2026-07-26,2026-07-26T23:30:46+01:00,1495893,Strommen,ODD Ballklubb,1. Division,TRUSTED_SOURCE_BUT_NO_SCORED_ROW,MISSING_SCORED_ROW,SCORING_NOT_RUN_FOR_TRUSTED_RAW,false,MISSING,trusted raw candidate has no matching scored row,Run/repair scoring enrichment over trusted raw fixture candidates before market translation.,WAIT_SCORING,NO,NO
2026-07-26,2026-07-26T23:30:46+01:00,1557975,Bravo,Nafta,1. SNL,TRUSTED_SOURCE_BUT_NO_SCORED_ROW,MISSING_SCORED_ROW,SCORING_NOT_RUN_FOR_TRUSTED_RAW,false,MISSING,trusted raw candidate has no matching scored row,Run/repair scoring enrichment over trusted raw fixture candidates before market translation.,WAIT_SCORING,NO,NO
2026-07-26,2026-07-26T23:30:46+01:00,1557976,Koper,Radomlje,1. SNL,TRUSTED_SOURCE_BUT_NO_SCORED_ROW,MISSING_SCORED_ROW,SCORING_NOT_RUN_FOR_TRUSTED_RAW,false,MISSING,trusted raw candidate has no matching scored row,Run/repair scoring enrichment over trusted raw fixture candidates before market translation.,WAIT_SCORING,NO,NO
2026-07-26,2026-07-26T23:30:46+01:00,1496104,Kvik Halden,Træff,2. Division - Group 1,TRUSTED_SOURCE_BUT_NO_SCORED_ROW,MISSING_SCORED_ROW,SCORING_NOT_RUN_FOR_TRUSTED_RAW,false,MISSING,trusted raw candidate has no matching scored row,Run/repair scoring enrichment over trusted raw fixture candidates before market translation.,WAIT_SCORING,NO,NO
2026-07-26,2026-07-26T23:30:46+01:00,1496103,jerv,Lysekloster,2. Division - Group 1,TRUSTED_SOURCE_BUT_NO_SCORED_ROW,MISSING_SCORED_ROW,SCORING_NOT_RUN_FOR_TRUSTED_RAW,false,MISSING,trusted raw candidate has no matching scored row,Run/repair scoring enrichment over trusted raw fixture candidates before market translation.,WAIT_SCORING,NO,NO
2026-07-26,2026-07-26T23:30:46+01:00,1496285,Rana,Kjelsås,2. Division - Group 2,TRUSTED_SOURCE_BUT_NO_SCORED_ROW,MISSING_SCORED_ROW,SCORING_NOT_RUN_FOR_TRUSTED_RAW,false,MISSING,trusted raw candidate has no matching scored row,Run/repair scoring enrichment over trusted raw fixture candidates before market translation.,WAIT_SCORING,NO,NO
2026-07-26,2026-07-26T23:30:46+01:00,1496287,Trygg/Lade,Eidsvold,2. Division - Group 2,TRUSTED_SOURCE_BUT_NO_SCORED_ROW,MISSING_SCORED_ROW,SCORING_NOT_RUN_FOR_TRUSTED_RAW,false,MISSING,trusted raw candidate has no matching scored row,Run/repair scoring enrichment over trusted raw fixture candidates before market translation.,WAIT_SCORING,NO,NO
2026-07-26,2026-07-26T23:30:46+01:00,1496649,Rosenborg II,Strindheim,3. Division - Girone 2,TRUSTED_SOURCE_BUT_NO_SCORED_ROW,MISSING_SCORED_ROW,SCORING_NOT_RUN_FOR_TRUSTED_RAW,false,MISSING,trusted raw candidate has no matching scored row,Run/repair scoring enrichment over trusted raw fixture candidates before market translation.,WAIT_SCORING,NO,NO
2026-07-26,2026-07-26T23:30:46+01:00,1496829,Fyllingsdalen,Åsane II,3. Division - Girone 3,TRUSTED_SOURCE_BUT_NO_SCORED_ROW,MISSING_SCORED_ROW,SCORING_NOT_RUN_FOR_TRUSTED_RAW,false,MISSING,trusted raw candidate has no matching scored row,Run/repair scoring enrichment over trusted raw fixture candidates before market translation.,WAIT_SCORING,NO,NO
2026-07-26,2026-07-26T23:30:46+01:00,1496831,Os,Varegg,3. Division - Girone 3,TRUSTED_SOURCE_BUT_NO_SCORED_ROW,MISSING_SCORED_ROW,SCORING_NOT_RUN_FOR_TRUSTED_RAW,false,MISSING,trusted raw candidate has no matching scored row,Run/repair scoring enrichment over trusted raw fixture candidates before market translation.,WAIT_SCORING,NO,NO
2026-07-26,2026-07-26T23:30:46+01:00,1497009,Åkra,Brodd,3. Division - Girone 4,TRUSTED_SOURCE_BUT_NO_SCORED_ROW,MISSING_SCORED_ROW,SCORING_NOT_RUN_FOR_TRUSTED_RAW,false,MISSING,trusted raw candidate has no matching scored row,Run/repair scoring enrichment over trusted raw fixture candidates before market translation.,WAIT_SCORING,NO,NO
2026-07-26,2026-07-26T23:30:46+01:00,1497196,Skjetten,Bossekop,3. Division - Girone 5,TRUSTED_SOURCE_BUT_NO_SCORED_ROW,MISSING_SCORED_ROW,SCORING_NOT_RUN_FOR_TRUSTED_RAW,false,MISSING,trusted raw candidate has no matching scored row,Run/repair scoring enrichment over trusted raw fixture candidates before market translation.,WAIT_SCORING,NO,NO
2026-07-26,2026-07-26T23:30:46+01:00,1598804,SSA,Fluminense De Feira,Baiano - 2,TRUSTED_SOURCE_BUT_NO_SCORED_ROW,MISSING_SCORED_ROW,SCORING_NOT_RUN_FOR_TRUSTED_RAW,false,MISSING,trusted raw candidate has no matching scored row,Run/repair scoring enrichment over trusted raw fixture candidates before market translation.,WAIT_SCORING,NO,NO
2026-07-26,2026-07-26T23:30:46+01:00,1601073,Al Hilal Omdurman,Tusker,CECAFA Club Cup,TRUSTED_SOURCE_BUT_NO_SCORED_ROW,MISSING_SCORED_ROW,SCORING_NOT_RUN_FOR_TRUSTED_RAW,false,MISSING,trusted raw candidate has no matching scored row,Run/repair scoring enrichment over trusted raw fixture candidates before market translation.,WAIT_SCORING,NO,NO
2026-07-26,2026-07-26T23:30:46+01:00,1601083,Rayon Sports,KVZ,CECAFA Club Cup,TRUSTED_SOURCE_BUT_NO_SCORED_ROW,MISSING_SCORED_ROW,SCORING_NOT_RUN_FOR_TRUSTED_RAW,false,MISSING,trusted raw candidate has no matching scored row,Run/repair scoring enrichment over trusted raw fixture candidates before market translation.,WAIT_SCORING,NO,NO
2026-07-26,2026-07-26T23:30:46+01:00,1603278,Baltimore,Helenites,CONCACAF Caribbean Club Shield,TRUSTED_SOURCE_BUT_NO_SCORED_ROW,MISSING_SCORED_ROW,SCORING_NOT_RUN_FOR_TRUSTED_RAW,false,MISSING,trusted raw candidate has no matching scored row,Run/repair scoring enrichment over trusted raw fixture candidates before market translation.,WAIT_SCORING,NO,NO
2026-07-26,2026-07-26T23:30:46+01:00,1603280,Delfines Del Este,Elite,CONCACAF Caribbean Club Shield,TRUSTED_SOURCE_BUT_NO_SCORED_ROW,MISSING_SCORED_ROW,SCORING_NOT_RUN_FOR_TRUSTED_RAW,false,MISSING,trusted raw candidate has no matching scored row,Run/repair scoring enrichment over trusted raw fixture candidates before market translation.,WAIT_SCORING,NO,NO
2026-07-26,2026-07-26T23:30:46+01:00,1601382,Inter Willemstad,St. John's,CONCACAF Caribbean Club Shield,TRUSTED_SOURCE_BUT_NO_SCORED_ROW,MISSING_SCORED_ROW,SCORING_NOT_RUN_FOR_TRUSTED_RAW,false,MISSING,trusted raw candidate has no matching scored row,Run/repair scoring enrichment over trusted raw fixture candidates before market translation.,WAIT_SCORING,NO,NO
2026-07-26,2026-07-26T23:30:46+01:00,1603279,Metropolitan,North Leeward,CONCACAF Caribbean Club Shield,TRUSTED_SOURCE_BUT_NO_SCORED_ROW,MISSING_SCORED_ROW,SCORING_NOT_RUN_FOR_TRUSTED_RAW,false,MISSING,trusted raw candidate has no matching scored row,Run/repair scoring enrichment over trusted raw fixture candidates before market translation.,WAIT_SCORING,NO,NO
2026-07-26,2026-07-26T23:30:46+01:00,1600195,Mauritania U20,Elche U20,COTIF Tournament,NOT_TRUSTED_NO_PROMOTION,NOT_TRUSTED_SKIPPED,RAW_TRUST_GATE_BLOCK,false,MISSING,"raw candidate was not trusted, so scoring gap is intentionally ignored",Keep diagnostic only unless future whitelist changes source trust.,DIAGNOSTIC_ONLY,NO,NO
2026-07-26,2026-07-26T23:30:46+01:00,1600196,Valencia U20,CD Castellon U19,COTIF Tournament,NOT_TRUSTED_NO_PROMOTION,NOT_TRUSTED_SKIPPED,RAW_TRUST_GATE_BLOCK,false,MISSING,"raw candidate was not trusted, so scoring gap is intentionally ignored",Keep diagnostic only unless future whitelist changes source trust.,DIAGNOSTIC_ONLY,NO,NO
2026-07-26,2026-07-26T23:30:46+01:00,1603292,Peerless,United,Calcutta Premier Division,TRUSTED_SOURCE_BUT_NO_SCORED_ROW,MISSING_SCORED_ROW,SCORING_NOT_RUN_FOR_TRUSTED_RAW,false,MISSING,trusted raw candidate has no matching scored row,Run/repair scoring enrichment over trusted raw fixture candidates before market translation.,WAIT_SCORING,NO,NO
2026-07-26,2026-07-26T23:30:46+01:00,1517315,Atlético Ottawa,Pacific FC,Canadian Premier League,TRUSTED_SOURCE_BUT_NO_SCORED_ROW,MISSING_SCORED_ROW,SCORING_NOT_RUN_FOR_TRUSTED_RAW,false,MISSING,trusted raw candidate has no matching scored row,Run/repair scoring enrichment over trusted raw fixture candidates before market translation.,WAIT_SCORING,NO,NO
2026-07-26,2026-07-26T23:30:46+01:00,1517316,York United,Forge,Canadian Premier League,TRUSTED_SOURCE_BUT_NO_SCORED_ROW,MISSING_SCORED_ROW,SCORING_NOT_RUN_FOR_TRUSTED_RAW,false,MISSING,trusted raw candidate has no matching scored row,Run/repair scoring enrichment over trusted raw fixture candidates before market translation.,WAIT_SCORING,NO,NO
2026-07-26,2026-07-26T23:30:46+01:00,1548255,Doze,Audax São Mateus,Capixaba B,TRUSTED_SOURCE_BUT_NO_SCORED_ROW,MISSING_SCORED_ROW,SCORING_NOT_RUN_FOR_TRUSTED_RAW,false,MISSING,trusted raw candidate has no matching scored row,Run/repair scoring enrichment over trusted raw fixture candidates before market translation.,WAIT_SCORING,NO,NO
2026-07-26,2026-07-26T23:30:46+01:00,1548257,Sport Brasil ES,Rive,Capixaba B,TRUSTED_SOURCE_BUT_NO_SCORED_ROW,MISSING_SCORED_ROW,SCORING_NOT_RUN_FOR_TRUSTED_RAW,false,MISSING,trusted raw candidate has no matching scored row,Run/repair scoring enrichment over trusted raw fixture candidates before market translation.,WAIT_SCORING,NO,NO
2026-07-26,2026-07-26T23:30:46+01:00,1602408,Cardoso Moreira,Búzios,Carioca C,TRUSTED_SOURCE_BUT_NO_SCORED_ROW,MISSING_SCORED_ROW,SCORING_NOT_RUN_FOR_TRUSTED_RAW,false,MISSING,trusted raw candidate has no matching scored row,Run/repair scoring enrichment over trusted raw fixture candidates before market translation.,WAIT_SCORING,NO,NO
2026-07-26,2026-07-26T23:30:46+01:00,1589393,ADT,UCV Moquegua,Copa De La Liga,TRUSTED_SOURCE_BUT_NO_SCORED_ROW,MISSING_SCORED_ROW,SCORING_NOT_RUN_FOR_TRUSTED_RAW,false,MISSING,trusted raw candidate has no matching scored row,Run/repair scoring enrichment over trusted raw fixture candidates before market translation.,WAIT_SCORING,NO,NO
2026-07-26,2026-07-26T23:30:46+01:00,1589394,Alianza Atletico,UTC Cajamarca,Copa De La Liga,TRUSTED_SOURCE_BUT_NO_SCORED_ROW,MISSING_SCORED_ROW,SCORING_NOT_RUN_FOR_TRUSTED_RAW,false,MISSING,trusted raw candidate has no matching scored row,Run/repair scoring enrichment over trusted raw fixture candidates before market translation.,WAIT_SCORING,NO,NO
2026-07-26,2026-07-26T23:30:46+01:00,1589395,Atletico Grau,Sport Boys,Copa De La Liga,TRUSTED_SOURCE_BUT_NO_SCORED_ROW,MISSING_SCORED_ROW,SCORING_NOT_RUN_FOR_TRUSTED_RAW,false,MISSING,trusted raw candidate has no matching scored row,Run/repair scoring enrichment over trusted raw fixture candidates before market translation.,WAIT_SCORING,NO,NO
2026-07-26,2026-07-26T23:30:46+01:00,1589396,Sporting Cristal,Sport Huancayo,Copa De La Liga,TRUSTED_SOURCE_BUT_NO_SCORED_ROW,MISSING_SCORED_ROW,SCORING_NOT_RUN_FOR_TRUSTED_RAW,false,MISSING,trusted raw candidate has no matching scored row,Run/repair scoring enrichment over trusted raw fixture candidates before market translation.,WAIT_SCORING,NO,NO
2026-07-26,2026-07-26T23:30:46+01:00,1546077,Juventus,Paulista,Copa Paulista,TRUSTED_SOURCE_BUT_NO_SCORED_ROW,MISSING_SCORED_ROW,SCORING_NOT_RUN_FOR_TRUSTED_RAW,false,MISSING,trusted raw candidate has no matching scored row,Run/repair scoring enrichment over trusted raw fixture candidates before market translation.,WAIT_SCORING,NO,NO
2026-07-26,2026-07-26T23:30:46+01:00,1546079,Linense,Marília,Copa Paulista,TRUSTED_SOURCE_BUT_NO_SCORED_ROW,MISSING_SCORED_ROW,SCORING_NOT_RUN_FOR_TRUSTED_RAW,false,MISSING,trusted raw candidate has no matching scored row,Run/repair scoring enrichment over trusted raw fixture candidates before market translation.,WAIT_SCORING,NO,NO
2026-07-26,2026-07-26T23:30:46+01:00,1546083,Santo André,São Caetano,Copa Paulista,TRUSTED_SOURCE_BUT_NO_SCORED_ROW,MISSING_SCORED_ROW,SCORING_NOT_RUN_FOR_TRUSTED_RAW,false,MISSING,trusted raw candidate has no matching scored row,Run/repair scoring enrichment over trusted raw fixture candidates before market translation.,WAIT_SCORING,NO,NO
2026-07-26,2026-07-26T23:30:46+01:00,1598802,Arsenal,Neman,Coppa,TRUSTED_SOURCE_BUT_NO_SCORED_ROW,MISSING_SCORED_ROW,SCORING_NOT_RUN_FOR_TRUSTED_RAW,false,MISSING,trusted raw candidate has no matching scored row,Run/repair scoring enrichment over trusted raw fixture candidates before market translation.,WAIT_SCORING,NO,NO
2026-07-26,2026-07-26T23:30:46+01:00,1598800,Dinamo Minsk,ML Vitebsk,Coppa,TRUSTED_SOURCE_BUT_NO_SCORED_ROW,MISSING_SCORED_ROW,SCORING_NOT_RUN_FOR_TRUSTED_RAW,false,MISSING,trusted raw candidate has no matching scored row,Run/repair scoring enrichment over trusted raw fixture candidates before market translation.,WAIT_SCORING,NO,NO
2026-07-26,2026-07-26T23:30:46+01:00,1598801,Orsha,Bate Borisov,Coppa,TRUSTED_SOURCE_BUT_NO_SCORED_ROW,MISSING_SCORED_ROW,SCORING_NOT_RUN_FOR_TRUSTED_RAW,false,MISSING,trusted raw candidate has no matching scored row,Run/repair scoring enrichment over trusted raw fixture candidates before market translation.,WAIT_SCORING,NO,NO
2026-07-26,2026-07-26T23:30:46+01:00,1598803,Slavia Mozyr,Dinamo Brest,Coppa,TRUSTED_SOURCE_BUT_NO_SCORED_ROW,MISSING_SCORED_ROW,SCORING_NOT_RUN_FOR_TRUSTED_RAW,false,MISSING,trusted raw candidate has no matching scored row,Run/repair scoring enrichment over trusted raw fixture candidates before market translation.,WAIT_SCORING,NO,NO
2026-07-26,2026-07-26T23:30:46+01:00,1582707,Bedrichov,Humpolec,Cup,TRUSTED_SOURCE_BUT_NO_SCORED_ROW,MISSING_SCORED_ROW,SCORING_NOT_RUN_FOR_TRUSTED_RAW,false,MISSING,trusted raw candidate has no matching scored row,Run/repair scoring enrichment over trusted raw fixture candidates before market translation.,WAIT_SCORING,NO,NO
2026-07-26,2026-07-26T23:30:46+01:00,1582708,Belotin,Nový Jičín,Cup,TRUSTED_SOURCE_BUT_NO_SCORED_ROW,MISSING_SCORED_ROW,SCORING_NOT_RUN_FOR_TRUSTED_RAW,false,MISSING,trusted raw candidate has no matching scored row,Run/repair scoring enrichment over trusted raw fixture candidates before market translation.,WAIT_SCORING,NO,NO
2026-07-26,2026-07-26T23:30:46+01:00,1582709,Bílovec,Vítkovice,Cup,TRUSTED_SOURCE_BUT_NO_SCORED_ROW,MISSING_SCORED_ROW,SCORING_NOT_RUN_FOR_TRUSTED_RAW,false,MISSING,trusted raw candidate has no matching scored row,Run/repair scoring enrichment over trusted raw fixture candidates before market translation.,WAIT_SCORING,NO,NO
2026-07-26,2026-07-26T23:30:46+01:00,1582713,Chotebor,Velké Meziříčí,Cup,TRUSTED_SOURCE_BUT_NO_SCORED_ROW,MISSING_SCORED_ROW,SCORING_NOT_RUN_FOR_TRUSTED_RAW,false,MISSING,trusted raw candidate has no matching scored row,Run/repair scoring enrichment over trusted raw fixture candidates before market translation.,WAIT_SCORING,NO,NO
2026-07-26,2026-07-26T23:30:46+01:00,1582715,FS Třebíč,Sokol Tasovice,Cup,TRUSTED_SOURCE_BUT_NO_SCORED_ROW,MISSING_SCORED_ROW,SCORING_NOT_RUN_FOR_TRUSTED_RAW,false,MISSING,trusted raw candidate has no matching scored row,Run/repair scoring enrichment over trusted raw fixture candidates before market translation.,WAIT_SCORING,NO,NO
2026-07-26,2026-07-26T23:30:46+01:00,1560892,Imst,TSV Hartberg,Cup,TRUSTED_SOURCE_BUT_NO_SCORED_ROW,MISSING_SCORED_ROW,SCORING_NOT_RUN_FOR_TRUSTED_RAW,false,MISSING,trusted raw candidate has no matching scored row,Run/repair scoring enrichment over trusted raw fixture candidates before market translation.,WAIT_SCORING,NO,NO
2026-07-26,2026-07-26T23:30:46+01:00,1582714,Kozlovice,Frýdek-Místek,Cup,TRUSTED_SOURCE_BUT_NO_SCORED_ROW,MISSING_SCORED_ROW,SCORING_NOT_RUN_FOR_TRUSTED_RAW,false,MISSING,trusted raw candidate has no matching scored row,Run/repair scoring enrichment over trusted raw fixture candidates before market translation.,WAIT_SCORING,NO,NO
2026-07-26,2026-07-26T23:30:46+01:00,1560885,Leithaprodersdorf,Admira Wacker,Cup,TRUSTED_SOURCE_BUT_NO_SCORED_ROW,MISSING_SCORED_ROW,SCORING_NOT_RUN_FOR_TRUSTED_RAW,false,MISSING,trusted raw candidate has no matching scored row,Run/repair scoring enrichment over trusted raw fixture candidates before market translation.,WAIT_SCORING,NO,NO
2026-07-26,2026-07-26T23:30:46+01:00,1582721,Nové Sady,Šumperk,Cup,TRUSTED_SOURCE_BUT_NO_SCORED_ROW,MISSING_SCORED_ROW,SCORING_NOT_RUN_FOR_TRUSTED_RAW,false,MISSING,trusted raw candidate has no matching scored row,Run/repair scoring enrichment over trusted raw fixture candidates before market translation.,WAIT_SCORING,NO,NO
2026-07-26,2026-07-26T23:30:46+01:00,1582722,Ráječko,Žďár nad Sázavou,Cup,TRUSTED_SOURCE_BUT_NO_SCORED_ROW,MISSING_SCORED_ROW,SCORING_NOT_RUN_FOR_TRUSTED_RAW,false,MISSING,trusted raw candidate has no matching scored row,Run/repair scoring enrichment over trusted raw fixture candidates before market translation.,WAIT_SCORING,NO,NO
2026-07-26,2026-07-26T23:30:46+01:00,1582723,SK Krumvir,Znojmo,Cup,TRUSTED_SOURCE_BUT_NO_SCORED_ROW,MISSING_SCORED_ROW,SCORING_NOT_RUN_FOR_TRUSTED_RAW,false,MISSING,trusted raw candidate has no matching scored row,Run/repair scoring enrichment over trusted raw fixture candidates before market translation.,WAIT_SCORING,NO,NO
2026-07-26,2026-07-26T23:30:46+01:00,1556625,Saku Sporting,Legion,Cup,TRUSTED_SOURCE_BUT_NO_SCORED_ROW,MISSING_SCORED_ROW,SCORING_NOT_RUN_FOR_TRUSTED_RAW,false,MISSING,trusted raw candidate has no matching scored row,Run/repair scoring enrichment over trusted raw fixture candidates before market translation.,WAIT_SCORING,NO,NO
2026-07-26,2026-07-26T23:30:46+01:00,1560891,Schwaz,Wallern / Marienkirchen,Cup,TRUSTED_SOURCE_BUT_NO_SCORED_ROW,MISSING_SCORED_ROW,SCORING_NOT_RUN_FOR_TRUSTED_RAW,false,MISSING,trusted raw candidate has no matching scored row,Run/repair scoring enrichment over trusted raw fixture candidates before market translation.,WAIT_SCORING,NO,NO
2026-07-26,2026-07-26T23:30:46+01:00,1582729,TJ Bystrice,Frýdlant,Cup,TRUSTED_SOURCE_BUT_NO_SCORED_ROW,MISSING_SCORED_ROW,SCORING_NOT_RUN_FOR_TRUSTED_RAW,false,MISSING,trusted raw candidate has no matching scored row,Run/repair scoring enrichment over trusted raw fixture candidates before market translation.,WAIT_SCORING,NO,NO
2026-07-26,2026-07-26T23:30:46+01:00,1558485,TransferWise,Olympic,Cup,TRUSTED_SOURCE_BUT_NO_SCORED_ROW,MISSING_SCORED_ROW,SCORING_NOT_RUN_FOR_TRUSTED_RAW,false,MISSING,trusted raw candidate has no matching scored row,Run/repair scoring enrichment over trusted raw fixture candidates before market translation.,WAIT_SCORING,NO,NO
2026-07-26,2026-07-26T23:30:46+01:00,1560902,Wiener SC,Austria Vienna,Cup,TRUSTED_SOURCE_BUT_NO_SCORED_ROW,MISSING_SCORED_ROW,SCORING_NOT_RUN_FOR_TRUSTED_RAW,false,MISSING,trusted raw candidate has no matching scored row,Run/repair scoring enrichment over trusted raw fixture candidates before market translation.,WAIT_SCORING,NO,NO
2026-07-26,2026-07-26T23:30:46+01:00,1560901,Wienerberg,Rapid Vienna,Cup,TRUSTED_SOURCE_BUT_NO_SCORED_ROW,MISSING_SCORED_ROW,SCORING_NOT_RUN_FOR_TRUSTED_RAW,false,MISSING,trusted raw candidate has no matching scored row,Run/repair scoring enrichment over trusted raw fixture candidates before market translation.,WAIT_SCORING,NO,NO
2026-07-26,2026-07-26T23:30:46+01:00,1582733,Zabreh,Hranice,Cup,TRUSTED_SOURCE_BUT_NO_SCORED_ROW,MISSING_SCORED_ROW,SCORING_NOT_RUN_FOR_TRUSTED_RAW,false,MISSING,trusted raw candidate has no matching scored row,Run/repair scoring enrichment over trusted raw fixture candidates before market translation.,WAIT_SCORING,NO,NO
2026-07-26,2026-07-26T23:30:46+01:00,1559963,FK Jablonec,Sigma Olomouc,Czech Liga,TRUSTED_SOURCE_BUT_NO_SCORED_ROW,MISSING_SCORED_ROW,SCORING_NOT_RUN_FOR_TRUSTED_RAW,false,MISSING,trusted raw candidate has no matching scored row,Run/repair scoring enrichment over trusted raw fixture candidates before market translation.,WAIT_SCORING,NO,NO
2026-07-26,2026-07-26T23:30:46+01:00,1559962,Hradec Králové,Pardubice,Czech Liga,TRUSTED_SOURCE_BUT_NO_SCORED_ROW,MISSING_SCORED_ROW,SCORING_NOT_RUN_FOR_TRUSTED_RAW,false,MISSING,trusted raw candidate has no matching scored row,Run/repair scoring enrichment over trusted raw fixture candidates before market translation.,WAIT_SCORING,NO,NO
2026-07-26,2026-07-26T23:30:46+01:00,1559966,Slavia Praha,Slovácko,Czech Liga,TRUSTED_SOURCE_BUT_NO_SCORED_ROW,MISSING_SCORED_ROW,SCORING_NOT_RUN_FOR_TRUSTED_RAW,false,MISSING,trusted raw candidate has no matching scored row,Run/repair scoring enrichment over trusted raw fixture candidates before market translation.,WAIT_SCORING,NO,NO
2026-07-26,2026-07-26T23:30:46+01:00,1567379,Guria,Dinamo Tbilisi,David Kipiani Cup,TRUSTED_SOURCE_BUT_NO_SCORED_ROW,MISSING_SCORED_ROW,SCORING_NOT_RUN_FOR_TRUSTED_RAW,false,MISSING,trusted raw candidate has no matching scored row,Run/repair scoring enrichment over trusted raw fixture candidates before market translation.,WAIT_SCORING,NO,NO
2026-07-26,2026-07-26T23:30:46+01:00,1567385,Iveria Khashuri,Torpedo Kutaisi,David Kipiani Cup,TRUSTED_SOURCE_BUT_NO_SCORED_ROW,MISSING_SCORED_ROW,SCORING_NOT_RUN_FOR_TRUSTED_RAW,false,MISSING,trusted raw candidate has no matching scored row,Run/repair scoring enrichment over trusted raw fixture candidates before market translation.,WAIT_SCORING,NO,NO
2026-07-26,2026-07-26T23:30:46+01:00,1567382,Merani Martvili,Odishi 1919,David Kipiani Cup,TRUSTED_SOURCE_BUT_NO_SCORED_ROW,MISSING_SCORED_ROW,SCORING_NOT_RUN_FOR_TRUSTED_RAW,false,MISSING,trusted raw candidate has no matching scored row,Run/repair scoring enrichment over trusted raw fixture candidates before market translation.,WAIT_SCORING,NO,NO
2026-07-26,2026-07-26T23:30:46+01:00,1567380,Saburtalo II,Telavi,David Kipiani Cup,TRUSTED_SOURCE_BUT_NO_SCORED_ROW,MISSING_SCORED_ROW,SCORING_NOT_RUN_FOR_TRUSTED_RAW,false,MISSING,trusted raw candidate has no matching scored row,Run/repair scoring enrichment over trusted raw fixture candidates before market translation.,WAIT_SCORING,NO,NO
2026-07-26,2026-07-26T23:30:46+01:00,1567383,Samtredia,Shturmi,David Kipiani Cup,TRUSTED_SOURCE_BUT_NO_SCORED_ROW,MISSING_SCORED_ROW,SCORING_NOT_RUN_FOR_TRUSTED_RAW,false,MISSING,trusted raw candidate has no matching scored row,Run/repair scoring enrichment over trusted raw fixture candidates before market translation.,WAIT_SCORING,NO,NO
2026-07-26,2026-07-26T23:30:46+01:00,1567386,Varketili,Rustavi,David Kipiani Cup,TRUSTED_SOURCE_BUT_NO_SCORED_ROW,MISSING_SCORED_ROW,SCORING_NOT_RUN_FOR_TRUSTED_RAW,false,MISSING,trusted raw candidate has no matching scored row,Run/repair scoring enrichment over trusted raw fixture candidates before market translation.,WAIT_SCORING,NO,NO
2026-07-26,2026-07-26T23:30:46+01:00,1567384,WIT Georgia,Samgurali,David Kipiani Cup,TRUSTED_SOURCE_BUT_NO_SCORED_ROW,MISSING_SCORED_ROW,SCORING_NOT_RUN_FOR_TRUSTED_RAW,false,MISSING,trusted raw candidate has no matching scored row,Run/repair scoring enrichment over trusted raw fixture candidates before market translation.,WAIT_SCORING,NO,NO
2026-07-26,2026-07-26T23:30:46+01:00,1599153,Encarnación,Fernando De La Mora,Division Intermedia,TRUSTED_SOURCE_BUT_NO_SCORED_ROW,MISSING_SCORED_ROW,SCORING_NOT_RUN_FOR_TRUSTED_RAW,false,MISSING,trusted raw candidate has no matching scored row,Run/repair scoring enrichment over trusted raw fixture candidates before market translation.,WAIT_SCORING,NO,NO
2026-07-26,2026-07-26T23:30:46+01:00,1599154,Sportivo Carapeguá,General Caballero,Division Intermedia,TRUSTED_SOURCE_BUT_NO_SCORED_ROW,MISSING_SCORED_ROW,SCORING_NOT_RUN_FOR_TRUSTED_RAW,false,MISSING,trusted raw candidate has no matching scored row,Run/repair scoring enrichment over trusted raw fixture candidates before market translation.,WAIT_SCORING,NO,NO
2026-07-26,2026-07-26T23:30:46+01:00,1489271,Club Guarani,Sportivo Luqueno,Division Profesional - Clausura,TRUSTED_SOURCE_BUT_NO_SCORED_ROW,MISSING_SCORED_ROW,SCORING_NOT_RUN_FOR_TRUSTED_RAW,false,MISSING,trusted raw candidate has no matching scored row,Run/repair scoring enrichment over trusted raw fixture candidates before market translation.,WAIT_SCORING,NO,NO
2026-07-26,2026-07-26T23:30:46+01:00,1489272,Olimpia,Libertad Asuncion,Division Profesional - Clausura,TRUSTED_SOURCE_BUT_NO_SCORED_ROW,MISSING_SCORED_ROW,SCORING_NOT_RUN_FOR_TRUSTED_RAW,false,MISSING,trusted raw candidate has no matching scored row,Run/repair scoring enrichment over trusted raw fixture candidates before market translation.,WAIT_SCORING,NO,NO
2026-07-26,2026-07-26T23:30:46+01:00,1553106,Raków Częstochowa,Wisla Plock,Ekstraklasa,TRUSTED_SOURCE_BUT_NO_SCORED_ROW,MISSING_SCORED_ROW,SCORING_NOT_RUN_FOR_TRUSTED_RAW,false,MISSING,trusted raw candidate has no matching scored row,Run/repair scoring enrichment over trusted raw fixture candidates before market translation.,WAIT_SCORING,NO,NO
2026-07-26,2026-07-26T23:30:46+01:00,1553107,Widzew Łódź,Motor Lublin,Ekstraklasa,TRUSTED_SOURCE_BUT_NO_SCORED_ROW,MISSING_SCORED_ROW,SCORING_NOT_RUN_FOR_TRUSTED_RAW,false,MISSING,trusted raw candidate has no matching scored row,Run/repair scoring enrichment over trusted raw fixture candidates before market translation.,WAIT_SCORING,NO,NO
2026-07-26,2026-07-26T23:30:46+01:00,1553108,Wisla Krakow,GKS Katowice,Ekstraklasa,TRUSTED_SOURCE_BUT_NO_SCORED_ROW,MISSING_SCORED_ROW,SCORING_NOT_RUN_FOR_TRUSTED_RAW,false,MISSING,trusted raw candidate has no matching scored row,Run/repair scoring enrichment over trusted raw fixture candidates before market translation.,WAIT_SCORING,NO,NO
2026-07-26,2026-07-26T23:30:46+01:00,1559725,Baník Ostrava II,Vlašim,FNL,TRUSTED_SOURCE_BUT_NO_SCORED_ROW,MISSING_SCORED_ROW,SCORING_NOT_RUN_FOR_TRUSTED_RAW,false,MISSING,trusted raw candidate has no matching scored row,Run/repair scoring enrichment over trusted raw fixture candidates before market translation.,WAIT_SCORING,NO,NO
2026-07-26,2026-07-26T23:30:46+01:00,1551055,Cherno More Varna,Spartak Varna,First League,TRUSTED_SOURCE_BUT_NO_SCORED_ROW,MISSING_SCORED_ROW,SCORING_NOT_RUN_FOR_TRUSTED_RAW,false,MISSING,trusted raw candidate has no matching scored row,Run/repair scoring enrichment over trusted raw fixture candidates before market translation.,WAIT_SCORING,NO,NO
2026-07-26,2026-07-26T23:30:46+01:00,1577453,FC Sochi,Arsenal Tula,First League,TRUSTED_SOURCE_BUT_NO_SCORED_ROW,MISSING_SCORED_ROW,SCORING_NOT_RUN_FOR_TRUSTED_RAW,false,MISSING,trusted raw candidate has no matching scored row,Run/repair scoring enrichment over trusted raw fixture candidates before market translation.,WAIT_SCORING,NO,NO
2026-07-26,2026-07-26T23:30:46+01:00,1577456,FC UFA,Ska-khabarovsk,First League,TRUSTED_SOURCE_BUT_NO_SCORED_ROW,MISSING_SCORED_ROW,SCORING_NOT_RUN_FOR_TRUSTED_RAW,false,MISSING,trusted raw candidate has no matching scored row,Run/repair scoring enrichment over trusted raw fixture candidates before market translation.,WAIT_SCORING,NO,NO
2026-07-26,2026-07-26T23:30:46+01:00,1577452,Leningradets,Ural,First League,TRUSTED_SOURCE_BUT_NO_SCORED_ROW,MISSING_SCORED_ROW,SCORING_NOT_RUN_FOR_TRUSTED_RAW,false,MISSING,trusted raw candidate has no matching scored row,Run/repair scoring enrichment over trusted raw fixture candidates before market translation.,WAIT_SCORING,NO,NO
2026-07-26,2026-07-26T23:30:46+01:00,1551059,Lokomotiv Plovdiv,Septemvri Sofia,First League,TRUSTED_SOURCE_BUT_NO_SCORED_ROW,MISSING_SCORED_ROW,SCORING_NOT_RUN_FOR_TRUSTED_RAW,false,MISSING,trusted raw candidate has no matching scored row,Run/repair scoring enrichment over trusted raw fixture candidates before market translation.,WAIT_SCORING,NO,NO
2026-07-26,2026-07-26T23:30:46+01:00,1551425,Shkendija,Skopje,First League,TRUSTED_SOURCE_BUT_NO_SCORED_ROW,MISSING_SCORED_ROW,SCORING_NOT_RUN_FOR_TRUSTED_RAW,false,MISSING,trusted raw candidate has no matching scored row,Run/repair scoring enrichment over trusted raw fixture candidates before market translation.,WAIT_SCORING,NO,NO
2026-07-26,2026-07-26T23:30:46+01:00,1551426,Sileks,Bashkimi Kumanovo,First League,TRUSTED_SOURCE_BUT_NO_SCORED_ROW,MISSING_SCORED_ROW,SCORING_NOT_RUN_FOR_TRUSTED_RAW,false,MISSING,trusted raw candidate has no matching scored row,Run/repair scoring enrichment over trusted raw fixture candidates before market translation.,WAIT_SCORING,NO,NO
2026-07-26,2026-07-26T23:30:46+01:00,1577455,Torpedo Moskva,Shinnik Yaroslavl,First League,TRUSTED_SOURCE_BUT_NO_SCORED_ROW,MISSING_SCORED_ROW,SCORING_NOT_RUN_FOR_TRUSTED_RAW,false,MISSING,trusted raw candidate has no matching scored row,Run/repair scoring enrichment over trusted raw fixture candidates before market translation.,WAIT_SCORING,NO,NO
2026-07-26,2026-07-26T23:30:46+01:00,1558157,Nieciecza,Ruch Chorzów,I Liga,TRUSTED_SOURCE_BUT_NO_SCORED_ROW,MISSING_SCORED_ROW,SCORING_NOT_RUN_FOR_TRUSTED_RAW,false,MISSING,trusted raw candidate has no matching scored row,Run/repair scoring enrichment over trusted raw fixture candidates before market translation.,WAIT_SCORING,NO,NO
2026-07-26,2026-07-26T23:30:46+01:00,1558154,Puszcza Niepołomice,Polonia Warszawa,I Liga,TRUSTED_SOURCE_BUT_NO_SCORED_ROW,MISSING_SCORED_ROW,SCORING_NOT_RUN_FOR_TRUSTED_RAW,false,MISSING,trusted raw candidate has no matching scored row,Run/repair scoring enrichment over trusted raw fixture candidates before market translation.,WAIT_SCORING,NO,NO
2026-07-26,2026-07-26T23:30:46+01:00,1558155,Unia Skierniewice,Stal Mielec,I Liga,TRUSTED_SOURCE_BUT_NO_SCORED_ROW,MISSING_SCORED_ROW,SCORING_NOT_RUN_FOR_TRUSTED_RAW,false,MISSING,trusted raw candidate has no matching scored row,Run/repair scoring enrichment over trusted raw fixture candidates before market translation.,WAIT_SCORING,NO,NO
2026-07-26,2026-07-26T23:30:46+01:00,1561588,Avia Świdnik,Olimpia Grudziądz,II Liga - East,TRUSTED_SOURCE_BUT_NO_SCORED_ROW,MISSING_SCORED_ROW,SCORING_NOT_RUN_FOR_TRUSTED_RAW,false,MISSING,trusted raw candidate has no matching scored row,Run/repair scoring enrichment over trusted raw fixture candidates before market translation.,WAIT_SCORING,NO,NO
2026-07-26,2026-07-26T23:30:46+01:00,1561589,Chojniczanka Chojnice,Tychy 71,II Liga - East,TRUSTED_SOURCE_BUT_NO_SCORED_ROW,MISSING_SCORED_ROW,SCORING_NOT_RUN_FOR_TRUSTED_RAW,false,MISSING,trusted raw candidate has no matching scored row,Run/repair scoring enrichment over trusted raw fixture candidates before market translation.,WAIT_SCORING,NO,NO
2026-07-26,2026-07-26T23:30:46+01:00,1510393,Gimpo Citizen,Yongin City,K League 2,TRUSTED_SOURCE_BUT_NO_SCORED_ROW,MISSING_SCORED_ROW,SCORING_NOT_RUN_FOR_TRUSTED_RAW,false,MISSING,trusted raw candidate has no matching scored row,Run/repair scoring enrichment over trusted raw fixture candidates before market translation.,WAIT_SCORING,NO,NO
2026-07-26,2026-07-26T23:30:46+01:00,1510394,Paju Citizen,Ansan Greeners,K League 2,TRUSTED_SOURCE_BUT_NO_SCORED_ROW,MISSING_SCORED_ROW,SCORING_NOT_RUN_FOR_TRUSTED_RAW,false,MISSING,trusted raw candidate has no matching scored row,Run/repair scoring enrichment over trusted raw fixture candidates before market translation.,WAIT_SCORING,NO,NO
2026-07-26,2026-07-26T23:30:46+01:00,1541722,Kraft,Vaajakoski,Kakkonen - Lohko C,TRUSTED_SOURCE_BUT_NO_SCORED_ROW,MISSING_SCORED_ROW,SCORING_NOT_RUN_FOR_TRUSTED_RAW,false,MISSING,trusted raw candidate has no matching scored row,Run/repair scoring enrichment over trusted raw fixture candidates before market translation.,WAIT_SCORING,NO,NO
2026-07-26,2026-07-26T23:30:46+01:00,1548183,ST Mirren,Dunfermline,League Cup,TRUSTED_SOURCE_BUT_NO_SCORED_ROW,MISSING_SCORED_ROW,SCORING_NOT_RUN_FOR_TRUSTED_RAW,false,MISSING,trusted raw candidate has no matching scored row,Run/repair scoring enrichment over trusted raw fixture candidates before market translation.,WAIT_SCORING,NO,NO
2026-07-26,2026-07-26T23:30:46+01:00,1528663,Dalian Huayi,Suzhou Dongwu,League One,TRUSTED_SOURCE_BUT_NO_SCORED_ROW,MISSING_SCORED_ROW,SCORING_NOT_RUN_FOR_TRUSTED_RAW,false,MISSING,trusted raw candidate has no matching scored row,Run/repair scoring enrichment over trusted raw fixture candidates before market translation.,WAIT_SCORING,NO,NO
2026-07-26,2026-07-26T23:30:46+01:00,1528664,Guangxi Hengchen,Heilongjiang Lava Spring,League One,TRUSTED_SOURCE_BUT_NO_SCORED_ROW,MISSING_SCORED_ROW,SCORING_NOT_RUN_FOR_TRUSTED_RAW,false,MISSING,trusted raw candidate has no matching scored row,Run/repair scoring enrichment over trusted raw fixture candidates before market translation.,WAIT_SCORING,NO,NO
2026-07-26,2026-07-26T23:30:46+01:00,1532841,Guangdong Mingtu,Chengdu Rongcheng II,League Two,TRUSTED_SOURCE_BUT_NO_SCORED_ROW,MISSING_SCORED_ROW,SCORING_NOT_RUN_FOR_TRUSTED_RAW,false,MISSING,trusted raw candidate has no matching scored row,Run/repair scoring enrichment over trusted raw fixture candidates before market translation.,WAIT_SCORING,NO,NO
2026-07-26,2026-07-26T23:30:46+01:00,1532842,Hubei Chufeng Heli,Wuhan Three Towns II,League Two,TRUSTED_SOURCE_BUT_NO_SCORED_ROW,MISSING_SCORED_ROW,SCORING_NOT_RUN_FOR_TRUSTED_RAW,false,MISSING,trusted raw candidate has no matching scored row,Run/repair scoring enrichment over trusted raw fixture candidates before market translation.,WAIT_SCORING,NO,NO
2026-07-26,2026-07-26T23:30:46+01:00,1565192,Csikszereda,FCSB,Liga I,TRUSTED_SOURCE_BUT_NO_SCORED_ROW,MISSING_SCORED_ROW,SCORING_NOT_RUN_FOR_TRUSTED_RAW,false,MISSING,trusted raw candidate has no matching scored row,Run/repair scoring enrichment over trusted raw fixture candidates before market translation.,WAIT_SCORING,NO,NO
2026-07-26,2026-07-26T23:30:46+01:00,1565197,Sepsi OSK Sfantu Gheorghe,Universitatea Cluj,Liga I,TRUSTED_SOURCE_BUT_NO_SCORED_ROW,MISSING_SCORED_ROW,SCORING_NOT_RUN_FOR_TRUSTED_RAW,false,MISSING,trusted raw candidate has no matching scored row,Run/repair scoring enrichment over trusted raw fixture candidates before market translation.,WAIT_SCORING,NO,NO
2026-07-26,2026-07-26T23:30:46+01:00,1583720,Herrera,Union Cocle,Liga Panameña de Fútbol,TRUSTED_SOURCE_BUT_NO_SCORED_ROW,MISSING_SCORED_ROW,SCORING_NOT_RUN_FOR_TRUSTED_RAW,false,MISSING,trusted raw candidate has no matching scored row,Run/repair scoring enrichment over trusted raw fixture candidates before market translation.,WAIT_SCORING,NO,NO
2026-07-26,2026-07-26T23:30:46+01:00,1519424,Aucas,Macara,Liga Pro,TRUSTED_SOURCE_BUT_NO_SCORED_ROW,MISSING_SCORED_ROW,SCORING_NOT_RUN_FOR_TRUSTED_RAW,false,MISSING,trusted raw candidate has no matching scored row,Run/repair scoring enrichment over trusted raw fixture candidates before market translation.,WAIT_SCORING,NO,NO
2026-07-26,2026-07-26T23:30:46+01:00,1519426,Delfin SC,Leones del Norte,Liga Pro,TRUSTED_SOURCE_BUT_NO_SCORED_ROW,MISSING_SCORED_ROW,SCORING_NOT_RUN_FOR_TRUSTED_RAW,false,MISSING,trusted raw candidate has no matching scored row,Run/repair scoring enrichment over trusted raw fixture candidates before market translation.,WAIT_SCORING,NO,NO
2026-07-26,2026-07-26T23:30:46+01:00,1519430,Orense SC,Independiente del Valle,Liga Pro,TRUSTED_SOURCE_BUT_NO_SCORED_ROW,MISSING_SCORED_ROW,SCORING_NOT_RUN_FOR_TRUSTED_RAW,false,MISSING,trusted raw candidate has no matching scored row,Run/repair scoring enrichment over trusted raw fixture candidates before market translation.,WAIT_SCORING,NO,NO
2026-07-26,2026-07-26T23:30:46+01:00,1493002,Atletico Tucuman,Independ. Rivadavia,Liga Profesional Argentina,TRUSTED_SOURCE_BUT_NO_SCORED_ROW,MISSING_SCORED_ROW,SCORING_NOT_RUN_FOR_TRUSTED_RAW,false,MISSING,trusted raw candidate has no matching scored row,Run/repair scoring enrichment over trusted raw fixture candidates before market translation.,WAIT_SCORING,NO,NO
2026-07-26,2026-07-26T23:30:46+01:00,1493005,Deportivo Riestra,Boca Juniors,Liga Profesional Argentina,TRUSTED_SOURCE_BUT_NO_SCORED_ROW,MISSING_SCORED_ROW,SCORING_NOT_RUN_FOR_TRUSTED_RAW,false,MISSING,trusted raw candidate has no matching scored row,Run/repair scoring enrichment over trusted raw fixture candidates before market translation.,WAIT_SCORING,NO,NO
2026-07-26,2026-07-26T23:30:46+01:00,1493006,Estudiantes L.P.,Independiente,Liga Profesional Argentina,TRUSTED_SOURCE_BUT_NO_SCORED_ROW,MISSING_SCORED_ROW,SCORING_NOT_RUN_FOR_TRUSTED_RAW,false,MISSING,trusted raw candidate has no matching scored row,Run/repair scoring enrichment over trusted raw fixture candidates before market translation.,WAIT_SCORING,NO,NO
2026-07-26,2026-07-26T23:30:46+01:00,1589414,BOA,Aymorés,Mineiro - 2,TRUSTED_SOURCE_BUT_NO_SCORED_ROW,MISSING_SCORED_ROW,SCORING_NOT_RUN_FOR_TRUSTED_RAW,false,MISSING,trusted raw candidate has no matching scored row,Run/repair scoring enrichment over trusted raw fixture candidates before market translation.,WAIT_SCORING,NO,NO
2026-07-26,2026-07-26T23:30:46+01:00,1589411,Valeriodoce,Villa Nova,Mineiro - 2,TRUSTED_SOURCE_BUT_NO_SCORED_ROW,MISSING_SCORED_ROW,SCORING_NOT_RUN_FOR_TRUSTED_RAW,false,MISSING,trusted raw candidate has no matching scored row,Run/repair scoring enrichment over trusted raw fixture candidates before market translation.,WAIT_SCORING,NO,NO
2026-07-26,2026-07-26T23:30:46+01:00,1560201,Debreceni VSC,Puskas Academy,NB I,NOT_TRUSTED_NO_PROMOTION,NOT_TRUSTED_SKIPPED,RAW_TRUST_GATE_BLOCK,false,MISSING,"raw candidate was not trusted, so scoring gap is intentionally ignored",Keep diagnostic only unless future whitelist changes source trust.,DIAGNOSTIC_ONLY,NO,NO
2026-07-26,2026-07-26T23:30:46+01:00,1560205,Paks,Ferencvarosi TC,NB I,TRUSTED_SOURCE_BUT_NO_SCORED_ROW,MISSING_SCORED_ROW,SCORING_NOT_RUN_FOR_TRUSTED_RAW,false,MISSING,trusted raw candidate has no matching scored row,Run/repair scoring enrichment over trusted raw fixture candidates before market translation.,WAIT_SCORING,NO,NO
2026-07-26,2026-07-26T23:30:46+01:00,1560206,Vasas,Gyori ETO FC,NB I,TRUSTED_SOURCE_BUT_NO_SCORED_ROW,MISSING_SCORED_ROW,SCORING_NOT_RUN_FOR_TRUSTED_RAW,false,MISSING,trusted raw candidate has no matching scored row,Run/repair scoring enrichment over trusted raw fixture candidates before market translation.,WAIT_SCORING,NO,NO
2026-07-26,2026-07-26T23:30:46+01:00,1571792,Gyirmot SE,Csakvar,NB II,TRUSTED_SOURCE_BUT_NO_SCORED_ROW,MISSING_SCORED_ROW,SCORING_NOT_RUN_FOR_TRUSTED_RAW,false,MISSING,trusted raw candidate has no matching scored row,Run/repair scoring enrichment over trusted raw fixture candidates before market translation.,WAIT_SCORING,NO,NO
2026-07-26,2026-07-26T23:30:46+01:00,1571794,Soroksar,Mezokovesd-zsory,NB II,TRUSTED_SOURCE_BUT_NO_SCORED_ROW,MISSING_SCORED_ROW,SCORING_NOT_RUN_FOR_TRUSTED_RAW,false,MISSING,trusted raw candidate has no matching scored row,Run/repair scoring enrichment over trusted raw fixture candidates before market translation.,WAIT_SCORING,NO,NO
2026-07-26,2026-07-26T23:30:46+01:00,1571795,Szentlőrinc SE,Karcag SE,NB II,TRUSTED_SOURCE_BUT_NO_SCORED_ROW,MISSING_SCORED_ROW,SCORING_NOT_RUN_FOR_TRUSTED_RAW,false,MISSING,trusted raw candidate has no matching scored row,Run/repair scoring enrichment over trusted raw fixture candidates before market translation.,WAIT_SCORING,NO,NO
2026-07-26,2026-07-26T23:30:46+01:00,1593839,Cigand SE,Eger,NB III - Northeast,TRUSTED_SOURCE_BUT_NO_SCORED_ROW,MISSING_SCORED_ROW,SCORING_NOT_RUN_FOR_TRUSTED_RAW,false,MISSING,trusted raw candidate has no matching scored row,Run/repair scoring enrichment over trusted raw fixture candidates before market translation.,WAIT_SCORING,NO,NO
2026-07-26,2026-07-26T23:30:46+01:00,1593842,Tarpa,Füzesabony,NB III - Northeast,TRUSTED_SOURCE_BUT_NO_SCORED_ROW,MISSING_SCORED_ROW,SCORING_NOT_RUN_FOR_TRUSTED_RAW,false,MISSING,trusted raw candidate has no matching scored row,Run/repair scoring enrichment over trusted raw fixture candidates before market translation.,WAIT_SCORING,NO,NO
2026-07-26,2026-07-26T23:30:46+01:00,1593843,Tiszafuredi VSE,DEAC,NB III - Northeast,TRUSTED_SOURCE_BUT_NO_SCORED_ROW,MISSING_SCORED_ROW,SCORING_NOT_RUN_FOR_TRUSTED_RAW,false,MISSING,trusted raw candidate has no matching scored row,Run/repair scoring enrichment over trusted raw fixture candidates before market translation.,WAIT_SCORING,NO,NO
2026-07-26,2026-07-26T23:30:46+01:00,1594081,Szombathelyi Haladas,SC Sopron,NB III - Northwest,TRUSTED_SOURCE_BUT_NO_SCORED_ROW,MISSING_SCORED_ROW,SCORING_NOT_RUN_FOR_TRUSTED_RAW,false,MISSING,trusted raw candidate has no matching scored row,Run/repair scoring enrichment over trusted raw fixture candidates before market translation.,WAIT_SCORING,NO,NO
2026-07-26,2026-07-26T23:30:46+01:00,1594323,Dabas,Szeged-Csanád II,NB III - Southeast,TRUSTED_SOURCE_BUT_NO_SCORED_ROW,MISSING_SCORED_ROW,SCORING_NOT_RUN_FOR_TRUSTED_RAW,false,MISSING,trusted raw candidate has no matching scored row,Run/repair scoring enrichment over trusted raw fixture candidates before market translation.,WAIT_SCORING,NO,NO
2026-07-26,2026-07-26T23:30:46+01:00,1594319,ESMTK,Monori Se,NB III - Southeast,TRUSTED_SOURCE_BUT_NO_SCORED_ROW,MISSING_SCORED_ROW,SCORING_NOT_RUN_FOR_TRUSTED_RAW,false,MISSING,trusted raw candidate has no matching scored row,Run/repair scoring enrichment over trusted raw fixture candidates before market translation.,WAIT_SCORING,NO,NO
2026-07-26,2026-07-26T23:30:46+01:00,1594563,Majosi,Paksi SE II,NB III - Southwest,TRUSTED_SOURCE_BUT_NO_SCORED_ROW,MISSING_SCORED_ROW,SCORING_NOT_RUN_FOR_TRUSTED_RAW,false,MISSING,trusted raw candidate has no matching scored row,Run/repair scoring enrichment over trusted raw fixture candidates before market translation.,WAIT_SCORING,NO,NO
2026-07-26,2026-07-26T23:30:46+01:00,1594562,PTE-PEAC,Sárbogárd,NB III - Southwest,TRUSTED_SOURCE_BUT_NO_SCORED_ROW,MISSING_SCORED_ROW,SCORING_NOT_RUN_FOR_TRUSTED_RAW,false,MISSING,trusted raw candidate has no matching scored row,Run/repair scoring enrichment over trusted raw fixture candidates before market translation.,WAIT_SCORING,NO,NO
2026-07-26,2026-07-26T23:30:46+01:00,1534069,Vancouver Rise W,Halifax Tides W,Northern Super League,TRUSTED_SOURCE_BUT_NO_SCORED_ROW,MISSING_SCORED_ROW,SCORING_NOT_RUN_FOR_TRUSTED_RAW,false,MISSING,trusted raw candidate has no matching scored row,Run/repair scoring enrichment over trusted raw fixture candidates before market translation.,WAIT_SCORING,NO,NO
2026-07-26,2026-07-26T23:30:46+01:00,1556577,Cambé,City London,Paranaense - 3,TRUSTED_SOURCE_BUT_NO_SCORED_ROW,MISSING_SCORED_ROW,SCORING_NOT_RUN_FOR_TRUSTED_RAW,false,MISSING,trusted raw candidate has no matching scored row,Run/repair scoring enrichment over trusted raw fixture candidates before market translation.,WAIT_SCORING,NO,NO
2026-07-26,2026-07-26T23:30:46+01:00,1556578,Hope Internacional,Iraty,Paranaense - 3,TRUSTED_SOURCE_BUT_NO_SCORED_ROW,MISSING_SCORED_ROW,SCORING_NOT_RUN_FOR_TRUSTED_RAW,false,MISSING,trusted raw candidate has no matching scored row,Run/repair scoring enrichment over trusted raw fixture candidates before market translation.,WAIT_SCORING,NO,NO
2026-07-26,2026-07-26T23:30:46+01:00,1556580,Oeste Brasil,Sport Club PR,Paranaense - 3,TRUSTED_SOURCE_BUT_NO_SCORED_ROW,MISSING_SCORED_ROW,SCORING_NOT_RUN_FOR_TRUSTED_RAW,false,MISSING,trusted raw candidate has no matching scored row,Run/repair scoring enrichment over trusted raw fixture candidates before market translation.,WAIT_SCORING,NO,NO
2026-07-26,2026-07-26T23:30:46+01:00,1556581,Samas,AA Iguaçu,Paranaense - 3,TRUSTED_SOURCE_BUT_NO_SCORED_ROW,MISSING_SCORED_ROW,SCORING_NOT_RUN_FOR_TRUSTED_RAW,false,MISSING,trusted raw candidate has no matching scored row,Run/repair scoring enrichment over trusted raw fixture candidates before market translation.,WAIT_SCORING,NO,NO
2026-07-26,2026-07-26T23:30:46+01:00,1595481,America SP,Itaquá Athletico Clube,Paulista Série B,TRUSTED_SOURCE_BUT_NO_SCORED_ROW,MISSING_SCORED_ROW,SCORING_NOT_RUN_FOR_TRUSTED_RAW,false,MISSING,trusted raw candidate has no matching scored row,Run/repair scoring enrichment over trusted raw fixture candidates before market translation.,WAIT_SCORING,NO,NO
2026-07-26,2026-07-26T23:30:46+01:00,1581852,Kulykiv,Metal Kharkiv,Persha Liga,TRUSTED_SOURCE_BUT_NO_SCORED_ROW,MISSING_SCORED_ROW,SCORING_NOT_RUN_FOR_TRUSTED_RAW,false,MISSING,trusted raw candidate has no matching scored row,Run/repair scoring enrichment over trusted raw fixture candidates before market translation.,WAIT_SCORING,NO,NO
2026-07-26,2026-07-26T23:30:46+01:00,1581855,Probiy Horodenka,Inhulets,Persha Liga,TRUSTED_SOURCE_BUT_NO_SCORED_ROW,MISSING_SCORED_ROW,SCORING_NOT_RUN_FOR_TRUSTED_RAW,false,MISSING,trusted raw candidate has no matching scored row,Run/repair scoring enrichment over trusted raw fixture candidates before market translation.,WAIT_SCORING,NO,NO
2026-07-26,2026-07-26T23:30:46+01:00,1602956,Persebaya Surabaya,Persija,Piala Presiden,TRUSTED_SOURCE_BUT_NO_SCORED_ROW,MISSING_SCORED_ROW,SCORING_NOT_RUN_FOR_TRUSTED_RAW,false,MISSING,trusted raw candidate has no matching scored row,Run/repair scoring enrichment over trusted raw fixture candidates before market translation.,WAIT_SCORING,NO,NO
2026-07-26,2026-07-26T23:30:46+01:00,1599173,Abdish-Ata,Asia Talas,Premier League,TRUSTED_SOURCE_BUT_NO_SCORED_ROW,MISSING_SCORED_ROW,SCORING_NOT_RUN_FOR_TRUSTED_RAW,false,MISSING,trusted raw candidate has no matching scored row,Run/repair scoring enrichment over trusted raw fixture candidates before market translation.,WAIT_SCORING,NO,NO
2026-07-26,2026-07-26T23:30:46+01:00,1599174,Dordoi Bishkek,Alga,Premier League,TRUSTED_SOURCE_BUT_NO_SCORED_ROW,MISSING_SCORED_ROW,SCORING_NOT_RUN_FOR_TRUSTED_RAW,false,MISSING,trusted raw candidate has no matching scored row,Run/repair scoring enrichment over trusted raw fixture candidates before market translation.,WAIT_SCORING,NO,NO
2026-07-26,2026-07-26T23:30:46+01:00,1528037,FC Astana,Altay,Premier League,TRUSTED_SOURCE_BUT_NO_SCORED_ROW,MISSING_SCORED_ROW,SCORING_NOT_RUN_FOR_TRUSTED_RAW,false,MISSING,trusted raw candidate has no matching scored row,Run/repair scoring enrichment over trusted raw fixture candidates before market translation.,WAIT_SCORING,NO,NO
2026-07-26,2026-07-26T23:30:46+01:00,1561336,FC Orenburg,FC Rostov,Premier League,TRUSTED_SOURCE_BUT_NO_SCORED_ROW,MISSING_SCORED_ROW,SCORING_NOT_RUN_FOR_TRUSTED_RAW,false,MISSING,trusted raw candidate has no matching scored row,Run/repair scoring enrichment over trusted raw fixture candidates before market translation.,WAIT_SCORING,NO,NO
2026-07-26,2026-07-26T23:30:46+01:00,1528040,FK Tobol Kostanay,Atyrau,Premier League,TRUSTED_SOURCE_BUT_NO_SCORED_ROW,MISSING_SCORED_ROW,SCORING_NOT_RUN_FOR_TRUSTED_RAW,false,MISSING,trusted raw candidate has no matching scored row,Run/repair scoring enrichment over trusted raw fixture candidates before market translation.,WAIT_SCORING,NO,NO
2026-07-26,2026-07-26T23:30:46+01:00,1528038,Kairat Almaty,Ordabasy,Premier League,TRUSTED_SOURCE_BUT_NO_SCORED_ROW,MISSING_SCORED_ROW,SCORING_NOT_RUN_FOR_TRUSTED_RAW,false,MISSING,trusted raw candidate has no matching scored row,Run/repair scoring enrichment over trusted raw fixture candidates before market translation.,WAIT_SCORING,NO,NO
2026-07-26,2026-07-26T23:30:46+01:00,1528039,Kaspiy,Zhenys,Premier League,TRUSTED_SOURCE_BUT_NO_SCORED_ROW,MISSING_SCORED_ROW,SCORING_NOT_RUN_FOR_TRUSTED_RAW,false,MISSING,trusted raw candidate has no matching scored row,Run/repair scoring enrichment over trusted raw fixture candidates before market translation.,WAIT_SCORING,NO,NO
2026-07-26,2026-07-26T23:30:46+01:00,1561335,Lokomotiv,Akhmat,Premier League,TRUSTED_SOURCE_BUT_NO_SCORED_ROW,MISSING_SCORED_ROW,SCORING_NOT_RUN_FOR_TRUSTED_RAW,false,MISSING,trusted raw candidate has no matching scored row,Run/repair scoring enrichment over trusted raw fixture candidates before market translation.,WAIT_SCORING,NO,NO
2026-07-26,2026-07-26T23:30:46+01:00,1561337,Rubin,FC Krasnodar,Premier League,TRUSTED_SOURCE_BUT_NO_SCORED_ROW,MISSING_SCORED_ROW,SCORING_NOT_RUN_FOR_TRUSTED_RAW,false,MISSING,trusted raw candidate has no matching scored row,Run/repair scoring enrichment over trusted raw fixture candidates before market translation.,WAIT_SCORING,NO,NO
2026-07-26,2026-07-26T23:30:46+01:00,1601067,Tsirang,Transport United,Premier League,TRUSTED_SOURCE_BUT_NO_SCORED_ROW,MISSING_SCORED_ROW,SCORING_NOT_RUN_FOR_TRUSTED_RAW,false,MISSING,trusted raw candidate has no matching scored row,Run/repair scoring enrichment over trusted raw fixture candidates before market translation.,WAIT_SCORING,NO,NO
2026-07-26,2026-07-26T23:30:46+01:00,1528042,Yelimay Semey,Kaisar,Premier League,TRUSTED_SOURCE_BUT_NO_SCORED_ROW,MISSING_SCORED_ROW,SCORING_NOT_RUN_FOR_TRUSTED_RAW,false,MISSING,trusted raw candidate has no matching scored row,Run/repair scoring enrichment over trusted raw fixture candidates before market translation.,WAIT_SCORING,NO,NO
2026-07-26,2026-07-26T23:30:46+01:00,1589382,Bulawayo Chiefs,Kariba,Premier Soccer League,TRUSTED_SOURCE_BUT_NO_SCORED_ROW,MISSING_SCORED_ROW,SCORING_NOT_RUN_FOR_TRUSTED_RAW,false,MISSING,trusted raw candidate has no matching scored row,Run/repair scoring enrichment over trusted raw fixture candidates before market translation.,WAIT_SCORING,NO,NO
2026-07-26,2026-07-26T23:30:46+01:00,1603281,Dynamos,Scotland Mabvuku,Premier Soccer League,TRUSTED_SOURCE_BUT_NO_SCORED_ROW,MISSING_SCORED_ROW,SCORING_NOT_RUN_FOR_TRUSTED_RAW,false,MISSING,trusted raw candidate has no matching scored row,Run/repair scoring enrichment over trusted raw fixture candidates before market translation.,WAIT_SCORING,NO,NO
2026-07-26,2026-07-26T23:30:46+01:00,1589383,Highlanders,Chicken Inn,Premier Soccer League,TRUSTED_SOURCE_BUT_NO_SCORED_ROW,MISSING_SCORED_ROW,SCORING_NOT_RUN_FOR_TRUSTED_RAW,false,MISSING,trusted raw candidate has no matching scored row,Run/repair scoring enrichment over trusted raw fixture candidates before market translation.,WAIT_SCORING,NO,NO
2026-07-26,2026-07-26T23:30:46+01:00,1589384,Hunters,Herentals,Premier Soccer League,TRUSTED_SOURCE_BUT_NO_SCORED_ROW,MISSING_SCORED_ROW,SCORING_NOT_RUN_FOR_TRUSTED_RAW,false,MISSING,trusted raw candidate has no matching scored row,Run/repair scoring enrichment over trusted raw fixture candidates before market translation.,WAIT_SCORING,NO,NO
2026-07-26,2026-07-26T23:30:46+01:00,1589385,Manica Diamonds,Triangle United,Premier Soccer League,TRUSTED_SOURCE_BUT_NO_SCORED_ROW,MISSING_SCORED_ROW,SCORING_NOT_RUN_FOR_TRUSTED_RAW,false,MISSING,trusted raw candidate has no matching scored row,Run/repair scoring enrichment over trusted raw fixture candidates before market translation.,WAIT_SCORING,NO,NO
2026-07-26,2026-07-26T23:30:46+01:00,1589386,Ngezi Platinum,Hardrock,Premier Soccer League,TRUSTED_SOURCE_BUT_NO_SCORED_ROW,MISSING_SCORED_ROW,SCORING_NOT_RUN_FOR_TRUSTED_RAW,false,MISSING,trusted raw candidate has no matching scored row,Run/repair scoring enrichment over trusted raw fixture candidates before market translation.,WAIT_SCORING,NO,NO
2026-07-26,2026-07-26T23:30:46+01:00,1589387,Simba Bhora,Agama,Premier Soccer League,TRUSTED_SOURCE_BUT_NO_SCORED_ROW,MISSING_SCORED_ROW,SCORING_NOT_RUN_FOR_TRUSTED_RAW,false,MISSING,trusted raw candidate has no matching scored row,Run/repair scoring enrichment over trusted raw fixture candidates before market translation.,WAIT_SCORING,NO,NO
2026-07-26,2026-07-26T23:30:46+01:00,1589388,TelOne,CAPS United,Premier Soccer League,TRUSTED_SOURCE_BUT_NO_SCORED_ROW,MISSING_SCORED_ROW,SCORING_NOT_RUN_FOR_TRUSTED_RAW,false,MISSING,trusted raw candidate has no matching scored row,Run/repair scoring enrichment over trusted raw fixture candidates before market translation.,WAIT_SCORING,NO,NO
2026-07-26,2026-07-26T23:30:46+01:00,1592163,Chiba,CPK,Primeira Divisão,TRUSTED_SOURCE_BUT_NO_SCORED_ROW,MISSING_SCORED_ROW,SCORING_NOT_RUN_FOR_TRUSTED_RAW,false,MISSING,trusted raw candidate has no matching scored row,Run/repair scoring enrichment over trusted raw fixture candidates before market translation.,WAIT_SCORING,NO,NO
2026-07-26,2026-07-26T23:30:46+01:00,1549689,Internacional de Bogota,America de Cali,Primera A,TRUSTED_SOURCE_BUT_NO_SCORED_ROW,MISSING_SCORED_ROW,SCORING_NOT_RUN_FOR_TRUSTED_RAW,false,MISSING,trusted raw candidate has no matching scored row,Run/repair scoring enrichment over trusted raw fixture candidates before market translation.,WAIT_SCORING,NO,NO
2026-07-26,2026-07-26T23:30:46+01:00,1549683,Águilas Doradas,Santa Fe,Primera A,TRUSTED_SOURCE_BUT_NO_SCORED_ROW,MISSING_SCORED_ROW,SCORING_NOT_RUN_FOR_TRUSTED_RAW,false,MISSING,trusted raw candidate has no matching scored row,Run/repair scoring enrichment over trusted raw fixture candidates before market translation.,WAIT_SCORING,NO,NO
2026-07-26,2026-07-26T23:30:46+01:00,1511620,D. Puerto Montt,Antofagasta,Primera B,TRUSTED_SOURCE_BUT_NO_SCORED_ROW,MISSING_SCORED_ROW,SCORING_NOT_RUN_FOR_TRUSTED_RAW,false,MISSING,trusted raw candidate has no matching scored row,Run/repair scoring enrichment over trusted raw fixture candidates before market translation.,WAIT_SCORING,NO,NO
2026-07-26,2026-07-26T23:30:46+01:00,1549567,Orsomarso,Barranquilla,Primera B,TRUSTED_SOURCE_BUT_NO_SCORED_ROW,MISSING_SCORED_ROW,SCORING_NOT_RUN_FOR_TRUSTED_RAW,false,MISSING,trusted raw candidate has no matching scored row,Run/repair scoring enrichment over trusted raw fixture candidates before market translation.,WAIT_SCORING,NO,NO
2026-07-26,2026-07-26T23:30:46+01:00,1549568,Patriotas,Internacional Palmira,Primera B,TRUSTED_SOURCE_BUT_NO_SCORED_ROW,MISSING_SCORED_ROW,SCORING_NOT_RUN_FOR_TRUSTED_RAW,false,MISSING,trusted raw candidate has no matching scored row,Run/repair scoring enrichment over trusted raw fixture candidates before market translation.,WAIT_SCORING,NO,NO
2026-07-26,2026-07-26T23:30:46+01:00,1511621,Rangers de Talca,Deportes Copiapo,Primera B,TRUSTED_SOURCE_BUT_NO_SCORED_ROW,MISSING_SCORED_ROW,SCORING_NOT_RUN_FOR_TRUSTED_RAW,false,MISSING,trusted raw candidate has no matching scored row,Run/repair scoring enrichment over trusted raw fixture candidates before market translation.,WAIT_SCORING,NO,NO
2026-07-26,2026-07-26T23:30:46+01:00,1511622,San Marcos de Arica,Magallanes,Primera B,TRUSTED_SOURCE_BUT_NO_SCORED_ROW,MISSING_SCORED_ROW,SCORING_NOT_RUN_FOR_TRUSTED_RAW,false,MISSING,trusted raw candidate has no matching scored row,Run/repair scoring enrichment over trusted raw fixture candidates before market translation.,WAIT_SCORING,NO,NO
2026-07-26,2026-07-26T23:30:46+01:00,1499550,Deportivo Laferrere,Talleres Remedios,Primera B Metropolitana,TRUSTED_SOURCE_BUT_NO_SCORED_ROW,MISSING_SCORED_ROW,SCORING_NOT_RUN_FOR_TRUSTED_RAW,false,MISSING,trusted raw candidate has no matching scored row,Run/repair scoring enrichment over trusted raw fixture candidates before market translation.,WAIT_SCORING,NO,NO
2026-07-26,2026-07-26T23:30:46+01:00,1500013,General Lamadrid,Claypole,Primera C,TRUSTED_SOURCE_BUT_NO_SCORED_ROW,MISSING_SCORED_ROW,SCORING_NOT_RUN_FOR_TRUSTED_RAW,false,MISSING,trusted raw candidate has no matching scored row,Run/repair scoring enrichment over trusted raw fixture candidates before market translation.,WAIT_SCORING,NO,NO
2026-07-26,2026-07-26T23:30:46+01:00,1500014,Juventud Unida,Defensores de Cambaceres,Primera C,TRUSTED_SOURCE_BUT_NO_SCORED_ROW,MISSING_SCORED_ROW,SCORING_NOT_RUN_FOR_TRUSTED_RAW,false,MISSING,trusted raw candidate has no matching scored row,Run/repair scoring enrichment over trusted raw fixture candidates before market translation.,WAIT_SCORING,NO,NO
2026-07-26,2026-07-26T23:30:46+01:00,1500010,Lujan,Central Ballester,Primera C,TRUSTED_SOURCE_BUT_NO_SCORED_ROW,MISSING_SCORED_ROW,SCORING_NOT_RUN_FOR_TRUSTED_RAW,false,MISSING,trusted raw candidate has no matching scored row,Run/repair scoring enrichment over trusted raw fixture candidates before market translation.,WAIT_SCORING,NO,NO
2026-07-26,2026-07-26T23:30:46+01:00,1599458,Fuerte San Francisco,Platense,Primera Division,TRUSTED_SOURCE_BUT_NO_SCORED_ROW,MISSING_SCORED_ROW,SCORING_NOT_RUN_FOR_TRUSTED_RAW,false,MISSING,trusted raw candidate has no matching scored row,Run/repair scoring enrichment over trusted raw fixture candidates before market translation.,WAIT_SCORING,NO,NO
2026-07-26,2026-07-26T23:30:46+01:00,1586088,H&H Export,San Marcos,Primera Division,TRUSTED_SOURCE_BUT_NO_SCORED_ROW,MISSING_SCORED_ROW,SCORING_NOT_RUN_FOR_TRUSTED_RAW,false,MISSING,trusted raw candidate has no matching scored row,Run/repair scoring enrichment over trusted raw fixture candidates before market translation.,WAIT_SCORING,NO,NO
2026-07-26,2026-07-26T23:30:46+01:00,1599457,Águila,Firpo,Primera Division,TRUSTED_SOURCE_BUT_NO_SCORED_ROW,MISSING_SCORED_ROW,SCORING_NOT_RUN_FOR_TRUSTED_RAW,false,MISSING,trusted raw candidate has no matching scored row,Run/repair scoring enrichment over trusted raw fixture candidates before market translation.,WAIT_SCORING,NO,NO
2026-07-26,2026-07-26T23:30:46+01:00,1505467,A. Italiano,Universidad de Chile,Primera División,TRUSTED_SOURCE_BUT_NO_SCORED_ROW,MISSING_SCORED_ROW,SCORING_NOT_RUN_FOR_TRUSTED_RAW,false,MISSING,trusted raw candidate has no matching scored row,Run/repair scoring enrichment over trusted raw fixture candidates before market translation.,WAIT_SCORING,NO,NO
2026-07-26,2026-07-26T23:30:46+01:00,1545384,Blooming,The Strongest,Primera División,TRUSTED_SOURCE_BUT_NO_SCORED_ROW,MISSING_SCORED_ROW,SCORING_NOT_RUN_FOR_TRUSTED_RAW,false,MISSING,trusted raw candidate has no matching scored row,Run/repair scoring enrichment over trusted raw fixture candidates before market translation.,WAIT_SCORING,NO,NO
2026-07-26,2026-07-26T23:30:46+01:00,1545383,Bolívar,Real Potosí,Primera División,TRUSTED_SOURCE_BUT_NO_SCORED_ROW,MISSING_SCORED_ROW,SCORING_NOT_RUN_FOR_TRUSTED_RAW,false,MISSING,trusted raw candidate has no matching scored row,Run/repair scoring enrichment over trusted raw fixture candidates before market translation.,WAIT_SCORING,NO,NO
2026-07-26,2026-07-26T23:30:46+01:00,1549421,Comerciantes Unidos,Alianza Lima,Primera División,TRUSTED_SOURCE_BUT_NO_SCORED_ROW,MISSING_SCORED_ROW,SCORING_NOT_RUN_FOR_TRUSTED_RAW,false,MISSING,trusted raw candidate has no matching scored row,Run/repair scoring enrichment over trusted raw fixture candidates before market translation.,WAIT_SCORING,NO,NO
2026-07-26,2026-07-26T23:30:46+01:00,1505471,Nublense,Palestino,Primera División,TRUSTED_SOURCE_BUT_NO_SCORED_ROW,MISSING_SCORED_ROW,SCORING_NOT_RUN_FOR_TRUSTED_RAW,false,MISSING,trusted raw candidate has no matching scored row,Run/repair scoring enrichment over trusted raw fixture candidates before market translation.,WAIT_SCORING,NO,NO
2026-07-26,2026-07-26T23:30:46+01:00,1549420,UTC Cajamarca,UCV Moquegua,Primera División,TRUSTED_SOURCE_BUT_NO_SCORED_ROW,MISSING_SCORED_ROW,SCORING_NOT_RUN_FOR_TRUSTED_RAW,false,MISSING,trusted raw candidate has no matching scored row,Run/repair scoring enrichment over trusted raw fixture candidates before market translation.,WAIT_SCORING,NO,NO
2026-07-26,2026-07-26T23:30:46+01:00,1576800,Cerro,Racing Montevideo,Primera División - Apertura,TRUSTED_SOURCE_BUT_NO_SCORED_ROW,MISSING_SCORED_ROW,SCORING_NOT_RUN_FOR_TRUSTED_RAW,false,MISSING,trusted raw candidate has no matching scored row,Run/repair scoring enrichment over trusted raw fixture candidates before market translation.,WAIT_SCORING,NO,NO
2026-07-26,2026-07-26T23:30:46+01:00,1498667,Agropecuario,San Martin S.J.,Primera Nacional,TRUSTED_SOURCE_BUT_NO_SCORED_ROW,MISSING_SCORED_ROW,SCORING_NOT_RUN_FOR_TRUSTED_RAW,false,MISSING,trusted raw candidate has no matching scored row,Run/repair scoring enrichment over trusted raw fixture candidates before market translation.,WAIT_SCORING,NO,NO
2026-07-26,2026-07-26T23:30:46+01:00,1498668,All Boys,Defensores De Belgrano,Primera Nacional,TRUSTED_SOURCE_BUT_NO_SCORED_ROW,MISSING_SCORED_ROW,SCORING_NOT_RUN_FOR_TRUSTED_RAW,false,MISSING,trusted raw candidate has no matching scored row,Run/repair scoring enrichment over trusted raw fixture candidates before market translation.,WAIT_SCORING,NO,NO
2026-07-26,2026-07-26T23:30:46+01:00,1498672,Atletico Mitre,Almirante Brown,Primera Nacional,TRUSTED_SOURCE_BUT_NO_SCORED_ROW,MISSING_SCORED_ROW,SCORING_NOT_RUN_FOR_TRUSTED_RAW,false,MISSING,trusted raw candidate has no matching scored row,Run/repair scoring enrichment over trusted raw fixture candidates before market translation.,WAIT_SCORING,NO,NO
2026-07-26,2026-07-26T23:30:46+01:00,1498673,Colon Santa Fe,Chaco For Ever,Primera Nacional,TRUSTED_SOURCE_BUT_NO_SCORED_ROW,MISSING_SCORED_ROW,SCORING_NOT_RUN_FOR_TRUSTED_RAW,false,MISSING,trusted raw candidate has no matching scored row,Run/repair scoring enrichment over trusted raw fixture candidates before market translation.,WAIT_SCORING,NO,NO
2026-07-26,2026-07-26T23:30:46+01:00,1498674,Deportivo Moron,Ferro Carril Oeste,Primera Nacional,TRUSTED_SOURCE_BUT_NO_SCORED_ROW,MISSING_SCORED_ROW,SCORING_NOT_RUN_FOR_TRUSTED_RAW,false,MISSING,trusted raw candidate has no matching scored row,Run/repair scoring enrichment over trusted raw fixture candidates before market translation.,WAIT_SCORING,NO,NO
2026-07-26,2026-07-26T23:30:46+01:00,1498675,Gimnasia Jujuy,Club Atlético Güemes,Primera Nacional,TRUSTED_SOURCE_BUT_NO_SCORED_ROW,MISSING_SCORED_ROW,SCORING_NOT_RUN_FOR_TRUSTED_RAW,false,MISSING,trusted raw candidate has no matching scored row,Run/repair scoring enrichment over trusted raw fixture candidates before market translation.,WAIT_SCORING,NO,NO
2026-07-26,2026-07-26T23:30:46+01:00,1498676,Gimnasia Y Tiro,Deportivo Maipu,Primera Nacional,TRUSTED_SOURCE_BUT_NO_SCORED_ROW,MISSING_SCORED_ROW,SCORING_NOT_RUN_FOR_TRUSTED_RAW,false,MISSING,trusted raw candidate has no matching scored row,Run/repair scoring enrichment over trusted raw fixture candidates before market translation.,WAIT_SCORING,NO,NO
2026-07-26,2026-07-26T23:30:46+01:00,1498677,Godoy Cruz,Central Norte,Primera Nacional,TRUSTED_SOURCE_BUT_NO_SCORED_ROW,MISSING_SCORED_ROW,SCORING_NOT_RUN_FOR_TRUSTED_RAW,false,MISSING,trusted raw candidate has no matching scored row,Run/repair scoring enrichment over trusted raw fixture candidates before market translation.,WAIT_SCORING,NO,NO
2026-07-26,2026-07-26T23:30:46+01:00,1498678,Los Andes,Deportivo Madryn,Primera Nacional,TRUSTED_SOURCE_BUT_NO_SCORED_ROW,MISSING_SCORED_ROW,SCORING_NOT_RUN_FOR_TRUSTED_RAW,false,MISSING,trusted raw candidate has no matching scored row,Run/repair scoring enrichment over trusted raw fixture candidates before market translation.,WAIT_SCORING,NO,NO
2026-07-26,2026-07-26T23:30:46+01:00,1498679,Midland,Patronato,Primera Nacional,TRUSTED_SOURCE_BUT_NO_SCORED_ROW,MISSING_SCORED_ROW,SCORING_NOT_RUN_FOR_TRUSTED_RAW,false,MISSING,trusted raw candidate has no matching scored row,Run/repair scoring enrichment over trusted raw fixture candidates before market translation.,WAIT_SCORING,NO,NO
2026-07-26,2026-07-26T23:30:46+01:00,1498680,Quilmes,Colegiales,Primera Nacional,TRUSTED_SOURCE_BUT_NO_SCORED_ROW,MISSING_SCORED_ROW,SCORING_NOT_RUN_FOR_TRUSTED_RAW,false,MISSING,trusted raw candidate has no matching scored row,Run/repair scoring enrichment over trusted raw fixture candidates before market translation.,WAIT_SCORING,NO,NO
2026-07-26,2026-07-26T23:30:46+01:00,1498681,Racing Cordoba,San Telmo,Primera Nacional,TRUSTED_SOURCE_BUT_NO_SCORED_ROW,MISSING_SCORED_ROW,SCORING_NOT_RUN_FOR_TRUSTED_RAW,false,MISSING,trusted raw candidate has no matching scored row,Run/repair scoring enrichment over trusted raw fixture candidates before market translation.,WAIT_SCORING,NO,NO
2026-07-26,2026-07-26T23:30:46+01:00,1498683,San Miguel,Acassuso,Primera Nacional,TRUSTED_SOURCE_BUT_NO_SCORED_ROW,MISSING_SCORED_ROW,SCORING_NOT_RUN_FOR_TRUSTED_RAW,false,MISSING,trusted raw candidate has no matching scored row,Run/repair scoring enrichment over trusted raw fixture candidates before market translation.,WAIT_SCORING,NO,NO
2026-07-26,2026-07-26T23:30:46+01:00,1536012,Dynamo Makhachkala II,Rostov II,Second League - Group 1,TRUSTED_SOURCE_BUT_NO_SCORED_ROW,MISSING_SCORED_ROW,SCORING_NOT_RUN_FOR_TRUSTED_RAW,false,MISSING,trusted raw candidate has no matching scored row,Run/repair scoring enrichment over trusted raw fixture candidates before market translation.,WAIT_SCORING,NO,NO
2026-07-26,2026-07-26T23:30:46+01:00,1536408,Baltika II,Irkutsk,Second League - Group 2,TRUSTED_SOURCE_BUT_NO_SCORED_ROW,MISSING_SCORED_ROW,SCORING_NOT_RUN_FOR_TRUSTED_RAW,false,MISSING,trusted raw candidate has no matching scored row,Run/repair scoring enrichment over trusted raw fixture candidates before market translation.,WAIT_SCORING,NO,NO
2026-07-26,2026-07-26T23:30:46+01:00,1536409,Cherepovets,Iskra Smolensk,Second League - Group 2,TRUSTED_SOURCE_BUT_NO_SCORED_ROW,MISSING_SCORED_ROW,SCORING_NOT_RUN_FOR_TRUSTED_RAW,false,MISSING,trusted raw candidate has no matching scored row,Run/repair scoring enrichment over trusted raw fixture candidates before market translation.,WAIT_SCORING,NO,NO
2026-07-26,2026-07-26T23:30:46+01:00,1536410,Chertanovo Moscow,Zvezda St. Petersburg,Second League - Group 2,TRUSTED_SOURCE_BUT_NO_SCORED_ROW,MISSING_SCORED_ROW,SCORING_NOT_RUN_FOR_TRUSTED_RAW,false,MISSING,trusted raw candidate has no matching scored row,Run/repair scoring enrichment over trusted raw fixture candidates before market translation.,WAIT_SCORING,NO,NO
2026-07-26,2026-07-26T23:30:46+01:00,1536639,Arsenal Tula II,Ryazan,Second League - Group 3,TRUSTED_SOURCE_BUT_NO_SCORED_ROW,MISSING_SCORED_ROW,SCORING_NOT_RUN_FOR_TRUSTED_RAW,false,MISSING,trusted raw candidate has no matching scored row,Run/repair scoring enrichment over trusted raw fixture candidates before market translation.,WAIT_SCORING,NO,NO
2026-07-26,2026-07-26T23:30:46+01:00,1536856,Nosta,Izhevsk,Second League - Group 4,TRUSTED_SOURCE_BUT_NO_SCORED_ROW,MISSING_SCORED_ROW,SCORING_NOT_RUN_FOR_TRUSTED_RAW,false,MISSING,trusted raw candidate has no matching scored row,Run/repair scoring enrichment over trusted raw fixture candidates before market translation.,WAIT_SCORING,NO,NO
2026-07-26,2026-07-26T23:30:46+01:00,1536859,Rubin Kazan 2,KDV,Second League - Group 4,TRUSTED_SOURCE_BUT_NO_SCORED_ROW,MISSING_SCORED_ROW,SCORING_NOT_RUN_FOR_TRUSTED_RAW,false,MISSING,trusted raw candidate has no matching scored row,Run/repair scoring enrichment over trusted raw fixture candidates before market translation.,WAIT_SCORING,NO,NO
2026-07-26,2026-07-26T23:30:46+01:00,1565428,Dinamo Bryansk,Alaniya Vladikavkaz,Second League A - Division A Gold,TRUSTED_SOURCE_BUT_NO_SCORED_ROW,MISSING_SCORED_ROW,SCORING_NOT_RUN_FOR_TRUSTED_RAW,false,MISSING,trusted raw candidate has no matching scored row,Run/repair scoring enrichment over trusted raw fixture candidates before market translation.,WAIT_SCORING,NO,NO
2026-07-26,2026-07-26T23:30:46+01:00,1565431,FK Sokol Saratov,Dinamo Kirov,Second League A - Division A Gold,TRUSTED_SOURCE_BUT_NO_SCORED_ROW,MISSING_SCORED_ROW,SCORING_NOT_RUN_FOR_TRUSTED_RAW,false,MISSING,trusted raw candidate has no matching scored row,Run/repair scoring enrichment over trusted raw fixture candidates before market translation.,WAIT_SCORING,NO,NO
2026-07-26,2026-07-26T23:30:46+01:00,1565430,Kaluga,Novosibirsk,Second League A - Division A Gold,TRUSTED_SOURCE_BUT_NO_SCORED_ROW,MISSING_SCORED_ROW,SCORING_NOT_RUN_FOR_TRUSTED_RAW,false,MISSING,trusted raw candidate has no matching scored row,Run/repair scoring enrichment over trusted raw fixture candidates before market translation.,WAIT_SCORING,NO,NO
2026-07-26,2026-07-26T23:30:46+01:00,1565432,Volgar Astrakhan,Mashuk-KMV,Second League A - Division A Gold,TRUSTED_SOURCE_BUT_NO_SCORED_ROW,MISSING_SCORED_ROW,SCORING_NOT_RUN_FOR_TRUSTED_RAW,false,MISSING,trusted raw candidate has no matching scored row,Run/repair scoring enrichment over trusted raw fixture candidates before market translation.,WAIT_SCORING,NO,NO
2026-07-26,2026-07-26T23:30:46+01:00,1559529,Ayacucho FC,Santos,Segunda División,TRUSTED_SOURCE_BUT_NO_SCORED_ROW,MISSING_SCORED_ROW,SCORING_NOT_RUN_FOR_TRUSTED_RAW,false,MISSING,trusted raw candidate has no matching scored row,Run/repair scoring enrichment over trusted raw fixture candidates before market translation.,WAIT_SCORING,NO,NO
2026-07-26,2026-07-26T23:30:46+01:00,1599175,Bolívar,Mineros de Guyana,Segunda División,TRUSTED_SOURCE_BUT_NO_SCORED_ROW,MISSING_SCORED_ROW,SCORING_NOT_RUN_FOR_TRUSTED_RAW,false,MISSING,trusted raw candidate has no matching scored row,Run/repair scoring enrichment over trusted raw fixture candidates before market translation.,WAIT_SCORING,NO,NO
2026-07-26,2026-07-26T23:30:46+01:00,1559531,Deportiva Agropecuaria,Molinos El Pirata,Segunda División,TRUSTED_SOURCE_BUT_NO_SCORED_ROW,MISSING_SCORED_ROW,SCORING_NOT_RUN_FOR_TRUSTED_RAW,false,MISSING,trusted raw candidate has no matching scored row,Run/repair scoring enrichment over trusted raw fixture candidates before market translation.,WAIT_SCORING,NO,NO
2026-07-26,2026-07-26T23:30:46+01:00,1559530,Deportivo Binacional,Bentín Tacna Heroica,Segunda División,TRUSTED_SOURCE_BUT_NO_SCORED_ROW,MISSING_SCORED_ROW,SCORING_NOT_RUN_FOR_TRUSTED_RAW,false,MISSING,trusted raw candidate has no matching scored row,Run/repair scoring enrichment over trusted raw fixture candidates before market translation.,WAIT_SCORING,NO,NO
2026-07-26,2026-07-26T23:30:46+01:00,1599177,Dinamo de Puerto La Cruz,Monagas II,Segunda División,TRUSTED_SOURCE_BUT_NO_SCORED_ROW,MISSING_SCORED_ROW,SCORING_NOT_RUN_FOR_TRUSTED_RAW,false,MISSING,trusted raw candidate has no matching scored row,Run/repair scoring enrichment over trusted raw fixture candidates before market translation.,WAIT_SCORING,NO,NO
2026-07-26,2026-07-26T23:30:46+01:00,1584335,Fenix,Atenas,Segunda División,TRUSTED_SOURCE_BUT_NO_SCORED_ROW,MISSING_SCORED_ROW,SCORING_NOT_RUN_FOR_TRUSTED_RAW,false,MISSING,trusted raw candidate has no matching scored row,Run/repair scoring enrichment over trusted raw fixture candidates before market translation.,WAIT_SCORING,NO,NO
2026-07-26,2026-07-26T23:30:46+01:00,1595452,General Velásquez,Trasandino,Segunda División,TRUSTED_SOURCE_BUT_NO_SCORED_ROW,MISSING_SCORED_ROW,SCORING_NOT_RUN_FOR_TRUSTED_RAW,false,MISSING,trusted raw candidate has no matching scored row,Run/repair scoring enrichment over trusted raw fixture candidates before market translation.,WAIT_SCORING,NO,NO
2026-07-26,2026-07-26T23:30:46+01:00,1584336,Miramar,La Luz,Segunda División,TRUSTED_SOURCE_BUT_NO_SCORED_ROW,MISSING_SCORED_ROW,SCORING_NOT_RUN_FOR_TRUSTED_RAW,false,MISSING,trusted raw candidate has no matching scored row,Run/repair scoring enrichment over trusted raw fixture candidates before market translation.,WAIT_SCORING,NO,NO
2026-07-26,2026-07-26T23:30:46+01:00,1599176,Petare FC,Aragua FC,Segunda División,TRUSTED_SOURCE_BUT_NO_SCORED_ROW,MISSING_SCORED_ROW,SCORING_NOT_RUN_FOR_TRUSTED_RAW,false,MISSING,trusted raw candidate has no matching scored row,Run/repair scoring enrichment over trusted raw fixture candidates before market translation.,WAIT_SCORING,NO,NO
2026-07-26,2026-07-26T23:30:46+01:00,1589355,ABC,Luverdense,Serie D,TRUSTED_SOURCE_BUT_NO_SCORED_ROW,MISSING_SCORED_ROW,SCORING_NOT_RUN_FOR_TRUSTED_RAW,false,MISSING,trusted raw candidate has no matching scored row,Run/repair scoring enrichment over trusted raw fixture candidates before market translation.,WAIT_SCORING,NO,NO
2026-07-26,2026-07-26T23:30:46+01:00,1589356,ASA,Cianorte,Serie D,TRUSTED_SOURCE_BUT_NO_SCORED_ROW,MISSING_SCORED_ROW,SCORING_NOT_RUN_FOR_TRUSTED_RAW,false,MISSING,trusted raw candidate has no matching scored row,Run/repair scoring enrichment over trusted raw fixture candidates before market translation.,WAIT_SCORING,NO,NO
2026-07-26,2026-07-26T23:30:46+01:00,1589357,CSA,São Luiz,Serie D,TRUSTED_SOURCE_BUT_NO_SCORED_ROW,MISSING_SCORED_ROW,SCORING_NOT_RUN_FOR_TRUSTED_RAW,false,MISSING,trusted raw candidate has no matching scored row,Run/repair scoring enrichment over trusted raw fixture candidates before market translation.,WAIT_SCORING,NO,NO
2026-07-26,2026-07-26T23:30:46+01:00,1589358,Ferroviario,Goiatuba EC,Serie D,TRUSTED_SOURCE_BUT_NO_SCORED_ROW,MISSING_SCORED_ROW,SCORING_NOT_RUN_FOR_TRUSTED_RAW,false,MISSING,trusted raw candidate has no matching scored row,Run/repair scoring enrichment over trusted raw fixture candidates before market translation.,WAIT_SCORING,NO,NO
2026-07-26,2026-07-26T23:30:46+01:00,1589359,Gama,America-RN,Serie D,TRUSTED_SOURCE_BUT_NO_SCORED_ROW,MISSING_SCORED_ROW,SCORING_NOT_RUN_FOR_TRUSTED_RAW,false,MISSING,trusted raw candidate has no matching scored row,Run/repair scoring enrichment over trusted raw fixture candidates before market translation.,WAIT_SCORING,NO,NO
2026-07-26,2026-07-26T23:30:46+01:00,1589362,Treze,Sao Jose,Serie D,TRUSTED_SOURCE_BUT_NO_SCORED_ROW,MISSING_SCORED_ROW,SCORING_NOT_RUN_FOR_TRUSTED_RAW,false,MISSING,trusted raw candidate has no matching scored row,Run/repair scoring enrichment over trusted raw fixture candidates before market translation.,WAIT_SCORING,NO,NO
2026-07-26,2026-07-26T23:30:46+01:00,1538661,Be Forward Wanderers,Masters FC,Super League,TRUSTED_SOURCE_BUT_NO_SCORED_ROW,MISSING_SCORED_ROW,SCORING_NOT_RUN_FOR_TRUSTED_RAW,false,MISSING,trusted raw candidate has no matching scored row,Run/repair scoring enrichment over trusted raw fixture candidates before market translation.,WAIT_SCORING,NO,NO
2026-07-26,2026-07-26T23:30:46+01:00,1516074,Bunyodkor,Pakhtakor,Super League,TRUSTED_SOURCE_BUT_NO_SCORED_ROW,MISSING_SCORED_ROW,SCORING_NOT_RUN_FOR_TRUSTED_RAW,false,MISSING,trusted raw candidate has no matching scored row,Run/repair scoring enrichment over trusted raw fixture candidates before market translation.,WAIT_SCORING,NO,NO
2026-07-26,2026-07-26T23:30:46+01:00,1523216,Chengdu Better City,Beijing Guoan,Super League,TRUSTED_SOURCE_BUT_NO_SCORED_ROW,MISSING_SCORED_ROW,SCORING_NOT_RUN_FOR_TRUSTED_RAW,false,MISSING,trusted raw candidate has no matching scored row,Run/repair scoring enrichment over trusted raw fixture candidates before market translation.,WAIT_SCORING,NO,NO
2026-07-26,2026-07-26T23:30:46+01:00,1523218,Hangzhou Greentown,Dalian Zhixing,Super League,TRUSTED_SOURCE_BUT_NO_SCORED_ROW,MISSING_SCORED_ROW,SCORING_NOT_RUN_FOR_TRUSTED_RAW,false,MISSING,trusted raw candidate has no matching scored row,Run/repair scoring enrichment over trusted raw fixture candidates before market translation.,WAIT_SCORING,NO,NO
2026-07-26,2026-07-26T23:30:46+01:00,1538660,Kamuzu Barracks,MAFCO,Super League,TRUSTED_SOURCE_BUT_NO_SCORED_ROW,MISSING_SCORED_ROW,SCORING_NOT_RUN_FOR_TRUSTED_RAW,false,MISSING,trusted raw candidate has no matching scored row,Run/repair scoring enrichment over trusted raw fixture candidates before market translation.,WAIT_SCORING,NO,NO
2026-07-26,2026-07-26T23:30:46+01:00,1538657,Karonga United,Creck,Super League,TRUSTED_SOURCE_BUT_NO_SCORED_ROW,MISSING_SCORED_ROW,SCORING_NOT_RUN_FOR_TRUSTED_RAW,false,MISSING,trusted raw candidate has no matching scored row,Run/repair scoring enrichment over trusted raw fixture candidates before market translation.,WAIT_SCORING,NO,NO
2026-07-26,2026-07-26T23:30:46+01:00,1538658,Mitundu Baptist,Silver Strikers,Super League,TRUSTED_SOURCE_BUT_NO_SCORED_ROW,MISSING_SCORED_ROW,SCORING_NOT_RUN_FOR_TRUSTED_RAW,false,MISSING,trusted raw candidate has no matching scored row,Run/repair scoring enrichment over trusted raw fixture candidates before market translation.,WAIT_SCORING,NO,NO
2026-07-26,2026-07-26T23:30:46+01:00,1523217,Shandong Luneng,Henan Jianye,Super League,TRUSTED_SOURCE_BUT_NO_SCORED_ROW,MISSING_SCORED_ROW,SCORING_NOT_RUN_FOR_TRUSTED_RAW,false,MISSING,trusted raw candidate has no matching scored row,Run/repair scoring enrichment over trusted raw fixture candidates before market translation.,WAIT_SCORING,NO,NO
2026-07-26,2026-07-26T23:30:46+01:00,1523215,Yunnan Yukun,Sichuan Jiuniu,Super League,TRUSTED_SOURCE_BUT_NO_SCORED_ROW,MISSING_SCORED_ROW,SCORING_NOT_RUN_FOR_TRUSTED_RAW,false,MISSING,trusted raw candidate has no matching scored row,Run/repair scoring enrichment over trusted raw fixture candidates before market translation.,WAIT_SCORING,NO,NO
2026-07-26,2026-07-26T23:30:46+01:00,1553815,FK Crvena Zvezda,Vojvodina,Super Liga,TRUSTED_SOURCE_BUT_NO_SCORED_ROW,MISSING_SCORED_ROW,SCORING_NOT_RUN_FOR_TRUSTED_RAW,false,MISSING,trusted raw candidate has no matching scored row,Run/repair scoring enrichment over trusted raw fixture candidates before market translation.,WAIT_SCORING,NO,NO
2026-07-26,2026-07-26T23:30:46+01:00,1553817,Macva,FK Partizan,Super Liga,TRUSTED_SOURCE_BUT_NO_SCORED_ROW,MISSING_SCORED_ROW,SCORING_NOT_RUN_FOR_TRUSTED_RAW,false,MISSING,trusted raw candidate has no matching scored row,Run/repair scoring enrichment over trusted raw fixture candidates before market translation.,WAIT_SCORING,NO,NO
2026-07-26,2026-07-26T23:30:46+01:00,1553818,Mladost Lucani,Novi Pazar,Super Liga,TRUSTED_SOURCE_BUT_NO_SCORED_ROW,MISSING_SCORED_ROW,SCORING_NOT_RUN_FOR_TRUSTED_RAW,false,MISSING,trusted raw candidate has no matching scored row,Run/repair scoring enrichment over trusted raw fixture candidates before market translation.,WAIT_SCORING,NO,NO
2026-07-26,2026-07-26T23:30:46+01:00,1595194,Politehnica UTM,Zimbru,Super Liga,TRUSTED_SOURCE_BUT_NO_SCORED_ROW,MISSING_SCORED_ROW,SCORING_NOT_RUN_FOR_TRUSTED_RAW,false,MISSING,trusted raw candidate has no matching scored row,Run/repair scoring enrichment over trusted raw fixture candidates before market translation.,WAIT_SCORING,NO,NO
2026-07-26,2026-07-26T23:30:46+01:00,1553820,Radnicki 1923,Železničar Pančevo,Super Liga,TRUSTED_SOURCE_BUT_NO_SCORED_ROW,MISSING_SCORED_ROW,SCORING_NOT_RUN_FOR_TRUSTED_RAW,false,MISSING,trusted raw candidate has no matching scored row,Run/repair scoring enrichment over trusted raw fixture candidates before market translation.,WAIT_SCORING,NO,NO
2026-07-26,2026-07-26T23:30:46+01:00,1595196,Sheriff Tiraspol,Milsami Orhei,Super Liga,TRUSTED_SOURCE_BUT_NO_SCORED_ROW,MISSING_SCORED_ROW,SCORING_NOT_RUN_FOR_TRUSTED_RAW,false,MISSING,trusted raw candidate has no matching scored row,Run/repair scoring enrichment over trusted raw fixture candidates before market translation.,WAIT_SCORING,NO,NO
2026-07-26,2026-07-26T23:30:46+01:00,1595195,Sireți,Petrocub,Super Liga,TRUSTED_SOURCE_BUT_NO_SCORED_ROW,MISSING_SCORED_ROW,SCORING_NOT_RUN_FOR_TRUSTED_RAW,false,MISSING,trusted raw candidate has no matching scored row,Run/repair scoring enrichment over trusted raw fixture candidates before market translation.,WAIT_SCORING,NO,NO
2026-07-26,2026-07-26T23:30:46+01:00,1497639,GIF Sundsvall,Falkenbergs FF,Superettan,TRUSTED_SOURCE_BUT_NO_SCORED_ROW,MISSING_SCORED_ROW,SCORING_NOT_RUN_FOR_TRUSTED_RAW,false,MISSING,trusted raw candidate has no matching scored row,Run/repair scoring enrichment over trusted raw fixture candidates before market translation.,WAIT_SCORING,NO,NO
2026-07-26,2026-07-26T23:30:46+01:00,1497635,Ljungskile SK,Sandviken,Superettan,TRUSTED_SOURCE_BUT_NO_SCORED_ROW,MISSING_SCORED_ROW,SCORING_NOT_RUN_FOR_TRUSTED_RAW,false,MISSING,trusted raw candidate has no matching scored row,Run/repair scoring enrichment over trusted raw fixture candidates before market translation.,WAIT_SCORING,NO,NO
2026-07-26,2026-07-26T23:30:46+01:00,1497636,Norrby IF,Ostersunds FK,Superettan,TRUSTED_SOURCE_BUT_NO_SCORED_ROW,MISSING_SCORED_ROW,SCORING_NOT_RUN_FOR_TRUSTED_RAW,false,MISSING,trusted raw candidate has no matching scored row,Run/repair scoring enrichment over trusted raw fixture candidates before market translation.,WAIT_SCORING,NO,NO
2026-07-26,2026-07-26T23:30:46+01:00,1530469,Atenas,Juventud Unida Univ.,Torneo Federal A,TRUSTED_SOURCE_BUT_NO_SCORED_ROW,MISSING_SCORED_ROW,SCORING_NOT_RUN_FOR_TRUSTED_RAW,false,MISSING,trusted raw candidate has no matching scored row,Run/repair scoring enrichment over trusted raw fixture candidates before market translation.,WAIT_SCORING,NO,NO
2026-07-26,2026-07-26T23:30:46+01:00,1530470,Boca Unidos,Juventud Antoniana,Torneo Federal A,TRUSTED_SOURCE_BUT_NO_SCORED_ROW,MISSING_SCORED_ROW,SCORING_NOT_RUN_FOR_TRUSTED_RAW,false,MISSING,trusted raw candidate has no matching scored row,Run/repair scoring enrichment over trusted raw fixture candidates before market translation.,WAIT_SCORING,NO,NO
2026-07-26,2026-07-26T23:30:46+01:00,1530473,Douglas Haig,9 de Julio Rafaela,Torneo Federal A,TRUSTED_SOURCE_BUT_NO_SCORED_ROW,MISSING_SCORED_ROW,SCORING_NOT_RUN_FOR_TRUSTED_RAW,false,MISSING,trusted raw candidate has no matching scored row,Run/repair scoring enrichment over trusted raw fixture candidates before market translation.,WAIT_SCORING,NO,NO
2026-07-26,2026-07-26T23:30:46+01:00,1530474,Gimnasia Concepción,El Linqueño,Torneo Federal A,TRUSTED_SOURCE_BUT_NO_SCORED_ROW,MISSING_SCORED_ROW,SCORING_NOT_RUN_FOR_TRUSTED_RAW,false,MISSING,trusted raw candidate has no matching scored row,Run/repair scoring enrichment over trusted raw fixture candidates before market translation.,WAIT_SCORING,NO,NO
2026-07-26,2026-07-26T23:30:46+01:00,1530475,Guillermo Brown,Germinal de Rawson,Torneo Federal A,TRUSTED_SOURCE_BUT_NO_SCORED_ROW,MISSING_SCORED_ROW,SCORING_NOT_RUN_FOR_TRUSTED_RAW,false,MISSING,trusted raw candidate has no matching scored row,Run/repair scoring enrichment over trusted raw fixture candidates before market translation.,WAIT_SCORING,NO,NO
2026-07-26,2026-07-26T23:30:46+01:00,1530476,Huracan Las Heras,Fundacion Amigos,Torneo Federal A,TRUSTED_SOURCE_BUT_NO_SCORED_ROW,MISSING_SCORED_ROW,SCORING_NOT_RUN_FOR_TRUSTED_RAW,false,MISSING,trusted raw candidate has no matching scored row,Run/repair scoring enrichment over trusted raw fixture candidates before market translation.,WAIT_SCORING,NO,NO
2026-07-26,2026-07-26T23:30:46+01:00,1530477,Independiente De Chivilcoy,Sportivo Las Parejas,Torneo Federal A,TRUSTED_SOURCE_BUT_NO_SCORED_ROW,MISSING_SCORED_ROW,SCORING_NOT_RUN_FOR_TRUSTED_RAW,false,MISSING,trusted raw candidate has no matching scored row,Run/repair scoring enrichment over trusted raw fixture candidates before market translation.,WAIT_SCORING,NO,NO
2026-07-26,2026-07-26T23:30:46+01:00,1530479,Olimpo Bahia Blanca,Santamarina,Torneo Federal A,TRUSTED_SOURCE_BUT_NO_SCORED_ROW,MISSING_SCORED_ROW,SCORING_NOT_RUN_FOR_TRUSTED_RAW,false,MISSING,trusted raw candidate has no matching scored row,Run/repair scoring enrichment over trusted raw fixture candidates before market translation.,WAIT_SCORING,NO,NO
2026-07-26,2026-07-26T23:30:46+01:00,1530480,San Martin Formosa,Bartolomé Mitre,Torneo Federal A,TRUSTED_SOURCE_BUT_NO_SCORED_ROW,MISSING_SCORED_ROW,SCORING_NOT_RUN_FOR_TRUSTED_RAW,false,MISSING,trusted raw candidate has no matching scored row,Run/repair scoring enrichment over trusted raw fixture candidates before market translation.,WAIT_SCORING,NO,NO
2026-07-26,2026-07-26T23:30:46+01:00,1530481,San Martín Mendoza,Argentino Monte Maíz,Torneo Federal A,TRUSTED_SOURCE_BUT_NO_SCORED_ROW,MISSING_SCORED_ROW,SCORING_NOT_RUN_FOR_TRUSTED_RAW,false,MISSING,trusted raw candidate has no matching scored row,Run/repair scoring enrichment over trusted raw fixture candidates before market translation.,WAIT_SCORING,NO,NO
2026-07-26,2026-07-26T23:30:46+01:00,1530482,Sarmiento Resistencia,Sol de América,Torneo Federal A,TRUSTED_SOURCE_BUT_NO_SCORED_ROW,MISSING_SCORED_ROW,SCORING_NOT_RUN_FOR_TRUSTED_RAW,false,MISSING,trusted raw candidate has no matching scored row,Run/repair scoring enrichment over trusted raw fixture candidates before market translation.,WAIT_SCORING,NO,NO
2026-07-26,2026-07-26T23:30:46+01:00,1530483,Sol de Mayo,Villa Mitre,Torneo Federal A,TRUSTED_SOURCE_BUT_NO_SCORED_ROW,MISSING_SCORED_ROW,SCORING_NOT_RUN_FOR_TRUSTED_RAW,false,MISSING,trusted raw candidate has no matching scored row,Run/repair scoring enrichment over trusted raw fixture candidates before market translation.,WAIT_SCORING,NO,NO
2026-07-26,2026-07-26T23:30:46+01:00,1530485,Tucuman Central,Sarmiento de La Banda,Torneo Federal A,TRUSTED_SOURCE_BUT_NO_SCORED_ROW,MISSING_SCORED_ROW,SCORING_NOT_RUN_FOR_TRUSTED_RAW,false,MISSING,trusted raw candidate has no matching scored row,Run/repair scoring enrichment over trusted raw fixture candidates before market translation.,WAIT_SCORING,NO,NO
2026-07-26,2026-07-26T23:30:46+01:00,1493587,Birmingham Legion,New Mexico United,USL Championship,TRUSTED_SOURCE_BUT_NO_SCORED_ROW,MISSING_SCORED_ROW,SCORING_NOT_RUN_FOR_TRUSTED_RAW,false,MISSING,trusted raw candidate has no matching scored row,Run/repair scoring enrichment over trusted raw fixture candidates before market translation.,WAIT_SCORING,NO,NO
2026-07-26,2026-07-26T23:30:46+01:00,1515892,Auda,BFC Daugavpils,Virsliga,TRUSTED_SOURCE_BUT_NO_SCORED_ROW,MISSING_SCORED_ROW,SCORING_NOT_RUN_FOR_TRUSTED_RAW,false,MISSING,trusted raw candidate has no matching scored row,Run/repair scoring enrichment over trusted raw fixture candidates before market translation.,WAIT_SCORING,NO,NO
2026-07-26,2026-07-26T23:30:46+01:00,1515890,FS Jelgava,FK Liepaja,Virsliga,TRUSTED_SOURCE_BUT_NO_SCORED_ROW,MISSING_SCORED_ROW,SCORING_NOT_RUN_FOR_TRUSTED_RAW,false,MISSING,trusted raw candidate has no matching scored row,Run/repair scoring enrichment over trusted raw fixture candidates before market translation.,WAIT_SCORING,NO,NO
2026-07-26,2026-07-26T23:30:46+01:00,1515889,Super Nova,Riga,Virsliga,TRUSTED_SOURCE_BUT_NO_SCORED_ROW,MISSING_SCORED_ROW,SCORING_NOT_RUN_FOR_TRUSTED_RAW,false,MISSING,trusted raw candidate has no matching scored row,Run/repair scoring enrichment over trusted raw fixture candidates before market translation.,WAIT_SCORING,NO,NO
2026-07-26,2026-07-26T23:30:46+01:00,1517225,KuPS Akatemia,VJS,Ykkönen,TRUSTED_SOURCE_BUT_NO_SCORED_ROW,MISSING_SCORED_ROW,SCORING_NOT_RUN_FOR_TRUSTED_RAW,false,MISSING,trusted raw candidate has no matching scored row,Run/repair scoring enrichment over trusted raw fixture candidates before market translation.,WAIT_SCORING,NO,NO
2026-07-26,2026-07-26T23:30:46+01:00,1517226,OLS,KPV-j,Ykkönen,TRUSTED_SOURCE_BUT_NO_SCORED_ROW,MISSING_SCORED_ROW,SCORING_NOT_RUN_FOR_TRUSTED_RAW,false,MISSING,trusted raw candidate has no matching scored row,Run/repair scoring enrichment over trusted raw fixture candidates before market translation.,WAIT_SCORING,NO,NO
2026-07-26,2026-07-26T23:30:46+01:00,1508815,Fram Reykjavik,FH hafnarfjordur,Úrvalsdeild,TRUSTED_SOURCE_BUT_NO_SCORED_ROW,MISSING_SCORED_ROW,SCORING_NOT_RUN_FOR_TRUSTED_RAW,false,MISSING,trusted raw candidate has no matching scored row,Run/repair scoring enrichment over trusted raw fixture candidates before market translation.,WAIT_SCORING,NO,NO
2026-07-26,2026-07-26T23:30:46+01:00,1508816,IA Akranes,Stjarnan,Úrvalsdeild,TRUSTED_SOURCE_BUT_NO_SCORED_ROW,MISSING_SCORED_ROW,SCORING_NOT_RUN_FOR_TRUSTED_RAW,false,MISSING,trusted raw candidate has no matching scored row,Run/repair scoring enrichment over trusted raw fixture candidates before market translation.,WAIT_SCORING,NO,NO
2026-07-26,2026-07-26T23:30:46+01:00,1600198,Algeria W,Senegal W,Africa Cup of Nations - Women,NOT_TRUSTED_NO_PROMOTION,NOT_TRUSTED_SKIPPED,RAW_TRUST_GATE_BLOCK,false,MISSING,"raw candidate was not trusted, so scoring gap is intentionally ignored",Keep diagnostic only unless future whitelist changes source trust.,DIAGNOSTIC_ONLY,NO,NO
2026-07-26,2026-07-26T23:30:46+01:00,1600199,Morocco W,Kenya W,Africa Cup of Nations - Women,NOT_TRUSTED_NO_PROMOTION,NOT_TRUSTED_SKIPPED,RAW_TRUST_GATE_BLOCK,false,MISSING,"raw candidate was not trusted, so scoring gap is intentionally ignored",Keep diagnostic only unless future whitelist changes source trust.,DIAGNOSTIC_ONLY,NO,NO
2026-07-26,2026-07-26T23:30:46+01:00,1522469,Corinthians W,Vitória BA W,Brasileiro Women,NOT_TRUSTED_NO_PROMOTION,NOT_TRUSTED_SKIPPED,RAW_TRUST_GATE_BLOCK,false,MISSING,"raw candidate was not trusted, so scoring gap is intentionally ignored",Keep diagnostic only unless future whitelist changes source trust.,DIAGNOSTIC_ONLY,NO,NO
2026-07-26,2026-07-26T23:30:46+01:00,1522416,Juventude W,Ferroviaria W,Brasileiro Women,NOT_TRUSTED_NO_PROMOTION,NOT_TRUSTED_SKIPPED,RAW_TRUST_GATE_BLOCK,false,MISSING,"raw candidate was not trusted, so scoring gap is intentionally ignored",Keep diagnostic only unless future whitelist changes source trust.,DIAGNOSTIC_ONLY,NO,NO
2026-07-26,2026-07-26T23:30:46+01:00,1595466,Ceilandense U20,Real Brasília U20,Brasiliense U20,NOT_TRUSTED_NO_PROMOTION,NOT_TRUSTED_SKIPPED,RAW_TRUST_GATE_BLOCK,false,MISSING,"raw candidate was not trusted, so scoring gap is intentionally ignored",Keep diagnostic only unless future whitelist changes source trust.,DIAGNOSTIC_ONLY,NO,NO
2026-07-26,2026-07-26T23:30:46+01:00,1546266,Grêmio Valparaíso U20,Ceilândia U20,Brasiliense U20,NOT_TRUSTED_NO_PROMOTION,NOT_TRUSTED_SKIPPED,RAW_TRUST_GATE_BLOCK,false,MISSING,"raw candidate was not trusted, so scoring gap is intentionally ignored",Keep diagnostic only unless future whitelist changes source trust.,DIAGNOSTIC_ONLY,NO,NO
2026-07-26,2026-07-26T23:30:46+01:00,1546268,Planaltina DF U20,Canaã U20,Brasiliense U20,NOT_TRUSTED_NO_PROMOTION,NOT_TRUSTED_SKIPPED,RAW_TRUST_GATE_BLOCK,false,MISSING,"raw candidate was not trusted, so scoring gap is intentionally ignored",Keep diagnostic only unless future whitelist changes source trust.,DIAGNOSTIC_ONLY,NO,NO
2026-07-26,2026-07-26T23:30:46+01:00,1585102,Santa Maria U20,Luziânia U20,Brasiliense U20,NOT_TRUSTED_NO_PROMOTION,NOT_TRUSTED_SKIPPED,RAW_TRUST_GATE_BLOCK,false,MISSING,"raw candidate was not trusted, so scoring gap is intentionally ignored",Keep diagnostic only unless future whitelist changes source trust.,DIAGNOSTIC_ONLY,NO,NO
2026-07-26,2026-07-26T23:30:46+01:00,1544721,Panama U20,Canada U20,CONCACAF U20,NOT_TRUSTED_NO_PROMOTION,NOT_TRUSTED_SKIPPED,RAW_TRUST_GATE_BLOCK,false,MISSING,"raw candidate was not trusted, so scoring gap is intentionally ignored",Keep diagnostic only unless future whitelist changes source trust.,DIAGNOSTIC_ONLY,NO,NO
2026-07-26,2026-07-26T23:30:46+01:00,1539865,Chapecoense U20,Nação U20,Catarinense U20,NOT_TRUSTED_NO_PROMOTION,NOT_TRUSTED_SKIPPED,RAW_TRUST_GATE_BLOCK,false,MISSING,"raw candidate was not trusted, so scoring gap is intentionally ignored",Keep diagnostic only unless future whitelist changes source trust.,DIAGNOSTIC_ONLY,NO,NO
2026-07-26,2026-07-26T23:30:46+01:00,1595473,Quixadá U20,Floresta CE U20,Cearense U20,NOT_TRUSTED_NO_PROMOTION,NOT_TRUSTED_SKIPPED,RAW_TRUST_GATE_BLOCK,false,MISSING,"raw candidate was not trusted, so scoring gap is intentionally ignored",Keep diagnostic only unless future whitelist changes source trust.,DIAGNOSTIC_ONLY,NO,NO
2026-07-26,2026-07-26T23:30:46+01:00,1567741,Ajax,Burnley,Friendlies Clubs,TRUSTED_SOURCE_BUT_NO_SCORED_ROW,MISSING_SCORED_ROW,SCORING_NOT_RUN_FOR_TRUSTED_RAW,false,MISSING,trusted raw candidate has no matching scored row,Run/repair scoring enrichment over trusted raw fixture candidates before market translation.,WAIT_SCORING,NO,NO
2026-07-26,2026-07-26T23:30:46+01:00,1589306,Bergisch Gladbach,Viktoria Jüchen-Garz.,Friendlies Clubs,TRUSTED_SOURCE_BUT_NO_SCORED_ROW,MISSING_SCORED_ROW,SCORING_NOT_RUN_FOR_TRUSTED_RAW,false,MISSING,trusted raw candidate has no matching scored row,Run/repair scoring enrichment over trusted raw fixture candidates before market translation.,WAIT_SCORING,NO,NO
2026-07-26,2026-07-26T23:30:46+01:00,1546729,Bonner SC,KFC Uerdingen 05,Friendlies Clubs,TRUSTED_SOURCE_BUT_NO_SCORED_ROW,MISSING_SCORED_ROW,SCORING_NOT_RUN_FOR_TRUSTED_RAW,false,MISSING,trusted raw candidate has no matching scored row,Run/repair scoring enrichment over trusted raw fixture candidates before market translation.,WAIT_SCORING,NO,NO
2026-07-26,2026-07-26T23:30:46+01:00,1567743,Borussia Dortmund II,Jong Utrecht,Friendlies Clubs,TRUSTED_SOURCE_BUT_NO_SCORED_ROW,MISSING_SCORED_ROW,SCORING_NOT_RUN_FOR_TRUSTED_RAW,false,MISSING,trusted raw candidate has no matching scored row,Run/repair scoring enrichment over trusted raw fixture candidates before market translation.,WAIT_SCORING,NO,NO
2026-07-26,2026-07-26T23:30:46+01:00,1584987,Bursaspor,Shakhtar Donetsk,Friendlies Clubs,TRUSTED_SOURCE_BUT_NO_SCORED_ROW,MISSING_SCORED_ROW,SCORING_NOT_RUN_FOR_TRUSTED_RAW,false,MISSING,trusted raw candidate has no matching scored row,Run/repair scoring enrichment over trusted raw fixture candidates before market translation.,WAIT_SCORING,NO,NO
2026-07-26,2026-07-26T23:30:46+01:00,1567750,Cannes,AS Roma,Friendlies Clubs,TRUSTED_SOURCE_BUT_NO_SCORED_ROW,MISSING_SCORED_ROW,SCORING_NOT_RUN_FOR_TRUSTED_RAW,false,MISSING,trusted raw candidate has no matching scored row,Run/repair scoring enrichment over trusted raw fixture candidates before market translation.,WAIT_SCORING,NO,NO
2026-07-26,2026-07-26T23:30:46+01:00,1584984,Clydebank,Partick,Friendlies Clubs,TRUSTED_SOURCE_BUT_NO_SCORED_ROW,MISSING_SCORED_ROW,SCORING_NOT_RUN_FOR_TRUSTED_RAW,false,MISSING,trusted raw candidate has no matching scored row,Run/repair scoring enrichment over trusted raw fixture candidates before market translation.,WAIT_SCORING,NO,NO
2026-07-26,2026-07-26T23:30:46+01:00,1567745,Eintracht Norderstedt,St. Pauli II,Friendlies Clubs,TRUSTED_SOURCE_BUT_NO_SCORED_ROW,MISSING_SCORED_ROW,SCORING_NOT_RUN_FOR_TRUSTED_RAW,false,MISSING,trusted raw candidate has no matching scored row,Run/repair scoring enrichment over trusted raw fixture candidates before market translation.,WAIT_SCORING,NO,NO
2026-07-26,2026-07-26T23:30:46+01:00,1548029,Feyenoord,Rayo Vallecano,Friendlies Clubs,TRUSTED_SOURCE_BUT_NO_SCORED_ROW,MISSING_SCORED_ROW,SCORING_NOT_RUN_FOR_TRUSTED_RAW,false,MISSING,trusted raw candidate has no matching scored row,Run/repair scoring enrichment over trusted raw fixture candidates before market translation.,WAIT_SCORING,NO,NO
2026-07-26,2026-07-26T23:30:46+01:00,1584986,Frosinone,Ascoli,Friendlies Clubs,TRUSTED_SOURCE_BUT_NO_SCORED_ROW,MISSING_SCORED_ROW,SCORING_NOT_RUN_FOR_TRUSTED_RAW,false,MISSING,trusted raw candidate has no matching scored row,Run/repair scoring enrichment over trusted raw fixture candidates before market translation.,WAIT_SCORING,NO,NO
2026-07-26,2026-07-26T23:30:46+01:00,1567746,Guimaraes,Nottingham Forest,Friendlies Clubs,TRUSTED_SOURCE_BUT_NO_SCORED_ROW,MISSING_SCORED_ROW,SCORING_NOT_RUN_FOR_TRUSTED_RAW,false,MISSING,trusted raw candidate has no matching scored row,Run/repair scoring enrichment over trusted raw fixture candidates before market translation.,WAIT_SCORING,NO,NO
2026-07-26,2026-07-26T23:30:46+01:00,1598546,Göztepe,Rudes,Friendlies Clubs,TRUSTED_SOURCE_BUT_NO_SCORED_ROW,MISSING_SCORED_ROW,SCORING_NOT_RUN_FOR_TRUSTED_RAW,false,MISSING,trusted raw candidate has no matching scored row,Run/repair scoring enrichment over trusted raw fixture candidates before market translation.,WAIT_SCORING,NO,NO
2026-07-26,2026-07-26T23:30:46+01:00,1598548,Jeunesse Canach,Etzella Ettelbruck,Friendlies Clubs,TRUSTED_SOURCE_BUT_NO_SCORED_ROW,MISSING_SCORED_ROW,SCORING_NOT_RUN_FOR_TRUSTED_RAW,false,MISSING,trusted raw candidate has no matching scored row,Run/repair scoring enrichment over trusted raw fixture candidates before market translation.,WAIT_SCORING,NO,NO
2026-07-26,2026-07-26T23:30:46+01:00,1548030,Karlsruher SC,Inter,Friendlies Clubs,TRUSTED_SOURCE_BUT_NO_SCORED_ROW,MISSING_SCORED_ROW,SCORING_NOT_RUN_FOR_TRUSTED_RAW,false,MISSING,trusted raw candidate has no matching scored row,Run/repair scoring enrichment over trusted raw fixture candidates before market translation.,WAIT_SCORING,NO,NO
2026-07-26,2026-07-26T23:30:46+01:00,1584985,Lazio,Flaminia,Friendlies Clubs,TRUSTED_SOURCE_BUT_NO_SCORED_ROW,MISSING_SCORED_ROW,SCORING_NOT_RUN_FOR_TRUSTED_RAW,false,MISSING,trusted raw candidate has no matching scored row,Run/repair scoring enrichment over trusted raw fixture candidates before market translation.,WAIT_SCORING,NO,NO
2026-07-26,2026-07-26T23:30:46+01:00,1583465,Marino,Tenerife,Friendlies Clubs,TRUSTED_SOURCE_BUT_NO_SCORED_ROW,MISSING_SCORED_ROW,SCORING_NOT_RUN_FOR_TRUSTED_RAW,false,MISSING,trusted raw candidate has no matching scored row,Run/repair scoring enrichment over trusted raw fixture candidates before market translation.,WAIT_SCORING,NO,NO
2026-07-26,2026-07-26T23:30:46+01:00,1598545,Motorlet Praha,Neratovice-Byškovice,Friendlies Clubs,TRUSTED_SOURCE_BUT_NO_SCORED_ROW,MISSING_SCORED_ROW,SCORING_NOT_RUN_FOR_TRUSTED_RAW,false,MISSING,trusted raw candidate has no matching scored row,Run/repair scoring enrichment over trusted raw fixture candidates before market translation.,WAIT_SCORING,NO,NO
2026-07-26,2026-07-26T23:30:46+01:00,1598550,Napoli,Carrarese,Friendlies Clubs,TRUSTED_SOURCE_BUT_NO_SCORED_ROW,MISSING_SCORED_ROW,SCORING_NOT_RUN_FOR_TRUSTED_RAW,false,MISSING,trusted raw candidate has no matching scored row,Run/repair scoring enrichment over trusted raw fixture candidates before market translation.,WAIT_SCORING,NO,NO
2026-07-26,2026-07-26T23:30:46+01:00,1583461,Ostia Mare,Benevento,Friendlies Clubs,TRUSTED_SOURCE_BUT_NO_SCORED_ROW,MISSING_SCORED_ROW,SCORING_NOT_RUN_FOR_TRUSTED_RAW,false,MISSING,trusted raw candidate has no matching scored row,Run/repair scoring enrichment over trusted raw fixture candidates before market translation.,WAIT_SCORING,NO,NO
2026-07-26,2026-07-26T23:30:46+01:00,1583462,PEC Zwolle,AEK Athens FC,Friendlies Clubs,TRUSTED_SOURCE_BUT_NO_SCORED_ROW,MISSING_SCORED_ROW,SCORING_NOT_RUN_FOR_TRUSTED_RAW,false,MISSING,trusted raw candidate has no matching scored row,Run/repair scoring enrichment over trusted raw fixture candidates before market translation.,WAIT_SCORING,NO,NO
2026-07-26,2026-07-26T23:30:46+01:00,1583464,Pisa,PRO Vercelli,Friendlies Clubs,TRUSTED_SOURCE_BUT_NO_SCORED_ROW,MISSING_SCORED_ROW,SCORING_NOT_RUN_FOR_TRUSTED_RAW,false,MISSING,trusted raw candidate has no matching scored row,Run/repair scoring enrichment over trusted raw fixture candidates before market translation.,WAIT_SCORING,NO,NO
2026-07-26,2026-07-26T23:30:46+01:00,1567749,Rangers,West Ham,Friendlies Clubs,TRUSTED_SOURCE_BUT_NO_SCORED_ROW,MISSING_SCORED_ROW,SCORING_NOT_RUN_FOR_TRUSTED_RAW,false,MISSING,trusted raw candidate has no matching scored row,Run/repair scoring enrichment over trusted raw fixture candidates before market translation.,WAIT_SCORING,NO,NO
2026-07-26,2026-07-26T23:30:46+01:00,1589305,Rodange 91,Mamer,Friendlies Clubs,TRUSTED_SOURCE_BUT_NO_SCORED_ROW,MISSING_SCORED_ROW,SCORING_NOT_RUN_FOR_TRUSTED_RAW,false,MISSING,trusted raw candidate has no matching scored row,Run/repair scoring enrichment over trusted raw fixture candidates before market translation.,WAIT_SCORING,NO,NO
2026-07-26,2026-07-26T23:30:46+01:00,1567747,SG Wattenscheid 09,Germania Ratingen,Friendlies Clubs,TRUSTED_SOURCE_BUT_NO_SCORED_ROW,MISSING_SCORED_ROW,SCORING_NOT_RUN_FOR_TRUSTED_RAW,false,MISSING,trusted raw candidate has no matching scored row,Run/repair scoring enrichment over trusted raw fixture candidates before market translation.,WAIT_SCORING,NO,NO
2026-07-26,2026-07-26T23:30:46+01:00,1583466,Sambenedettese,Avellino,Friendlies Clubs,TRUSTED_SOURCE_BUT_NO_SCORED_ROW,MISSING_SCORED_ROW,SCORING_NOT_RUN_FOR_TRUSTED_RAW,false,MISSING,trusted raw candidate has no matching scored row,Run/repair scoring enrichment over trusted raw fixture candidates before market translation.,WAIT_SCORING,NO,NO
2026-07-26,2026-07-26T23:30:46+01:00,1567751,Sevilla,AD Ceuta FC,Friendlies Clubs,TRUSTED_SOURCE_BUT_NO_SCORED_ROW,MISSING_SCORED_ROW,SCORING_NOT_RUN_FOR_TRUSTED_RAW,false,MISSING,trusted raw candidate has no matching scored row,Run/repair scoring enrichment over trusted raw fixture candidates before market translation.,WAIT_SCORING,NO,NO
2026-07-26,2026-07-26T23:30:46+01:00,1598547,Sloboda Uzice,Jedinstvo,Friendlies Clubs,TRUSTED_SOURCE_BUT_NO_SCORED_ROW,MISSING_SCORED_ROW,SCORING_NOT_RUN_FOR_TRUSTED_RAW,false,MISSING,trusted raw candidate has no matching scored row,Run/repair scoring enrichment over trusted raw fixture candidates before market translation.,WAIT_SCORING,NO,NO
2026-07-26,2026-07-26T23:30:46+01:00,1583463,UN Kaerjeng 97,F91 Dudelange,Friendlies Clubs,TRUSTED_SOURCE_BUT_NO_SCORED_ROW,MISSING_SCORED_ROW,SCORING_NOT_RUN_FOR_TRUSTED_RAW,false,MISSING,trusted raw candidate has no matching scored row,Run/repair scoring enrichment over trusted raw fixture candidates before market translation.,WAIT_SCORING,NO,NO
2026-07-26,2026-07-26T23:30:46+01:00,1598549,Umeå FC,Täfteå,Friendlies Clubs,TRUSTED_SOURCE_BUT_NO_SCORED_ROW,MISSING_SCORED_ROW,SCORING_NOT_RUN_FOR_TRUSTED_RAW,false,MISSING,trusted raw candidate has no matching scored row,Run/repair scoring enrichment over trusted raw fixture candidates before market translation.,WAIT_SCORING,NO,NO
2026-07-26,2026-07-26T23:30:46+01:00,1591908,Verl,Bremer SV,Friendlies Clubs,TRUSTED_SOURCE_BUT_NO_SCORED_ROW,MISSING_SCORED_ROW,SCORING_NOT_RUN_FOR_TRUSTED_RAW,false,MISSING,trusted raw candidate has no matching scored row,Run/repair scoring enrichment over trusted raw fixture candidates before market translation.,WAIT_SCORING,NO,NO
2026-07-26,2026-07-26T23:30:46+01:00,1567739,VfR Aalen,FC Saarbrücken,Friendlies Clubs,TRUSTED_SOURCE_BUT_NO_SCORED_ROW,MISSING_SCORED_ROW,SCORING_NOT_RUN_FOR_TRUSTED_RAW,false,MISSING,trusted raw candidate has no matching scored row,Run/repair scoring enrichment over trusted raw fixture candidates before market translation.,WAIT_SCORING,NO,NO
2026-07-26,2026-07-26T23:30:46+01:00,1525742,Deportivo Pasto W,Once Caldas W,Liga Femenina,NOT_TRUSTED_NO_PROMOTION,NOT_TRUSTED_SKIPPED,RAW_TRUST_GATE_BLOCK,false,MISSING,"raw candidate was not trusted, so scoring gap is intentionally ignored",Keep diagnostic only unless future whitelist changes source trust.,DIAGNOSTIC_ONLY,NO,NO
2026-07-26,2026-07-26T23:30:46+01:00,1525747,Santa Fe W,Real Santander W,Liga Femenina,NOT_TRUSTED_NO_PROMOTION,NOT_TRUSTED_SKIPPED,RAW_TRUST_GATE_BLOCK,false,MISSING,"raw candidate was not trusted, so scoring gap is intentionally ignored",Keep diagnostic only unless future whitelist changes source trust.,DIAGNOSTIC_ONLY,NO,NO
2026-07-26,2026-07-26T23:30:46+01:00,1592795,Necaxa U21,Monterrey U21,Liga MX U21,NOT_TRUSTED_NO_PROMOTION,NOT_TRUSTED_SKIPPED,RAW_TRUST_GATE_BLOCK,false,MISSING,"raw candidate was not trusted, so scoring gap is intentionally ignored",Keep diagnostic only unless future whitelist changes source trust.,DIAGNOSTIC_ONLY,NO,NO
2026-07-26,2026-07-26T23:30:46+01:00,1592796,Pachuca U21,Queretaro U21,Liga MX U21,NOT_TRUSTED_NO_PROMOTION,NOT_TRUSTED_SKIPPED,RAW_TRUST_GATE_BLOCK,false,MISSING,"raw candidate was not trusted, so scoring gap is intentionally ignored",Keep diagnostic only unless future whitelist changes source trust.,DIAGNOSTIC_ONLY,NO,NO
2026-07-26,2026-07-26T23:30:46+01:00,1557282,Flamengo FBC W,Atl. Andahuaylas W,Liga Women,NOT_TRUSTED_NO_PROMOTION,NOT_TRUSTED_SKIPPED,RAW_TRUST_GATE_BLOCK,false,MISSING,"raw candidate was not trusted, so scoring gap is intentionally ignored",Keep diagnostic only unless future whitelist changes source trust.,DIAGNOSTIC_ONLY,NO,NO
2026-07-26,2026-07-26T23:30:46+01:00,1513246,Atlanta United II,New York City II,MLS Next Pro,TRUSTED_SOURCE_BUT_NO_SCORED_ROW,MISSING_SCORED_ROW,SCORING_NOT_RUN_FOR_TRUSTED_RAW,false,MISSING,trusted raw candidate has no matching scored row,Run/repair scoring enrichment over trusted raw fixture candidates before market translation.,WAIT_SCORING,NO,NO
2026-07-26,2026-07-26T23:30:46+01:00,1513245,Connecticut FC,Columbus Crew II,MLS Next Pro,TRUSTED_SOURCE_BUT_NO_SCORED_ROW,MISSING_SCORED_ROW,SCORING_NOT_RUN_FOR_TRUSTED_RAW,false,MISSING,trusted raw candidate has no matching scored row,Run/repair scoring enrichment over trusted raw fixture candidates before market translation.,WAIT_SCORING,NO,NO
2026-07-26,2026-07-26T23:30:46+01:00,1513243,Portland Timbers II,Real Monarchs,MLS Next Pro,TRUSTED_SOURCE_BUT_NO_SCORED_ROW,MISSING_SCORED_ROW,SCORING_NOT_RUN_FOR_TRUSTED_RAW,false,MISSING,trusted raw candidate has no matching scored row,Run/repair scoring enrichment over trusted raw fixture candidates before market translation.,WAIT_SCORING,NO,NO
2026-07-26,2026-07-26T23:30:46+01:00,1508480,San Diego Wave W,Seattle Reign FC W,NWSL Women,NOT_TRUSTED_NO_PROMOTION,NOT_TRUSTED_SKIPPED,RAW_TRUST_GATE_BLOCK,false,MISSING,"raw candidate was not trusted, so scoring gap is intentionally ignored",Keep diagnostic only unless future whitelist changes source trust.,DIAGNOSTIC_ONLY,NO,NO
2026-07-26,2026-07-26T23:30:46+01:00,1567010,Schwabmünchen,1860 München II,Oberliga - Bayern Süd,TRUSTED_SOURCE_BUT_NO_SCORED_ROW,MISSING_SCORED_ROW,SCORING_NOT_RUN_FOR_TRUSTED_RAW,false,MISSING,trusted raw candidate has no matching scored row,Run/repair scoring enrichment over trusted raw fixture candidates before market translation.,WAIT_SCORING,NO,NO
2026-07-26,2026-07-26T23:30:46+01:00,1566283,HEBC,Niendorfer TSV,Oberliga - Hamburg,TRUSTED_SOURCE_BUT_NO_SCORED_ROW,MISSING_SCORED_ROW,SCORING_NOT_RUN_FOR_TRUSTED_RAW,false,MISSING,trusted raw candidate has no matching scored row,Run/repair scoring enrichment over trusted raw fixture candidates before market translation.,WAIT_SCORING,NO,NO
2026-07-26,2026-07-26T23:30:46+01:00,1566285,Pinneberg,Harksheide,Oberliga - Hamburg,TRUSTED_SOURCE_BUT_NO_SCORED_ROW,MISSING_SCORED_ROW,SCORING_NOT_RUN_FOR_TRUSTED_RAW,false,MISSING,trusted raw candidate has no matching scored row,Run/repair scoring enrichment over trusted raw fixture candidates before market translation.,WAIT_SCORING,NO,NO
2026-07-26,2026-07-26T23:30:46+01:00,1566284,Sasel,Buchholz,Oberliga - Hamburg,TRUSTED_SOURCE_BUT_NO_SCORED_ROW,MISSING_SCORED_ROW,SCORING_NOT_RUN_FOR_TRUSTED_RAW,false,MISSING,trusted raw candidate has no matching scored row,Run/repair scoring enrichment over trusted raw fixture candidates before market translation.,WAIT_SCORING,NO,NO
2026-07-26,2026-07-26T23:30:46+01:00,1566288,Vorwärts-Wacker 04,Nikola Tesla,Oberliga - Hamburg,TRUSTED_SOURCE_BUT_NO_SCORED_ROW,MISSING_SCORED_ROW,SCORING_NOT_RUN_FOR_TRUSTED_RAW,false,MISSING,trusted raw candidate has no matching scored row,Run/repair scoring enrichment over trusted raw fixture candidates before market translation.,WAIT_SCORING,NO,NO
2026-07-26,2026-07-26T23:30:46+01:00,1547368,Botafogo SP U20,Desportivo Brasil U20,Paulista - U20,NOT_TRUSTED_NO_PROMOTION,NOT_TRUSTED_SKIPPED,RAW_TRUST_GATE_BLOCK,false,MISSING,"raw candidate was not trusted, so scoring gap is intentionally ignored",Keep diagnostic only unless future whitelist changes source trust.,DIAGNOSTIC_ONLY,NO,NO
2026-07-26,2026-07-26T23:30:46+01:00,1547369,Mirassol U20,Ferroviária U20,Paulista - U20,NOT_TRUSTED_NO_PROMOTION,NOT_TRUSTED_SKIPPED,RAW_TRUST_GATE_BLOCK,false,MISSING,"raw candidate was not trusted, so scoring gap is intentionally ignored",Keep diagnostic only unless future whitelist changes source trust.,DIAGNOSTIC_ONLY,NO,NO
2026-07-26,2026-07-26T23:30:46+01:00,1547370,Palmeiras U20,RB Bragantino U20,Paulista - U20,NOT_TRUSTED_NO_PROMOTION,NOT_TRUSTED_SKIPPED,RAW_TRUST_GATE_BLOCK,false,MISSING,"raw candidate was not trusted, so scoring gap is intentionally ignored",Keep diagnostic only unless future whitelist changes source trust.,DIAGNOSTIC_ONLY,NO,NO
2026-07-26,2026-07-26T23:30:46+01:00,1547367,Porto Football U20,Referencia U20,Paulista - U20,NOT_TRUSTED_NO_PROMOTION,NOT_TRUSTED_SKIPPED,RAW_TRUST_GATE_BLOCK,false,MISSING,"raw candidate was not trusted, so scoring gap is intentionally ignored",Keep diagnostic only unless future whitelist changes source trust.,DIAGNOSTIC_ONLY,NO,NO
2026-07-26,2026-07-26T23:30:46+01:00,1547371,Santos U20,Portuguesa U20,Paulista - U20,NOT_TRUSTED_NO_PROMOTION,NOT_TRUSTED_SKIPPED,RAW_TRUST_GATE_BLOCK,false,MISSING,"raw candidate was not trusted, so scoring gap is intentionally ignored",Keep diagnostic only unless future whitelist changes source trust.,DIAGNOSTIC_ONLY,NO,NO
2026-07-26,2026-07-26T23:30:46+01:00,1547372,São Paulo U20,Oeste U20,Paulista - U20,NOT_TRUSTED_NO_PROMOTION,NOT_TRUSTED_SKIPPED,RAW_TRUST_GATE_BLOCK,false,MISSING,"raw candidate was not trusted, so scoring gap is intentionally ignored",Keep diagnostic only unless future whitelist changes source trust.,DIAGNOSTIC_ONLY,NO,NO
2026-07-26,2026-07-26T23:30:46+01:00,1586794,BSG Chemie Leipzig,SV Babelsberg 03,Regionalliga - Nordost,TRUSTED_SOURCE_BUT_NO_SCORED_ROW,MISSING_SCORED_ROW,SCORING_NOT_RUN_FOR_TRUSTED_RAW,false,MISSING,trusted raw candidate has no matching scored row,Run/repair scoring enrichment over trusted raw fixture candidates before market translation.,WAIT_SCORING,NO,NO
2026-07-26,2026-07-26T23:30:46+01:00,1586796,FC Carl Zeiss Jena,FSV Zwickau,Regionalliga - Nordost,TRUSTED_SOURCE_BUT_NO_SCORED_ROW,MISSING_SCORED_ROW,SCORING_NOT_RUN_FOR_TRUSTED_RAW,false,MISSING,trusted raw candidate has no matching scored row,Run/repair scoring enrichment over trusted raw fixture candidates before market translation.,WAIT_SCORING,NO,NO
2026-07-26,2026-07-26T23:30:46+01:00,1586795,Greifswalder FC,Hallescher FC,Regionalliga - Nordost,TRUSTED_SOURCE_BUT_NO_SCORED_ROW,MISSING_SCORED_ROW,SCORING_NOT_RUN_FOR_TRUSTED_RAW,false,MISSING,trusted raw candidate has no matching scored row,Run/repair scoring enrichment over trusted raw fixture candidates before market translation.,WAIT_SCORING,NO,NO
2026-07-26,2026-07-26T23:30:46+01:00,1549988,Alumni Los Hornos,Control Orientado,Torneo Promocional Amateur,TRUSTED_SOURCE_BUT_NO_SCORED_ROW,MISSING_SCORED_ROW,SCORING_NOT_RUN_FOR_TRUSTED_RAW,false,MISSING,trusted raw candidate has no matching scored row,Run/repair scoring enrichment over trusted raw fixture candidates before market translation.,WAIT_SCORING,NO,NO
2026-07-26,2026-07-26T23:30:46+01:00,1549968,Deportivo Metalurgico,Estrella de Berisso,Torneo Promocional Amateur,TRUSTED_SOURCE_BUT_NO_SCORED_ROW,MISSING_SCORED_ROW,SCORING_NOT_RUN_FOR_TRUSTED_RAW,false,MISSING,trusted raw candidate has no matching scored row,Run/repair scoring enrichment over trusted raw fixture candidates before market translation.,WAIT_SCORING,NO,NO
2026-07-26,2026-07-26T23:30:46+01:00,1549990,Las Mandarinas,Buenos Aires City,Torneo Promocional Amateur,TRUSTED_SOURCE_BUT_NO_SCORED_ROW,MISSING_SCORED_ROW,SCORING_NOT_RUN_FOR_TRUSTED_RAW,false,MISSING,trusted raw candidate has no matching scored row,Run/repair scoring enrichment over trusted raw fixture candidates before market translation.,WAIT_SCORING,NO,NO
