date,fixture_datetime_utc,fixture_timestamp,league,league_id,season,fixture_id,status,home_team,home_team_id,away_team,away_team_id,country,fixture_status_short,fixture_status_long,fixture_status_elapsed,goals_home,goals_away,score_fulltime_home,score_fulltime_away,score_halftime_home,score_halftime_away,score_extratime_home,score_extratime_away,score_penalty_home,score_penalty_away,home_xg_for,home_xg_against,away_xg_for,away_xg_against,home_sot_for,away_sot_for,home_big_for,away_big_for,home_motivation,away_motivation,home_absences,away_absences,today_pipeline_fetched_at,league_coverage_class,league_has_odds_coverage,league_has_fixture_stats_coverage,league_has_injuries_coverage,league_has_lineups_coverage,league_has_predictions_coverage,league_coverage_rich_flag,league_data_reliability_score,league_coverage_source_status,league_coverage_note,home_recent_matches,away_recent_matches,home_form_pts,away_form_pts,home_goals_for_pg,away_goals_for_pg,home_goals_against_pg,away_goals_against_pg,home_scored_rate,away_scored_rate,home_clean_sheet_rate,away_clean_sheet_rate,home_btts_rate,away_btts_rate,home_over15_rate,away_over15_rate,home_over25_rate,away_over25_rate,home_stats_season_used,away_stats_season_used,data_enrichment_level,home_recent_stats_matches_requested,home_recent_stats_matches_used,home_recent_stats_coverage_ratio,home_recent_stats_available_flag,home_recent_shots_for_pg,home_recent_shots_against_pg,home_recent_sot_for_pg,home_recent_sot_against_pg,home_recent_possession_pct,home_recent_corners_for_pg,home_recent_corners_against_pg,home_recent_fouls_pg,home_recent_yellow_pg,home_recent_offsides_pg,home_recent_blocked_shots_pg,away_recent_stats_matches_requested,away_recent_stats_matches_used,away_recent_stats_coverage_ratio,away_recent_stats_available_flag,away_recent_shots_for_pg,away_recent_shots_against_pg,away_recent_sot_for_pg,away_recent_sot_against_pg,away_recent_possession_pct,away_recent_corners_for_pg,away_recent_corners_against_pg,away_recent_fouls_pg,away_recent_yellow_pg,away_recent_offsides_pg,away_recent_blocked_shots_pg,recent_stats_quality_flag,recent_fixture_statistics_updated_at,home_injuries_count,away_injuries_count,home_injuries_available_flag,away_injuries_available_flag,home_absence_risk_score,away_absence_risk_score,home_injuries_coverage_flag,away_injuries_coverage_flag,home_absence_severity_flag,away_absence_severity_flag,injuries_quality_flag,injuries_availability_updated_at,home_lineup_available_flag,away_lineup_available_flag,home_lineup_known_starters_count,away_lineup_known_starters_count,home_lineup_bench_known_flag,away_lineup_bench_known_flag,home_lineup_attacker_count,away_lineup_attacker_count,home_lineup_defender_count,away_lineup_defender_count,home_lineup_midfielder_count,away_lineup_midfielder_count,home_lineup_goalkeeper_known_flag,away_lineup_goalkeeper_known_flag,home_lineup_attack_continuity_score,away_lineup_attack_continuity_score,home_lineup_defense_continuity_score,away_lineup_defense_continuity_score,lineup_confirmation_score,lineup_uncertainty_penalty,lineup_activation_window_minutes,lineup_minutes_to_kickoff,lineup_timing_eligible_flag,lineup_structural_confidence_flag,home_lineup_quality_flag,away_lineup_quality_flag,lineup_quality_flag,lineup_activation_state,fixture_lineups_updated_at,home_rank,home_points,home_goals_diff,home_played,home_table_goals_for,home_table_goals_against,home_urgency_score,away_rank,away_points,away_goals_diff,away_played,away_table_goals_for,away_table_goals_against,away_urgency_score,league_team_count,standings_context_updated_at,odds_1_home_v3,odds_1_draw_v3,odds_1_away_v3,odds_btts_yes_v3,odds_btts_no_v3,odds_over_1_5_v3,odds_under_1_5_v3,odds_over_2_5_v3,odds_under_2_5_v3,odds_over_3_5_v3,odds_under_3_5_v3,odds_dc_1x_v3,odds_dc_x2_v3,odds_dc_12_v3,odds_home_dnb_v3,odds_away_dnb_v3,odds_bookmakers_count_v3,odds_market_count_v3,odds_values_count_v3,imp_1_home,imp_1_draw,imp_1_away,imp_btts_yes,imp_btts_no,imp_over_1_5,imp_under_1_5,imp_over_2_5,imp_under_2_5,imp_over_3_5,imp_under_3_5,imp_dc_1x,imp_dc_x2,imp_dc_12,imp_home_dnb,imp_away_dnb,odds_context_v3_updated_at,odds_context_v3_status,league_tier,league_tier_rank,league_filter_reason
2026-07-04,2026-07-04T13:00:00+01:00,1783166400,1. Deild,366,2026,1506636,NS,B71,4176,HB II,4179,Faroe-Islands,NS,Not Started,,,,,,,,,,,,0.0,0.0,0.0,0.0,0.0,0.0,0.0,0.0,0.0,0.0,,,2026-07-04T10:12:41.211911+00:00,COVERAGE_UNKNOWN,,,,,,0,1.0,COVERAGE_NOT_LOADED,,,,,,,,,,,,,,,,,,,,,,,,,,,,,,,,,,,,,,,,,,,,,,,,,,,,,NONE,,,,,,,,,,,,,,,,,,,,,,,,,,,,,,,,,,,,,,,,,,,,,,,,,,,,,,,,,,,,,,,,,,,,,,,,,,,,,,,,,,,,,,,,,,,,,,,,REJECT,99,country_league_not_allowlisted
2026-07-04,2026-07-04T15:00:00+01:00,1783173600,1. Deild,165,2026,1514223,NS,Grindavik,277,Vestri,4165,Iceland,NS,Not Started,,,,,,,,,,,,0.0,0.0,0.0,0.0,0.0,0.0,0.0,0.0,0.0,0.0,,,2026-07-04T10:12:41.212512+00:00,COVERAGE_UNKNOWN,,,,,,0,1.0,COVERAGE_NOT_LOADED,,,,,,,,,,,,,,,,,,,,,,,,,,,,,,,,,,,,,,,,,,,,,,,,,,,,,NONE,,,,,,,,,,,,,,,,,,,,,,,,,,,,,,,,,,,,,,,,,,,,,,,,,,,,,,,,,,,,,,,,,,,,,,,,,,,,,,,,,,,,,,,,,,,,,,,,REJECT,99,country_league_not_allowlisted
2026-07-04,2026-07-04T17:00:00+01:00,1783180800,1. Deild,165,2026,1514224,NS,Leiknir R.,2114,Völsungur,4166,Iceland,NS,Not Started,,,,,,,,,,,,0.0,0.0,0.0,0.0,0.0,0.0,0.0,0.0,0.0,0.0,,,2026-07-04T10:12:41.213058+00:00,COVERAGE_UNKNOWN,,,,,,0,1.0,COVERAGE_NOT_LOADED,,,,,,,,,,,,,,,,,,,,,,,,,,,,,,,,,,,,,,,,,,,,,,,,,,,,,NONE,,,,,,,,,,,,,,,,,,,,,,,,,,,,,,,,,,,,,,,,,,,,,,,,,,,,,,,,,,,,,,,,,,,,,,,,,,,,,,,,,,,,,,,,,,,,,,,,REJECT,99,country_league_not_allowlisted
2026-07-04,2026-07-04T13:00:00+01:00,1783166400,1. Deild,366,2026,1506635,NS,NSÍ II,4181,Suduroy,4182,Faroe-Islands,NS,Not Started,,,,,,,,,,,,0.0,0.0,0.0,0.0,0.0,0.0,0.0,0.0,0.0,0.0,,,2026-07-04T10:12:41.211907+00:00,COVERAGE_UNKNOWN,,,,,,0,1.0,COVERAGE_NOT_LOADED,,,,,,,,,,,,,,,,,,,,,,,,,,,,,,,,,,,,,,,,,,,,,,,,,,,,,NONE,,,,,,,,,,,,,,,,,,,,,,,,,,,,,,,,,,,,,,,,,,,,,,,,,,,,,,,,,,,,,,,,,,,,,,,,,,,,,,,,,,,,,,,,,,,,,,,,REJECT,99,country_league_not_allowlisted
2026-07-04,2026-07-04T15:00:00+01:00,1783173600,1. Deild,366,2026,1506637,NS,TB,4192,EB / Streymur II,4190,Faroe-Islands,NS,Not Started,,,,,,,,,,,,0.0,0.0,0.0,0.0,0.0,0.0,0.0,0.0,0.0,0.0,,,2026-07-04T10:12:41.212502+00:00,COVERAGE_UNKNOWN,,,,,,0,1.0,COVERAGE_NOT_LOADED,,,,,,,,,,,,,,,,,,,,,,,,,,,,,,,,,,,,,,,,,,,,,,,,,,,,,NONE,,,,,,,,,,,,,,,,,,,,,,,,,,,,,,,,,,,,,,,,,,,,,,,,,,,,,,,,,,,,,,,,,,,,,,,,,,,,,,,,,,,,,,,,,,,,,,,,REJECT,99,country_league_not_allowlisted
2026-07-04,2026-07-04T17:30:00+01:00,1783182600,1. Deild,366,2026,1506634,NS,ÍF II,4187,Víkingur II,4183,Faroe-Islands,NS,Not Started,,,,,,,,,,,,0.0,0.0,0.0,0.0,0.0,0.0,0.0,0.0,0.0,0.0,,,2026-07-04T10:12:41.213121+00:00,COVERAGE_UNKNOWN,,,,,,0,1.0,COVERAGE_NOT_LOADED,,,,,,,,,,,,,,,,,,,,,,,,,,,,,,,,,,,,,,,,,,,,,,,,,,,,,NONE,,,,,,,,,,,,,,,,,,,,,,,,,,,,,,,,,,,,,,,,,,,,,,,,,,,,,,,,,,,,,,,,,,,,,,,,,,,,,,,,,,,,,,,,,,,,,,,,REJECT,99,country_league_not_allowlisted
2026-07-04,2026-07-04T17:00:00+01:00,1783180800,1. Division,104,2026,1495879,NS,Bryne,2142,Sandnes ULF,2146,Norway,NS,Not Started,,,,,,,,,,,,0.0,0.0,0.0,0.0,0.0,0.0,0.0,0.0,0.0,0.0,,,2026-07-04T10:12:41.213027+00:00,COVERAGE_UNKNOWN,,,,,,0,1.0,COVERAGE_NOT_LOADED,,,,,,,,,,,,,,,,,,,,,,,,,,,,,,,,,,,,,,,,,,,,,,,,,,,,,NONE,,,,,,,,,,,,,,,,,,,,,,,,,,,,,,,,,,,,,,,,,,,,,,,,,,,,,,,,,,,,,,,,,,,,,,,,,,,,,,,,,,,,,,,,,,,,,,,,REJECT,99,country_league_not_allowlisted
2026-07-04,2026-07-04T14:30:00+01:00,1783171800,1. Division,117,2026,1534354,NS,Bumprom,7802,Orsha,3390,Belarus,NS,Not Started,,,,,,,,,,,,0.0,0.0,0.0,0.0,0.0,0.0,0.0,0.0,0.0,0.0,,,2026-07-04T10:12:41.212448+00:00,COVERAGE_UNKNOWN,,,,,,0,1.0,COVERAGE_NOT_LOADED,,,,,,,,,,,,,,,,,,,,,,,,,,,,,,,,,,,,,,,,,,,,,,,,,,,,,NONE,,,,,,,,,,,,,,,,,,,,,,,,,,,,,,,,,,,,,,,,,,,,,,,,,,,,,,,,,,,,,,,,,,,,,,,,,,,,,,,,,,,,,,,,,,,,,,,,REJECT,99,country_league_not_allowlisted
2026-07-04,2026-07-04T13:00:00+01:00,1783166400,1. Division,104,2026,1495880,NS,Egersund,6976,Moss,7012,Norway,NS,Not Started,,,,,,,,,,,,0.0,0.0,0.0,0.0,0.0,0.0,0.0,0.0,0.0,0.0,,,2026-07-04T10:12:41.211902+00:00,COVERAGE_UNKNOWN,,,,,,0,1.0,COVERAGE_NOT_LOADED,,,,,,,,,,,,,,,,,,,,,,,,,,,,,,,,,,,,,,,,,,,,,,,,,,,,,NONE,,,,,,,,,,,,,,,,,,,,,,,,,,,,,,,,,,,,,,,,,,,,,,,,,,,,,,,,,,,,,,,,,,,,,,,,,,,,,,,,,,,,,,,,,,,,,,,,REJECT,99,country_league_not_allowlisted
2026-07-04,2026-07-04T15:00:00+01:00,1783173600,1. Division,117,2026,1534359,NS,FC Energetik-Bgu Minsk,2433,Slonim,3392,Belarus,NS,Not Started,,,,,,,,,,,,0.0,0.0,0.0,0.0,0.0,0.0,0.0,0.0,0.0,0.0,,,2026-07-04T10:12:41.212526+00:00,COVERAGE_UNKNOWN,,,,,,0,1.0,COVERAGE_NOT_LOADED,,,,,,,,,,,,,,,,,,,,,,,,,,,,,,,,,,,,,,,,,,,,,,,,,,,,,NONE,,,,,,,,,,,,,,,,,,,,,,,,,,,,,,,,,,,,,,,,,,,,,,,,,,,,,,,,,,,,,,,,,,,,,,,,,,,,,,,,,,,,,,,,,,,,,,,,REJECT,99,country_league_not_allowlisted
2026-07-04,2026-07-04T16:00:00+01:00,1783177200,1. Division,117,2026,1534360,NS,FC Slutsk,379,Ostrovets FC,13149,Belarus,NS,Not Started,,,,,,,,,,,,0.0,0.0,0.0,0.0,0.0,0.0,0.0,0.0,0.0,0.0,,,2026-07-04T10:12:41.212869+00:00,COVERAGE_UNKNOWN,,,,,,0,1.0,COVERAGE_NOT_LOADED,,,,,,,,,,,,,,,,,,,,,,,,,,,,,,,,,,,,,,,,,,,,,,,,,,,,,NONE,,,,,,,,,,,,,,,,,,,,,,,,,,,,,,,,,,,,,,,,,,,,,,,,,,,,,,,,,,,,,,,,,,,,,,,,,,,,,,,,,,,,,,,,,,,,,,,,REJECT,99,country_league_not_allowlisted
2026-07-04,2026-07-04T14:00:00+01:00,1783170000,1. Division,117,2026,1534357,NS,Niva,16656,BATE II,23272,Belarus,NS,Not Started,,,,,,,,,,,,0.0,0.0,0.0,0.0,0.0,0.0,0.0,0.0,0.0,0.0,,,2026-07-04T10:12:41.212256+00:00,COVERAGE_UNKNOWN,,,,,,0,1.0,COVERAGE_NOT_LOADED,,,,,,,,,,,,,,,,,,,,,,,,,,,,,,,,,,,,,,,,,,,,,,,,,,,,,NONE,,,,,,,,,,,,,,,,,,,,,,,,,,,,,,,,,,,,,,,,,,,,,,,,,,,,,,,,,,,,,,,,,,,,,,,,,,,,,,,,,,,,,,,,,,,,,,,,REJECT,99,country_league_not_allowlisted
2026-07-04,2026-07-04T13:00:00+01:00,1783166400,1. Division,117,2026,1534535,NS,Shakhter Soligorsk,392,Dinamo Minsk II,11266,Belarus,NS,Not Started,,,,,,,,,,,,0.0,0.0,0.0,0.0,0.0,0.0,0.0,0.0,0.0,0.0,,,2026-07-04T10:12:41.211946+00:00,COVERAGE_UNKNOWN,,,,,,0,1.0,COVERAGE_NOT_LOADED,,,,,,,,,,,,,,,,,,,,,,,,,,,,,,,,,,,,,,,,,,,,,,,,,,,,,NONE,,,,,,,,,,,,,,,,,,,,,,,,,,,,,,,,,,,,,,,,,,,,,,,,,,,,,,,,,,,,,,,,,,,,,,,,,,,,,,,,,,,,,,,,,,,,,,,,REJECT,99,country_league_not_allowlisted
2026-07-04,2026-07-04T15:00:00+01:00,1783173600,1. Division,104,2026,1495881,NS,hodd,2150,Stromsgodset,324,Norway,NS,Not Started,,,,,,,,,,,,0.0,0.0,0.0,0.0,0.0,0.0,0.0,0.0,0.0,0.0,,,2026-07-04T10:12:41.212497+00:00,COVERAGE_UNKNOWN,,,,,,0,1.0,COVERAGE_NOT_LOADED,,,,,,,,,,,,,,,,,,,,,,,,,,,,,,,,,,,,,,,,,,,,,,,,,,,,,NONE,,,,,,,,,,,,,,,,,,,,,,,,,,,,,,,,,,,,,,,,,,,,,,,,,,,,,,,,,,,,,,,,,,,,,,,,,,,,,,,,,,,,,,,,,,,,,,,,REJECT,99,country_league_not_allowlisted
2026-07-04,2026-07-04T12:00:00+01:00,1783162800,1. Liga,364,2026,1529562,NS,JDFS Alberts,4139,Riga Mariners,25785,Latvia,NS,Not Started,,,,,,,,,,,,0.0,0.0,0.0,0.0,0.0,0.0,0.0,0.0,0.0,0.0,,,2026-07-04T10:12:41.211727+00:00,COVERAGE_UNKNOWN,,,,,,0,1.0,COVERAGE_NOT_LOADED,,,,,,,,,,,,,,,,,,,,,,,,,,,,,,,,,,,,,,,,,,,,,,,,,,,,,NONE,,,,,,,,,,,,,,,,,,,,,,,,,,,,,,,,,,,,,,,,,,,,,,,,,,,,,,,,,,,,,,,,,,,,,,,,,,,,,,,,,,,,,,,,,,,,,,,,REJECT,99,country_league_not_allowlisted
2026-07-04,2026-07-04T17:00:00+01:00,1783180800,1. Liga,364,2026,1529565,NS,Metta / LU,4159,Skanste,16835,Latvia,NS,Not Started,,,,,,,,,,,,0.0,0.0,0.0,0.0,0.0,0.0,0.0,0.0,0.0,0.0,,,2026-07-04T10:12:41.213063+00:00,COVERAGE_UNKNOWN,,,,,,0,1.0,COVERAGE_NOT_LOADED,,,,,,,,,,,,,,,,,,,,,,,,,,,,,,,,,,,,,,,,,,,,,,,,,,,,,NONE,,,,,,,,,,,,,,,,,,,,,,,,,,,,,,,,,,,,,,,,,,,,,,,,,,,,,,,,,,,,,,,,,,,,,,,,,,,,,,,,,,,,,,,,,,,,,,,,REJECT,99,country_league_not_allowlisted
2026-07-04,2026-07-04T14:00:00+01:00,1783170000,1. Liga,364,2026,1529563,NS,Mārupe,14366,Smiltene,4142,Latvia,NS,Not Started,,,,,,,,,,,,0.0,0.0,0.0,0.0,0.0,0.0,0.0,0.0,0.0,0.0,,,2026-07-04T10:12:41.212251+00:00,COVERAGE_UNKNOWN,,,,,,0,1.0,COVERAGE_NOT_LOADED,,,,,,,,,,,,,,,,,,,,,,,,,,,,,,,,,,,,,,,,,,,,,,,,,,,,,NONE,,,,,,,,,,,,,,,,,,,,,,,,,,,,,,,,,,,,,,,,,,,,,,,,,,,,,,,,,,,,,,,,,,,,,,,,,,,,,,,,,,,,,,,,,,,,,,,,REJECT,99,country_league_not_allowlisted
2026-07-04,2026-07-04T15:00:00+01:00,1783173600,1. Liga,364,2026,1529564,NS,Rēzekne FA,4141,JFK Ventspils,21202,Latvia,NS,Not Started,,,,,,,,,,,,0.0,0.0,0.0,0.0,0.0,0.0,0.0,0.0,0.0,0.0,,,2026-07-04T10:12:41.212522+00:00,COVERAGE_UNKNOWN,,,,,,0,1.0,COVERAGE_NOT_LOADED,,,,,,,,,,,,,,,,,,,,,,,,,,,,,,,,,,,,,,,,,,,,,,,,,,,,,NONE,,,,,,,,,,,,,,,,,,,,,,,,,,,,,,,,,,,,,,,,,,,,,,,,,,,,,,,,,,,,,,,,,,,,,,,,,,,,,,,,,,,,,,,,,,,,,,,,REJECT,99,country_league_not_allowlisted
2026-07-04,2026-07-04T15:00:00+01:00,1783173600,2. Deild,166,2026,1543419,NS,Fjardabyggd / Leiknir,18366,Vikingur Olafsiik,828,Iceland,NS,Not Started,,,,,,,,,,,,0.0,0.0,0.0,0.0,0.0,0.0,0.0,0.0,0.0,0.0,,,2026-07-04T10:12:41.212572+00:00,COVERAGE_UNKNOWN,,,,,,0,1.0,COVERAGE_NOT_LOADED,,,,,,,,,,,,,,,,,,,,,,,,,,,,,,,,,,,,,,,,,,,,,,,,,,,,,NONE,,,,,,,,,,,,,,,,,,,,,,,,,,,,,,,,,,,,,,,,,,,,,,,,,,,,,,,,,,,,,,,,,,,,,,,,,,,,,,,,,,,,,,,,,,,,,,,,REJECT,99,country_league_not_allowlisted
2026-07-04,2026-07-04T15:00:00+01:00,1783173600,2. Deild,166,2026,1543418,NS,Fjolnir,273,Kormákur / Hvöt,6093,Iceland,NS,Not Started,,,,,,,,,,,,0.0,0.0,0.0,0.0,0.0,0.0,0.0,0.0,0.0,0.0,,,2026-07-04T10:12:41.212567+00:00,COVERAGE_UNKNOWN,,,,,,0,1.0,COVERAGE_NOT_LOADED,,,,,,,,,,,,,,,,,,,,,,,,,,,,,,,,,,,,,,,,,,,,,,,,,,,,,NONE,,,,,,,,,,,,,,,,,,,,,,,,,,,,,,,,,,,,,,,,,,,,,,,,,,,,,,,,,,,,,,,,,,,,,,,,,,,,,,,,,,,,,,,,,,,,,,,,REJECT,99,country_league_not_allowlisted
2026-07-04,2026-07-04T17:00:00+01:00,1783180800,2. Deild,166,2026,1543420,NS,Magni,2124,Thróttur Vogar,4171,Iceland,NS,Not Started,,,,,,,,,,,,0.0,0.0,0.0,0.0,0.0,0.0,0.0,0.0,0.0,0.0,,,2026-07-04T10:12:41.213068+00:00,COVERAGE_UNKNOWN,,,,,,0,1.0,COVERAGE_NOT_LOADED,,,,,,,,,,,,,,,,,,,,,,,,,,,,,,,,,,,,,,,,,,,,,,,,,,,,,NONE,,,,,,,,,,,,,,,,,,,,,,,,,,,,,,,,,,,,,,,,,,,,,,,,,,,,,,,,,,,,,,,,,,,,,,,,,,,,,,,,,,,,,,,,,,,,,,,,REJECT,99,country_league_not_allowlisted
2026-07-04,2026-07-04T21:00:00+01:00,1783195200,Canadian Premier League,479,2026,1517305,NS,Atlético Ottawa,10169,Cavalry FC,2619,Canada,NS,Not Started,,,,,,,,,,,,0.0,0.0,0.0,0.0,0.0,0.0,0.0,0.0,0.0,0.0,,,2026-07-04T10:12:41.213569+00:00,COVERAGE_UNKNOWN,,,,,,0,1.0,COVERAGE_NOT_LOADED,,,,,,,,,,,,,,,,,,,,,,,,,,,,,,,,,,,,,,,,,,,,,,,,,,,,,NONE,,,,,,,,,,,,,,,,,,,,,,,,,,,,,,,,,,,,,,,,,,,,,,,,,,,,,,,,,,,,,,,,,,,,,,,,,,,,,,,,,,,,,,,,,,,,,,,,REJECT,99,country_league_not_allowlisted
2026-07-04,2026-07-04T06:00:00+01:00,1783141200,Capital Territory NPL,189,2026,1537489,PST,Queanbeyan City,23519,Tuggeranong United,1447,Australia,PST,Match Postponed,,,,,,,,,,,,0.0,0.0,0.0,0.0,0.0,0.0,0.0,0.0,0.0,0.0,,,2026-07-04T10:12:41.211014+00:00,COVERAGE_UNKNOWN,,,,,,0,1.0,COVERAGE_NOT_LOADED,,,,,,,,,,,,,,,,,,,,,,,,,,,,,,,,,,,,,,,,,,,,,,,,,,,,,NONE,,,,,,,,,,,,,,,,,,,,,,,,,,,,,,,,,,,,,,,,,,,,,,,,,,,,,,,,,,,,,,,,,,,,,,,,,,,,,,,,,,,,,,,,,,,,,,,,REJECT,99,country_league_not_allowlisted
2026-07-04,2026-07-04T18:45:00+01:00,1783187100,Carioca A2,851,2026,1543297,NS,América RJ,13104,Serrano RJ,13117,Brazil,NS,Not Started,,,,,,,,,,,,0.0,0.0,0.0,0.0,0.0,0.0,0.0,0.0,0.0,0.0,,,2026-07-04T10:12:41.213180+00:00,COVERAGE_UNKNOWN,,,,,,0,1.0,COVERAGE_NOT_LOADED,,,,,,,,,,,,,,,,,,,,,,,,,,,,,,,,,,,,,,,,,,,,,,,,,,,,,NONE,,,,,,,,,,,,,,,,,,,,,,,,,,,,,,,,,,,,,,,,,,,,,,,,,,,,,,,,,,,,,,,,,,,,,,,,,,,,,,,,,,,,,,,,,,,,,,,,REJECT,99,country_league_not_allowlisted
2026-07-04,2026-07-04T18:45:00+01:00,1783187100,Carioca A2,851,2026,1543301,NS,CEAC / Araruama,20006,Cabofriense,10672,Brazil,NS,Not Started,,,,,,,,,,,,0.0,0.0,0.0,0.0,0.0,0.0,0.0,0.0,0.0,0.0,,,2026-07-04T10:12:41.213200+00:00,COVERAGE_UNKNOWN,,,,,,0,1.0,COVERAGE_NOT_LOADED,,,,,,,,,,,,,,,,,,,,,,,,,,,,,,,,,,,,,,,,,,,,,,,,,,,,,NONE,,,,,,,,,,,,,,,,,,,,,,,,,,,,,,,,,,,,,,,,,,,,,,,,,,,,,,,,,,,,,,,,,,,,,,,,,,,,,,,,,,,,,,,,,,,,,,,,REJECT,99,country_league_not_allowlisted
2026-07-04,2026-07-04T18:45:00+01:00,1783187100,Carioca A2,851,2026,1543296,NS,CFRJ / Maricá,14000,Pérolas Negras,17738,Brazil,NS,Not Started,,,,,,,,,,,,0.0,0.0,0.0,0.0,0.0,0.0,0.0,0.0,0.0,0.0,,,2026-07-04T10:12:41.213175+00:00,COVERAGE_UNKNOWN,,,,,,0,1.0,COVERAGE_NOT_LOADED,,,,,,,,,,,,,,,,,,,,,,,,,,,,,,,,,,,,,,,,,,,,,,,,,,,,,NONE,,,,,,,,,,,,,,,,,,,,,,,,,,,,,,,,,,,,,,,,,,,,,,,,,,,,,,,,,,,,,,,,,,,,,,,,,,,,,,,,,,,,,,,,,,,,,,,,REJECT,99,country_league_not_allowlisted
2026-07-04,2026-07-04T18:45:00+01:00,1783187100,Carioca A2,851,2026,1543298,NS,Olaria,13114,Bonsucesso,13109,Brazil,NS,Not Started,,,,,,,,,,,,0.0,0.0,0.0,0.0,0.0,0.0,0.0,0.0,0.0,0.0,,,2026-07-04T10:12:41.213185+00:00,COVERAGE_UNKNOWN,,,,,,0,1.0,COVERAGE_NOT_LOADED,,,,,,,,,,,,,,,,,,,,,,,,,,,,,,,,,,,,,,,,,,,,,,,,,,,,,NONE,,,,,,,,,,,,,,,,,,,,,,,,,,,,,,,,,,,,,,,,,,,,,,,,,,,,,,,,,,,,,,,,,,,,,,,,,,,,,,,,,,,,,,,,,,,,,,,,REJECT,99,country_league_not_allowlisted
2026-07-04,2026-07-04T18:45:00+01:00,1783187100,Carioca A2,851,2026,1543299,NS,Resende,4857,Americano Campos,2203,Brazil,NS,Not Started,,,,,,,,,,,,0.0,0.0,0.0,0.0,0.0,0.0,0.0,0.0,0.0,0.0,,,2026-07-04T10:12:41.213190+00:00,COVERAGE_UNKNOWN,,,,,,0,1.0,COVERAGE_NOT_LOADED,,,,,,,,,,,,,,,,,,,,,,,,,,,,,,,,,,,,,,,,,,,,,,,,,,,,,NONE,,,,,,,,,,,,,,,,,,,,,,,,,,,,,,,,,,,,,,,,,,,,,,,,,,,,,,,,,,,,,,,,,,,,,,,,,,,,,,,,,,,,,,,,,,,,,,,,REJECT,99,country_league_not_allowlisted
2026-07-04,2026-07-04T18:45:00+01:00,1783187100,Carioca A2,851,2026,1543300,NS,São Gonçalo EC RJ,13118,Audax Rio,13107,Brazil,NS,Not Started,,,,,,,,,,,,0.0,0.0,0.0,0.0,0.0,0.0,0.0,0.0,0.0,0.0,,,2026-07-04T10:12:41.213195+00:00,COVERAGE_UNKNOWN,,,,,,0,1.0,COVERAGE_NOT_LOADED,,,,,,,,,,,,,,,,,,,,,,,,,,,,,,,,,,,,,,,,,,,,,,,,,,,,,NONE,,,,,,,,,,,,,,,,,,,,,,,,,,,,,,,,,,,,,,,,,,,,,,,,,,,,,,,,,,,,,,,,,,,,,,,,,,,,,,,,,,,,,,,,,,,,,,,,REJECT,99,country_league_not_allowlisted
2026-07-04,2026-07-04T19:00:00+01:00,1783188000,Catarinense - 2,936,2026,1541995,NS,Fluminense-SC,25116,Blumenau,19635,Brazil,NS,Not Started,,,,,,,,,,,,0.0,0.0,0.0,0.0,0.0,0.0,0.0,0.0,0.0,0.0,,,2026-07-04T10:12:41.213280+00:00,COVERAGE_UNKNOWN,,,,,,0,1.0,COVERAGE_NOT_LOADED,,,,,,,,,,,,,,,,,,,,,,,,,,,,,,,,,,,,,,,,,,,,,,,,,,,,,NONE,,,,,,,,,,,,,,,,,,,,,,,,,,,,,,,,,,,,,,,,,,,,,,,,,,,,,,,,,,,,,,,,,,,,,,,,,,,,,,,,,,,,,,,,,,,,,,,,REJECT,99,country_league_not_allowlisted
2026-07-04,2026-07-04T19:00:00+01:00,1783188000,Catarinense - 2,936,2026,1541994,NS,Guarani de Palhoça,12283,Hercílio Luz,7828,Brazil,NS,Not Started,,,,,,,,,,,,0.0,0.0,0.0,0.0,0.0,0.0,0.0,0.0,0.0,0.0,,,2026-07-04T10:12:41.213275+00:00,COVERAGE_UNKNOWN,,,,,,0,1.0,COVERAGE_NOT_LOADED,,,,,,,,,,,,,,,,,,,,,,,,,,,,,,,,,,,,,,,,,,,,,,,,,,,,,NONE,,,,,,,,,,,,,,,,,,,,,,,,,,,,,,,,,,,,,,,,,,,,,,,,,,,,,,,,,,,,,,,,,,,,,,,,,,,,,,,,,,,,,,,,,,,,,,,,REJECT,99,country_league_not_allowlisted
2026-07-04,2026-07-04T19:00:00+01:00,1783188000,Catarinense - 2,936,2026,1542029,NS,Juventus SC,12912,Jaraguá,25117,Brazil,NS,Not Started,,,,,,,,,,,,0.0,0.0,0.0,0.0,0.0,0.0,0.0,0.0,0.0,0.0,,,2026-07-04T10:12:41.213285+00:00,COVERAGE_UNKNOWN,,,,,,0,1.0,COVERAGE_NOT_LOADED,,,,,,,,,,,,,,,,,,,,,,,,,,,,,,,,,,,,,,,,,,,,,,,,,,,,,NONE,,,,,,,,,,,,,,,,,,,,,,,,,,,,,,,,,,,,,,,,,,,,,,,,,,,,,,,,,,,,,,,,,,,,,,,,,,,,,,,,,,,,,,,,,,,,,,,,REJECT,99,country_league_not_allowlisted
2026-07-04,2026-07-04T16:00:00+01:00,1783177200,Championnat D1,968,2025,1567855,NS,Bouenguidi,15564,Pélican,8069,Gabon,NS,Not Started,,,,,,,,,,,,0.0,0.0,0.0,0.0,0.0,0.0,0.0,0.0,0.0,0.0,,,2026-07-04T10:12:41.212988+00:00,COVERAGE_UNKNOWN,,,,,,0,1.0,COVERAGE_NOT_LOADED,,,,,,,,,,,,,,,,,,,,,,,,,,,,,,,,,,,,,,,,,,,,,,,,,,,,,NONE,,,,,,,,,,,,,,,,,,,,,,,,,,,,,,,,,,,,,,,,,,,,,,,,,,,,,,,,,,,,,,,,,,,,,,,,,,,,,,,,,,,,,,,,,,,,,,,,REJECT,99,country_league_not_allowlisted
2026-07-04,2026-07-04T14:00:00+01:00,1783170000,Championnat D1,968,2025,1567849,NS,Lozo,21191,Cercle Mbéri,6415,Gabon,NS,Not Started,,,,,,,,,,,,0.0,0.0,0.0,0.0,0.0,0.0,0.0,0.0,0.0,0.0,,,2026-07-04T10:12:41.212439+00:00,COVERAGE_UNKNOWN,,,,,,0,1.0,COVERAGE_NOT_LOADED,,,,,,,,,,,,,,,,,,,,,,,,,,,,,,,,,,,,,,,,,,,,,,,,,,,,,NONE,,,,,,,,,,,,,,,,,,,,,,,,,,,,,,,,,,,,,,,,,,,,,,,,,,,,,,,,,,,,,,,,,,,,,,,,,,,,,,,,,,,,,,,,,,,,,,,,REJECT,99,country_league_not_allowlisted
2026-07-04,2026-07-04T16:00:00+01:00,1783177200,Championnat D1,968,2025,1567850,NS,Ogooue FC,27625,Bitam,21187,Gabon,NS,Not Started,,,,,,,,,,,,0.0,0.0,0.0,0.0,0.0,0.0,0.0,0.0,0.0,0.0,,,2026-07-04T10:12:41.212983+00:00,COVERAGE_UNKNOWN,,,,,,0,1.0,COVERAGE_NOT_LOADED,,,,,,,,,,,,,,,,,,,,,,,,,,,,,,,,,,,,,,,,,,,,,,,,,,,,,NONE,,,,,,,,,,,,,,,,,,,,,,,,,,,,,,,,,,,,,,,,,,,,,,,,,,,,,,,,,,,,,,,,,,,,,,,,,,,,,,,,,,,,,,,,,,,,,,,,REJECT,99,country_league_not_allowlisted
2026-07-04,2026-07-04T15:30:00+01:00,1783175400,Championnat D1,968,2025,1567851,NS,Stade Mandji,19865,Mangasport,8089,Gabon,NS,Not Started,,,,,,,,,,,,0.0,0.0,0.0,0.0,0.0,0.0,0.0,0.0,0.0,0.0,,,2026-07-04T10:12:41.212831+00:00,COVERAGE_UNKNOWN,,,,,,0,1.0,COVERAGE_NOT_LOADED,,,,,,,,,,,,,,,,,,,,,,,,,,,,,,,,,,,,,,,,,,,,,,,,,,,,,NONE,,,,,,,,,,,,,,,,,,,,,,,,,,,,,,,,,,,,,,,,,,,,,,,,,,,,,,,,,,,,,,,,,,,,,,,,,,,,,,,,,,,,,,,,,,,,,,,,REJECT,99,country_league_not_allowlisted
2026-07-04,2026-07-04T15:30:00+01:00,1783175400,Championnat D1,968,2025,1567852,NS,Stade Migoveen,27575,Dikaki,21189,Gabon,NS,Not Started,,,,,,,,,,,,0.0,0.0,0.0,0.0,0.0,0.0,0.0,0.0,0.0,0.0,,,2026-07-04T10:12:41.212835+00:00,COVERAGE_UNKNOWN,,,,,,0,1.0,COVERAGE_NOT_LOADED,,,,,,,,,,,,,,,,,,,,,,,,,,,,,,,,,,,,,,,,,,,,,,,,,,,,,NONE,,,,,,,,,,,,,,,,,,,,,,,,,,,,,,,,,,,,,,,,,,,,,,,,,,,,,,,,,,,,,,,,,,,,,,,,,,,,,,,,,,,,,,,,,,,,,,,,REJECT,99,country_league_not_allowlisted
2026-07-04,2026-07-04T15:30:00+01:00,1783175400,Championnat D1,968,2025,1567853,NS,US Oyem,21193,Oyem AC,27734,Gabon,NS,Not Started,,,,,,,,,,,,0.0,0.0,0.0,0.0,0.0,0.0,0.0,0.0,0.0,0.0,,,2026-07-04T10:12:41.212840+00:00,COVERAGE_UNKNOWN,,,,,,0,1.0,COVERAGE_NOT_LOADED,,,,,,,,,,,,,,,,,,,,,,,,,,,,,,,,,,,,,,,,,,,,,,,,,,,,,NONE,,,,,,,,,,,,,,,,,,,,,,,,,,,,,,,,,,,,,,,,,,,,,,,,,,,,,,,,,,,,,,,,,,,,,,,,,,,,,,,,,,,,,,,,,,,,,,,,REJECT,99,country_league_not_allowlisted
2026-07-04,2026-07-04T15:30:00+01:00,1783175400,Championnat D1,968,2025,1567854,NS,Vautour Club,21194,FC 105,21190,Gabon,NS,Not Started,,,,,,,,,,,,0.0,0.0,0.0,0.0,0.0,0.0,0.0,0.0,0.0,0.0,,,2026-07-04T10:12:41.212845+00:00,COVERAGE_UNKNOWN,,,,,,0,1.0,COVERAGE_NOT_LOADED,,,,,,,,,,,,,,,,,,,,,,,,,,,,,,,,,,,,,,,,,,,,,,,,,,,,,NONE,,,,,,,,,,,,,,,,,,,,,,,,,,,,,,,,,,,,,,,,,,,,,,,,,,,,,,,,,,,,,,,,,,,,,,,,,,,,,,,,,,,,,,,,,,,,,,,,REJECT,99,country_league_not_allowlisted
2026-07-04,2026-07-04T23:00:00+01:00,1783202400,Copa Chile,267,2026,1544473,NS,Deportes Iquique,2319,Coquimbo Unido,2330,Chile,NS,Not Started,,,,,,,,,,,,0.0,0.0,0.0,0.0,0.0,0.0,0.0,0.0,0.0,0.0,,,2026-07-04T10:12:41.213708+00:00,COVERAGE_UNKNOWN,,,,,,0,1.0,COVERAGE_NOT_LOADED,,,,,,,,,,,,,,,,,,,,,,,,,,,,,,,,,,,,,,,,,,,,,,,,,,,,,NONE,,,,,,,,,,,,,,,,,,,,,,,,,,,,,,,,,,,,,,,,,,,,,,,,,,,,,,,,,,,,,,,,,,,,,,,,,,,,,,,,,,,,,,,,,,,,,,,,REJECT,99,country_league_not_allowlisted
2026-07-04,2026-07-04T20:00:00+01:00,1783191600,Copa Chile,267,2026,1544471,NS,Magallanes,2336,Palestino,2318,Chile,NS,Not Started,,,,,,,,,,,,0.0,0.0,0.0,0.0,0.0,0.0,0.0,0.0,0.0,0.0,,,2026-07-04T10:12:41.213479+00:00,COVERAGE_UNKNOWN,,,,,,0,1.0,COVERAGE_NOT_LOADED,,,,,,,,,,,,,,,,,,,,,,,,,,,,,,,,,,,,,,,,,,,,,,,,,,,,,NONE,,,,,,,,,,,,,,,,,,,,,,,,,,,,,,,,,,,,,,,,,,,,,,,,,,,,,,,,,,,,,,,,,,,,,,,,,,,,,,,,,,,,,,,,,,,,,,,,REJECT,99,country_league_not_allowlisted
2026-07-04,2026-07-04T21:00:00+01:00,1783195200,Copa Chile,267,2026,1544472,NS,San Luis,2322,Everton de Vina,2325,Chile,NS,Not Started,,,,,,,,,,,,0.0,0.0,0.0,0.0,0.0,0.0,0.0,0.0,0.0,0.0,,,2026-07-04T10:12:41.213622+00:00,COVERAGE_UNKNOWN,,,,,,0,1.0,COVERAGE_NOT_LOADED,,,,,,,,,,,,,,,,,,,,,,,,,,,,,,,,,,,,,,,,,,,,,,,,,,,,,NONE,,,,,,,,,,,,,,,,,,,,,,,,,,,,,,,,,,,,,,,,,,,,,,,,,,,,,,,,,,,,,,,,,,,,,,,,,,,,,,,,,,,,,,,,,,,,,,,,REJECT,99,country_league_not_allowlisted
2026-07-04,2026-07-04T20:00:00+01:00,1783191600,Copa Chile,267,2026,1544470,NS,Union San Felipe,2340,Union La Calera,2326,Chile,NS,Not Started,,,,,,,,,,,,0.0,0.0,0.0,0.0,0.0,0.0,0.0,0.0,0.0,0.0,,,2026-07-04T10:12:41.213474+00:00,COVERAGE_UNKNOWN,,,,,,0,1.0,COVERAGE_NOT_LOADED,,,,,,,,,,,,,,,,,,,,,,,,,,,,,,,,,,,,,,,,,,,,,,,,,,,,,NONE,,,,,,,,,,,,,,,,,,,,,,,,,,,,,,,,,,,,,,,,,,,,,,,,,,,,,,,,,,,,,,,,,,,,,,,,,,,,,,,,,,,,,,,,,,,,,,,,REJECT,99,country_league_not_allowlisted
2026-07-04,2026-07-04T23:00:00+01:00,1783202400,Copa Gaúcha,1158,2026,1557276,NS,Brasil DE Pelotas,141,Santa Cruz RS,16479,Brazil,NS,Not Started,,,,,,,,,,,,0.0,0.0,0.0,0.0,0.0,0.0,0.0,0.0,0.0,0.0,,,2026-07-04T10:12:41.213713+00:00,COVERAGE_UNKNOWN,,,,,,0,1.0,COVERAGE_NOT_LOADED,,,,,,,,,,,,,,,,,,,,,,,,,,,,,,,,,,,,,,,,,,,,,,,,,,,,,NONE,,,,,,,,,,,,,,,,,,,,,,,,,,,,,,,,,,,,,,,,,,,,,,,,,,,,,,,,,,,,,,,,,,,,,,,,,,,,,,,,,,,,,,,,,,,,,,,,REJECT,99,country_league_not_allowlisted
2026-07-04,2026-07-04T22:00:00+01:00,1783198800,Copa Nicaragua,1187,2026,1576809,NS,Xilotepelt,27908,Real Estelí,4645,Nicaragua,NS,Not Started,,,,,,,,,,,,0.0,0.0,0.0,0.0,0.0,0.0,0.0,0.0,0.0,0.0,,,2026-07-04T10:12:41.213679+00:00,COVERAGE_UNKNOWN,,,,,,0,1.0,COVERAGE_NOT_LOADED,,,,,,,,,,,,,,,,,,,,,,,,,,,,,,,,,,,,,,,,,,,,,,,,,,,,,NONE,,,,,,,,,,,,,,,,,,,,,,,,,,,,,,,,,,,,,,,,,,,,,,,,,,,,,,,,,,,,,,,,,,,,,,,,,,,,,,,,,,,,,,,,,,,,,,,,REJECT,99,country_league_not_allowlisted
2026-07-04,2026-07-04T13:00:00+01:00,1783166400,Esiliiga A,328,2026,1519589,NS,FC Tallinn,14287,Nõmme United II,25755,Estonia,NS,Not Started,,,,,,,,,,,,0.0,0.0,0.0,0.0,0.0,0.0,0.0,0.0,0.0,0.0,,,2026-07-04T10:12:41.211916+00:00,COVERAGE_UNKNOWN,,,,,,0,1.0,COVERAGE_NOT_LOADED,,,,,,,,,,,,,,,,,,,,,,,,,,,,,,,,,,,,,,,,,,,,,,,,,,,,,NONE,,,,,,,,,,,,,,,,,,,,,,,,,,,,,,,,,,,,,,,,,,,,,,,,,,,,,,,,,,,,,,,,,,,,,,,,,,,,,,,,,,,,,,,,,,,,,,,,REJECT,99,country_league_not_allowlisted
2026-07-04,2026-07-04T13:00:00+01:00,1783166400,Esiliiga B,1126,2026,1521635,NS,Levadia U19,7906,Luunja,10168,Estonia,NS,Not Started,,,,,,,,,,,,0.0,0.0,0.0,0.0,0.0,0.0,0.0,0.0,0.0,0.0,,,2026-07-04T10:12:41.211921+00:00,COVERAGE_UNKNOWN,,,,,,0,1.0,COVERAGE_NOT_LOADED,,,,,,,,,,,,,,,,,,,,,,,,,,,,,,,,,,,,,,,,,,,,,,,,,,,,,NONE,,,,,,,,,,,,,,,,,,,,,,,,,,,,,,,,,,,,,,,,,,,,,,,,,,,,,,,,,,,,,,,,,,,,,,,,,,,,,,,,,,,,,,,,,,,,,,,,REJECT,99,country_league_not_allowlisted
2026-07-04,2026-07-04T13:00:00+01:00,1783166400,Esiliiga B,1126,2026,1521636,NS,Tartu Kalev,16962,Johvi Phoenix,24237,Estonia,NS,Not Started,,,,,,,,,,,,0.0,0.0,0.0,0.0,0.0,0.0,0.0,0.0,0.0,0.0,,,2026-07-04T10:12:41.211926+00:00,COVERAGE_UNKNOWN,,,,,,0,1.0,COVERAGE_NOT_LOADED,,,,,,,,,,,,,,,,,,,,,,,,,,,,,,,,,,,,,,,,,,,,,,,,,,,,,NONE,,,,,,,,,,,,,,,,,,,,,,,,,,,,,,,,,,,,,,,,,,,,,,,,,,,,,,,,,,,,,,,,,,,,,,,,,,,,,,,,,,,,,,,,,,,,,,,,REJECT,99,country_league_not_allowlisted
2026-07-04,2026-07-04T11:00:00+01:00,1783159200,FA Cup,294,2026,1559516,NS,Yangcheon TNT,27862,Pyeongchang United,18656,South-Korea,NS,Not Started,,,,,,,,,,,,0.0,0.0,0.0,0.0,0.0,0.0,0.0,0.0,0.0,0.0,,,2026-07-04T10:12:41.211645+00:00,COVERAGE_UNKNOWN,,,,,,0,1.0,COVERAGE_NOT_LOADED,,,,,,,,,,,,,,,,,,,,,,,,,,,,,,,,,,,,,,,,,,,,,,,,,,,,,NONE,,,,,,,,,,,,,,,,,,,,,,,,,,,,,,,,,,,,,,,,,,,,,,,,,,,,,,,,,,,,,,,,,,,,,,,,,,,,,,,,,,,,,,,,,,,,,,,,REJECT,99,country_league_not_allowlisted
2026-07-04,2026-07-04T19:30:00+01:00,1783189800,First Division,358,2026,1492929,NS,Longford Town,3853,UCD,3844,Ireland,NS,Not Started,,,,,,,,,,,,0.0,0.0,0.0,0.0,0.0,0.0,0.0,0.0,0.0,0.0,,,2026-07-04T10:12:41.213388+00:00,COVERAGE_UNKNOWN,,,,,,0,1.0,COVERAGE_NOT_LOADED,,,,,,,,,,,,,,,,,,,,,,,,,,,,,,,,,,,,,,,,,,,,,,,,,,,,,NONE,,,,,,,,,,,,,,,,,,,,,,,,,,,,,,,,,,,,,,,,,,,,,,,,,,,,,,,,,,,,,,,,,,,,,,,,,,,,,,,,,,,,,,,,,,,,,,,,REJECT,99,country_league_not_allowlisted
2026-07-04,2026-07-04T11:30:00+01:00,1783161000,K League 2,293,2026,1510363,NS,Ansan Greeners,2758,Suwon City FC,2756,South-Korea,NS,Not Started,,,,,,,,,,,,0.0,0.0,0.0,0.0,0.0,0.0,0.0,0.0,0.0,0.0,,,2026-07-04T10:12:41.211680+00:00,COVERAGE_UNKNOWN,,,,,,0,1.0,COVERAGE_NOT_LOADED,,,,,,,,,,,,,,,,,,,,,,,,,,,,,,,,,,,,,,,,,,,,,,,,,,,,,NONE,,,,,,,,,,,,,,,,,,,,,,,,,,,,,,,,,,,,,,,,,,,,,,,,,,,,,,,,,,,,,,,,,,,,,,,,,,,,,,,,,,,,,,,,,,,,,,,,REJECT,99,country_league_not_allowlisted
2026-07-04,2026-07-04T11:30:00+01:00,1783161000,K League 2,293,2026,1510364,NS,Cheongju,7061,Daegu FC,2747,South-Korea,NS,Not Started,,,,,,,,,,,,0.0,0.0,0.0,0.0,0.0,0.0,0.0,0.0,0.0,0.0,,,2026-07-04T10:12:41.211684+00:00,COVERAGE_UNKNOWN,,,,,,0,1.0,COVERAGE_NOT_LOADED,,,,,,,,,,,,,,,,,,,,,,,,,,,,,,,,,,,,,,,,,,,,,,,,,,,,,NONE,,,,,,,,,,,,,,,,,,,,,,,,,,,,,,,,,,,,,,,,,,,,,,,,,,,,,,,,,,,,,,,,,,,,,,,,,,,,,,,,,,,,,,,,,,,,,,,,REJECT,99,country_league_not_allowlisted
2026-07-04,2026-07-04T11:30:00+01:00,1783161000,K League 2,293,2026,1510365,NS,Paju Citizen,7098,Yongin City,9171,South-Korea,NS,Not Started,,,,,,,,,,,,0.0,0.0,0.0,0.0,0.0,0.0,0.0,0.0,0.0,0.0,,,2026-07-04T10:12:41.211689+00:00,COVERAGE_UNKNOWN,,,,,,0,1.0,COVERAGE_NOT_LOADED,,,,,,,,,,,,,,,,,,,,,,,,,,,,,,,,,,,,,,,,,,,,,,,,,,,,,NONE,,,,,,,,,,,,,,,,,,,,,,,,,,,,,,,,,,,,,,,,,,,,,,,,,,,,,,,,,,,,,,,,,,,,,,,,,,,,,,,,,,,,,,,,,,,,,,,,REJECT,99,country_league_not_allowlisted
2026-07-04,2026-07-04T11:30:00+01:00,1783161000,K League 2,293,2026,1510366,NS,Suwon Bluewings,2765,Seongnam FC,2757,South-Korea,NS,Not Started,,,,,,,,,,,,0.0,0.0,0.0,0.0,0.0,0.0,0.0,0.0,0.0,0.0,,,2026-07-04T10:12:41.211694+00:00,COVERAGE_UNKNOWN,,,,,,0,1.0,COVERAGE_NOT_LOADED,,,,,,,,,,,,,,,,,,,,,,,,,,,,,,,,,,,,,,,,,,,,,,,,,,,,,NONE,,,,,,,,,,,,,,,,,,,,,,,,,,,,,,,,,,,,,,,,,,,,,,,,,,,,,,,,,,,,,,,,,,,,,,,,,,,,,,,,,,,,,,,,,,,,,,,,REJECT,99,country_league_not_allowlisted
2026-07-04,2026-07-04T14:00:00+01:00,1783170000,Kakkonen - Lohko A,247,2026,1541632,NS,Atlantis,10667,PEPO,9178,Finland,NS,Not Started,,,,,,,,,,,,0.0,0.0,0.0,0.0,0.0,0.0,0.0,0.0,0.0,0.0,,,2026-07-04T10:12:41.212270+00:00,COVERAGE_UNKNOWN,,,,,,0,1.0,COVERAGE_NOT_LOADED,,,,,,,,,,,,,,,,,,,,,,,,,,,,,,,,,,,,,,,,,,,,,,,,,,,,,NONE,,,,,,,,,,,,,,,,,,,,,,,,,,,,,,,,,,,,,,,,,,,,,,,,,,,,,,,,,,,,,,,,,,,,,,,,,,,,,,,,,,,,,,,,,,,,,,,,REJECT,99,country_league_not_allowlisted
2026-07-04,2026-07-04T13:00:00+01:00,1783166400,Kakkonen - Lohko A,247,2026,1541631,NS,HIFK Helsinki,1172,MyPa,2243,Finland,NS,Not Started,,,,,,,,,,,,0.0,0.0,0.0,0.0,0.0,0.0,0.0,0.0,0.0,0.0,,,2026-07-04T10:12:41.211970+00:00,COVERAGE_UNKNOWN,,,,,,0,1.0,COVERAGE_NOT_LOADED,,,,,,,,,,,,,,,,,,,,,,,,,,,,,,,,,,,,,,,,,,,,,,,,,,,,,NONE,,,,,,,,,,,,,,,,,,,,,,,,,,,,,,,,,,,,,,,,,,,,,,,,,,,,,,,,,,,,,,,,,,,,,,,,,,,,,,,,,,,,,,,,,,,,,,,,REJECT,99,country_league_not_allowlisted
2026-07-04,2026-07-04T15:00:00+01:00,1783173600,Kakkonen - Lohko A,247,2026,1541634,NS,HPS,13517,Reipas,9179,Finland,NS,Not Started,,,,,,,,,,,,0.0,0.0,0.0,0.0,0.0,0.0,0.0,0.0,0.0,0.0,,,2026-07-04T10:12:41.212557+00:00,COVERAGE_UNKNOWN,,,,,,0,1.0,COVERAGE_NOT_LOADED,,,,,,,,,,,,,,,,,,,,,,,,,,,,,,,,,,,,,,,,,,,,,,,,,,,,,NONE,,,,,,,,,,,,,,,,,,,,,,,,,,,,,,,,,,,,,,,,,,,,,,,,,,,,,,,,,,,,,,,,,,,,,,,,,,,,,,,,,,,,,,,,,,,,,,,,REJECT,99,country_league_not_allowlisted
2026-07-04,2026-07-04T14:00:00+01:00,1783170000,Kakkonen - Lohko A,247,2026,1541633,NS,Union Plaani,18667,PuiU Helsinki,18596,Finland,NS,Not Started,,,,,,,,,,,,0.0,0.0,0.0,0.0,0.0,0.0,0.0,0.0,0.0,0.0,,,2026-07-04T10:12:41.212275+00:00,COVERAGE_UNKNOWN,,,,,,0,1.0,COVERAGE_NOT_LOADED,,,,,,,,,,,,,,,,,,,,,,,,,,,,,,,,,,,,,,,,,,,,,,,,,,,,,NONE,,,,,,,,,,,,,,,,,,,,,,,,,,,,,,,,,,,,,,,,,,,,,,,,,,,,,,,,,,,,,,,,,,,,,,,,,,,,,,,,,,,,,,,,,,,,,,,,REJECT,99,country_league_not_allowlisted
2026-07-04,2026-07-04T12:00:00+01:00,1783162800,Kakkonen - Lohko B,248,2026,1541518,NS,Honka,1169,Musa,2245,Finland,NS,Not Started,,,,,,,,,,,,0.0,0.0,0.0,0.0,0.0,0.0,0.0,0.0,0.0,0.0,,,2026-07-04T10:12:41.211751+00:00,COVERAGE_UNKNOWN,,,,,,0,1.0,COVERAGE_NOT_LOADED,,,,,,,,,,,,,,,,,,,,,,,,,,,,,,,,,,,,,,,,,,,,,,,,,,,,,NONE,,,,,,,,,,,,,,,,,,,,,,,,,,,,,,,,,,,,,,,,,,,,,,,,,,,,,,,,,,,,,,,,,,,,,,,,,,,,,,,,,,,,,,,,,,,,,,,,REJECT,99,country_league_not_allowlisted
2026-07-04,2026-07-04T14:00:00+01:00,1783170000,Kakkonen - Lohko B,248,2026,1541519,NS,P-Iirot,9188,HJS Akatemia,9209,Finland,NS,Not Started,,,,,,,,,,,,0.0,0.0,0.0,0.0,0.0,0.0,0.0,0.0,0.0,0.0,,,2026-07-04T10:12:41.212265+00:00,COVERAGE_UNKNOWN,,,,,,0,1.0,COVERAGE_NOT_LOADED,,,,,,,,,,,,,,,,,,,,,,,,,,,,,,,,,,,,,,,,,,,,,,,,,,,,,NONE,,,,,,,,,,,,,,,,,,,,,,,,,,,,,,,,,,,,,,,,,,,,,,,,,,,,,,,,,,,,,,,,,,,,,,,,,,,,,,,,,,,,,,,,,,,,,,,,REJECT,99,country_league_not_allowlisted
2026-07-04,2026-07-04T12:00:00+01:00,1783162800,Kakkonen - Lohko C,249,2026,1541707,NS,JS Hercules,6073,Vaajakoski,9201,Finland,NS,Not Started,,,,,,,,,,,,0.0,0.0,0.0,0.0,0.0,0.0,0.0,0.0,0.0,0.0,,,2026-07-04T10:12:41.211756+00:00,COVERAGE_UNKNOWN,,,,,,0,1.0,COVERAGE_NOT_LOADED,,,,,,,,,,,,,,,,,,,,,,,,,,,,,,,,,,,,,,,,,,,,,,,,,,,,,NONE,,,,,,,,,,,,,,,,,,,,,,,,,,,,,,,,,,,,,,,,,,,,,,,,,,,,,,,,,,,,,,,,,,,,,,,,,,,,,,,,,,,,,,,,,,,,,,,,REJECT,99,country_league_not_allowlisted
2026-07-04,2026-07-04T13:00:00+01:00,1783166400,Kakkonen - Lohko C,249,2026,1541748,NS,Kraft,9213,Jaro 2,27701,Finland,NS,Not Started,,,,,,,,,,,,0.0,0.0,0.0,0.0,0.0,0.0,0.0,0.0,0.0,0.0,,,2026-07-04T10:12:41.211975+00:00,COVERAGE_UNKNOWN,,,,,,0,1.0,COVERAGE_NOT_LOADED,,,,,,,,,,,,,,,,,,,,,,,,,,,,,,,,,,,,,,,,,,,,,,,,,,,,,NONE,,,,,,,,,,,,,,,,,,,,,,,,,,,,,,,,,,,,,,,,,,,,,,,,,,,,,,,,,,,,,,,,,,,,,,,,,,,,,,,,,,,,,,,,,,,,,,,,REJECT,99,country_league_not_allowlisted
2026-07-04,2026-07-04T15:00:00+01:00,1783173600,Kakkonen - Lohko C,249,2026,1541708,NS,TP-47,9214,GBK,9191,Finland,NS,Not Started,,,,,,,,,,,,0.0,0.0,0.0,0.0,0.0,0.0,0.0,0.0,0.0,0.0,,,2026-07-04T10:12:41.212562+00:00,COVERAGE_UNKNOWN,,,,,,0,1.0,COVERAGE_NOT_LOADED,,,,,,,,,,,,,,,,,,,,,,,,,,,,,,,,,,,,,,,,,,,,,,,,,,,,,NONE,,,,,,,,,,,,,,,,,,,,,,,,,,,,,,,,,,,,,,,,,,,,,,,,,,,,,,,,,,,,,,,,,,,,,,,,,,,,,,,,,,,,,,,,,,,,,,,,REJECT,99,country_league_not_allowlisted
2026-07-04,2026-07-04T15:00:00+01:00,1783173600,Kansallinen Liiga,640,2026,1539060,NS,HJK W,13990,KuPS W,13997,Finland,NS,Not Started,,,,,,,,,,,,0.0,0.0,0.0,0.0,0.0,0.0,0.0,0.0,0.0,0.0,,,2026-07-04T10:12:41.212552+00:00,COVERAGE_UNKNOWN,,,,,,0,1.0,COVERAGE_NOT_LOADED,,,,,,,,,,,,,,,,,,,,,,,,,,,,,,,,,,,,,,,,,,,,,,,,,,,,,NONE,,,,,,,,,,,,,,,,,,,,,,,,,,,,,,,,,,,,,,,,,,,,,,,,,,,,,,,,,,,,,,,,,,,,,,,,,,,,,,,,,,,,,,,,,,,,,,,,REJECT,99,country_league_not_allowlisted
2026-07-04,2026-07-04T13:00:00+01:00,1783166400,Kansallinen Liiga,640,2026,1539059,NS,Ilves W,13991,Åland United W,13995,Finland,NS,Not Started,,,,,,,,,,,,0.0,0.0,0.0,0.0,0.0,0.0,0.0,0.0,0.0,0.0,,,2026-07-04T10:12:41.211965+00:00,COVERAGE_UNKNOWN,,,,,,0,1.0,COVERAGE_NOT_LOADED,,,,,,,,,,,,,,,,,,,,,,,,,,,,,,,,,,,,,,,,,,,,,,,,,,,,,NONE,,,,,,,,,,,,,,,,,,,,,,,,,,,,,,,,,,,,,,,,,,,,,,,,,,,,,,,,,,,,,,,,,,,,,,,,,,,,,,,,,,,,,,,,,,,,,,,,REJECT,99,country_league_not_allowlisted
2026-07-04,2026-07-04T12:00:00+01:00,1783162800,Kansallinen Liiga,640,2026,1539058,NS,PK-35 Vantaa W,10920,HPS W,16383,Finland,NS,Not Started,,,,,,,,,,,,0.0,0.0,0.0,0.0,0.0,0.0,0.0,0.0,0.0,0.0,,,2026-07-04T10:12:41.211746+00:00,COVERAGE_UNKNOWN,,,,,,0,1.0,COVERAGE_NOT_LOADED,,,,,,,,,,,,,,,,,,,,,,,,,,,,,,,,,,,,,,,,,,,,,,,,,,,,,NONE,,,,,,,,,,,,,,,,,,,,,,,,,,,,,,,,,,,,,,,,,,,,,,,,,,,,,,,,,,,,,,,,,,,,,,,,,,,,,,,,,,,,,,,,,,,,,,,,REJECT,99,country_league_not_allowlisted
2026-07-04,2026-07-04T12:00:00+01:00,1783162800,League One,170,2026,1528775,NS,Ningbo Professional,27556,Hebei Kungfu,17264,China,NS,Not Started,,,,,,,,,,,,0.0,0.0,0.0,0.0,0.0,0.0,0.0,0.0,0.0,0.0,,,2026-07-04T10:12:41.211722+00:00,COVERAGE_UNKNOWN,,,,,,0,1.0,COVERAGE_NOT_LOADED,,,,,,,,,,,,,,,,,,,,,,,,,,,,,,,,,,,,,,,,,,,,,,,,,,,,,NONE,,,,,,,,,,,,,,,,,,,,,,,,,,,,,,,,,,,,,,,,,,,,,,,,,,,,,,,,,,,,,,,,,,,,,,,,,,,,,,,,,,,,,,,,,,,,,,,,REJECT,99,country_league_not_allowlisted
2026-07-04,2026-07-04T12:00:00+01:00,1783162800,League One,170,2026,1528638,NS,Shaanxi Union,23286,Wuxi Wugou,17269,China,NS,Not Started,,,,,,,,,,,,0.0,0.0,0.0,0.0,0.0,0.0,0.0,0.0,0.0,0.0,,,2026-07-04T10:12:41.211708+00:00,COVERAGE_UNKNOWN,,,,,,0,1.0,COVERAGE_NOT_LOADED,,,,,,,,,,,,,,,,,,,,,,,,,,,,,,,,,,,,,,,,,,,,,,,,,,,,,NONE,,,,,,,,,,,,,,,,,,,,,,,,,,,,,,,,,,,,,,,,,,,,,,,,,,,,,,,,,,,,,,,,,,,,,,,,,,,,,,,,,,,,,,,,,,,,,,,,REJECT,99,country_league_not_allowlisted
2026-07-04,2026-07-04T12:00:00+01:00,1783162800,League One,170,2026,1528639,NS,Shenzhen Juniors,23265,Nantong Zhiyun,2626,China,NS,Not Started,,,,,,,,,,,,0.0,0.0,0.0,0.0,0.0,0.0,0.0,0.0,0.0,0.0,,,2026-07-04T10:12:41.211713+00:00,COVERAGE_UNKNOWN,,,,,,0,1.0,COVERAGE_NOT_LOADED,,,,,,,,,,,,,,,,,,,,,,,,,,,,,,,,,,,,,,,,,,,,,,,,,,,,,NONE,,,,,,,,,,,,,,,,,,,,,,,,,,,,,,,,,,,,,,,,,,,,,,,,,,,,,,,,,,,,,,,,,,,,,,,,,,,,,,,,,,,,,,,,,,,,,,,,REJECT,99,country_league_not_allowlisted
2026-07-04,2026-07-04T12:00:00+01:00,1783162800,League One,170,2026,1528640,NS,Suzhou Dongwu,5688,Guangzhou E-Power,23269,China,NS,Not Started,,,,,,,,,,,,0.0,0.0,0.0,0.0,0.0,0.0,0.0,0.0,0.0,0.0,,,2026-07-04T10:12:41.211718+00:00,COVERAGE_UNKNOWN,,,,,,0,1.0,COVERAGE_NOT_LOADED,,,,,,,,,,,,,,,,,,,,,,,,,,,,,,,,,,,,,,,,,,,,,,,,,,,,,NONE,,,,,,,,,,,,,,,,,,,,,,,,,,,,,,,,,,,,,,,,,,,,,,,,,,,,,,,,,,,,,,,,,,,,,,,,,,,,,,,,,,,,,,,,,,,,,,,,REJECT,99,country_league_not_allowlisted
2026-07-04,2026-07-04T13:00:00+01:00,1783166400,League Two,929,2026,1532800,NS,Chengdu Rongcheng II,25839,Wuhan Three Towns II,25840,China,NS,Not Started,,,,,,,,,,,,0.0,0.0,0.0,0.0,0.0,0.0,0.0,0.0,0.0,0.0,,,2026-07-04T10:12:41.211941+00:00,COVERAGE_UNKNOWN,,,,,,0,1.0,COVERAGE_NOT_LOADED,,,,,,,,,,,,,,,,,,,,,,,,,,,,,,,,,,,,,,,,,,,,,,,,,,,,,NONE,,,,,,,,,,,,,,,,,,,,,,,,,,,,,,,,,,,,,,,,,,,,,,,,,,,,,,,,,,,,,,,,,,,,,,,,,,,,,,,,,,,,,,,,,,,,,,,,REJECT,99,country_league_not_allowlisted
2026-07-04,2026-07-04T12:00:00+01:00,1783162800,League Two,929,2026,1532796,NS,Guangzhou Dandelion,25774,Guangdong Mingtu,25773,China,NS,Not Started,,,,,,,,,,,,0.0,0.0,0.0,0.0,0.0,0.0,0.0,0.0,0.0,0.0,,,2026-07-04T10:12:41.211732+00:00,COVERAGE_UNKNOWN,,,,,,0,1.0,COVERAGE_NOT_LOADED,,,,,,,,,,,,,,,,,,,,,,,,,,,,,,,,,,,,,,,,,,,,,,,,,,,,,NONE,,,,,,,,,,,,,,,,,,,,,,,,,,,,,,,,,,,,,,,,,,,,,,,,,,,,,,,,,,,,,,,,,,,,,,,,,,,,,,,,,,,,,,,,,,,,,,,,REJECT,99,country_league_not_allowlisted
2026-07-04,2026-07-04T12:30:00+01:00,1783164600,League Two,929,2026,1532799,NS,Nantong Haimen Codion,19319,Dalian Kewei,27620,China,NS,Not Started,,,,,,,,,,,,0.0,0.0,0.0,0.0,0.0,0.0,0.0,0.0,0.0,0.0,,,2026-07-04T10:12:41.211862+00:00,COVERAGE_UNKNOWN,,,,,,0,1.0,COVERAGE_NOT_LOADED,,,,,,,,,,,,,,,,,,,,,,,,,,,,,,,,,,,,,,,,,,,,,,,,,,,,,NONE,,,,,,,,,,,,,,,,,,,,,,,,,,,,,,,,,,,,,,,,,,,,,,,,,,,,,,,,,,,,,,,,,,,,,,,,,,,,,,,,,,,,,,,,,,,,,,,,REJECT,99,country_league_not_allowlisted
2026-07-04,2026-07-04T12:00:00+01:00,1783162800,League Two,929,2026,1532797,NS,Shandong Taishan II,23288,Rizhao Yuqi,21328,China,NS,Not Started,,,,,,,,,,,,0.0,0.0,0.0,0.0,0.0,0.0,0.0,0.0,0.0,0.0,,,2026-07-04T10:12:41.211737+00:00,COVERAGE_UNKNOWN,,,,,,0,1.0,COVERAGE_NOT_LOADED,,,,,,,,,,,,,,,,,,,,,,,,,,,,,,,,,,,,,,,,,,,,,,,,,,,,,NONE,,,,,,,,,,,,,,,,,,,,,,,,,,,,,,,,,,,,,,,,,,,,,,,,,,,,,,,,,,,,,,,,,,,,,,,,,,,,,,,,,,,,,,,,,,,,,,,,REJECT,99,country_league_not_allowlisted
2026-07-04,2026-07-04T12:30:00+01:00,1783164600,League Two,929,2026,1532798,NS,Shangyu Pterosaur,19320,Hubei Chufeng Heli,5660,China,NS,Not Started,,,,,,,,,,,,0.0,0.0,0.0,0.0,0.0,0.0,0.0,0.0,0.0,0.0,,,2026-07-04T10:12:41.211857+00:00,COVERAGE_UNKNOWN,,,,,,0,1.0,COVERAGE_NOT_LOADED,,,,,,,,,,,,,,,,,,,,,,,,,,,,,,,,,,,,,,,,,,,,,,,,,,,,,NONE,,,,,,,,,,,,,,,,,,,,,,,,,,,,,,,,,,,,,,,,,,,,,,,,,,,,,,,,,,,,,,,,,,,,,,,,,,,,,,,,,,,,,,,,,,,,,,,,REJECT,99,country_league_not_allowlisted
2026-07-04,2026-07-04T20:00:00+01:00,1783191600,Liga Pro,242,2026,1519388,NS,Libertad,18762,Leones del Norte,19034,Ecuador,NS,Not Started,,,,,,,,,,,,0.0,0.0,0.0,0.0,0.0,0.0,0.0,0.0,0.0,0.0,,,2026-07-04T10:12:41.213454+00:00,COVERAGE_UNKNOWN,,,,,,0,1.0,COVERAGE_NOT_LOADED,,,,,,,,,,,,,,,,,,,,,,,,,,,,,,,,,,,,,,,,,,,,,,,,,,,,,NONE,,,,,,,,,,,,,,,,,,,,,,,,,,,,,,,,,,,,,,,,,,,,,,,,,,,,,,,,,,,,,,,,,,,,,,,,,,,,,,,,,,,,,,,,,,,,,,,,REJECT,99,country_league_not_allowlisted
2026-07-04,2026-07-04T22:30:00+01:00,1783200600,Liga Pro Serie B,243,2026,1526562,NS,LDU Portoviejo,1988,9 de Octubre,10111,Ecuador,NS,Not Started,,,,,,,,,,,,0.0,0.0,0.0,0.0,0.0,0.0,0.0,0.0,0.0,0.0,,,2026-07-04T10:12:41.213684+00:00,COVERAGE_UNKNOWN,,,,,,0,1.0,COVERAGE_NOT_LOADED,,,,,,,,,,,,,,,,,,,,,,,,,,,,,,,,,,,,,,,,,,,,,,,,,,,,,NONE,,,,,,,,,,,,,,,,,,,,,,,,,,,,,,,,,,,,,,,,,,,,,,,,,,,,,,,,,,,,,,,,,,,,,,,,,,,,,,,,,,,,,,,,,,,,,,,,REJECT,99,country_league_not_allowlisted
2026-07-04,2026-07-04T20:00:00+01:00,1783191600,Maranhense - 2,1148,2026,1544800,NS,Cordino,7773,Balsas,26641,Brazil,NS,Not Started,,,,,,,,,,,,0.0,0.0,0.0,0.0,0.0,0.0,0.0,0.0,0.0,0.0,,,2026-07-04T10:12:41.213489+00:00,COVERAGE_UNKNOWN,,,,,,0,1.0,COVERAGE_NOT_LOADED,,,,,,,,,,,,,,,,,,,,,,,,,,,,,,,,,,,,,,,,,,,,,,,,,,,,,NONE,,,,,,,,,,,,,,,,,,,,,,,,,,,,,,,,,,,,,,,,,,,,,,,,,,,,,,,,,,,,,,,,,,,,,,,,,,,,,,,,,,,,,,,,,,,,,,,,REJECT,99,country_league_not_allowlisted
2026-07-04,2026-07-04T20:00:00+01:00,1783191600,Maranhense - 2,1148,2026,1544799,NS,Expressinho,25044,São José MA,12919,Brazil,NS,Not Started,,,,,,,,,,,,0.0,0.0,0.0,0.0,0.0,0.0,0.0,0.0,0.0,0.0,,,2026-07-04T10:12:41.213484+00:00,COVERAGE_UNKNOWN,,,,,,0,1.0,COVERAGE_NOT_LOADED,,,,,,,,,,,,,,,,,,,,,,,,,,,,,,,,,,,,,,,,,,,,,,,,,,,,,NONE,,,,,,,,,,,,,,,,,,,,,,,,,,,,,,,,,,,,,,,,,,,,,,,,,,,,,,,,,,,,,,,,,,,,,,,,,,,,,,,,,,,,,,,,,,,,,,,,REJECT,99,country_league_not_allowlisted
2026-07-04,2026-07-04T20:00:00+01:00,1783191600,Maranhense - 2,1148,2026,1544801,NS,Viana,25519,Lago Verde,26642,Brazil,NS,Not Started,,,,,,,,,,,,0.0,0.0,0.0,0.0,0.0,0.0,0.0,0.0,0.0,0.0,,,2026-07-04T10:12:41.213493+00:00,COVERAGE_UNKNOWN,,,,,,0,1.0,COVERAGE_NOT_LOADED,,,,,,,,,,,,,,,,,,,,,,,,,,,,,,,,,,,,,,,,,,,,,,,,,,,,,NONE,,,,,,,,,,,,,,,,,,,,,,,,,,,,,,,,,,,,,,,,,,,,,,,,,,,,,,,,,,,,,,,,,,,,,,,,,,,,,,,,,,,,,,,,,,,,,,,,REJECT,99,country_league_not_allowlisted
2026-07-04,2026-07-04T17:15:00+01:00,1783181700,Meistaradeildin,367,2026,1506502,NS,AB,4184,EB / Streymur,4177,Faroe-Islands,NS,Not Started,,,,,,,,,,,,0.0,0.0,0.0,0.0,0.0,0.0,0.0,0.0,0.0,0.0,,,2026-07-04T10:12:41.213116+00:00,COVERAGE_UNKNOWN,,,,,,0,1.0,COVERAGE_NOT_LOADED,,,,,,,,,,,,,,,,,,,,,,,,,,,,,,,,,,,,,,,,,,,,,,,,,,,,,NONE,,,,,,,,,,,,,,,,,,,,,,,,,,,,,,,,,,,,,,,,,,,,,,,,,,,,,,,,,,,,,,,,,,,,,,,,,,,,,,,,,,,,,,,,,,,,,,,,REJECT,99,country_league_not_allowlisted
2026-07-04,2026-07-04T14:30:00+01:00,1783171800,Meistaradeildin,367,2026,1506499,NS,B36 Torshavn,678,Vikingur Gota,580,Faroe-Islands,NS,Not Started,,,,,,,,,,,,0.0,0.0,0.0,0.0,0.0,0.0,0.0,0.0,0.0,0.0,,,2026-07-04T10:12:41.212444+00:00,COVERAGE_UNKNOWN,,,,,,0,1.0,COVERAGE_NOT_LOADED,,,,,,,,,,,,,,,,,,,,,,,,,,,,,,,,,,,,,,,,,,,,,,,,,,,,,NONE,,,,,,,,,,,,,,,,,,,,,,,,,,,,,,,,,,,,,,,,,,,,,,,,,,,,,,,,,,,,,,,,,,,,,,,,,,,,,,,,,,,,,,,,,,,,,,,,REJECT,99,country_league_not_allowlisted
2026-07-04,2026-07-04T18:30:00+01:00,1783186200,Meistaradeildin,367,2026,1506500,NS,Skála,4191,B68,4186,Faroe-Islands,NS,Not Started,,,,,,,,,,,,0.0,0.0,0.0,0.0,0.0,0.0,0.0,0.0,0.0,0.0,,,2026-07-04T10:12:41.213170+00:00,COVERAGE_UNKNOWN,,,,,,0,1.0,COVERAGE_NOT_LOADED,,,,,,,,,,,,,,,,,,,,,,,,,,,,,,,,,,,,,,,,,,,,,,,,,,,,,NONE,,,,,,,,,,,,,,,,,,,,,,,,,,,,,,,,,,,,,,,,,,,,,,,,,,,,,,,,,,,,,,,,,,,,,,,,,,,,,,,,,,,,,,,,,,,,,,,,REJECT,99,country_league_not_allowlisted
2026-07-04,2026-07-04T17:00:00+01:00,1783180800,Meistriliiga,329,2026,1513582,NS,Paide,3528,Vaprus,3525,Estonia,NS,Not Started,,,,,,,,,,,,0.0,0.0,0.0,0.0,0.0,0.0,0.0,0.0,0.0,0.0,,,2026-07-04T10:12:41.213053+00:00,COVERAGE_UNKNOWN,,,,,,0,1.0,COVERAGE_NOT_LOADED,,,,,,,,,,,,,,,,,,,,,,,,,,,,,,,,,,,,,,,,,,,,,,,,,,,,,NONE,,,,,,,,,,,,,,,,,,,,,,,,,,,,,,,,,,,,,,,,,,,,,,,,,,,,,,,,,,,,,,,,,,,,,,,,,,,,,,,,,,,,,,,,,,,,,,,,REJECT,99,country_league_not_allowlisted
2026-07-04,2026-07-04T17:00:00+01:00,1783180800,Meistriliiga,329,2026,1513581,NS,Trans Narva,2274,FC Levadia Tallinn,2273,Estonia,NS,Not Started,,,,,,,,,,,,0.0,0.0,0.0,0.0,0.0,0.0,0.0,0.0,0.0,0.0,,,2026-07-04T10:12:41.213048+00:00,COVERAGE_UNKNOWN,,,,,,0,1.0,COVERAGE_NOT_LOADED,,,,,,,,,,,,,,,,,,,,,,,,,,,,,,,,,,,,,,,,,,,,,,,,,,,,,NONE,,,,,,,,,,,,,,,,,,,,,,,,,,,,,,,,,,,,,,,,,,,,,,,,,,,,,,,,,,,,,,,,,,,,,,,,,,,,,,,,,,,,,,,,,,,,,,,,REJECT,99,country_league_not_allowlisted
2026-07-04,2026-07-04T20:00:00+01:00,1783191600,Mineiro - 2,619,2026,1547709,NS,CAP,7824,Guarani MG,12296,Brazil,NS,Not Started,,,,,,,,,,,,0.0,0.0,0.0,0.0,0.0,0.0,0.0,0.0,0.0,0.0,,,2026-07-04T10:12:41.213498+00:00,COVERAGE_UNKNOWN,,,,,,0,1.0,COVERAGE_NOT_LOADED,,,,,,,,,,,,,,,,,,,,,,,,,,,,,,,,,,,,,,,,,,,,,,,,,,,,,NONE,,,,,,,,,,,,,,,,,,,,,,,,,,,,,,,,,,,,,,,,,,,,,,,,,,,,,,,,,,,,,,,,,,,,,,,,,,,,,,,,,,,,,,,,,,,,,,,,REJECT,99,country_league_not_allowlisted
2026-07-04,2026-07-04T20:00:00+01:00,1783191600,Mineiro - 2,619,2026,1547710,NS,Democrata SL,13081,Ipatinga,12277,Brazil,NS,Not Started,,,,,,,,,,,,0.0,0.0,0.0,0.0,0.0,0.0,0.0,0.0,0.0,0.0,,,2026-07-04T10:12:41.213503+00:00,COVERAGE_UNKNOWN,,,,,,0,1.0,COVERAGE_NOT_LOADED,,,,,,,,,,,,,,,,,,,,,,,,,,,,,,,,,,,,,,,,,,,,,,,,,,,,,NONE,,,,,,,,,,,,,,,,,,,,,,,,,,,,,,,,,,,,,,,,,,,,,,,,,,,,,,,,,,,,,,,,,,,,,,,,,,,,,,,,,,,,,,,,,,,,,,,,REJECT,99,country_league_not_allowlisted
2026-07-04,2026-07-04T20:00:00+01:00,1783191600,Mineiro - 2,619,2026,1547714,NS,Villa Nova,7869,Aymorés,16751,Brazil,NS,Not Started,,,,,,,,,,,,0.0,0.0,0.0,0.0,0.0,0.0,0.0,0.0,0.0,0.0,,,2026-07-04T10:12:41.213507+00:00,COVERAGE_UNKNOWN,,,,,,0,1.0,COVERAGE_NOT_LOADED,,,,,,,,,,,,,,,,,,,,,,,,,,,,,,,,,,,,,,,,,,,,,,,,,,,,,NONE,,,,,,,,,,,,,,,,,,,,,,,,,,,,,,,,,,,,,,,,,,,,,,,,,,,,,,,,,,,,,,,,,,,,,,,,,,,,,,,,,,,,,,,,,,,,,,,,REJECT,99,country_league_not_allowlisted
2026-07-04,2026-07-04T09:00:00+01:00,1783152000,NNSW League 1,1090,2026,1532588,NS,South Cardiff,11194,New Lambton,20789,Australia,NS,Not Started,,,,,,,,,,,,0.0,0.0,0.0,0.0,0.0,0.0,0.0,0.0,0.0,0.0,,,2026-07-04T10:12:41.211255+00:00,COVERAGE_UNKNOWN,,,,,,0,1.0,COVERAGE_NOT_LOADED,,,,,,,,,,,,,,,,,,,,,,,,,,,,,,,,,,,,,,,,,,,,,,,,,,,,,NONE,,,,,,,,,,,,,,,,,,,,,,,,,,,,,,,,,,,,,,,,,,,,,,,,,,,,,,,,,,,,,,,,,,,,,,,,,,,,,,,,,,,,,,,,,,,,,,,,REJECT,99,country_league_not_allowlisted
2026-07-04,2026-07-04T10:00:00+01:00,1783155600,New South Wales NPL 2,835,2026,1517807,NS,Bulls Academy,20798,Mt Druitt Town,3769,Australia,NS,Not Started,,,,,,,,,,,,0.0,0.0,0.0,0.0,0.0,0.0,0.0,0.0,0.0,0.0,,,2026-07-04T10:12:41.211345+00:00,COVERAGE_UNKNOWN,,,,,,0,1.0,COVERAGE_NOT_LOADED,,,,,,,,,,,,,,,,,,,,,,,,,,,,,,,,,,,,,,,,,,,,,,,,,,,,,NONE,,,,,,,,,,,,,,,,,,,,,,,,,,,,,,,,,,,,,,,,,,,,,,,,,,,,,,,,,,,,,,,,,,,,,,,,,,,,,,,,,,,,,,,,,,,,,,,,REJECT,99,country_league_not_allowlisted
2026-07-04,2026-07-04T19:00:00+01:00,1783188000,Northern Super League,1182,2026,1534059,NS,Montreal Roses W,25899,Vancouver Rise W,25901,Canada,NS,Not Started,,,,,,,,,,,,0.0,0.0,0.0,0.0,0.0,0.0,0.0,0.0,0.0,0.0,,,2026-07-04T10:12:41.213246+00:00,COVERAGE_UNKNOWN,,,,,,0,1.0,COVERAGE_NOT_LOADED,,,,,,,,,,,,,,,,,,,,,,,,,,,,,,,,,,,,,,,,,,,,,,,,,,,,,NONE,,,,,,,,,,,,,,,,,,,,,,,,,,,,,,,,,,,,,,,,,,,,,,,,,,,,,,,,,,,,,,,,,,,,,,,,,,,,,,,,,,,,,,,,,,,,,,,,REJECT,99,country_league_not_allowlisted
2026-07-04,2026-07-04T19:00:00+01:00,1783188000,Paulista Série B,1098,2026,1559580,NS,America SP,22945,Santacruzense,25772,Brazil,NS,Not Started,,,,,,,,,,,,0.0,0.0,0.0,0.0,0.0,0.0,0.0,0.0,0.0,0.0,,,2026-07-04T10:12:41.213330+00:00,COVERAGE_UNKNOWN,,,,,,0,1.0,COVERAGE_NOT_LOADED,,,,,,,,,,,,,,,,,,,,,,,,,,,,,,,,,,,,,,,,,,,,,,,,,,,,,NONE,,,,,,,,,,,,,,,,,,,,,,,,,,,,,,,,,,,,,,,,,,,,,,,,,,,,,,,,,,,,,,,,,,,,,,,,,,,,,,,,,,,,,,,,,,,,,,,,REJECT,99,country_league_not_allowlisted
2026-07-04,2026-07-04T19:00:00+01:00,1783188000,Paulista Série B,1098,2026,1559581,NS,Flamengo SP,23575,Gremio Osasco Audax,1217,Brazil,NS,Not Started,,,,,,,,,,,,0.0,0.0,0.0,0.0,0.0,0.0,0.0,0.0,0.0,0.0,,,2026-07-04T10:12:41.213335+00:00,COVERAGE_UNKNOWN,,,,,,0,1.0,COVERAGE_NOT_LOADED,,,,,,,,,,,,,,,,,,,,,,,,,,,,,,,,,,,,,,,,,,,,,,,,,,,,,NONE,,,,,,,,,,,,,,,,,,,,,,,,,,,,,,,,,,,,,,,,,,,,,,,,,,,,,,,,,,,,,,,,,,,,,,,,,,,,,,,,,,,,,,,,,,,,,,,,REJECT,99,country_league_not_allowlisted
2026-07-04,2026-07-04T19:00:00+01:00,1783188000,Paulista Série B,1098,2026,1559583,NS,Itaquá Athletico Clube,27686,Paulínia FU,27691,Brazil,NS,Not Started,,,,,,,,,,,,0.0,0.0,0.0,0.0,0.0,0.0,0.0,0.0,0.0,0.0,,,2026-07-04T10:12:41.213340+00:00,COVERAGE_UNKNOWN,,,,,,0,1.0,COVERAGE_NOT_LOADED,,,,,,,,,,,,,,,,,,,,,,,,,,,,,,,,,,,,,,,,,,,,,,,,,,,,,NONE,,,,,,,,,,,,,,,,,,,,,,,,,,,,,,,,,,,,,,,,,,,,,,,,,,,,,,,,,,,,,,,,,,,,,,,,,,,,,,,,,,,,,,,,,,,,,,,,REJECT,99,country_league_not_allowlisted
2026-07-04,2026-07-04T19:00:00+01:00,1783188000,Paulista Série B,1098,2026,1559585,NS,Matonense,18303,Assisense,25770,Brazil,NS,Not Started,,,,,,,,,,,,0.0,0.0,0.0,0.0,0.0,0.0,0.0,0.0,0.0,0.0,,,2026-07-04T10:12:41.213345+00:00,COVERAGE_UNKNOWN,,,,,,0,1.0,COVERAGE_NOT_LOADED,,,,,,,,,,,,,,,,,,,,,,,,,,,,,,,,,,,,,,,,,,,,,,,,,,,,,NONE,,,,,,,,,,,,,,,,,,,,,,,,,,,,,,,,,,,,,,,,,,,,,,,,,,,,,,,,,,,,,,,,,,,,,,,,,,,,,,,,,,,,,,,,,,,,,,,,REJECT,99,country_league_not_allowlisted
2026-07-04,2026-07-04T19:00:00+01:00,1783188000,Paulista Série B,1098,2026,1559586,NS,Maua,23578,Uniao Mogi,23583,Brazil,NS,Not Started,,,,,,,,,,,,0.0,0.0,0.0,0.0,0.0,0.0,0.0,0.0,0.0,0.0,,,2026-07-04T10:12:41.213350+00:00,COVERAGE_UNKNOWN,,,,,,0,1.0,COVERAGE_NOT_LOADED,,,,,,,,,,,,,,,,,,,,,,,,,,,,,,,,,,,,,,,,,,,,,,,,,,,,,NONE,,,,,,,,,,,,,,,,,,,,,,,,,,,,,,,,,,,,,,,,,,,,,,,,,,,,,,,,,,,,,,,,,,,,,,,,,,,,,,,,,,,,,,,,,,,,,,,,REJECT,99,country_league_not_allowlisted
2026-07-04,2026-07-04T15:00:00+01:00,1783173600,Premier League,425,2025,1550079,NS,Al Karama,9111,Omaya SC,27270,Syria,NS,Not Started,,,,,,,,,,,,0.0,0.0,0.0,0.0,0.0,0.0,0.0,0.0,0.0,0.0,,,2026-07-04T10:12:41.212664+00:00,COVERAGE_UNKNOWN,,,,,,0,1.0,COVERAGE_NOT_LOADED,,,,,,,,,,,,,,,,,,,,,,,,,,,,,,,,,,,,,,,,,,,,,,,,,,,,,NONE,,,,,,,,,,,,,,,,,,,,,,,,,,,,,,,,,,,,,,,,,,,,,,,,,,,,,,,,,,,,,,,,,,,,,,,,,,,,,,,,,,,,,,,,,,,,,,,,REJECT,99,country_league_not_allowlisted
2026-07-04,2026-07-04T13:00:00+01:00,1783166400,Premier League,389,2026,1528013,NS,Altay,4544,FK Tobol Kostanay,2259,Kazakhstan,NS,Not Started,,,,,,,,,,,,0.0,0.0,0.0,0.0,0.0,0.0,0.0,0.0,0.0,0.0,,,2026-07-04T10:12:41.211936+00:00,COVERAGE_UNKNOWN,,,,,,0,1.0,COVERAGE_NOT_LOADED,,,,,,,,,,,,,,,,,,,,,,,,,,,,,,,,,,,,,,,,,,,,,,,,,,,,,NONE,,,,,,,,,,,,,,,,,,,,,,,,,,,,,,,,,,,,,,,,,,,,,,,,,,,,,,,,,,,,,,,,,,,,,,,,,,,,,,,,,,,,,,,,,,,,,,,,REJECT,99,country_league_not_allowlisted
2026-07-04,2026-07-04T15:30:00+01:00,1783175400,Premier League,569,2026,1527625,NS,Bishkek City,25766,Toktogul,27550,Kyrgyzstan,NS,Not Started,,,,,,,,,,,,0.0,0.0,0.0,0.0,0.0,0.0,0.0,0.0,0.0,0.0,,,2026-07-04T10:12:41.212787+00:00,COVERAGE_UNKNOWN,,,,,,0,1.0,COVERAGE_NOT_LOADED,,,,,,,,,,,,,,,,,,,,,,,,,,,,,,,,,,,,,,,,,,,,,,,,,,,,,NONE,,,,,,,,,,,,,,,,,,,,,,,,,,,,,,,,,,,,,,,,,,,,,,,,,,,,,,,,,,,,,,,,,,,,,,,,,,,,,,,,,,,,,,,,,,,,,,,,REJECT,99,country_league_not_allowlisted
2026-07-04,2026-07-04T15:00:00+01:00,1783173600,Premier League,425,2025,1550083,NS,Damascus Al-Ahli,27269,Foutoua,9114,Syria,NS,Not Started,,,,,,,,,,,,0.0,0.0,0.0,0.0,0.0,0.0,0.0,0.0,0.0,0.0,,,2026-07-04T10:12:41.212674+00:00,COVERAGE_UNKNOWN,,,,,,0,1.0,COVERAGE_NOT_LOADED,,,,,,,,,,,,,,,,,,,,,,,,,,,,,,,,,,,,,,,,,,,,,,,,,,,,,NONE,,,,,,,,,,,,,,,,,,,,,,,,,,,,,,,,,,,,,,,,,,,,,,,,,,,,,,,,,,,,,,,,,,,,,,,,,,,,,,,,,,,,,,,,,,,,,,,,REJECT,99,country_league_not_allowlisted
2026-07-04,2026-07-04T14:00:00+01:00,1783170000,Premier League,116,2026,1525917,NS,FC Vitebsk,382,FC Dnepr Mogilev,384,Belarus,NS,Not Started,,,,,,,,,,,,0.0,0.0,0.0,0.0,0.0,0.0,0.0,0.0,0.0,0.0,,,2026-07-04T10:12:41.212241+00:00,COVERAGE_UNKNOWN,,,,,,0,1.0,COVERAGE_NOT_LOADED,,,,,,,,,,,,,,,,,,,,,,,,,,,,,,,,,,,,,,,,,,,,,,,,,,,,,NONE,,,,,,,,,,,,,,,,,,,,,,,,,,,,,,,,,,,,,,,,,,,,,,,,,,,,,,,,,,,,,,,,,,,,,,,,,,,,,,,,,,,,,,,,,,,,,,,,REJECT,99,country_league_not_allowlisted
2026-07-04,2026-07-04T14:00:00+01:00,1783170000,Premier League,389,2026,1528017,NS,Kyzyl-Zhar,4554,Yelimay Semey,21011,Kazakhstan,NS,Not Started,,,,,,,,,,,,0.0,0.0,0.0,0.0,0.0,0.0,0.0,0.0,0.0,0.0,,,2026-07-04T10:12:41.212246+00:00,COVERAGE_UNKNOWN,,,,,,0,1.0,COVERAGE_NOT_LOADED,,,,,,,,,,,,,,,,,,,,,,,,,,,,,,,,,,,,,,,,,,,,,,,,,,,,,NONE,,,,,,,,,,,,,,,,,,,,,,,,,,,,,,,,,,,,,,,,,,,,,,,,,,,,,,,,,,,,,,,,,,,,,,,,,,,,,,,,,,,,,,,,,,,,,,,,REJECT,99,country_league_not_allowlisted
2026-07-04,2026-07-04T16:00:00+01:00,1783177200,Premier League,116,2026,1525915,NS,Neman,387,Arsenal,9419,Belarus,NS,Not Started,,,,,,,,,,,,0.0,0.0,0.0,0.0,0.0,0.0,0.0,0.0,0.0,0.0,,,2026-07-04T10:12:41.212864+00:00,COVERAGE_UNKNOWN,,,,,,0,1.0,COVERAGE_NOT_LOADED,,,,,,,,,,,,,,,,,,,,,,,,,,,,,,,,,,,,,,,,,,,,,,,,,,,,,NONE,,,,,,,,,,,,,,,,,,,,,,,,,,,,,,,,,,,,,,,,,,,,,,,,,,,,,,,,,,,,,,,,,,,,,,,,,,,,,,,,,,,,,,,,,,,,,,,,REJECT,99,country_league_not_allowlisted
2026-07-04,2026-07-04T15:30:00+01:00,1783175400,Premier League,569,2026,1527630,NS,Ozgon,25767,Alay,8022,Kyrgyzstan,NS,Not Started,,,,,,,,,,,,0.0,0.0,0.0,0.0,0.0,0.0,0.0,0.0,0.0,0.0,,,2026-07-04T10:12:41.212792+00:00,COVERAGE_UNKNOWN,,,,,,0,1.0,COVERAGE_NOT_LOADED,,,,,,,,,,,,,,,,,,,,,,,,,,,,,,,,,,,,,,,,,,,,,,,,,,,,,NONE,,,,,,,,,,,,,,,,,,,,,,,,,,,,,,,,,,,,,,,,,,,,,,,,,,,,,,,,,,,,,,,,,,,,,,,,,,,,,,,,,,,,,,,,,,,,,,,,REJECT,99,country_league_not_allowlisted
2026-07-04,2026-07-04T15:00:00+01:00,1783173600,Premier League,425,2025,1550080,NS,Shorta,9123,Horriya,15301,Syria,NS,Not Started,,,,,,,,,,,,0.0,0.0,0.0,0.0,0.0,0.0,0.0,0.0,0.0,0.0,,,2026-07-04T10:12:41.212669+00:00,COVERAGE_UNKNOWN,,,,,,0,1.0,COVERAGE_NOT_LOADED,,,,,,,,,,,,,,,,,,,,,,,,,,,,,,,,,,,,,,,,,,,,,,,,,,,,,NONE,,,,,,,,,,,,,,,,,,,,,,,,,,,,,,,,,,,,,,,,,,,,,,,,,,,,,,,,,,,,,,,,,,,,,,,,,,,,,,,,,,,,,,,,,,,,,,,,REJECT,99,country_league_not_allowlisted
2026-07-04,2026-07-04T13:00:00+01:00,1783166400,Premier League,1031,2026,1543592,NS,Thimphu City,5592,Tsirang,21277,Bhutan,NS,Not Started,,,,,,,,,,,,0.0,0.0,0.0,0.0,0.0,0.0,0.0,0.0,0.0,0.0,,,2026-07-04T10:12:41.211979+00:00,COVERAGE_UNKNOWN,,,,,,0,1.0,COVERAGE_NOT_LOADED,,,,,,,,,,,,,,,,,,,,,,,,,,,,,,,,,,,,,,,,,,,,,,,,,,,,,NONE,,,,,,,,,,,,,,,,,,,,,,,,,,,,,,,,,,,,,,,,,,,,,,,,,,,,,,,,,,,,,,,,,,,,,,,,,,,,,,,,,,,,,,,,,,,,,,,,REJECT,99,country_league_not_allowlisted
2026-07-04,2026-07-04T12:00:00+01:00,1783162800,Premier League,764,2026,1559551,NS,Ulaangom City,26667,Hunters,24722,Mongolia,NS,Not Started,,,,,,,,,,,,0.0,0.0,0.0,0.0,0.0,0.0,0.0,0.0,0.0,0.0,,,2026-07-04T10:12:41.211838+00:00,COVERAGE_UNKNOWN,,,,,,0,1.0,COVERAGE_NOT_LOADED,,,,,,,,,,,,,,,,,,,,,,,,,,,,,,,,,,,,,,,,,,,,,,,,,,,,,NONE,,,,,,,,,,,,,,,,,,,,,,,,,,,,,,,,,,,,,,,,,,,,,,,,,,,,,,,,,,,,,,,,,,,,,,,,,,,,,,,,,,,,,,,,,,,,,,,,REJECT,99,country_league_not_allowlisted
2026-07-04,2026-07-04T14:00:00+01:00,1783170000,Premier Soccer League,401,2026,1567834,NS,Bulawayo Chiefs,5217,MWOS,25734,Zimbabwe,NS,Not Started,,,,,,,,,,,,0.0,0.0,0.0,0.0,0.0,0.0,0.0,0.0,0.0,0.0,,,2026-07-04T10:12:41.212419+00:00,COVERAGE_UNKNOWN,,,,,,0,1.0,COVERAGE_NOT_LOADED,,,,,,,,,,,,,,,,,,,,,,,,,,,,,,,,,,,,,,,,,,,,,,,,,,,,,NONE,,,,,,,,,,,,,,,,,,,,,,,,,,,,,,,,,,,,,,,,,,,,,,,,,,,,,,,,,,,,,,,,,,,,,,,,,,,,,,,,,,,,,,,,,,,,,,,,REJECT,99,country_league_not_allowlisted
2026-07-04,2026-07-04T14:00:00+01:00,1783170000,Premier Soccer League,401,2026,1567835,NS,Hunters,27275,Scotland Mabvuku,25735,Zimbabwe,NS,Not Started,,,,,,,,,,,,0.0,0.0,0.0,0.0,0.0,0.0,0.0,0.0,0.0,0.0,,,2026-07-04T10:12:41.212424+00:00,COVERAGE_UNKNOWN,,,,,,0,1.0,COVERAGE_NOT_LOADED,,,,,,,,,,,,,,,,,,,,,,,,,,,,,,,,,,,,,,,,,,,,,,,,,,,,,NONE,,,,,,,,,,,,,,,,,,,,,,,,,,,,,,,,,,,,,,,,,,,,,,,,,,,,,,,,,,,,,,,,,,,,,,,,,,,,,,,,,,,,,,,,,,,,,,,,REJECT,99,country_league_not_allowlisted
2026-07-04,2026-07-04T14:00:00+01:00,1783170000,Premier Soccer League,401,2026,1567836,NS,Ngezi Platinum,5229,Chicken Inn,5220,Zimbabwe,NS,Not Started,,,,,,,,,,,,0.0,0.0,0.0,0.0,0.0,0.0,0.0,0.0,0.0,0.0,,,2026-07-04T10:12:41.212429+00:00,COVERAGE_UNKNOWN,,,,,,0,1.0,COVERAGE_NOT_LOADED,,,,,,,,,,,,,,,,,,,,,,,,,,,,,,,,,,,,,,,,,,,,,,,,,,,,,NONE,,,,,,,,,,,,,,,,,,,,,,,,,,,,,,,,,,,,,,,,,,,,,,,,,,,,,,,,,,,,,,,,,,,,,,,,,,,,,,,,,,,,,,,,,,,,,,,,REJECT,99,country_league_not_allowlisted
2026-07-04,2026-07-04T14:00:00+01:00,1783170000,Premier Soccer League,401,2026,1567837,NS,TelOne,5231,Platinum,5230,Zimbabwe,NS,Not Started,,,,,,,,,,,,0.0,0.0,0.0,0.0,0.0,0.0,0.0,0.0,0.0,0.0,,,2026-07-04T10:12:41.212434+00:00,COVERAGE_UNKNOWN,,,,,,0,1.0,COVERAGE_NOT_LOADED,,,,,,,,,,,,,,,,,,,,,,,,,,,,,,,,,,,,,,,,,,,,,,,,,,,,,NONE,,,,,,,,,,,,,,,,,,,,,,,,,,,,,,,,,,,,,,,,,,,,,,,,,,,,,,,,,,,,,,,,,,,,,,,,,,,,,,,,,,,,,,,,,,,,,,,,REJECT,99,country_league_not_allowlisted
2026-07-04,2026-07-04T19:00:00+01:00,1783188000,Primera B Metropolitana,131,2026,1499497,NS,Comunicaciones,8008,Arsenal Sarandi,459,Argentina,NS,Not Started,,,,,,,,,,,,0.0,0.0,0.0,0.0,0.0,0.0,0.0,0.0,0.0,0.0,,,2026-07-04T10:12:41.213210+00:00,COVERAGE_UNKNOWN,,,,,,0,1.0,COVERAGE_NOT_LOADED,,,,,,,,,,,,,,,,,,,,,,,,,,,,,,,,,,,,,,,,,,,,,,,,,,,,,NONE,,,,,,,,,,,,,,,,,,,,,,,,,,,,,,,,,,,,,,,,,,,,,,,,,,,,,,,,,,,,,,,,,,,,,,,,,,,,,,,,,,,,,,,,,,,,,,,,REJECT,99,country_league_not_allowlisted
2026-07-04,2026-07-04T19:30:00+01:00,1783189800,Primera B Metropolitana,131,2026,1499500,NS,Deportivo Armenio,2427,Brown DE Adrogue,468,Argentina,NS,Not Started,,,,,,,,,,,,0.0,0.0,0.0,0.0,0.0,0.0,0.0,0.0,0.0,0.0,,,2026-07-04T10:12:41.213424+00:00,COVERAGE_UNKNOWN,,,,,,0,1.0,COVERAGE_NOT_LOADED,,,,,,,,,,,,,,,,,,,,,,,,,,,,,,,,,,,,,,,,,,,,,,,,,,,,,NONE,,,,,,,,,,,,,,,,,,,,,,,,,,,,,,,,,,,,,,,,,,,,,,,,,,,,,,,,,,,,,,,,,,,,,,,,,,,,,,,,,,,,,,,,,,,,,,,,REJECT,99,country_league_not_allowlisted
2026-07-04,2026-07-04T17:00:00+01:00,1783180800,Primera B Metropolitana,131,2026,1499501,NS,Deportivo Camioneros,3943,UAI Urquiza,1956,Argentina,NS,Not Started,,,,,,,,,,,,0.0,0.0,0.0,0.0,0.0,0.0,0.0,0.0,0.0,0.0,,,2026-07-04T10:12:41.213032+00:00,COVERAGE_UNKNOWN,,,,,,0,1.0,COVERAGE_NOT_LOADED,,,,,,,,,,,,,,,,,,,,,,,,,,,,,,,,,,,,,,,,,,,,,,,,,,,,,NONE,,,,,,,,,,,,,,,,,,,,,,,,,,,,,,,,,,,,,,,,,,,,,,,,,,,,,,,,,,,,,,,,,,,,,,,,,,,,,,,,,,,,,,,,,,,,,,,,REJECT,99,country_league_not_allowlisted
2026-07-04,2026-07-04T19:00:00+01:00,1783188000,Primera B Metropolitana,131,2026,1499499,NS,Deportivo Merlo,8383,Villa Dalmine,481,Argentina,NS,Not Started,,,,,,,,,,,,0.0,0.0,0.0,0.0,0.0,0.0,0.0,0.0,0.0,0.0,,,2026-07-04T10:12:41.213216+00:00,COVERAGE_UNKNOWN,,,,,,0,1.0,COVERAGE_NOT_LOADED,,,,,,,,,,,,,,,,,,,,,,,,,,,,,,,,,,,,,,,,,,,,,,,,,,,,,NONE,,,,,,,,,,,,,,,,,,,,,,,,,,,,,,,,,,,,,,,,,,,,,,,,,,,,,,,,,,,,,,,,,,,,,,,,,,,,,,,,,,,,,,,,,,,,,,,,REJECT,99,country_league_not_allowlisted
2026-07-04,2026-07-04T19:00:00+01:00,1783188000,Primera B Metropolitana,131,2026,1499502,NS,Dock Sud,2429,Excursionistas,8385,Argentina,NS,Not Started,,,,,,,,,,,,0.0,0.0,0.0,0.0,0.0,0.0,0.0,0.0,0.0,0.0,,,2026-07-04T10:12:41.213221+00:00,COVERAGE_UNKNOWN,,,,,,0,1.0,COVERAGE_NOT_LOADED,,,,,,,,,,,,,,,,,,,,,,,,,,,,,,,,,,,,,,,,,,,,,,,,,,,,,NONE,,,,,,,,,,,,,,,,,,,,,,,,,,,,,,,,,,,,,,,,,,,,,,,,,,,,,,,,,,,,,,,,,,,,,,,,,,,,,,,,,,,,,,,,,,,,,,,,REJECT,99,country_league_not_allowlisted
2026-07-04,2026-07-04T19:00:00+01:00,1783188000,Primera B Metropolitana,131,2026,1499503,NS,Flandria,471,Deportivo Laferrere,1924,Argentina,NS,Not Started,,,,,,,,,,,,0.0,0.0,0.0,0.0,0.0,0.0,0.0,0.0,0.0,0.0,,,2026-07-04T10:12:41.213226+00:00,COVERAGE_UNKNOWN,,,,,,0,1.0,COVERAGE_NOT_LOADED,,,,,,,,,,,,,,,,,,,,,,,,,,,,,,,,,,,,,,,,,,,,,,,,,,,,,NONE,,,,,,,,,,,,,,,,,,,,,,,,,,,,,,,,,,,,,,,,,,,,,,,,,,,,,,,,,,,,,,,,,,,,,,,,,,,,,,,,,,,,,,,,,,,,,,,,REJECT,99,country_league_not_allowlisted
2026-07-04,2026-07-04T18:30:00+01:00,1783186200,Primera B Metropolitana,131,2026,1499504,NS,Ituzaingó,8386,Villa San Carlos,8380,Argentina,NS,Not Started,,,,,,,,,,,,0.0,0.0,0.0,0.0,0.0,0.0,0.0,0.0,0.0,0.0,,,2026-07-04T10:12:41.213165+00:00,COVERAGE_UNKNOWN,,,,,,0,1.0,COVERAGE_NOT_LOADED,,,,,,,,,,,,,,,,,,,,,,,,,,,,,,,,,,,,,,,,,,,,,,,,,,,,,NONE,,,,,,,,,,,,,,,,,,,,,,,,,,,,,,,,,,,,,,,,,,,,,,,,,,,,,,,,,,,,,,,,,,,,,,,,,,,,,,,,,,,,,,,,,,,,,,,,REJECT,99,country_league_not_allowlisted
2026-07-04,2026-07-04T19:00:00+01:00,1783188000,Primera C,132,2026,1499967,NS,Argentino Rosario,8389,Defensores de Cambaceres,8392,Argentina,NS,Not Started,,,,,,,,,,,,0.0,0.0,0.0,0.0,0.0,0.0,0.0,0.0,0.0,0.0,,,2026-07-04T10:12:41.213231+00:00,COVERAGE_UNKNOWN,,,,,,0,1.0,COVERAGE_NOT_LOADED,,,,,,,,,,,,,,,,,,,,,,,,,,,,,,,,,,,,,,,,,,,,,,,,,,,,,NONE,,,,,,,,,,,,,,,,,,,,,,,,,,,,,,,,,,,,,,,,,,,,,,,,,,,,,,,,,,,,,,,,,,,,,,,,,,,,,,,,,,,,,,,,,,,,,,,,REJECT,99,country_league_not_allowlisted
2026-07-04,2026-07-04T19:00:00+01:00,1783188000,Primera C,132,2026,1499974,NS,Estrella Del Sur,23099,Leandro N. Alem,1940,Argentina,NS,Not Started,,,,,,,,,,,,0.0,0.0,0.0,0.0,0.0,0.0,0.0,0.0,0.0,0.0,,,2026-07-04T10:12:41.213236+00:00,COVERAGE_UNKNOWN,,,,,,0,1.0,COVERAGE_NOT_LOADED,,,,,,,,,,,,,,,,,,,,,,,,,,,,,,,,,,,,,,,,,,,,,,,,,,,,,NONE,,,,,,,,,,,,,,,,,,,,,,,,,,,,,,,,,,,,,,,,,,,,,,,,,,,,,,,,,,,,,,,,,,,,,,,,,,,,,,,,,,,,,,,,,,,,,,,,REJECT,99,country_league_not_allowlisted
2026-07-04,2026-07-04T19:00:00+01:00,1783188000,Primera C,132,2026,1500179,NS,Leones de Rosario,27282,Central Ballester,1967,Argentina,NS,Not Started,,,,,,,,,,,,0.0,0.0,0.0,0.0,0.0,0.0,0.0,0.0,0.0,0.0,,,2026-07-04T10:12:41.213241+00:00,COVERAGE_UNKNOWN,,,,,,0,1.0,COVERAGE_NOT_LOADED,,,,,,,,,,,,,,,,,,,,,,,,,,,,,,,,,,,,,,,,,,,,,,,,,,,,,NONE,,,,,,,,,,,,,,,,,,,,,,,,,,,,,,,,,,,,,,,,,,,,,,,,,,,,,,,,,,,,,,,,,,,,,,,,,,,,,,,,,,,,,,,,,,,,,,,,REJECT,99,country_league_not_allowlisted
2026-07-04,2026-07-04T17:00:00+01:00,1783180800,Primera C,132,2026,1499976,NS,Lugano,8396,JJ Urquiza,8378,Argentina,NS,Not Started,,,,,,,,,,,,0.0,0.0,0.0,0.0,0.0,0.0,0.0,0.0,0.0,0.0,,,2026-07-04T10:12:41.213037+00:00,COVERAGE_UNKNOWN,,,,,,0,1.0,COVERAGE_NOT_LOADED,,,,,,,,,,,,,,,,,,,,,,,,,,,,,,,,,,,,,,,,,,,,,,,,,,,,,NONE,,,,,,,,,,,,,,,,,,,,,,,,,,,,,,,,,,,,,,,,,,,,,,,,,,,,,,,,,,,,,,,,,,,,,,,,,,,,,,,,,,,,,,,,,,,,,,,,REJECT,99,country_league_not_allowlisted
2026-07-04,2026-07-04T19:30:00+01:00,1783189800,Primera Nacional,129,2026,1498613,NS,Almagro,482,Atletico DE Rafaela,465,Argentina,NS,Not Started,,,,,,,,,,,,0.0,0.0,0.0,0.0,0.0,0.0,0.0,0.0,0.0,0.0,,,2026-07-04T10:12:41.213397+00:00,COVERAGE_UNKNOWN,,,,,,0,1.0,COVERAGE_NOT_LOADED,,,,,,,,,,,,,,,,,,,,,,,,,,,,,,,,,,,,,,,,,,,,,,,,,,,,,NONE,,,,,,,,,,,,,,,,,,,,,,,,,,,,,,,,,,,,,,,,,,,,,,,,,,,,,,,,,,,,,,,,,,,,,,,,,,,,,,,,,,,,,,,,,,,,,,,,REJECT,99,country_league_not_allowlisted
2026-07-04,2026-07-04T19:30:00+01:00,1783189800,Primera Nacional,129,2026,1498614,NS,Almirante Brown,8375,Los Andes,483,Argentina,NS,Not Started,,,,,,,,,,,,0.0,0.0,0.0,0.0,0.0,0.0,0.0,0.0,0.0,0.0,,,2026-07-04T10:12:41.213404+00:00,COVERAGE_UNKNOWN,,,,,,0,1.0,COVERAGE_NOT_LOADED,,,,,,,,,,,,,,,,,,,,,,,,,,,,,,,,,,,,,,,,,,,,,,,,,,,,,NONE,,,,,,,,,,,,,,,,,,,,,,,,,,,,,,,,,,,,,,,,,,,,,,,,,,,,,,,,,,,,,,,,,,,,,,,,,,,,,,,,,,,,,,,,,,,,,,,,REJECT,99,country_league_not_allowlisted
2026-07-04,2026-07-04T20:00:00+01:00,1783191600,Primera Nacional,129,2026,1498619,NS,Ciudad de Bolívar,16612,Godoy Cruz,439,Argentina,NS,Not Started,,,,,,,,,,,,0.0,0.0,0.0,0.0,0.0,0.0,0.0,0.0,0.0,0.0,,,2026-07-04T10:12:41.213449+00:00,COVERAGE_UNKNOWN,,,,,,0,1.0,COVERAGE_NOT_LOADED,,,,,,,,,,,,,,,,,,,,,,,,,,,,,,,,,,,,,,,,,,,,,,,,,,,,,NONE,,,,,,,,,,,,,,,,,,,,,,,,,,,,,,,,,,,,,,,,,,,,,,,,,,,,,,,,,,,,,,,,,,,,,,,,,,,,,,,,,,,,,,,,,,,,,,,,REJECT,99,country_league_not_allowlisted
2026-07-04,2026-07-04T19:00:00+01:00,1783188000,Primera Nacional,129,2026,1498620,NS,Colegiales,8377,Gimnasia Y Tiro,1928,Argentina,NS,Not Started,,,,,,,,,,,,0.0,0.0,0.0,0.0,0.0,0.0,0.0,0.0,0.0,0.0,,,2026-07-04T10:12:41.213205+00:00,COVERAGE_UNKNOWN,,,,,,0,1.0,COVERAGE_NOT_LOADED,,,,,,,,,,,,,,,,,,,,,,,,,,,,,,,,,,,,,,,,,,,,,,,,,,,,,NONE,,,,,,,,,,,,,,,,,,,,,,,,,,,,,,,,,,,,,,,,,,,,,,,,,,,,,,,,,,,,,,,,,,,,,,,,,,,,,,,,,,,,,,,,,,,,,,,,REJECT,99,country_league_not_allowlisted
2026-07-04,2026-07-04T19:30:00+01:00,1783189800,Primera Nacional,129,2026,1498621,NS,Defensores De Belgrano,1067,Deportivo Moron,469,Argentina,NS,Not Started,,,,,,,,,,,,0.0,0.0,0.0,0.0,0.0,0.0,0.0,0.0,0.0,0.0,,,2026-07-04T10:12:41.213409+00:00,COVERAGE_UNKNOWN,,,,,,0,1.0,COVERAGE_NOT_LOADED,,,,,,,,,,,,,,,,,,,,,,,,,,,,,,,,,,,,,,,,,,,,,,,,,,,,,NONE,,,,,,,,,,,,,,,,,,,,,,,,,,,,,,,,,,,,,,,,,,,,,,,,,,,,,,,,,,,,,,,,,,,,,,,,,,,,,,,,,,,,,,,,,,,,,,,,REJECT,99,country_league_not_allowlisted
2026-07-04,2026-07-04T19:30:00+01:00,1783189800,Primera Nacional,129,2026,1498626,NS,Nueva Chicago,484,Club Atlético Güemes,3969,Argentina,NS,Not Started,,,,,,,,,,,,0.0,0.0,0.0,0.0,0.0,0.0,0.0,0.0,0.0,0.0,,,2026-07-04T10:12:41.213415+00:00,COVERAGE_UNKNOWN,,,,,,0,1.0,COVERAGE_NOT_LOADED,,,,,,,,,,,,,,,,,,,,,,,,,,,,,,,,,,,,,,,,,,,,,,,,,,,,,NONE,,,,,,,,,,,,,,,,,,,,,,,,,,,,,,,,,,,,,,,,,,,,,,,,,,,,,,,,,,,,,,,,,,,,,,,,,,,,,,,,,,,,,,,,,,,,,,,,REJECT,99,country_league_not_allowlisted
2026-07-04,2026-07-04T22:00:00+01:00,1783198800,Primera Nacional,129,2026,1498628,NS,Quilmes,480,Atlanta,1948,Argentina,NS,Not Started,,,,,,,,,,,,0.0,0.0,0.0,0.0,0.0,0.0,0.0,0.0,0.0,0.0,,,2026-07-04T10:12:41.213656+00:00,COVERAGE_UNKNOWN,,,,,,0,1.0,COVERAGE_NOT_LOADED,,,,,,,,,,,,,,,,,,,,,,,,,,,,,,,,,,,,,,,,,,,,,,,,,,,,,NONE,,,,,,,,,,,,,,,,,,,,,,,,,,,,,,,,,,,,,,,,,,,,,,,,,,,,,,,,,,,,,,,,,,,,,,,,,,,,,,,,,,,,,,,,,,,,,,,,REJECT,99,country_league_not_allowlisted
2026-07-04,2026-07-04T19:30:00+01:00,1783189800,Primera Nacional,129,2026,1498630,NS,Temperley,454,Tristan Suarez,1965,Argentina,NS,Not Started,,,,,,,,,,,,0.0,0.0,0.0,0.0,0.0,0.0,0.0,0.0,0.0,0.0,,,2026-07-04T10:12:41.213419+00:00,COVERAGE_UNKNOWN,,,,,,0,1.0,COVERAGE_NOT_LOADED,,,,,,,,,,,,,,,,,,,,,,,,,,,,,,,,,,,,,,,,,,,,,,,,,,,,,NONE,,,,,,,,,,,,,,,,,,,,,,,,,,,,,,,,,,,,,,,,,,,,,,,,,,,,,,,,,,,,,,,,,,,,,,,,,,,,,,,,,,,,,,,,,,,,,,,,REJECT,99,country_league_not_allowlisted
2026-07-04,2026-07-04T14:00:00+01:00,1783170000,Second League - Group 1,651,2026,1536233,NS,Angust Nazran,23314,PSK Dinskaya,26146,Russia,NS,Not Started,,,,,,,,,,,,0.0,0.0,0.0,0.0,0.0,0.0,0.0,0.0,0.0,0.0,,,2026-07-04T10:12:41.212261+00:00,COVERAGE_UNKNOWN,,,,,,0,1.0,COVERAGE_NOT_LOADED,,,,,,,,,,,,,,,,,,,,,,,,,,,,,,,,,,,,,,,,,,,,,,,,,,,,,NONE,,,,,,,,,,,,,,,,,,,,,,,,,,,,,,,,,,,,,,,,,,,,,,,,,,,,,,,,,,,,,,,,,,,,,,,,,,,,,,,,,,,,,,,,,,,,,,,,REJECT,99,country_league_not_allowlisted
2026-07-04,2026-07-04T15:30:00+01:00,1783175400,Second League - Group 1,651,2026,1536234,NS,Astrakhan,21540,Lugansk,27647,Russia,NS,Not Started,,,,,,,,,,,,0.0,0.0,0.0,0.0,0.0,0.0,0.0,0.0,0.0,0.0,,,2026-07-04T10:12:41.212796+00:00,COVERAGE_UNKNOWN,,,,,,0,1.0,COVERAGE_NOT_LOADED,,,,,,,,,,,,,,,,,,,,,,,,,,,,,,,,,,,,,,,,,,,,,,,,,,,,,NONE,,,,,,,,,,,,,,,,,,,,,,,,,,,,,,,,,,,,,,,,,,,,,,,,,,,,,,,,,,,,,,,,,,,,,,,,,,,,,,,,,,,,,,,,,,,,,,,,REJECT,99,country_league_not_allowlisted
2026-07-04,2026-07-04T16:00:00+01:00,1783177200,Second League - Group 1,651,2026,1536006,NS,Druzhba,6798,Rubin Yalta,17682,Russia,NS,Not Started,,,,,,,,,,,,0.0,0.0,0.0,0.0,0.0,0.0,0.0,0.0,0.0,0.0,,,2026-07-04T10:12:41.212874+00:00,COVERAGE_UNKNOWN,,,,,,0,1.0,COVERAGE_NOT_LOADED,,,,,,,,,,,,,,,,,,,,,,,,,,,,,,,,,,,,,,,,,,,,,,,,,,,,,NONE,,,,,,,,,,,,,,,,,,,,,,,,,,,,,,,,,,,,,,,,,,,,,,,,,,,,,,,,,,,,,,,,,,,,,,,,,,,,,,,,,,,,,,,,,,,,,,,,REJECT,99,country_league_not_allowlisted
2026-07-04,2026-07-04T15:00:00+01:00,1783173600,Second League - Group 1,651,2026,1536235,NS,Izberbash,27646,FK Chayka 2,27644,Russia,NS,Not Started,,,,,,,,,,,,0.0,0.0,0.0,0.0,0.0,0.0,0.0,0.0,0.0,0.0,,,2026-07-04T10:12:41.212542+00:00,COVERAGE_UNKNOWN,,,,,,0,1.0,COVERAGE_NOT_LOADED,,,,,,,,,,,,,,,,,,,,,,,,,,,,,,,,,,,,,,,,,,,,,,,,,,,,,NONE,,,,,,,,,,,,,,,,,,,,,,,,,,,,,,,,,,,,,,,,,,,,,,,,,,,,,,,,,,,,,,,,,,,,,,,,,,,,,,,,,,,,,,,,,,,,,,,,REJECT,99,country_league_not_allowlisted
2026-07-04,2026-07-04T15:00:00+01:00,1783173600,Second League - Group 1,651,2026,1536007,NS,Nart Cherkessk,23315,Kyzyltash,17680,Russia,NS,Not Started,,,,,,,,,,,,0.0,0.0,0.0,0.0,0.0,0.0,0.0,0.0,0.0,0.0,,,2026-07-04T10:12:41.212531+00:00,COVERAGE_UNKNOWN,,,,,,0,1.0,COVERAGE_NOT_LOADED,,,,,,,,,,,,,,,,,,,,,,,,,,,,,,,,,,,,,,,,,,,,,,,,,,,,,NONE,,,,,,,,,,,,,,,,,,,,,,,,,,,,,,,,,,,,,,,,,,,,,,,,,,,,,,,,,,,,,,,,,,,,,,,,,,,,,,,,,,,,,,,,,,,,,,,,REJECT,99,country_league_not_allowlisted
2026-07-04,2026-07-04T14:30:00+01:00,1783171800,Second League - Group 1,651,2026,1536005,NS,Pobeda,22171,Rostov II,23316,Russia,NS,Not Started,,,,,,,,,,,,0.0,0.0,0.0,0.0,0.0,0.0,0.0,0.0,0.0,0.0,,,2026-07-04T10:12:41.212453+00:00,COVERAGE_UNKNOWN,,,,,,0,1.0,COVERAGE_NOT_LOADED,,,,,,,,,,,,,,,,,,,,,,,,,,,,,,,,,,,,,,,,,,,,,,,,,,,,,NONE,,,,,,,,,,,,,,,,,,,,,,,,,,,,,,,,,,,,,,,,,,,,,,,,,,,,,,,,,,,,,,,,,,,,,,,,,,,,,,,,,,,,,,,,,,,,,,,,REJECT,99,country_league_not_allowlisted
2026-07-04,2026-07-04T15:00:00+01:00,1783173600,Second League - Group 1,651,2026,1536008,NS,Spartak Nalchik,2002,Sevastopol,13240,Russia,NS,Not Started,,,,,,,,,,,,0.0,0.0,0.0,0.0,0.0,0.0,0.0,0.0,0.0,0.0,,,2026-07-04T10:12:41.212536+00:00,COVERAGE_UNKNOWN,,,,,,0,1.0,COVERAGE_NOT_LOADED,,,,,,,,,,,,,,,,,,,,,,,,,,,,,,,,,,,,,,,,,,,,,,,,,,,,,NONE,,,,,,,,,,,,,,,,,,,,,,,,,,,,,,,,,,,,,,,,,,,,,,,,,,,,,,,,,,,,,,,,,,,,,,,,,,,,,,,,,,,,,,,,,,,,,,,,REJECT,99,country_league_not_allowlisted
2026-07-04,2026-07-04T12:00:00+01:00,1783162800,Second League - Group 2,652,2026,1536401,NS,Zvezda St. Petersburg,6840,Dinamo St. Petersburg,17725,Russia,NS,Not Started,,,,,,,,,,,,0.0,0.0,0.0,0.0,0.0,0.0,0.0,0.0,0.0,0.0,,,2026-07-04T10:12:41.211742+00:00,COVERAGE_UNKNOWN,,,,,,0,1.0,COVERAGE_NOT_LOADED,,,,,,,,,,,,,,,,,,,,,,,,,,,,,,,,,,,,,,,,,,,,,,,,,,,,,NONE,,,,,,,,,,,,,,,,,,,,,,,,,,,,,,,,,,,,,,,,,,,,,,,,,,,,,,,,,,,,,,,,,,,,,,,,,,,,,,,,,,,,,,,,,,,,,,,,REJECT,99,country_league_not_allowlisted
2026-07-04,2026-07-04T13:00:00+01:00,1783166400,Second League - Group 3,650,2026,1536625,NS,Kvant,6807,Arsenal Tula II,17720,Russia,NS,Not Started,,,,,,,,,,,,0.0,0.0,0.0,0.0,0.0,0.0,0.0,0.0,0.0,0.0,,,2026-07-04T10:12:41.211951+00:00,COVERAGE_UNKNOWN,,,,,,0,1.0,COVERAGE_NOT_LOADED,,,,,,,,,,,,,,,,,,,,,,,,,,,,,,,,,,,,,,,,,,,,,,,,,,,,,NONE,,,,,,,,,,,,,,,,,,,,,,,,,,,,,,,,,,,,,,,,,,,,,,,,,,,,,,,,,,,,,,,,,,,,,,,,,,,,,,,,,,,,,,,,,,,,,,,,REJECT,99,country_league_not_allowlisted
2026-07-04,2026-07-04T16:00:00+01:00,1783177200,Second League - Group 3,650,2026,1536626,NS,Orel,23318,Metallurg Lipetsk,6815,Russia,NS,Not Started,,,,,,,,,,,,0.0,0.0,0.0,0.0,0.0,0.0,0.0,0.0,0.0,0.0,,,2026-07-04T10:12:41.212878+00:00,COVERAGE_UNKNOWN,,,,,,0,1.0,COVERAGE_NOT_LOADED,,,,,,,,,,,,,,,,,,,,,,,,,,,,,,,,,,,,,,,,,,,,,,,,,,,,,NONE,,,,,,,,,,,,,,,,,,,,,,,,,,,,,,,,,,,,,,,,,,,,,,,,,,,,,,,,,,,,,,,,,,,,,,,,,,,,,,,,,,,,,,,,,,,,,,,,REJECT,99,country_league_not_allowlisted
2026-07-04,2026-07-04T15:00:00+01:00,1783173600,Second League - Group 3,650,2026,1536627,NS,Rodina Moskva III,19448,Saturn Ramenskoye,6827,Russia,NS,Not Started,,,,,,,,,,,,0.0,0.0,0.0,0.0,0.0,0.0,0.0,0.0,0.0,0.0,,,2026-07-04T10:12:41.212547+00:00,COVERAGE_UNKNOWN,,,,,,0,1.0,COVERAGE_NOT_LOADED,,,,,,,,,,,,,,,,,,,,,,,,,,,,,,,,,,,,,,,,,,,,,,,,,,,,,NONE,,,,,,,,,,,,,,,,,,,,,,,,,,,,,,,,,,,,,,,,,,,,,,,,,,,,,,,,,,,,,,,,,,,,,,,,,,,,,,,,,,,,,,,,,,,,,,,,REJECT,99,country_league_not_allowlisted
2026-07-04,2026-07-04T16:00:00+01:00,1783177200,Second League - Group 3,650,2026,1536628,NS,Rotor-2,12840,Strogino,6829,Russia,NS,Not Started,,,,,,,,,,,,0.0,0.0,0.0,0.0,0.0,0.0,0.0,0.0,0.0,0.0,,,2026-07-04T10:12:41.212883+00:00,COVERAGE_UNKNOWN,,,,,,0,1.0,COVERAGE_NOT_LOADED,,,,,,,,,,,,,,,,,,,,,,,,,,,,,,,,,,,,,,,,,,,,,,,,,,,,,NONE,,,,,,,,,,,,,,,,,,,,,,,,,,,,,,,,,,,,,,,,,,,,,,,,,,,,,,,,,,,,,,,,,,,,,,,,,,,,,,,,,,,,,,,,,,,,,,,,REJECT,99,country_league_not_allowlisted
2026-07-04,2026-07-04T13:00:00+01:00,1783166400,Second League - Group 3,650,2026,1536629,NS,Ryazan,6823,SKA Khabarovsk II,17721,Russia,NS,Not Started,,,,,,,,,,,,0.0,0.0,0.0,0.0,0.0,0.0,0.0,0.0,0.0,0.0,,,2026-07-04T10:12:41.211955+00:00,COVERAGE_UNKNOWN,,,,,,0,1.0,COVERAGE_NOT_LOADED,,,,,,,,,,,,,,,,,,,,,,,,,,,,,,,,,,,,,,,,,,,,,,,,,,,,,NONE,,,,,,,,,,,,,,,,,,,,,,,,,,,,,,,,,,,,,,,,,,,,,,,,,,,,,,,,,,,,,,,,,,,,,,,,,,,,,,,,,,,,,,,,,,,,,,,,REJECT,99,country_league_not_allowlisted
2026-07-04,2026-07-04T13:00:00+01:00,1783166400,Second League - Group 3,650,2026,1536631,NS,Volna Nizhegorodskaya,14124,Shumbrat,26148,Russia,NS,Not Started,,,,,,,,,,,,0.0,0.0,0.0,0.0,0.0,0.0,0.0,0.0,0.0,0.0,,,2026-07-04T10:12:41.211960+00:00,COVERAGE_UNKNOWN,,,,,,0,1.0,COVERAGE_NOT_LOADED,,,,,,,,,,,,,,,,,,,,,,,,,,,,,,,,,,,,,,,,,,,,,,,,,,,,,NONE,,,,,,,,,,,,,,,,,,,,,,,,,,,,,,,,,,,,,,,,,,,,,,,,,,,,,,,,,,,,,,,,,,,,,,,,,,,,,,,,,,,,,,,,,,,,,,,,REJECT,99,country_league_not_allowlisted
2026-07-04,2026-07-04T22:00:00+01:00,1783198800,Segunda División,711,2026,1529124,NS,Deportes Rengo,5636,Santiago Morning,2335,Chile,NS,Not Started,,,,,,,,,,,,0.0,0.0,0.0,0.0,0.0,0.0,0.0,0.0,0.0,0.0,,,2026-07-04T10:12:41.213660+00:00,COVERAGE_UNKNOWN,,,,,,0,1.0,COVERAGE_NOT_LOADED,,,,,,,,,,,,,,,,,,,,,,,,,,,,,,,,,,,,,,,,,,,,,,,,,,,,,NONE,,,,,,,,,,,,,,,,,,,,,,,,,,,,,,,,,,,,,,,,,,,,,,,,,,,,,,,,,,,,,,,,,,,,,,,,,,,,,,,,,,,,,,,,,,,,,,,,REJECT,99,country_league_not_allowlisted
2026-07-04,2026-07-04T21:00:00+01:00,1783195200,Segunda División,269,2026,1561320,NS,Plaza Colonia,2355,La Luz,18295,Uruguay,NS,Not Started,,,,,,,,,,,,0.0,0.0,0.0,0.0,0.0,0.0,0.0,0.0,0.0,0.0,,,2026-07-04T10:12:41.213636+00:00,COVERAGE_UNKNOWN,,,,,,0,1.0,COVERAGE_NOT_LOADED,,,,,,,,,,,,,,,,,,,,,,,,,,,,,,,,,,,,,,,,,,,,,,,,,,,,,NONE,,,,,,,,,,,,,,,,,,,,,,,,,,,,,,,,,,,,,,,,,,,,,,,,,,,,,,,,,,,,,,,,,,,,,,,,,,,,,,,,,,,,,,,,,,,,,,,,REJECT,99,country_league_not_allowlisted
2026-07-04,2026-07-04T21:00:00+01:00,1783195200,Segunda División,711,2026,1529125,NS,Provincial Osorno,5643,General Velásquez,5639,Chile,NS,Not Started,,,,,,,,,,,,0.0,0.0,0.0,0.0,0.0,0.0,0.0,0.0,0.0,0.0,,,2026-07-04T10:12:41.213579+00:00,COVERAGE_UNKNOWN,,,,,,0,1.0,COVERAGE_NOT_LOADED,,,,,,,,,,,,,,,,,,,,,,,,,,,,,,,,,,,,,,,,,,,,,,,,,,,,,NONE,,,,,,,,,,,,,,,,,,,,,,,,,,,,,,,,,,,,,,,,,,,,,,,,,,,,,,,,,,,,,,,,,,,,,,,,,,,,,,,,,,,,,,,,,,,,,,,,REJECT,99,country_league_not_allowlisted
2026-07-04,2026-07-04T21:00:00+01:00,1783195200,Segunda División,711,2026,1529126,NS,Provincial Ovalle,18776,Colina,5634,Chile,NS,Not Started,,,,,,,,,,,,0.0,0.0,0.0,0.0,0.0,0.0,0.0,0.0,0.0,0.0,,,2026-07-04T10:12:41.213583+00:00,COVERAGE_UNKNOWN,,,,,,0,1.0,COVERAGE_NOT_LOADED,,,,,,,,,,,,,,,,,,,,,,,,,,,,,,,,,,,,,,,,,,,,,,,,,,,,,NONE,,,,,,,,,,,,,,,,,,,,,,,,,,,,,,,,,,,,,,,,,,,,,,,,,,,,,,,,,,,,,,,,,,,,,,,,,,,,,,,,,,,,,,,,,,,,,,,,REJECT,99,country_league_not_allowlisted
2026-07-04,2026-07-04T18:00:00+01:00,1783184400,Segunda División,269,2026,1561319,NS,Rentistas,2371,Paysandu,19410,Uruguay,NS,Not Started,,,,,,,,,,,,0.0,0.0,0.0,0.0,0.0,0.0,0.0,0.0,0.0,0.0,,,2026-07-04T10:12:41.213155+00:00,COVERAGE_UNKNOWN,,,,,,0,1.0,COVERAGE_NOT_LOADED,,,,,,,,,,,,,,,,,,,,,,,,,,,,,,,,,,,,,,,,,,,,,,,,,,,,,NONE,,,,,,,,,,,,,,,,,,,,,,,,,,,,,,,,,,,,,,,,,,,,,,,,,,,,,,,,,,,,,,,,,,,,,,,,,,,,,,,,,,,,,,,,,,,,,,,,REJECT,99,country_league_not_allowlisted
2026-07-04,2026-07-04T20:00:00+01:00,1783191600,Serie D,76,2026,1567797,NS,CRAC,10671,Treze,7787,Brazil,NS,Not Started,,,,,,,,,,,,0.0,0.0,0.0,0.0,0.0,0.0,0.0,0.0,0.0,0.0,,,2026-07-04T10:12:41.213517+00:00,COVERAGE_UNKNOWN,,,,,,0,1.0,COVERAGE_NOT_LOADED,,,,,,,,,,,,,,,,,,,,,,,,,,,,,,,,,,,,,,,,,,,,,,,,,,,,,NONE,,,,,,,,,,,,,,,,,,,,,,,,,,,,,,,,,,,,,,,,,,,,,,,,,,,,,,,,,,,,,,,,,,,,,,,,,,,,,,,,,,,,,,,,,,,,,,,,REJECT,99,country_league_not_allowlisted
2026-07-04,2026-07-04T20:00:00+01:00,1783191600,Serie D,76,2026,1567796,NS,Cianorte,1194,XV de Piracicaba,7870,Brazil,NS,Not Started,,,,,,,,,,,,0.0,0.0,0.0,0.0,0.0,0.0,0.0,0.0,0.0,0.0,,,2026-07-04T10:12:41.213512+00:00,COVERAGE_UNKNOWN,,,,,,0,1.0,COVERAGE_NOT_LOADED,,,,,,,,,,,,,,,,,,,,,,,,,,,,,,,,,,,,,,,,,,,,,,,,,,,,,NONE,,,,,,,,,,,,,,,,,,,,,,,,,,,,,,,,,,,,,,,,,,,,,,,,,,,,,,,,,,,,,,,,,,,,,,,,,,,,,,,,,,,,,,,,,,,,,,,,REJECT,99,country_league_not_allowlisted
2026-07-04,2026-07-04T22:30:00+01:00,1783200600,Serie D,76,2026,1567799,NS,Goiatuba EC,18296,Manauara,18308,Brazil,NS,Not Started,,,,,,,,,,,,0.0,0.0,0.0,0.0,0.0,0.0,0.0,0.0,0.0,0.0,,,2026-07-04T10:12:41.213689+00:00,COVERAGE_UNKNOWN,,,,,,0,1.0,COVERAGE_NOT_LOADED,,,,,,,,,,,,,,,,,,,,,,,,,,,,,,,,,,,,,,,,,,,,,,,,,,,,,NONE,,,,,,,,,,,,,,,,,,,,,,,,,,,,,,,,,,,,,,,,,,,,,,,,,,,,,,,,,,,,,,,,,,,,,,,,,,,,,,,,,,,,,,,,,,,,,,,,REJECT,99,country_league_not_allowlisted
2026-07-04,2026-07-04T20:00:00+01:00,1783191600,Serie D,76,2026,1567800,NS,Imperatriz,2213,Ferroviario,1195,Brazil,NS,Not Started,,,,,,,,,,,,0.0,0.0,0.0,0.0,0.0,0.0,0.0,0.0,0.0,0.0,,,2026-07-04T10:12:41.213526+00:00,COVERAGE_UNKNOWN,,,,,,0,1.0,COVERAGE_NOT_LOADED,,,,,,,,,,,,,,,,,,,,,,,,,,,,,,,,,,,,,,,,,,,,,,,,,,,,,NONE,,,,,,,,,,,,,,,,,,,,,,,,,,,,,,,,,,,,,,,,,,,,,,,,,,,,,,,,,,,,,,,,,,,,,,,,,,,,,,,,,,,,,,,,,,,,,,,,REJECT,99,country_league_not_allowlisted
2026-07-04,2026-07-04T21:00:00+01:00,1783195200,Serie D,76,2026,1567795,NS,Ipatinga,12277,CSA,150,Brazil,NS,Not Started,,,,,,,,,,,,0.0,0.0,0.0,0.0,0.0,0.0,0.0,0.0,0.0,0.0,,,2026-07-04T10:12:41.213651+00:00,COVERAGE_UNKNOWN,,,,,,0,1.0,COVERAGE_NOT_LOADED,,,,,,,,,,,,,,,,,,,,,,,,,,,,,,,,,,,,,,,,,,,,,,,,,,,,,NONE,,,,,,,,,,,,,,,,,,,,,,,,,,,,,,,,,,,,,,,,,,,,,,,,,,,,,,,,,,,,,,,,,,,,,,,,,,,,,,,,,,,,,,,,,,,,,,,,REJECT,99,country_league_not_allowlisted
2026-07-04,2026-07-04T22:00:00+01:00,1783198800,Serie D,76,2026,1567801,NS,Luverdense,752,Guaporé,12944,Brazil,NS,Not Started,,,,,,,,,,,,0.0,0.0,0.0,0.0,0.0,0.0,0.0,0.0,0.0,0.0,,,2026-07-04T10:12:41.213665+00:00,COVERAGE_UNKNOWN,,,,,,0,1.0,COVERAGE_NOT_LOADED,,,,,,,,,,,,,,,,,,,,,,,,,,,,,,,,,,,,,,,,,,,,,,,,,,,,,NONE,,,,,,,,,,,,,,,,,,,,,,,,,,,,,,,,,,,,,,,,,,,,,,,,,,,,,,,,,,,,,,,,,,,,,,,,,,,,,,,,,,,,,,,,,,,,,,,,REJECT,99,country_league_not_allowlisted
2026-07-04,2026-07-04T20:00:00+01:00,1783191600,Serie D,76,2026,1567802,NS,Maguary PE,20781,Iguatu,15505,Brazil,NS,Not Started,,,,,,,,,,,,0.0,0.0,0.0,0.0,0.0,0.0,0.0,0.0,0.0,0.0,,,2026-07-04T10:12:41.213531+00:00,COVERAGE_UNKNOWN,,,,,,0,1.0,COVERAGE_NOT_LOADED,,,,,,,,,,,,,,,,,,,,,,,,,,,,,,,,,,,,,,,,,,,,,,,,,,,,,NONE,,,,,,,,,,,,,,,,,,,,,,,,,,,,,,,,,,,,,,,,,,,,,,,,,,,,,,,,,,,,,,,,,,,,,,,,,,,,,,,,,,,,,,,,,,,,,,,,REJECT,99,country_league_not_allowlisted
2026-07-04,2026-07-04T22:00:00+01:00,1783198800,Serie D,76,2026,1567803,NS,Marcílio Dias,10677,Portuguesa,1214,Brazil,NS,Not Started,,,,,,,,,,,,0.0,0.0,0.0,0.0,0.0,0.0,0.0,0.0,0.0,0.0,,,2026-07-04T10:12:41.213670+00:00,COVERAGE_UNKNOWN,,,,,,0,1.0,COVERAGE_NOT_LOADED,,,,,,,,,,,,,,,,,,,,,,,,,,,,,,,,,,,,,,,,,,,,,,,,,,,,,NONE,,,,,,,,,,,,,,,,,,,,,,,,,,,,,,,,,,,,,,,,,,,,,,,,,,,,,,,,,,,,,,,,,,,,,,,,,,,,,,,,,,,,,,,,,,,,,,,,REJECT,99,country_league_not_allowlisted
2026-07-04,2026-07-04T20:00:00+01:00,1783191600,Serie D,76,2026,1567804,NS,Nacional AM,7781,Capital Brasilia,12921,Brazil,NS,Not Started,,,,,,,,,,,,0.0,0.0,0.0,0.0,0.0,0.0,0.0,0.0,0.0,0.0,,,2026-07-04T10:12:41.213536+00:00,COVERAGE_UNKNOWN,,,,,,0,1.0,COVERAGE_NOT_LOADED,,,,,,,,,,,,,,,,,,,,,,,,,,,,,,,,,,,,,,,,,,,,,,,,,,,,,NONE,,,,,,,,,,,,,,,,,,,,,,,,,,,,,,,,,,,,,,,,,,,,,,,,,,,,,,,,,,,,,,,,,,,,,,,,,,,,,,,,,,,,,,,,,,,,,,,,REJECT,99,country_league_not_allowlisted
2026-07-04,2026-07-04T20:00:00+01:00,1783191600,Serie D,76,2026,1567805,NS,Porto Velho,12946,Gama,1222,Brazil,NS,Not Started,,,,,,,,,,,,0.0,0.0,0.0,0.0,0.0,0.0,0.0,0.0,0.0,0.0,,,2026-07-04T10:12:41.213540+00:00,COVERAGE_UNKNOWN,,,,,,0,1.0,COVERAGE_NOT_LOADED,,,,,,,,,,,,,,,,,,,,,,,,,,,,,,,,,,,,,,,,,,,,,,,,,,,,,NONE,,,,,,,,,,,,,,,,,,,,,,,,,,,,,,,,,,,,,,,,,,,,,,,,,,,,,,,,,,,,,,,,,,,,,,,,,,,,,,,,,,,,,,,,,,,,,,,,REJECT,99,country_league_not_allowlisted
2026-07-04,2026-07-04T20:00:00+01:00,1783191600,Serie D,76,2026,1567798,NS,Sao Jose,2232,Portuguesa RJ,7835,Brazil,NS,Not Started,,,,,,,,,,,,0.0,0.0,0.0,0.0,0.0,0.0,0.0,0.0,0.0,0.0,,,2026-07-04T10:12:41.213521+00:00,COVERAGE_UNKNOWN,,,,,,0,1.0,COVERAGE_NOT_LOADED,,,,,,,,,,,,,,,,,,,,,,,,,,,,,,,,,,,,,,,,,,,,,,,,,,,,,NONE,,,,,,,,,,,,,,,,,,,,,,,,,,,,,,,,,,,,,,,,,,,,,,,,,,,,,,,,,,,,,,,,,,,,,,,,,,,,,,,,,,,,,,,,,,,,,,,,REJECT,99,country_league_not_allowlisted
2026-07-04,2026-07-04T20:30:00+01:00,1783193400,Serie D,76,2026,1567806,NS,Serra Branca,20710,Uberlandia,1196,Brazil,NS,Not Started,,,,,,,,,,,,0.0,0.0,0.0,0.0,0.0,0.0,0.0,0.0,0.0,0.0,,,2026-07-04T10:12:41.213555+00:00,COVERAGE_UNKNOWN,,,,,,0,1.0,COVERAGE_NOT_LOADED,,,,,,,,,,,,,,,,,,,,,,,,,,,,,,,,,,,,,,,,,,,,,,,,,,,,,NONE,,,,,,,,,,,,,,,,,,,,,,,,,,,,,,,,,,,,,,,,,,,,,,,,,,,,,,,,,,,,,,,,,,,,,,,,,,,,,,,,,,,,,,,,,,,,,,,,REJECT,99,country_league_not_allowlisted
2026-07-04,2026-07-04T20:00:00+01:00,1783191600,Serie D,76,2026,1567807,NS,Trem,7868,America-RN,2233,Brazil,NS,Not Started,,,,,,,,,,,,0.0,0.0,0.0,0.0,0.0,0.0,0.0,0.0,0.0,0.0,,,2026-07-04T10:12:41.213545+00:00,COVERAGE_UNKNOWN,,,,,,0,1.0,COVERAGE_NOT_LOADED,,,,,,,,,,,,,,,,,,,,,,,,,,,,,,,,,,,,,,,,,,,,,,,,,,,,,NONE,,,,,,,,,,,,,,,,,,,,,,,,,,,,,,,,,,,,,,,,,,,,,,,,,,,,,,,,,,,,,,,,,,,,,,,,,,,,,,,,,,,,,,,,,,,,,,,,REJECT,99,country_league_not_allowlisted
2026-07-04,2026-07-04T23:00:00+01:00,1783202400,Serie D,76,2026,1567808,NS,Velo Clube,10041,São Luiz,10004,Brazil,NS,Not Started,,,,,,,,,,,,0.0,0.0,0.0,0.0,0.0,0.0,0.0,0.0,0.0,0.0,,,2026-07-04T10:12:41.213717+00:00,COVERAGE_UNKNOWN,,,,,,0,1.0,COVERAGE_NOT_LOADED,,,,,,,,,,,,,,,,,,,,,,,,,,,,,,,,,,,,,,,,,,,,,,,,,,,,,NONE,,,,,,,,,,,,,,,,,,,,,,,,,,,,,,,,,,,,,,,,,,,,,,,,,,,,,,,,,,,,,,,,,,,,,,,,,,,,,,,,,,,,,,,,,,,,,,,,REJECT,99,country_league_not_allowlisted
2026-07-04,2026-07-04T21:00:00+01:00,1783195200,Serie D,76,2026,1567794,NS,Águia de Marabá,7879,ABC,754,Brazil,NS,Not Started,,,,,,,,,,,,0.0,0.0,0.0,0.0,0.0,0.0,0.0,0.0,0.0,0.0,,,2026-07-04T10:12:41.213646+00:00,COVERAGE_UNKNOWN,,,,,,0,1.0,COVERAGE_NOT_LOADED,,,,,,,,,,,,,,,,,,,,,,,,,,,,,,,,,,,,,,,,,,,,,,,,,,,,,NONE,,,,,,,,,,,,,,,,,,,,,,,,,,,,,,,,,,,,,,,,,,,,,,,,,,,,,,,,,,,,,,,,,,,,,,,,,,,,,,,,,,,,,,,,,,,,,,,,REJECT,99,country_league_not_allowlisted
2026-07-04,2026-07-04T12:35:00+01:00,1783164900,Super League,169,2026,1523190,NS,Beijing Guoan,830,Shandong Luneng,844,China,NS,Not Started,,,,,,,,,,,,0.0,0.0,0.0,0.0,0.0,0.0,0.0,0.0,0.0,0.0,,,2026-07-04T10:12:41.211882+00:00,COVERAGE_UNKNOWN,,,,,,0,1.0,COVERAGE_NOT_LOADED,,,,,,,,,,,,,,,,,,,,,,,,,,,,,,,,,,,,,,,,,,,,,,,,,,,,,NONE,,,,,,,,,,,,,,,,,,,,,,,,,,,,,,,,,,,,,,,,,,,,,,,,,,,,,,,,,,,,,,,,,,,,,,,,,,,,,,,,,,,,,,,,,,,,,,,,REJECT,99,country_league_not_allowlisted
2026-07-04,2026-07-04T13:30:00+01:00,1783168200,Super League,391,2026,1538639,NS,Blue Eagles,4584,Moyale Barracks,4593,Malawi,NS,Not Started,,,,,,,,,,,,0.0,0.0,0.0,0.0,0.0,0.0,0.0,0.0,0.0,0.0,,,2026-07-04T10:12:41.212184+00:00,COVERAGE_UNKNOWN,,,,,,0,1.0,COVERAGE_NOT_LOADED,,,,,,,,,,,,,,,,,,,,,,,,,,,,,,,,,,,,,,,,,,,,,,,,,,,,,NONE,,,,,,,,,,,,,,,,,,,,,,,,,,,,,,,,,,,,,,,,,,,,,,,,,,,,,,,,,,,,,,,,,,,,,,,,,,,,,,,,,,,,,,,,,,,,,,,,REJECT,99,country_league_not_allowlisted
2026-07-04,2026-07-04T12:35:00+01:00,1783164900,Super League,169,2026,1523191,NS,Dalian Zhixing,21263,Wuhan Three Towns,5695,China,NS,Not Started,,,,,,,,,,,,0.0,0.0,0.0,0.0,0.0,0.0,0.0,0.0,0.0,0.0,,,2026-07-04T10:12:41.211887+00:00,COVERAGE_UNKNOWN,,,,,,0,1.0,COVERAGE_NOT_LOADED,,,,,,,,,,,,,,,,,,,,,,,,,,,,,,,,,,,,,,,,,,,,,,,,,,,,,NONE,,,,,,,,,,,,,,,,,,,,,,,,,,,,,,,,,,,,,,,,,,,,,,,,,,,,,,,,,,,,,,,,,,,,,,,,,,,,,,,,,,,,,,,,,,,,,,,,REJECT,99,country_league_not_allowlisted
2026-07-04,2026-07-04T13:30:00+01:00,1783168200,Super League,391,2026,1538640,NS,Karonga United,4589,Dedza Dynamos,18747,Malawi,NS,Not Started,,,,,,,,,,,,0.0,0.0,0.0,0.0,0.0,0.0,0.0,0.0,0.0,0.0,,,2026-07-04T10:12:41.212189+00:00,COVERAGE_UNKNOWN,,,,,,0,1.0,COVERAGE_NOT_LOADED,,,,,,,,,,,,,,,,,,,,,,,,,,,,,,,,,,,,,,,,,,,,,,,,,,,,,NONE,,,,,,,,,,,,,,,,,,,,,,,,,,,,,,,,,,,,,,,,,,,,,,,,,,,,,,,,,,,,,,,,,,,,,,,,,,,,,,,,,,,,,,,,,,,,,,,,REJECT,99,country_league_not_allowlisted
2026-07-04,2026-07-04T13:30:00+01:00,1783168200,Super League,391,2026,1538638,NS,Nyasa Big Bullets,4599,Creck,23427,Malawi,NS,Not Started,,,,,,,,,,,,0.0,0.0,0.0,0.0,0.0,0.0,0.0,0.0,0.0,0.0,,,2026-07-04T10:12:41.212179+00:00,COVERAGE_UNKNOWN,,,,,,0,1.0,COVERAGE_NOT_LOADED,,,,,,,,,,,,,,,,,,,,,,,,,,,,,,,,,,,,,,,,,,,,,,,,,,,,,NONE,,,,,,,,,,,,,,,,,,,,,,,,,,,,,,,,,,,,,,,,,,,,,,,,,,,,,,,,,,,,,,,,,,,,,,,,,,,,,,,,,,,,,,,,,,,,,,,,REJECT,99,country_league_not_allowlisted
2026-07-04,2026-07-04T12:00:00+01:00,1783162800,Super League,169,2026,1523189,NS,Qingdao Youth Island,17265,SHANGHAI SIPG,836,China,NS,Not Started,,,,,,,,,,,,0.0,0.0,0.0,0.0,0.0,0.0,0.0,0.0,0.0,0.0,,,2026-07-04T10:12:41.211704+00:00,COVERAGE_UNKNOWN,,,,,,0,1.0,COVERAGE_NOT_LOADED,,,,,,,,,,,,,,,,,,,,,,,,,,,,,,,,,,,,,,,,,,,,,,,,,,,,,NONE,,,,,,,,,,,,,,,,,,,,,,,,,,,,,,,,,,,,,,,,,,,,,,,,,,,,,,,,,,,,,,,,,,,,,,,,,,,,,,,,,,,,,,,,,,,,,,,,REJECT,99,country_league_not_allowlisted
2026-07-04,2026-07-04T12:00:00+01:00,1783162800,Super League,169,2026,1523188,NS,Shenyang Urban,5684,Chongqing Tongliang Long,21262,China,NS,Not Started,,,,,,,,,,,,0.0,0.0,0.0,0.0,0.0,0.0,0.0,0.0,0.0,0.0,,,2026-07-04T10:12:41.211699+00:00,COVERAGE_UNKNOWN,,,,,,0,1.0,COVERAGE_NOT_LOADED,,,,,,,,,,,,,,,,,,,,,,,,,,,,,,,,,,,,,,,,,,,,,,,,,,,,,NONE,,,,,,,,,,,,,,,,,,,,,,,,,,,,,,,,,,,,,,,,,,,,,,,,,,,,,,,,,,,,,,,,,,,,,,,,,,,,,,,,,,,,,,,,,,,,,,,,REJECT,99,country_league_not_allowlisted
2026-07-04,2026-07-04T13:00:00+01:00,1783166400,Super League,169,2026,1523192,NS,Tianjin Teda,837,Sichuan Jiuniu,5686,China,NS,Not Started,,,,,,,,,,,,0.0,0.0,0.0,0.0,0.0,0.0,0.0,0.0,0.0,0.0,,,2026-07-04T10:12:41.211931+00:00,COVERAGE_UNKNOWN,,,,,,0,1.0,COVERAGE_NOT_LOADED,,,,,,,,,,,,,,,,,,,,,,,,,,,,,,,,,,,,,,,,,,,,,,,,,,,,,NONE,,,,,,,,,,,,,,,,,,,,,,,,,,,,,,,,,,,,,,,,,,,,,,,,,,,,,,,,,,,,,,,,,,,,,,,,,,,,,,,,,,,,,,,,,,,,,,,,REJECT,99,country_league_not_allowlisted
2026-07-04,2026-07-04T18:00:00+01:00,1783184400,Super Liga,394,2026,1558482,NS,Petrocub,2271,Milsami Orhei,691,Moldova,NS,Not Started,,,,,,,,,,,,0.0,0.0,0.0,0.0,0.0,0.0,0.0,0.0,0.0,0.0,,,2026-07-04T10:12:41.213145+00:00,COVERAGE_UNKNOWN,,,,,,0,1.0,COVERAGE_NOT_LOADED,,,,,,,,,,,,,,,,,,,,,,,,,,,,,,,,,,,,,,,,,,,,,,,,,,,,,NONE,,,,,,,,,,,,,,,,,,,,,,,,,,,,,,,,,,,,,,,,,,,,,,,,,,,,,,,,,,,,,,,,,,,,,,,,,,,,,,,,,,,,,,,,,,,,,,,,REJECT,99,country_league_not_allowlisted
2026-07-04,2026-07-04T16:00:00+01:00,1783177200,Super Liga,394,2026,1558481,NS,Politehnica UTM,26115,Sheriff Tiraspol,568,Moldova,NS,Not Started,,,,,,,,,,,,0.0,0.0,0.0,0.0,0.0,0.0,0.0,0.0,0.0,0.0,,,2026-07-04T10:12:41.212935+00:00,COVERAGE_UNKNOWN,,,,,,0,1.0,COVERAGE_NOT_LOADED,,,,,,,,,,,,,,,,,,,,,,,,,,,,,,,,,,,,,,,,,,,,,,,,,,,,,NONE,,,,,,,,,,,,,,,,,,,,,,,,,,,,,,,,,,,,,,,,,,,,,,,,,,,,,,,,,,,,,,,,,,,,,,,,,,,,,,,,,,,,,,,,,,,,,,,,REJECT,99,country_league_not_allowlisted
2026-07-04,2026-07-04T07:45:00+01:00,1783147500,Tasmania NPL,648,2026,1529267,NS,Launceston City,14103,Launceston United,21047,Australia,NS,Not Started,,,,,,,,,,,,0.0,0.0,0.0,0.0,0.0,0.0,0.0,0.0,0.0,0.0,,,2026-07-04T10:12:41.211088+00:00,COVERAGE_UNKNOWN,,,,,,0,1.0,COVERAGE_NOT_LOADED,,,,,,,,,,,,,,,,,,,,,,,,,,,,,,,,,,,,,,,,,,,,,,,,,,,,,NONE,,,,,,,,,,,,,,,,,,,,,,,,,,,,,,,,,,,,,,,,,,,,,,,,,,,,,,,,,,,,,,,,,,,,,,,,,,,,,,,,,,,,,,,,,,,,,,,,REJECT,99,country_league_not_allowlisted
2026-07-04,2026-07-04T07:45:00+01:00,1783147500,Tasmania Northern Championship,1091,2026,1533117,NS,Devonport U21,23508,Launceston United U21,23510,Australia,NS,Not Started,,,,,,,,,,,,0.0,0.0,0.0,0.0,0.0,0.0,0.0,0.0,0.0,0.0,,,2026-07-04T10:12:41.211094+00:00,COVERAGE_UNKNOWN,,,,,,0,1.0,COVERAGE_NOT_LOADED,,,,,,,,,,,,,,,,,,,,,,,,,,,,,,,,,,,,,,,,,,,,,,,,,,,,,NONE,,,,,,,,,,,,,,,,,,,,,,,,,,,,,,,,,,,,,,,,,,,,,,,,,,,,,,,,,,,,,,,,,,,,,,,,,,,,,,,,,,,,,,,,,,,,,,,,REJECT,99,country_league_not_allowlisted
2026-07-04,2026-07-04T03:15:00+01:00,1783131300,Tasmania Northern Championship,1091,2026,1533119,PST,Launceston U21,23509,Somerset,23513,Australia,PST,Match Postponed,,,,,,,,,,,,0.0,0.0,0.0,0.0,0.0,0.0,0.0,0.0,0.0,0.0,,,2026-07-04T10:12:41.210904+00:00,COVERAGE_UNKNOWN,,,,,,0,1.0,COVERAGE_NOT_LOADED,,,,,,,,,,,,,,,,,,,,,,,,,,,,,,,,,,,,,,,,,,,,,,,,,,,,,NONE,,,,,,,,,,,,,,,,,,,,,,,,,,,,,,,,,,,,,,,,,,,,,,,,,,,,,,,,,,,,,,,,,,,,,,,,,,,,,,,,,,,,,,,,,,,,,,,,REJECT,99,country_league_not_allowlisted
2026-07-04,2026-07-04T07:45:00+01:00,1783147500,Tasmania Northern Championship,1091,2026,1533118,NS,Ulverstone U21,27750,Northern Rangers,23511,Australia,NS,Not Started,,,,,,,,,,,,0.0,0.0,0.0,0.0,0.0,0.0,0.0,0.0,0.0,0.0,,,2026-07-04T10:12:41.211099+00:00,COVERAGE_UNKNOWN,,,,,,0,1.0,COVERAGE_NOT_LOADED,,,,,,,,,,,,,,,,,,,,,,,,,,,,,,,,,,,,,,,,,,,,,,,,,,,,,NONE,,,,,,,,,,,,,,,,,,,,,,,,,,,,,,,,,,,,,,,,,,,,,,,,,,,,,,,,,,,,,,,,,,,,,,,,,,,,,,,,,,,,,,,,,,,,,,,,REJECT,99,country_league_not_allowlisted
2026-07-04,2026-07-04T19:30:00+01:00,1783189800,Torneo Federal A,134,2026,1530441,NS,Defensores de Vilelas,27572,Sarmiento de La Banda,23255,Argentina,NS,Not Started,,,,,,,,,,,,0.0,0.0,0.0,0.0,0.0,0.0,0.0,0.0,0.0,0.0,,,2026-07-04T10:12:41.213429+00:00,COVERAGE_UNKNOWN,,,,,,0,1.0,COVERAGE_NOT_LOADED,,,,,,,,,,,,,,,,,,,,,,,,,,,,,,,,,,,,,,,,,,,,,,,,,,,,,NONE,,,,,,,,,,,,,,,,,,,,,,,,,,,,,,,,,,,,,,,,,,,,,,,,,,,,,,,,,,,,,,,,,,,,,,,,,,,,,,,,,,,,,,,,,,,,,,,,REJECT,99,country_league_not_allowlisted
2026-07-04,2026-07-04T19:30:00+01:00,1783189800,Torneo Federal A,134,2026,1530445,NS,Huracan Las Heras,2428,Costa Brava,25757,Argentina,NS,Not Started,,,,,,,,,,,,0.0,0.0,0.0,0.0,0.0,0.0,0.0,0.0,0.0,0.0,,,2026-07-04T10:12:41.213434+00:00,COVERAGE_UNKNOWN,,,,,,0,1.0,COVERAGE_NOT_LOADED,,,,,,,,,,,,,,,,,,,,,,,,,,,,,,,,,,,,,,,,,,,,,,,,,,,,,NONE,,,,,,,,,,,,,,,,,,,,,,,,,,,,,,,,,,,,,,,,,,,,,,,,,,,,,,,,,,,,,,,,,,,,,,,,,,,,,,,,,,,,,,,,,,,,,,,,REJECT,99,country_league_not_allowlisted
2026-07-04,2026-07-04T21:00:00+01:00,1783195200,USL Championship,255,2026,1493562,NS,Indy Eleven,3996,Charleston Battery,3990,USA,NS,Not Started,,,,,,,,,,,,0.0,0.0,0.0,0.0,0.0,0.0,0.0,0.0,0.0,0.0,,,2026-07-04T10:12:41.213559+00:00,COVERAGE_UNKNOWN,,,,,,0,1.0,COVERAGE_NOT_LOADED,,,,,,,,,,,,,,,,,,,,,,,,,,,,,,,,,,,,,,,,,,,,,,,,,,,,,NONE,,,,,,,,,,,,,,,,,,,,,,,,,,,,,,,,,,,,,,,,,,,,,,,,,,,,,,,,,,,,,,,,,,,,,,,,,,,,,,,,,,,,,,,,,,,,,,,,REJECT,99,country_league_not_allowlisted
2026-07-04,2026-07-04T23:00:00+01:00,1783202400,USL Championship,255,2026,1493569,NS,Tampa Bay Rowdies,4021,Lexington,20808,USA,NS,Not Started,,,,,,,,,,,,0.0,0.0,0.0,0.0,0.0,0.0,0.0,0.0,0.0,0.0,,,2026-07-04T10:12:41.213693+00:00,COVERAGE_UNKNOWN,,,,,,0,1.0,COVERAGE_NOT_LOADED,,,,,,,,,,,,,,,,,,,,,,,,,,,,,,,,,,,,,,,,,,,,,,,,,,,,,NONE,,,,,,,,,,,,,,,,,,,,,,,,,,,,,,,,,,,,,,,,,,,,,,,,,,,,,,,,,,,,,,,,,,,,,,,,,,,,,,,,,,,,,,,,,,,,,,,,REJECT,99,country_league_not_allowlisted
2026-07-04,2026-07-04T21:00:00+01:00,1783195200,USL League One,489,2026,1493889,NS,Forward Madison,9025,Tormenta,4108,USA,NS,Not Started,,,,,,,,,,,,0.0,0.0,0.0,0.0,0.0,0.0,0.0,0.0,0.0,0.0,,,2026-07-04T10:12:41.213564+00:00,COVERAGE_UNKNOWN,,,,,,0,1.0,COVERAGE_NOT_LOADED,,,,,,,,,,,,,,,,,,,,,,,,,,,,,,,,,,,,,,,,,,,,,,,,,,,,,NONE,,,,,,,,,,,,,,,,,,,,,,,,,,,,,,,,,,,,,,,,,,,,,,,,,,,,,,,,,,,,,,,,,,,,,,,,,,,,,,,,,,,,,,,,,,,,,,,,REJECT,99,country_league_not_allowlisted
2026-07-04,2026-07-04T08:00:00+01:00,1783148400,Victoria Premier League 2,1226,2026,1541320,NS,Goulburn Valley Suns,16782,Moreland City,16785,Australia,NS,Not Started,,,,,,,,,,,,0.0,0.0,0.0,0.0,0.0,0.0,0.0,0.0,0.0,0.0,,,2026-07-04T10:12:41.211186+00:00,COVERAGE_UNKNOWN,,,,,,0,1.0,COVERAGE_NOT_LOADED,,,,,,,,,,,,,,,,,,,,,,,,,,,,,,,,,,,,,,,,,,,,,,,,,,,,,NONE,,,,,,,,,,,,,,,,,,,,,,,,,,,,,,,,,,,,,,,,,,,,,,,,,,,,,,,,,,,,,,,,,,,,,,,,,,,,,,,,,,,,,,,,,,,,,,,,REJECT,99,country_league_not_allowlisted
2026-07-04,2026-07-04T08:00:00+01:00,1783148400,Victoria Premier League 2,1226,2026,1541443,NS,Malvern,27698,Eastern Lions,9977,Australia,NS,Not Started,,,,,,,,,,,,0.0,0.0,0.0,0.0,0.0,0.0,0.0,0.0,0.0,0.0,,,2026-07-04T10:12:41.211191+00:00,COVERAGE_UNKNOWN,,,,,,0,1.0,COVERAGE_NOT_LOADED,,,,,,,,,,,,,,,,,,,,,,,,,,,,,,,,,,,,,,,,,,,,,,,,,,,,,NONE,,,,,,,,,,,,,,,,,,,,,,,,,,,,,,,,,,,,,,,,,,,,,,,,,,,,,,,,,,,,,,,,,,,,,,,,,,,,,,,,,,,,,,,,,,,,,,,,REJECT,99,country_league_not_allowlisted
2026-07-04,2026-07-04T14:00:00+01:00,1783170000,Virsliga,365,2026,1515880,NS,BFC Daugavpils,4149,FK Liepaja,661,Latvia,NS,Not Started,,,,,,,,,,,,0.0,0.0,0.0,0.0,0.0,0.0,0.0,0.0,0.0,0.0,,,2026-07-04T10:12:41.212232+00:00,COVERAGE_UNKNOWN,,,,,,0,1.0,COVERAGE_NOT_LOADED,,,,,,,,,,,,,,,,,,,,,,,,,,,,,,,,,,,,,,,,,,,,,,,,,,,,,NONE,,,,,,,,,,,,,,,,,,,,,,,,,,,,,,,,,,,,,,,,,,,,,,,,,,,,,,,,,,,,,,,,,,,,,,,,,,,,,,,,,,,,,,,,,,,,,,,,REJECT,99,country_league_not_allowlisted
2026-07-04,2026-07-04T16:00:00+01:00,1783177200,Virsliga,365,2026,1515881,NS,Rīgas FS,4160,Auda,4135,Latvia,NS,Not Started,,,,,,,,,,,,0.0,0.0,0.0,0.0,0.0,0.0,0.0,0.0,0.0,0.0,,,2026-07-04T10:12:41.212855+00:00,COVERAGE_UNKNOWN,,,,,,0,1.0,COVERAGE_NOT_LOADED,,,,,,,,,,,,,,,,,,,,,,,,,,,,,,,,,,,,,,,,,,,,,,,,,,,,,NONE,,,,,,,,,,,,,,,,,,,,,,,,,,,,,,,,,,,,,,,,,,,,,,,,,,,,,,,,,,,,,,,,,,,,,,,,,,,,,,,,,,,,,,,,,,,,,,,,REJECT,99,country_league_not_allowlisted
2026-07-04,2026-07-04T08:00:00+01:00,1783148400,Western Australia State League 1,1094,2026,1535516,NS,Kingsley Westside,23531,UWA Nedlands,23533,Australia,NS,Not Started,,,,,,,,,,,,0.0,0.0,0.0,0.0,0.0,0.0,0.0,0.0,0.0,0.0,,,2026-07-04T10:12:41.211170+00:00,COVERAGE_UNKNOWN,,,,,,0,1.0,COVERAGE_NOT_LOADED,,,,,,,,,,,,,,,,,,,,,,,,,,,,,,,,,,,,,,,,,,,,,,,,,,,,,NONE,,,,,,,,,,,,,,,,,,,,,,,,,,,,,,,,,,,,,,,,,,,,,,,,,,,,,,,,,,,,,,,,,,,,,,,,,,,,,,,,,,,,,,,,,,,,,,,,REJECT,99,country_league_not_allowlisted
2026-07-04,2026-07-04T08:00:00+01:00,1783148400,Western Australia State League 1,1094,2026,1535513,NS,Murdoch Melville,23532,Floreat Athena,3817,Australia,NS,Not Started,,,,,,,,,,,,0.0,0.0,0.0,0.0,0.0,0.0,0.0,0.0,0.0,0.0,,,2026-07-04T10:12:41.211155+00:00,COVERAGE_UNKNOWN,,,,,,0,1.0,COVERAGE_NOT_LOADED,,,,,,,,,,,,,,,,,,,,,,,,,,,,,,,,,,,,,,,,,,,,,,,,,,,,,NONE,,,,,,,,,,,,,,,,,,,,,,,,,,,,,,,,,,,,,,,,,,,,,,,,,,,,,,,,,,,,,,,,,,,,,,,,,,,,,,,,,,,,,,,,,,,,,,,,REJECT,99,country_league_not_allowlisted
2026-07-04,2026-07-04T18:00:00+01:00,1783184400,World Cup,1,2026,1567824,NS,Canada,5529,Morocco,31,World,NS,Not Started,,,,,,,,,,,,0.0,0.0,0.0,0.0,0.0,0.0,0.0,0.0,0.0,0.0,,,2026-07-04T10:12:41.213160+00:00,COVERAGE_UNKNOWN,,,,,,0,1.0,COVERAGE_NOT_LOADED,,,,,,,,,,,,,,,,,,,,,,,,,,,,,,,,,,,,,,,,,,,,,,,,,,,,,NONE,,,,,,,,,,,,,,,,,,,,,,,,,,,,,,,,,,,,,,,,,,,,,,,,,,,,,,,,,,,,,,,,,,,,,,,,,,,,,,,,,,,,,,,,,,,,,,,,REJECT,99,country_league_not_allowlisted
2026-07-04,2026-07-04T22:00:00+01:00,1783198800,World Cup,1,2026,1569870,NS,Paraguay,2380,France,2,World,NS,Not Started,,,,,,,,,,,,0.0,0.0,0.0,0.0,0.0,0.0,0.0,0.0,0.0,0.0,,,2026-07-04T10:12:41.213674+00:00,COVERAGE_UNKNOWN,,,,,,0,1.0,COVERAGE_NOT_LOADED,,,,,,,,,,,,,,,,,,,,,,,,,,,,,,,,,,,,,,,,,,,,,,,,,,,,,NONE,,,,,,,,,,,,,,,,,,,,,,,,,,,,,,,,,,,,,,,,,,,,,,,,,,,,,,,,,,,,,,,,,,,,,,,,,,,,,,,,,,,,,,,,,,,,,,,,REJECT,99,country_league_not_allowlisted
2026-07-04,2026-07-04T15:00:00+01:00,1783173600,Ykkönen,245,2026,1517204,NS,KuPS Akatemia,18758,Tampere United,9190,Finland,NS,Not Started,,,,,,,,,,,,0.0,0.0,0.0,0.0,0.0,0.0,0.0,0.0,0.0,0.0,,,2026-07-04T10:12:41.212517+00:00,COVERAGE_UNKNOWN,,,,,,0,1.0,COVERAGE_NOT_LOADED,,,,,,,,,,,,,,,,,,,,,,,,,,,,,,,,,,,,,,,,,,,,,,,,,,,,,NONE,,,,,,,,,,,,,,,,,,,,,,,,,,,,,,,,,,,,,,,,,,,,,,,,,,,,,,,,,,,,,,,,,,,,,,,,,,,,,,,,,,,,,,,,,,,,,,,,REJECT,99,country_league_not_allowlisted
2026-07-04,2026-07-04T16:00:00+01:00,1783177200,Ykkönen,245,2026,1517206,NS,OLS,9195,Inter Turku II,18518,Finland,NS,Not Started,,,,,,,,,,,,0.0,0.0,0.0,0.0,0.0,0.0,0.0,0.0,0.0,0.0,,,2026-07-04T10:12:41.212859+00:00,COVERAGE_UNKNOWN,,,,,,0,1.0,COVERAGE_NOT_LOADED,,,,,,,,,,,,,,,,,,,,,,,,,,,,,,,,,,,,,,,,,,,,,,,,,,,,,NONE,,,,,,,,,,,,,,,,,,,,,,,,,,,,,,,,,,,,,,,,,,,,,,,,,,,,,,,,,,,,,,,,,,,,,,,,,,,,,,,,,,,,,,,,,,,,,,,,REJECT,99,country_league_not_allowlisted
2026-07-04,2026-07-04T14:00:00+01:00,1783170000,Ykkönen,245,2026,1517203,NS,SalPa,9189,VJS,6075,Finland,NS,Not Started,,,,,,,,,,,,0.0,0.0,0.0,0.0,0.0,0.0,0.0,0.0,0.0,0.0,,,2026-07-04T10:12:41.212236+00:00,COVERAGE_UNKNOWN,,,,,,0,1.0,COVERAGE_NOT_LOADED,,,,,,,,,,,,,,,,,,,,,,,,,,,,,,,,,,,,,,,,,,,,,,,,,,,,,NONE,,,,,,,,,,,,,,,,,,,,,,,,,,,,,,,,,,,,,,,,,,,,,,,,,,,,,,,,,,,,,,,,,,,,,,,,,,,,,,,,,,,,,,,,,,,,,,,,REJECT,99,country_league_not_allowlisted
2026-07-04,2026-07-04T14:00:00+01:00,1783170000,Ykkösliiga,1087,2026,1504254,NS,EIF,2078,PK-35,10669,Finland,NS,Not Started,,,,,,,,,,,,0.0,0.0,0.0,0.0,0.0,0.0,0.0,0.0,0.0,0.0,,,2026-07-04T10:12:41.212227+00:00,COVERAGE_UNKNOWN,,,,,,0,1.0,COVERAGE_NOT_LOADED,,,,,,,,,,,,,,,,,,,,,,,,,,,,,,,,,,,,,,,,,,,,,,,,,,,,,NONE,,,,,,,,,,,,,,,,,,,,,,,,,,,,,,,,,,,,,,,,,,,,,,,,,,,,,,,,,,,,,,,,,,,,,,,,,,,,,,,,,,,,,,,,,,,,,,,,REJECT,99,country_league_not_allowlisted
2026-07-04,2026-07-04T15:00:00+01:00,1783173600,Úrvalsdeild,164,2026,1508797,NS,IA Akranes,827,Breidablik,276,Iceland,NS,Not Started,,,,,,,,,,,,0.0,0.0,0.0,0.0,0.0,0.0,0.0,0.0,0.0,0.0,,,2026-07-04T10:12:41.212507+00:00,COVERAGE_UNKNOWN,,,,,,0,1.0,COVERAGE_NOT_LOADED,,,,,,,,,,,,,,,,,,,,,,,,,,,,,,,,,,,,,,,,,,,,,,,,,,,,,NONE,,,,,,,,,,,,,,,,,,,,,,,,,,,,,,,,,,,,,,,,,,,,,,,,,,,,,,,,,,,,,,,,,,,,,,,,,,,,,,,,,,,,,,,,,,,,,,,,REJECT,99,country_league_not_allowlisted
2026-07-04,2026-07-04T17:00:00+01:00,1783180800,Úrvalsdeild,164,2026,1508800,NS,IBV Vestmannaeyjar,268,Valur Reykjavik,274,Iceland,NS,Not Started,,,,,,,,,,,,0.0,0.0,0.0,0.0,0.0,0.0,0.0,0.0,0.0,0.0,,,2026-07-04T10:12:41.213042+00:00,COVERAGE_UNKNOWN,,,,,,0,1.0,COVERAGE_NOT_LOADED,,,,,,,,,,,,,,,,,,,,,,,,,,,,,,,,,,,,,,,,,,,,,,,,,,,,,NONE,,,,,,,,,,,,,,,,,,,,,,,,,,,,,,,,,,,,,,,,,,,,,,,,,,,,,,,,,,,,,,,,,,,,,,,,,,,,,,,,,,,,,,,,,,,,,,,,REJECT,99,country_league_not_allowlisted
2026-07-04,2026-07-04T19:00:00+01:00,1783188000,Baiano U20,1073,2026,1554458,NS,Bahia U20,12954,Jacobina U20,23281,Brazil,NS,Not Started,,,,,,,,,,,,0.0,0.0,0.0,0.0,0.0,0.0,0.0,0.0,0.0,0.0,,,2026-07-04T10:12:41.213315+00:00,COVERAGE_UNKNOWN,,,,,,0,1.0,COVERAGE_NOT_LOADED,,,,,,,,,,,,,,,,,,,,,,,,,,,,,,,,,,,,,,,,,,,,,,,,,,,,,NONE,,,,,,,,,,,,,,,,,,,,,,,,,,,,,,,,,,,,,,,,,,,,,,,,,,,,,,,,,,,,,,,,,,,,,,,,,,,,,,,,,,,,,,,,,,,,,,,,REJECT,99,hard_reject_noise_league
2026-07-04,2026-07-04T19:00:00+01:00,1783188000,Baiano U20,1073,2026,1554459,NS,Camaçariense U20,18326,SSA U20,23284,Brazil,NS,Not Started,,,,,,,,,,,,0.0,0.0,0.0,0.0,0.0,0.0,0.0,0.0,0.0,0.0,,,2026-07-04T10:12:41.213320+00:00,COVERAGE_UNKNOWN,,,,,,0,1.0,COVERAGE_NOT_LOADED,,,,,,,,,,,,,,,,,,,,,,,,,,,,,,,,,,,,,,,,,,,,,,,,,,,,,NONE,,,,,,,,,,,,,,,,,,,,,,,,,,,,,,,,,,,,,,,,,,,,,,,,,,,,,,,,,,,,,,,,,,,,,,,,,,,,,,,,,,,,,,,,,,,,,,,,REJECT,99,hard_reject_noise_league
2026-07-04,2026-07-04T19:00:00+01:00,1783188000,Baiano U20,1073,2026,1554460,NS,Fluminense de Feira U20,25813,Jacuipense U20,13017,Brazil,NS,Not Started,,,,,,,,,,,,0.0,0.0,0.0,0.0,0.0,0.0,0.0,0.0,0.0,0.0,,,2026-07-04T10:12:41.213325+00:00,COVERAGE_UNKNOWN,,,,,,0,1.0,COVERAGE_NOT_LOADED,,,,,,,,,,,,,,,,,,,,,,,,,,,,,,,,,,,,,,,,,,,,,,,,,,,,,NONE,,,,,,,,,,,,,,,,,,,,,,,,,,,,,,,,,,,,,,,,,,,,,,,,,,,,,,,,,,,,,,,,,,,,,,,,,,,,,,,,,,,,,,,,,,,,,,,,REJECT,99,hard_reject_noise_league
2026-07-04,2026-07-04T13:00:00+01:00,1783166400,Baiano U20,1073,2026,1554457,NS,Vitória U20,13072,Barcelona BA U20,23276,Brazil,NS,Not Started,,,,,,,,,,,,0.0,0.0,0.0,0.0,0.0,0.0,0.0,0.0,0.0,0.0,,,2026-07-04T10:12:41.212048+00:00,COVERAGE_UNKNOWN,,,,,,0,1.0,COVERAGE_NOT_LOADED,,,,,,,,,,,,,,,,,,,,,,,,,,,,,,,,,,,,,,,,,,,,,,,,,,,,,NONE,,,,,,,,,,,,,,,,,,,,,,,,,,,,,,,,,,,,,,,,,,,,,,,,,,,,,,,,,,,,,,,,,,,,,,,,,,,,,,,,,,,,,,,,,,,,,,,,REJECT,99,hard_reject_noise_league
2026-07-04,2026-07-04T19:30:00+01:00,1783189800,Brasiliense U20,1100,2026,1546259,NS,CFZ Brasilia U20,23610,Sobradinho U20,25933,Brazil,NS,Not Started,,,,,,,,,,,,0.0,0.0,0.0,0.0,0.0,0.0,0.0,0.0,0.0,0.0,,,2026-07-04T10:12:41.213439+00:00,COVERAGE_UNKNOWN,,,,,,0,1.0,COVERAGE_NOT_LOADED,,,,,,,,,,,,,,,,,,,,,,,,,,,,,,,,,,,,,,,,,,,,,,,,,,,,,NONE,,,,,,,,,,,,,,,,,,,,,,,,,,,,,,,,,,,,,,,,,,,,,,,,,,,,,,,,,,,,,,,,,,,,,,,,,,,,,,,,,,,,,,,,,,,,,,,,REJECT,99,hard_reject_noise_league
2026-07-04,2026-07-04T14:00:00+01:00,1783170000,Brasiliense U20,1100,2026,1546256,NS,Grêmio Valparaíso U20,23612,Santa Maria U20,25932,Brazil,NS,Not Started,,,,,,,,,,,,0.0,0.0,0.0,0.0,0.0,0.0,0.0,0.0,0.0,0.0,,,2026-07-04T10:12:41.212290+00:00,COVERAGE_UNKNOWN,,,,,,0,1.0,COVERAGE_NOT_LOADED,,,,,,,,,,,,,,,,,,,,,,,,,,,,,,,,,,,,,,,,,,,,,,,,,,,,,NONE,,,,,,,,,,,,,,,,,,,,,,,,,,,,,,,,,,,,,,,,,,,,,,,,,,,,,,,,,,,,,,,,,,,,,,,,,,,,,,,,,,,,,,,,,,,,,,,,REJECT,99,hard_reject_noise_league
2026-07-04,2026-07-04T19:00:00+01:00,1783188000,Catarinense U20,1076,2026,1539845,NS,Avaí U20,12953,Carlos Renaux U20,27672,Brazil,NS,Not Started,,,,,,,,,,,,0.0,0.0,0.0,0.0,0.0,0.0,0.0,0.0,0.0,0.0,,,2026-07-04T10:12:41.213261+00:00,COVERAGE_UNKNOWN,,,,,,0,1.0,COVERAGE_NOT_LOADED,,,,,,,,,,,,,,,,,,,,,,,,,,,,,,,,,,,,,,,,,,,,,,,,,,,,,NONE,,,,,,,,,,,,,,,,,,,,,,,,,,,,,,,,,,,,,,,,,,,,,,,,,,,,,,,,,,,,,,,,,,,,,,,,,,,,,,,,,,,,,,,,,,,,,,,,REJECT,99,hard_reject_noise_league
2026-07-04,2026-07-04T19:00:00+01:00,1783188000,Catarinense U20,1076,2026,1539846,NS,Barra SC U20,23321,Brusque U20,23322,Brazil,NS,Not Started,,,,,,,,,,,,0.0,0.0,0.0,0.0,0.0,0.0,0.0,0.0,0.0,0.0,,,2026-07-04T10:12:41.213266+00:00,COVERAGE_UNKNOWN,,,,,,0,1.0,COVERAGE_NOT_LOADED,,,,,,,,,,,,,,,,,,,,,,,,,,,,,,,,,,,,,,,,,,,,,,,,,,,,,NONE,,,,,,,,,,,,,,,,,,,,,,,,,,,,,,,,,,,,,,,,,,,,,,,,,,,,,,,,,,,,,,,,,,,,,,,,,,,,,,,,,,,,,,,,,,,,,,,,REJECT,99,hard_reject_noise_league
2026-07-04,2026-07-04T19:00:00+01:00,1783188000,Catarinense U20,1076,2026,1539844,NS,Chapecoense U20,12995,Joinville U20,13019,Brazil,NS,Not Started,,,,,,,,,,,,0.0,0.0,0.0,0.0,0.0,0.0,0.0,0.0,0.0,0.0,,,2026-07-04T10:12:41.213256+00:00,COVERAGE_UNKNOWN,,,,,,0,1.0,COVERAGE_NOT_LOADED,,,,,,,,,,,,,,,,,,,,,,,,,,,,,,,,,,,,,,,,,,,,,,,,,,,,,NONE,,,,,,,,,,,,,,,,,,,,,,,,,,,,,,,,,,,,,,,,,,,,,,,,,,,,,,,,,,,,,,,,,,,,,,,,,,,,,,,,,,,,,,,,,,,,,,,,REJECT,99,hard_reject_noise_league
2026-07-04,2026-07-04T19:00:00+01:00,1783188000,Catarinense U20,1076,2026,1539847,NS,Concórdia U20,18329,Figueirense U20,20755,Brazil,NS,Not Started,,,,,,,,,,,,0.0,0.0,0.0,0.0,0.0,0.0,0.0,0.0,0.0,0.0,,,2026-07-04T10:12:41.213271+00:00,COVERAGE_UNKNOWN,,,,,,0,1.0,COVERAGE_NOT_LOADED,,,,,,,,,,,,,,,,,,,,,,,,,,,,,,,,,,,,,,,,,,,,,,,,,,,,,NONE,,,,,,,,,,,,,,,,,,,,,,,,,,,,,,,,,,,,,,,,,,,,,,,,,,,,,,,,,,,,,,,,,,,,,,,,,,,,,,,,,,,,,,,,,,,,,,,,REJECT,99,hard_reject_noise_league
2026-07-04,2026-07-04T19:00:00+01:00,1783188000,Catarinense U20,1076,2026,1539843,NS,Nação U20,23325,Criciuma U20,12999,Brazil,NS,Not Started,,,,,,,,,,,,0.0,0.0,0.0,0.0,0.0,0.0,0.0,0.0,0.0,0.0,,,2026-07-04T10:12:41.213251+00:00,COVERAGE_UNKNOWN,,,,,,0,1.0,COVERAGE_NOT_LOADED,,,,,,,,,,,,,,,,,,,,,,,,,,,,,,,,,,,,,,,,,,,,,,,,,,,,,NONE,,,,,,,,,,,,,,,,,,,,,,,,,,,,,,,,,,,,,,,,,,,,,,,,,,,,,,,,,,,,,,,,,,,,,,,,,,,,,,,,,,,,,,,,,,,,,,,,REJECT,99,hard_reject_noise_league
2026-07-04,2026-07-04T21:00:00+01:00,1783195200,Cearense U20,1112,2026,1540222,PST,Alianca U20,23720,Vila Real FC U20,27678,Brazil,PST,Match Postponed,,,,,,,,,,,,0.0,0.0,0.0,0.0,0.0,0.0,0.0,0.0,0.0,0.0,,,2026-07-04T10:12:41.213617+00:00,COVERAGE_UNKNOWN,,,,,,0,1.0,COVERAGE_NOT_LOADED,,,,,,,,,,,,,,,,,,,,,,,,,,,,,,,,,,,,,,,,,,,,,,,,,,,,,NONE,,,,,,,,,,,,,,,,,,,,,,,,,,,,,,,,,,,,,,,,,,,,,,,,,,,,,,,,,,,,,,,,,,,,,,,,,,,,,,,,,,,,,,,,,,,,,,,,REJECT,99,hard_reject_noise_league
2026-07-04,2026-07-04T13:30:00+01:00,1783168200,Cearense U20,1112,2026,1567320,NS,Anjos do Céu U20,26054,Floresta CE U20,16471,Brazil,NS,Not Started,,,,,,,,,,,,0.0,0.0,0.0,0.0,0.0,0.0,0.0,0.0,0.0,0.0,,,2026-07-04T10:12:41.212208+00:00,COVERAGE_UNKNOWN,,,,,,0,1.0,COVERAGE_NOT_LOADED,,,,,,,,,,,,,,,,,,,,,,,,,,,,,,,,,,,,,,,,,,,,,,,,,,,,,NONE,,,,,,,,,,,,,,,,,,,,,,,,,,,,,,,,,,,,,,,,,,,,,,,,,,,,,,,,,,,,,,,,,,,,,,,,,,,,,,,,,,,,,,,,,,,,,,,,REJECT,99,hard_reject_noise_league
2026-07-04,2026-07-04T21:00:00+01:00,1783195200,Cearense U20,1112,2026,1540203,PST,Atlético Cearense U20,12985,Anjos do Céu U20,26054,Brazil,PST,Match Postponed,,,,,,,,,,,,0.0,0.0,0.0,0.0,0.0,0.0,0.0,0.0,0.0,0.0,,,2026-07-04T10:12:41.213608+00:00,COVERAGE_UNKNOWN,,,,,,0,1.0,COVERAGE_NOT_LOADED,,,,,,,,,,,,,,,,,,,,,,,,,,,,,,,,,,,,,,,,,,,,,,,,,,,,,NONE,,,,,,,,,,,,,,,,,,,,,,,,,,,,,,,,,,,,,,,,,,,,,,,,,,,,,,,,,,,,,,,,,,,,,,,,,,,,,,,,,,,,,,,,,,,,,,,,REJECT,99,hard_reject_noise_league
2026-07-04,2026-07-04T21:00:00+01:00,1783195200,Cearense U20,1112,2026,1540200,NS,Ceará U20,12956,Quixadá U20,26056,Brazil,NS,Not Started,,,,,,,,,,,,0.0,0.0,0.0,0.0,0.0,0.0,0.0,0.0,0.0,0.0,,,2026-07-04T10:12:41.213593+00:00,COVERAGE_UNKNOWN,,,,,,0,1.0,COVERAGE_NOT_LOADED,,,,,,,,,,,,,,,,,,,,,,,,,,,,,,,,,,,,,,,,,,,,,,,,,,,,,NONE,,,,,,,,,,,,,,,,,,,,,,,,,,,,,,,,,,,,,,,,,,,,,,,,,,,,,,,,,,,,,,,,,,,,,,,,,,,,,,,,,,,,,,,,,,,,,,,,REJECT,99,hard_reject_noise_league
2026-07-04,2026-07-04T21:00:00+01:00,1783195200,Cearense U20,1112,2026,1540202,PST,Floresta CE U20,16471,Caucaia U20,23724,Brazil,PST,Match Postponed,,,,,,,,,,,,0.0,0.0,0.0,0.0,0.0,0.0,0.0,0.0,0.0,0.0,,,2026-07-04T10:12:41.213603+00:00,COVERAGE_UNKNOWN,,,,,,0,1.0,COVERAGE_NOT_LOADED,,,,,,,,,,,,,,,,,,,,,,,,,,,,,,,,,,,,,,,,,,,,,,,,,,,,,NONE,,,,,,,,,,,,,,,,,,,,,,,,,,,,,,,,,,,,,,,,,,,,,,,,,,,,,,,,,,,,,,,,,,,,,,,,,,,,,,,,,,,,,,,,,,,,,,,,REJECT,99,hard_reject_noise_league
2026-07-04,2026-07-04T19:30:00+01:00,1783189800,Cearense U20,1112,2026,1567325,NS,Fortaleza U20,13009,Vila Real FC U20,27678,Brazil,NS,Not Started,,,,,,,,,,,,0.0,0.0,0.0,0.0,0.0,0.0,0.0,0.0,0.0,0.0,,,2026-07-04T10:12:41.213444+00:00,COVERAGE_UNKNOWN,,,,,,0,1.0,COVERAGE_NOT_LOADED,,,,,,,,,,,,,,,,,,,,,,,,,,,,,,,,,,,,,,,,,,,,,,,,,,,,,NONE,,,,,,,,,,,,,,,,,,,,,,,,,,,,,,,,,,,,,,,,,,,,,,,,,,,,,,,,,,,,,,,,,,,,,,,,,,,,,,,,,,,,,,,,,,,,,,,,REJECT,99,hard_reject_noise_league
2026-07-04,2026-07-04T21:00:00+01:00,1783195200,Cearense U20,1112,2026,1540199,PST,Fortaleza U20,13009,Tirol U20,20764,Brazil,PST,Match Postponed,,,,,,,,,,,,0.0,0.0,0.0,0.0,0.0,0.0,0.0,0.0,0.0,0.0,,,2026-07-04T10:12:41.213588+00:00,COVERAGE_UNKNOWN,,,,,,0,1.0,COVERAGE_NOT_LOADED,,,,,,,,,,,,,,,,,,,,,,,,,,,,,,,,,,,,,,,,,,,,,,,,,,,,,NONE,,,,,,,,,,,,,,,,,,,,,,,,,,,,,,,,,,,,,,,,,,,,,,,,,,,,,,,,,,,,,,,,,,,,,,,,,,,,,,,,,,,,,,,,,,,,,,,,REJECT,99,hard_reject_noise_league
2026-07-04,2026-07-04T21:00:00+01:00,1783195200,Cearense U20,1112,2026,1540201,NS,Horizonte U20,23727,Ferroviario U20,23726,Brazil,NS,Not Started,,,,,,,,,,,,0.0,0.0,0.0,0.0,0.0,0.0,0.0,0.0,0.0,0.0,,,2026-07-04T10:12:41.213598+00:00,COVERAGE_UNKNOWN,,,,,,0,1.0,COVERAGE_NOT_LOADED,,,,,,,,,,,,,,,,,,,,,,,,,,,,,,,,,,,,,,,,,,,,,,,,,,,,,NONE,,,,,,,,,,,,,,,,,,,,,,,,,,,,,,,,,,,,,,,,,,,,,,,,,,,,,,,,,,,,,,,,,,,,,,,,,,,,,,,,,,,,,,,,,,,,,,,,REJECT,99,hard_reject_noise_league
2026-07-04,2026-07-04T21:00:00+01:00,1783195200,Cearense U20,1112,2026,1540221,NS,Juazeiro EC U20,27676,Tiangua CE U20,27677,Brazil,NS,Not Started,,,,,,,,,,,,0.0,0.0,0.0,0.0,0.0,0.0,0.0,0.0,0.0,0.0,,,2026-07-04T10:12:41.213613+00:00,COVERAGE_UNKNOWN,,,,,,0,1.0,COVERAGE_NOT_LOADED,,,,,,,,,,,,,,,,,,,,,,,,,,,,,,,,,,,,,,,,,,,,,,,,,,,,,NONE,,,,,,,,,,,,,,,,,,,,,,,,,,,,,,,,,,,,,,,,,,,,,,,,,,,,,,,,,,,,,,,,,,,,,,,,,,,,,,,,,,,,,,,,,,,,,,,,REJECT,99,hard_reject_noise_league
2026-07-04,2026-07-04T15:00:00+01:00,1783173600,Estadual Junior U20,1143,2026,1573800,NS,Juventude U20,13020,Internacional U20,12962,Brazil,NS,Not Started,,,,,,,,,,,,0.0,0.0,0.0,0.0,0.0,0.0,0.0,0.0,0.0,0.0,,,2026-07-04T10:12:41.212782+00:00,COVERAGE_UNKNOWN,,,,,,0,1.0,COVERAGE_NOT_LOADED,,,,,,,,,,,,,,,,,,,,,,,,,,,,,,,,,,,,,,,,,,,,,,,,,,,,,NONE,,,,,,,,,,,,,,,,,,,,,,,,,,,,,,,,,,,,,,,,,,,,,,,,,,,,,,,,,,,,,,,,,,,,,,,,,,,,,,,,,,,,,,,,,,,,,,,,REJECT,99,hard_reject_noise_league
2026-07-04,2026-07-04T14:00:00+01:00,1783170000,Friendlies Clubs,667,2026,1548770,NS, Johnstone Burgh,26605,Elgin City,6767,World,NS,Not Started,,,,,,,,,,,,0.0,0.0,0.0,0.0,0.0,0.0,0.0,0.0,0.0,0.0,,,2026-07-04T10:12:41.212325+00:00,COVERAGE_UNKNOWN,,,,,,0,1.0,COVERAGE_NOT_LOADED,,,,,,,,,,,,,,,,,,,,,,,,,,,,,,,,,,,,,,,,,,,,,,,,,,,,,NONE,,,,,,,,,,,,,,,,,,,,,,,,,,,,,,,,,,,,,,,,,,,,,,,,,,,,,,,,,,,,,,,,,,,,,,,,,,,,,,,,,,,,,,,,,,,,,,,,REJECT,99,hard_reject_noise_league
2026-07-04,2026-07-04T12:00:00+01:00,1783162800,Friendlies Clubs,667,2026,1554667,NS,AC Horsens,404,Hobro,408,World,NS,Not Started,,,,,,,,,,,,0.0,0.0,0.0,0.0,0.0,0.0,0.0,0.0,0.0,0.0,,,2026-07-04T10:12:41.211818+00:00,COVERAGE_UNKNOWN,,,,,,0,1.0,COVERAGE_NOT_LOADED,,,,,,,,,,,,,,,,,,,,,,,,,,,,,,,,,,,,,,,,,,,,,,,,,,,,,NONE,,,,,,,,,,,,,,,,,,,,,,,,,,,,,,,,,,,,,,,,,,,,,,,,,,,,,,,,,,,,,,,,,,,,,,,,,,,,,,,,,,,,,,,,,,,,,,,,REJECT,99,hard_reject_noise_league
2026-07-04,2026-07-04T15:00:00+01:00,1783173600,Friendlies Clubs,667,2026,1554722,NS,AZ Alkmaar,201,Gent,631,World,NS,Not Started,,,,,,,,,,,,0.0,0.0,0.0,0.0,0.0,0.0,0.0,0.0,0.0,0.0,,,2026-07-04T10:12:41.212700+00:00,COVERAGE_UNKNOWN,,,,,,0,1.0,COVERAGE_NOT_LOADED,,,,,,,,,,,,,,,,,,,,,,,,,,,,,,,,,,,,,,,,,,,,,,,,,,,,,NONE,,,,,,,,,,,,,,,,,,,,,,,,,,,,,,,,,,,,,,,,,,,,,,,,,,,,,,,,,,,,,,,,,,,,,,,,,,,,,,,,,,,,,,,,,,,,,,,,REJECT,99,hard_reject_noise_league
2026-07-04,2026-07-04T16:00:00+01:00,1783177200,Friendlies Clubs,667,2026,1560525,NS,Ajax,194,Panathinaikos,617,World,NS,Not Started,,,,,,,,,,,,0.0,0.0,0.0,0.0,0.0,0.0,0.0,0.0,0.0,0.0,,,2026-07-04T10:12:41.212950+00:00,COVERAGE_UNKNOWN,,,,,,0,1.0,COVERAGE_NOT_LOADED,,,,,,,,,,,,,,,,,,,,,,,,,,,,,,,,,,,,,,,,,,,,,,,,,,,,,NONE,,,,,,,,,,,,,,,,,,,,,,,,,,,,,,,,,,,,,,,,,,,,,,,,,,,,,,,,,,,,,,,,,,,,,,,,,,,,,,,,,,,,,,,,,,,,,,,,REJECT,99,hard_reject_noise_league
2026-07-04,2026-07-04T15:00:00+01:00,1783173600,Friendlies Clubs,667,2026,1548772,NS,Alfreton Town,4677,Notts County,1376,World,NS,Not Started,,,,,,,,,,,,0.0,0.0,0.0,0.0,0.0,0.0,0.0,0.0,0.0,0.0,,,2026-07-04T10:12:41.212620+00:00,COVERAGE_UNKNOWN,,,,,,0,1.0,COVERAGE_NOT_LOADED,,,,,,,,,,,,,,,,,,,,,,,,,,,,,,,,,,,,,,,,,,,,,,,,,,,,,NONE,,,,,,,,,,,,,,,,,,,,,,,,,,,,,,,,,,,,,,,,,,,,,,,,,,,,,,,,,,,,,,,,,,,,,,,,,,,,,,,,,,,,,,,,,,,,,,,,REJECT,99,hard_reject_noise_league
2026-07-04,2026-07-04T14:00:00+01:00,1783170000,Friendlies Clubs,667,2026,1554671,NS,Almere City FC,419,Telstar,427,World,NS,Not Started,,,,,,,,,,,,0.0,0.0,0.0,0.0,0.0,0.0,0.0,0.0,0.0,0.0,,,2026-07-04T10:12:41.212344+00:00,COVERAGE_UNKNOWN,,,,,,0,1.0,COVERAGE_NOT_LOADED,,,,,,,,,,,,,,,,,,,,,,,,,,,,,,,,,,,,,,,,,,,,,,,,,,,,,NONE,,,,,,,,,,,,,,,,,,,,,,,,,,,,,,,,,,,,,,,,,,,,,,,,,,,,,,,,,,,,,,,,,,,,,,,,,,,,,,,,,,,,,,,,,,,,,,,,REJECT,99,hard_reject_noise_league
2026-07-04,2026-07-04T13:00:00+01:00,1783166400,Friendlies Clubs,667,2026,1546610,NS,Amesbury Town,8679,Salisbury,7744,World,NS,Not Started,,,,,,,,,,,,0.0,0.0,0.0,0.0,0.0,0.0,0.0,0.0,0.0,0.0,,,2026-07-04T10:12:41.211984+00:00,COVERAGE_UNKNOWN,,,,,,0,1.0,COVERAGE_NOT_LOADED,,,,,,,,,,,,,,,,,,,,,,,,,,,,,,,,,,,,,,,,,,,,,,,,,,,,,NONE,,,,,,,,,,,,,,,,,,,,,,,,,,,,,,,,,,,,,,,,,,,,,,,,,,,,,,,,,,,,,,,,,,,,,,,,,,,,,,,,,,,,,,,,,,,,,,,,REJECT,99,hard_reject_noise_league
2026-07-04,2026-07-04T13:00:00+01:00,1783166400,Friendlies Clubs,667,2026,1560509,NS,Anderlecht,554,Boulogne,1299,World,NS,Not Started,,,,,,,,,,,,0.0,0.0,0.0,0.0,0.0,0.0,0.0,0.0,0.0,0.0,,,2026-07-04T10:12:41.212126+00:00,COVERAGE_UNKNOWN,,,,,,0,1.0,COVERAGE_NOT_LOADED,,,,,,,,,,,,,,,,,,,,,,,,,,,,,,,,,,,,,,,,,,,,,,,,,,,,,NONE,,,,,,,,,,,,,,,,,,,,,,,,,,,,,,,,,,,,,,,,,,,,,,,,,,,,,,,,,,,,,,,,,,,,,,,,,,,,,,,,,,,,,,,,,,,,,,,,REJECT,99,hard_reject_noise_league
2026-07-04,2026-07-04T14:00:00+01:00,1783170000,Friendlies Clubs,667,2026,1554713,NS,Arbroath,4249,Brechin,1390,World,NS,Not Started,,,,,,,,,,,,0.0,0.0,0.0,0.0,0.0,0.0,0.0,0.0,0.0,0.0,,,2026-07-04T10:12:41.212349+00:00,COVERAGE_UNKNOWN,,,,,,0,1.0,COVERAGE_NOT_LOADED,,,,,,,,,,,,,,,,,,,,,,,,,,,,,,,,,,,,,,,,,,,,,,,,,,,,,NONE,,,,,,,,,,,,,,,,,,,,,,,,,,,,,,,,,,,,,,,,,,,,,,,,,,,,,,,,,,,,,,,,,,,,,,,,,,,,,,,,,,,,,,,,,,,,,,,,REJECT,99,hard_reject_noise_league
2026-07-04,2026-07-04T13:00:00+01:00,1783166400,Friendlies Clubs,667,2026,1554672,NS,Arka Gdynia,344,Chojniczanka Chojnice,3482,World,NS,Not Started,,,,,,,,,,,,0.0,0.0,0.0,0.0,0.0,0.0,0.0,0.0,0.0,0.0,,,2026-07-04T10:12:41.212053+00:00,COVERAGE_UNKNOWN,,,,,,0,1.0,COVERAGE_NOT_LOADED,,,,,,,,,,,,,,,,,,,,,,,,,,,,,,,,,,,,,,,,,,,,,,,,,,,,,NONE,,,,,,,,,,,,,,,,,,,,,,,,,,,,,,,,,,,,,,,,,,,,,,,,,,,,,,,,,,,,,,,,,,,,,,,,,,,,,,,,,,,,,,,,,,,,,,,,REJECT,99,hard_reject_noise_league
2026-07-04,2026-07-04T21:00:00+01:00,1783195200,Friendlies Clubs,667,2026,1560530,NS,Atlante FC,2312,Monterrey,2282,World,NS,Not Started,,,,,,,,,,,,0.0,0.0,0.0,0.0,0.0,0.0,0.0,0.0,0.0,0.0,,,2026-07-04T10:12:41.213632+00:00,COVERAGE_UNKNOWN,,,,,,0,1.0,COVERAGE_NOT_LOADED,,,,,,,,,,,,,,,,,,,,,,,,,,,,,,,,,,,,,,,,,,,,,,,,,,,,,NONE,,,,,,,,,,,,,,,,,,,,,,,,,,,,,,,,,,,,,,,,,,,,,,,,,,,,,,,,,,,,,,,,,,,,,,,,,,,,,,,,,,,,,,,,,,,,,,,,REJECT,99,hard_reject_noise_league
2026-07-04,2026-07-04T21:00:00+01:00,1783195200,Friendlies Clubs,667,2026,1554744,NS,Atlas,2283,Necaxa,2288,World,NS,Not Started,,,,,,,,,,,,0.0,0.0,0.0,0.0,0.0,0.0,0.0,0.0,0.0,0.0,,,2026-07-04T10:12:41.213627+00:00,COVERAGE_UNKNOWN,,,,,,0,1.0,COVERAGE_NOT_LOADED,,,,,,,,,,,,,,,,,,,,,,,,,,,,,,,,,,,,,,,,,,,,,,,,,,,,,NONE,,,,,,,,,,,,,,,,,,,,,,,,,,,,,,,,,,,,,,,,,,,,,,,,,,,,,,,,,,,,,,,,,,,,,,,,,,,,,,,,,,,,,,,,,,,,,,,,REJECT,99,hard_reject_noise_league
2026-07-04,2026-07-04T14:30:00+01:00,1783171800,Friendlies Clubs,667,2026,1554721,NS,Auerbach,9350,Bayreuth,9325,World,NS,Not Started,,,,,,,,,,,,0.0,0.0,0.0,0.0,0.0,0.0,0.0,0.0,0.0,0.0,,,2026-07-04T10:12:41.212473+00:00,COVERAGE_UNKNOWN,,,,,,0,1.0,COVERAGE_NOT_LOADED,,,,,,,,,,,,,,,,,,,,,,,,,,,,,,,,,,,,,,,,,,,,,,,,,,,,,NONE,,,,,,,,,,,,,,,,,,,,,,,,,,,,,,,,,,,,,,,,,,,,,,,,,,,,,,,,,,,,,,,,,,,,,,,,,,,,,,,,,,,,,,,,,,,,,,,,REJECT,99,hard_reject_noise_league
2026-07-04,2026-07-04T14:00:00+01:00,1783170000,Friendlies Clubs,667,2026,1554714,NS,Austria Vienna,601,Debreceni VSC,2392,World,NS,Not Started,,,,,,,,,,,,0.0,0.0,0.0,0.0,0.0,0.0,0.0,0.0,0.0,0.0,,,2026-07-04T10:12:41.212366+00:00,COVERAGE_UNKNOWN,,,,,,0,1.0,COVERAGE_NOT_LOADED,,,,,,,,,,,,,,,,,,,,,,,,,,,,,,,,,,,,,,,,,,,,,,,,,,,,,NONE,,,,,,,,,,,,,,,,,,,,,,,,,,,,,,,,,,,,,,,,,,,,,,,,,,,,,,,,,,,,,,,,,,,,,,,,,,,,,,,,,,,,,,,,,,,,,,,,REJECT,99,hard_reject_noise_league
2026-07-04,2026-07-04T13:00:00+01:00,1783166400,Friendlies Clubs,667,2026,1550516,NS,Ayr Utd,1387,Airdrie United,4668,World,NS,Not Started,,,,,,,,,,,,0.0,0.0,0.0,0.0,0.0,0.0,0.0,0.0,0.0,0.0,,,2026-07-04T10:12:41.212024+00:00,COVERAGE_UNKNOWN,,,,,,0,1.0,COVERAGE_NOT_LOADED,,,,,,,,,,,,,,,,,,,,,,,,,,,,,,,,,,,,,,,,,,,,,,,,,,,,,NONE,,,,,,,,,,,,,,,,,,,,,,,,,,,,,,,,,,,,,,,,,,,,,,,,,,,,,,,,,,,,,,,,,,,,,,,,,,,,,,,,,,,,,,,,,,,,,,,,REJECT,99,hard_reject_noise_league
2026-07-04,2026-07-04T15:00:00+01:00,1783173600,Friendlies Clubs,667,2026,1554673,NS,Badshot Lea,8692,Aldershot Town,1818,World,NS,Not Started,,,,,,,,,,,,0.0,0.0,0.0,0.0,0.0,0.0,0.0,0.0,0.0,0.0,,,2026-07-04T10:12:41.212684+00:00,COVERAGE_UNKNOWN,,,,,,0,1.0,COVERAGE_NOT_LOADED,,,,,,,,,,,,,,,,,,,,,,,,,,,,,,,,,,,,,,,,,,,,,,,,,,,,,NONE,,,,,,,,,,,,,,,,,,,,,,,,,,,,,,,,,,,,,,,,,,,,,,,,,,,,,,,,,,,,,,,,,,,,,,,,,,,,,,,,,,,,,,,,,,,,,,,,REJECT,99,hard_reject_noise_league
2026-07-04,2026-07-04T15:00:00+01:00,1783173600,Friendlies Clubs,667,2026,1567531,NS,Ballyclare Comrades,5340,Portadown,5348,World,NS,Not Started,,,,,,,,,,,,0.0,0.0,0.0,0.0,0.0,0.0,0.0,0.0,0.0,0.0,,,2026-07-04T10:12:41.212767+00:00,COVERAGE_UNKNOWN,,,,,,0,1.0,COVERAGE_NOT_LOADED,,,,,,,,,,,,,,,,,,,,,,,,,,,,,,,,,,,,,,,,,,,,,,,,,,,,,NONE,,,,,,,,,,,,,,,,,,,,,,,,,,,,,,,,,,,,,,,,,,,,,,,,,,,,,,,,,,,,,,,,,,,,,,,,,,,,,,,,,,,,,,,,,,,,,,,,REJECT,99,hard_reject_noise_league
2026-07-04,2026-07-04T12:30:00+01:00,1783164600,Friendlies Clubs,667,2026,1548754,NS,Ballymena United,668,Strabane Athletic,22541,World,NS,Not Started,,,,,,,,,,,,0.0,0.0,0.0,0.0,0.0,0.0,0.0,0.0,0.0,0.0,,,2026-07-04T10:12:41.211867+00:00,COVERAGE_UNKNOWN,,,,,,0,1.0,COVERAGE_NOT_LOADED,,,,,,,,,,,,,,,,,,,,,,,,,,,,,,,,,,,,,,,,,,,,,,,,,,,,,NONE,,,,,,,,,,,,,,,,,,,,,,,,,,,,,,,,,,,,,,,,,,,,,,,,,,,,,,,,,,,,,,,,,,,,,,,,,,,,,,,,,,,,,,,,,,,,,,,,REJECT,99,hard_reject_noise_league
2026-07-04,2026-07-04T15:00:00+01:00,1783173600,Friendlies Clubs,667,2026,1548773,NS,Ballymena United,668,Loughgall,5345,World,NS,Not Started,,,,,,,,,,,,0.0,0.0,0.0,0.0,0.0,0.0,0.0,0.0,0.0,0.0,,,2026-07-04T10:12:41.212625+00:00,COVERAGE_UNKNOWN,,,,,,0,1.0,COVERAGE_NOT_LOADED,,,,,,,,,,,,,,,,,,,,,,,,,,,,,,,,,,,,,,,,,,,,,,,,,,,,,NONE,,,,,,,,,,,,,,,,,,,,,,,,,,,,,,,,,,,,,,,,,,,,,,,,,,,,,,,,,,,,,,,,,,,,,,,,,,,,,,,,,,,,,,,,,,,,,,,,REJECT,99,hard_reject_noise_league
2026-07-04,2026-07-04T14:00:00+01:00,1783170000,Friendlies Clubs,667,2026,1562876,NS,Bangor,11112,Newington Youth,11118,World,NS,Not Started,,,,,,,,,,,,0.0,0.0,0.0,0.0,0.0,0.0,0.0,0.0,0.0,0.0,,,2026-07-04T10:12:41.212415+00:00,COVERAGE_UNKNOWN,,,,,,0,1.0,COVERAGE_NOT_LOADED,,,,,,,,,,,,,,,,,,,,,,,,,,,,,,,,,,,,,,,,,,,,,,,,,,,,,NONE,,,,,,,,,,,,,,,,,,,,,,,,,,,,,,,,,,,,,,,,,,,,,,,,,,,,,,,,,,,,,,,,,,,,,,,,,,,,,,,,,,,,,,,,,,,,,,,,REJECT,99,hard_reject_noise_league
2026-07-04,2026-07-04T10:00:00+01:00,1783155600,Friendlies Clubs,667,2026,1567525,NS,Baník Lehota p.Vtáčnikom,14942,Třinec,3727,World,NS,Not Started,,,,,,,,,,,,0.0,0.0,0.0,0.0,0.0,0.0,0.0,0.0,0.0,0.0,,,2026-07-04T10:12:41.211490+00:00,COVERAGE_UNKNOWN,,,,,,0,1.0,COVERAGE_NOT_LOADED,,,,,,,,,,,,,,,,,,,,,,,,,,,,,,,,,,,,,,,,,,,,,,,,,,,,,NONE,,,,,,,,,,,,,,,,,,,,,,,,,,,,,,,,,,,,,,,,,,,,,,,,,,,,,,,,,,,,,,,,,,,,,,,,,,,,,,,,,,,,,,,,,,,,,,,,REJECT,99,hard_reject_noise_league
2026-07-04,2026-07-04T10:00:00+01:00,1783155600,Friendlies Clubs,667,2026,1567524,NS,Barockstadt Fulda-Lehn.,12735,Hünfelder SV,16100,World,NS,Not Started,,,,,,,,,,,,0.0,0.0,0.0,0.0,0.0,0.0,0.0,0.0,0.0,0.0,,,2026-07-04T10:12:41.211485+00:00,COVERAGE_UNKNOWN,,,,,,0,1.0,COVERAGE_NOT_LOADED,,,,,,,,,,,,,,,,,,,,,,,,,,,,,,,,,,,,,,,,,,,,,,,,,,,,,NONE,,,,,,,,,,,,,,,,,,,,,,,,,,,,,,,,,,,,,,,,,,,,,,,,,,,,,,,,,,,,,,,,,,,,,,,,,,,,,,,,,,,,,,,,,,,,,,,,REJECT,99,hard_reject_noise_league
2026-07-04,2026-07-04T15:00:00+01:00,1783173600,Friendlies Clubs,667,2026,1560520,NS,Bodo/Glimt,327,Start,334,World,NS,Not Started,,,,,,,,,,,,0.0,0.0,0.0,0.0,0.0,0.0,0.0,0.0,0.0,0.0,,,2026-07-04T10:12:41.212753+00:00,COVERAGE_UNKNOWN,,,,,,0,1.0,COVERAGE_NOT_LOADED,,,,,,,,,,,,,,,,,,,,,,,,,,,,,,,,,,,,,,,,,,,,,,,,,,,,,NONE,,,,,,,,,,,,,,,,,,,,,,,,,,,,,,,,,,,,,,,,,,,,,,,,,,,,,,,,,,,,,,,,,,,,,,,,,,,,,,,,,,,,,,,,,,,,,,,,REJECT,99,hard_reject_noise_league
2026-07-04,2026-07-04T13:00:00+01:00,1783166400,Friendlies Clubs,667,2026,1554677,NS,Borussia Dortmund II,9367,Lüner SV,17062,World,NS,Not Started,,,,,,,,,,,,0.0,0.0,0.0,0.0,0.0,0.0,0.0,0.0,0.0,0.0,,,2026-07-04T10:12:41.212063+00:00,COVERAGE_UNKNOWN,,,,,,0,1.0,COVERAGE_NOT_LOADED,,,,,,,,,,,,,,,,,,,,,,,,,,,,,,,,,,,,,,,,,,,,,,,,,,,,,NONE,,,,,,,,,,,,,,,,,,,,,,,,,,,,,,,,,,,,,,,,,,,,,,,,,,,,,,,,,,,,,,,,,,,,,,,,,,,,,,,,,,,,,,,,,,,,,,,,REJECT,99,hard_reject_noise_league
2026-07-04,2026-07-04T17:00:00+01:00,1783180800,Friendlies Clubs,667,2026,1554601,NS,Botev Plovdiv,634,Spartak Varna,4660,World,NS,Not Started,,,,,,,,,,,,0.0,0.0,0.0,0.0,0.0,0.0,0.0,0.0,0.0,0.0,,,2026-07-04T10:12:41.213082+00:00,COVERAGE_UNKNOWN,,,,,,0,1.0,COVERAGE_NOT_LOADED,,,,,,,,,,,,,,,,,,,,,,,,,,,,,,,,,,,,,,,,,,,,,,,,,,,,,NONE,,,,,,,,,,,,,,,,,,,,,,,,,,,,,,,,,,,,,,,,,,,,,,,,,,,,,,,,,,,,,,,,,,,,,,,,,,,,,,,,,,,,,,,,,,,,,,,,REJECT,99,hard_reject_noise_league
2026-07-04,2026-07-04T14:00:00+01:00,1783170000,Friendlies Clubs,667,2026,1546620,NS,Bottrop,14643,Rot-Weiß Essen,1621,World,NS,Not Started,,,,,,,,,,,,0.0,0.0,0.0,0.0,0.0,0.0,0.0,0.0,0.0,0.0,,,2026-07-04T10:12:41.212300+00:00,COVERAGE_UNKNOWN,,,,,,0,1.0,COVERAGE_NOT_LOADED,,,,,,,,,,,,,,,,,,,,,,,,,,,,,,,,,,,,,,,,,,,,,,,,,,,,,NONE,,,,,,,,,,,,,,,,,,,,,,,,,,,,,,,,,,,,,,,,,,,,,,,,,,,,,,,,,,,,,,,,,,,,,,,,,,,,,,,,,,,,,,,,,,,,,,,,REJECT,99,hard_reject_noise_league
2026-07-04,2026-07-04T13:00:00+01:00,1783166400,Friendlies Clubs,667,2026,1554723,NS,Bristol Manor Farm,7621,Newport County,1367,World,NS,Not Started,,,,,,,,,,,,0.0,0.0,0.0,0.0,0.0,0.0,0.0,0.0,0.0,0.0,,,2026-07-04T10:12:41.212121+00:00,COVERAGE_UNKNOWN,,,,,,0,1.0,COVERAGE_NOT_LOADED,,,,,,,,,,,,,,,,,,,,,,,,,,,,,,,,,,,,,,,,,,,,,,,,,,,,,NONE,,,,,,,,,,,,,,,,,,,,,,,,,,,,,,,,,,,,,,,,,,,,,,,,,,,,,,,,,,,,,,,,,,,,,,,,,,,,,,,,,,,,,,,,,,,,,,,,REJECT,99,hard_reject_noise_league
2026-07-04,2026-07-04T12:00:00+01:00,1783162800,Friendlies Clubs,667,2026,1554664,NS,Brondby,407,FC Nordsjaelland,398,World,NS,Not Started,,,,,,,,,,,,0.0,0.0,0.0,0.0,0.0,0.0,0.0,0.0,0.0,0.0,,,2026-07-04T10:12:41.211804+00:00,COVERAGE_UNKNOWN,,,,,,0,1.0,COVERAGE_NOT_LOADED,,,,,,,,,,,,,,,,,,,,,,,,,,,,,,,,,,,,,,,,,,,,,,,,,,,,,NONE,,,,,,,,,,,,,,,,,,,,,,,,,,,,,,,,,,,,,,,,,,,,,,,,,,,,,,,,,,,,,,,,,,,,,,,,,,,,,,,,,,,,,,,,,,,,,,,,REJECT,99,hard_reject_noise_league
2026-07-04,2026-07-04T21:00:00+01:00,1783195200,Friendlies Clubs,667,2026,1567550,NS,CF Pachuca,2292,Puebla,2291,World,NS,Not Started,,,,,,,,,,,,0.0,0.0,0.0,0.0,0.0,0.0,0.0,0.0,0.0,0.0,,,2026-07-04T10:12:41.213641+00:00,COVERAGE_UNKNOWN,,,,,,0,1.0,COVERAGE_NOT_LOADED,,,,,,,,,,,,,,,,,,,,,,,,,,,,,,,,,,,,,,,,,,,,,,,,,,,,,NONE,,,,,,,,,,,,,,,,,,,,,,,,,,,,,,,,,,,,,,,,,,,,,,,,,,,,,,,,,,,,,,,,,,,,,,,,,,,,,,,,,,,,,,,,,,,,,,,,REJECT,99,hard_reject_noise_league
2026-07-04,2026-07-04T14:30:00+01:00,1783171800,Friendlies Clubs,667,2026,1546604,NS,CSKA Moscow,555,Arsenal Tula,1077,World,NS,Not Started,,,,,,,,,,,,0.0,0.0,0.0,0.0,0.0,0.0,0.0,0.0,0.0,0.0,,,2026-07-04T10:12:41.212458+00:00,COVERAGE_UNKNOWN,,,,,,0,1.0,COVERAGE_NOT_LOADED,,,,,,,,,,,,,,,,,,,,,,,,,,,,,,,,,,,,,,,,,,,,,,,,,,,,,NONE,,,,,,,,,,,,,,,,,,,,,,,,,,,,,,,,,,,,,,,,,,,,,,,,,,,,,,,,,,,,,,,,,,,,,,,,,,,,,,,,,,,,,,,,,,,,,,,,REJECT,99,hard_reject_noise_league
2026-07-04,2026-07-04T13:00:00+01:00,1783166400,Friendlies Clubs,667,2026,1554676,NS,Celje,4360,Cukaricki,2656,World,NS,Not Started,,,,,,,,,,,,0.0,0.0,0.0,0.0,0.0,0.0,0.0,0.0,0.0,0.0,,,2026-07-04T10:12:41.212058+00:00,COVERAGE_UNKNOWN,,,,,,0,1.0,COVERAGE_NOT_LOADED,,,,,,,,,,,,,,,,,,,,,,,,,,,,,,,,,,,,,,,,,,,,,,,,,,,,,NONE,,,,,,,,,,,,,,,,,,,,,,,,,,,,,,,,,,,,,,,,,,,,,,,,,,,,,,,,,,,,,,,,,,,,,,,,,,,,,,,,,,,,,,,,,,,,,,,,REJECT,99,hard_reject_noise_league
2026-07-04,2026-07-04T15:00:00+01:00,1783173600,Friendlies Clubs,667,2026,1548756,NS,Cliftonville FC,2266,Hibernian,249,World,NS,Not Started,,,,,,,,,,,,0.0,0.0,0.0,0.0,0.0,0.0,0.0,0.0,0.0,0.0,,,2026-07-04T10:12:41.212606+00:00,COVERAGE_UNKNOWN,,,,,,0,1.0,COVERAGE_NOT_LOADED,,,,,,,,,,,,,,,,,,,,,,,,,,,,,,,,,,,,,,,,,,,,,,,,,,,,,NONE,,,,,,,,,,,,,,,,,,,,,,,,,,,,,,,,,,,,,,,,,,,,,,,,,,,,,,,,,,,,,,,,,,,,,,,,,,,,,,,,,,,,,,,,,,,,,,,,REJECT,99,hard_reject_noise_league
2026-07-04,2026-07-04T13:00:00+01:00,1783166400,Friendlies Clubs,667,2026,1550517,NS,Club Brugge KV,569,Kortrijk,734,World,NS,Not Started,,,,,,,,,,,,0.0,0.0,0.0,0.0,0.0,0.0,0.0,0.0,0.0,0.0,,,2026-07-04T10:12:41.212029+00:00,COVERAGE_UNKNOWN,,,,,,0,1.0,COVERAGE_NOT_LOADED,,,,,,,,,,,,,,,,,,,,,,,,,,,,,,,,,,,,,,,,,,,,,,,,,,,,,NONE,,,,,,,,,,,,,,,,,,,,,,,,,,,,,,,,,,,,,,,,,,,,,,,,,,,,,,,,,,,,,,,,,,,,,,,,,,,,,,,,,,,,,,,,,,,,,,,,REJECT,99,hard_reject_noise_league
2026-07-04,2026-07-04T15:00:00+01:00,1783173600,Friendlies Clubs,667,2026,1554724,NS,Cobham,8746,Farnborough,7715,World,NS,Not Started,,,,,,,,,,,,0.0,0.0,0.0,0.0,0.0,0.0,0.0,0.0,0.0,0.0,,,2026-07-04T10:12:41.212705+00:00,COVERAGE_UNKNOWN,,,,,,0,1.0,COVERAGE_NOT_LOADED,,,,,,,,,,,,,,,,,,,,,,,,,,,,,,,,,,,,,,,,,,,,,,,,,,,,,NONE,,,,,,,,,,,,,,,,,,,,,,,,,,,,,,,,,,,,,,,,,,,,,,,,,,,,,,,,,,,,,,,,,,,,,,,,,,,,,,,,,,,,,,,,,,,,,,,,REJECT,99,hard_reject_noise_league
2026-07-04,2026-07-04T13:30:00+01:00,1783168200,Friendlies Clubs,667,2026,1554711,NS,Coleraine FC,669,H&W Welders,5343,World,NS,Not Started,,,,,,,,,,,,0.0,0.0,0.0,0.0,0.0,0.0,0.0,0.0,0.0,0.0,,,2026-07-04T10:12:41.212198+00:00,COVERAGE_UNKNOWN,,,,,,0,1.0,COVERAGE_NOT_LOADED,,,,,,,,,,,,,,,,,,,,,,,,,,,,,,,,,,,,,,,,,,,,,,,,,,,,,NONE,,,,,,,,,,,,,,,,,,,,,,,,,,,,,,,,,,,,,,,,,,,,,,,,,,,,,,,,,,,,,,,,,,,,,,,,,,,,,,,,,,,,,,,,,,,,,,,,REJECT,99,hard_reject_noise_league
2026-07-04,2026-07-04T13:00:00+01:00,1783166400,Friendlies Clubs,667,2026,1548757,NS,Cove Rangers,6763,Huntly,7521,World,NS,Not Started,,,,,,,,,,,,0.0,0.0,0.0,0.0,0.0,0.0,0.0,0.0,0.0,0.0,,,2026-07-04T10:12:41.212019+00:00,COVERAGE_UNKNOWN,,,,,,0,1.0,COVERAGE_NOT_LOADED,,,,,,,,,,,,,,,,,,,,,,,,,,,,,,,,,,,,,,,,,,,,,,,,,,,,,NONE,,,,,,,,,,,,,,,,,,,,,,,,,,,,,,,,,,,,,,,,,,,,,,,,,,,,,,,,,,,,,,,,,,,,,,,,,,,,,,,,,,,,,,,,,,,,,,,,REJECT,99,hard_reject_noise_league
2026-07-04,2026-07-04T15:00:00+01:00,1783173600,Friendlies Clubs,667,2026,1567549,NS,Cruzeiro,135,Defensor Sporting,2350,World,NS,Not Started,,,,,,,,,,,,0.0,0.0,0.0,0.0,0.0,0.0,0.0,0.0,0.0,0.0,,,2026-07-04T10:12:41.212777+00:00,COVERAGE_UNKNOWN,,,,,,0,1.0,COVERAGE_NOT_LOADED,,,,,,,,,,,,,,,,,,,,,,,,,,,,,,,,,,,,,,,,,,,,,,,,,,,,,NONE,,,,,,,,,,,,,,,,,,,,,,,,,,,,,,,,,,,,,,,,,,,,,,,,,,,,,,,,,,,,,,,,,,,,,,,,,,,,,,,,,,,,,,,,,,,,,,,,REJECT,99,hard_reject_noise_league
2026-07-04,2026-07-04T09:30:00+01:00,1783153800,Friendlies Clubs,667,2026,1567532,NS,Dinamo Makhachkala,6813,Leningradets,6811,World,NS,Not Started,,,,,,,,,,,,0.0,0.0,0.0,0.0,0.0,0.0,0.0,0.0,0.0,0.0,,,2026-07-04T10:12:41.211340+00:00,COVERAGE_UNKNOWN,,,,,,0,1.0,COVERAGE_NOT_LOADED,,,,,,,,,,,,,,,,,,,,,,,,,,,,,,,,,,,,,,,,,,,,,,,,,,,,,NONE,,,,,,,,,,,,,,,,,,,,,,,,,,,,,,,,,,,,,,,,,,,,,,,,,,,,,,,,,,,,,,,,,,,,,,,,,,,,,,,,,,,,,,,,,,,,,,,,REJECT,99,hard_reject_noise_league
2026-07-04,2026-07-04T13:30:00+01:00,1783168200,Friendlies Clubs,667,2026,1547913,NS,Dordrecht,409,Feyenoord,209,World,NS,Not Started,,,,,,,,,,,,0.0,0.0,0.0,0.0,0.0,0.0,0.0,0.0,0.0,0.0,,,2026-07-04T10:12:41.212194+00:00,COVERAGE_UNKNOWN,,,,,,0,1.0,COVERAGE_NOT_LOADED,,,,,,,,,,,,,,,,,,,,,,,,,,,,,,,,,,,,,,,,,,,,,,,,,,,,,NONE,,,,,,,,,,,,,,,,,,,,,,,,,,,,,,,,,,,,,,,,,,,,,,,,,,,,,,,,,,,,,,,,,,,,,,,,,,,,,,,,,,,,,,,,,,,,,,,,REJECT,99,hard_reject_noise_league
2026-07-04,2026-07-04T14:00:00+01:00,1783170000,Friendlies Clubs,667,2026,1548769,NS,Dundela,5342,Glentoran,5352,World,NS,Not Started,,,,,,,,,,,,0.0,0.0,0.0,0.0,0.0,0.0,0.0,0.0,0.0,0.0,,,2026-07-04T10:12:41.212320+00:00,COVERAGE_UNKNOWN,,,,,,0,1.0,COVERAGE_NOT_LOADED,,,,,,,,,,,,,,,,,,,,,,,,,,,,,,,,,,,,,,,,,,,,,,,,,,,,,NONE,,,,,,,,,,,,,,,,,,,,,,,,,,,,,,,,,,,,,,,,,,,,,,,,,,,,,,,,,,,,,,,,,,,,,,,,,,,,,,,,,,,,,,,,,,,,,,,,REJECT,99,hard_reject_noise_league
2026-07-04,2026-07-04T14:00:00+01:00,1783170000,Friendlies Clubs,667,2026,1560510,NS,Dynamo,1088,Nizhny Novgorod,2011,World,NS,Not Started,,,,,,,,,,,,0.0,0.0,0.0,0.0,0.0,0.0,0.0,0.0,0.0,0.0,,,2026-07-04T10:12:41.212400+00:00,COVERAGE_UNKNOWN,,,,,,0,1.0,COVERAGE_NOT_LOADED,,,,,,,,,,,,,,,,,,,,,,,,,,,,,,,,,,,,,,,,,,,,,,,,,,,,,NONE,,,,,,,,,,,,,,,,,,,,,,,,,,,,,,,,,,,,,,,,,,,,,,,,,,,,,,,,,,,,,,,,,,,,,,,,,,,,,,,,,,,,,,,,,,,,,,,,REJECT,99,hard_reject_noise_league
2026-07-04,2026-07-04T13:30:00+01:00,1783168200,Friendlies Clubs,667,2026,1567544,NS,Edinburgh City,6766,Bonnyrigg Rose Athletic,7431,World,NS,Not Started,,,,,,,,,,,,0.0,0.0,0.0,0.0,0.0,0.0,0.0,0.0,0.0,0.0,,,2026-07-04T10:12:41.212213+00:00,COVERAGE_UNKNOWN,,,,,,0,1.0,COVERAGE_NOT_LOADED,,,,,,,,,,,,,,,,,,,,,,,,,,,,,,,,,,,,,,,,,,,,,,,,,,,,,NONE,,,,,,,,,,,,,,,,,,,,,,,,,,,,,,,,,,,,,,,,,,,,,,,,,,,,,,,,,,,,,,,,,,,,,,,,,,,,,,,,,,,,,,,,,,,,,,,,REJECT,99,hard_reject_noise_league
2026-07-04,2026-07-04T12:00:00+01:00,1783162800,Friendlies Clubs,667,2026,1554666,NS,Eendracht Termien,5786,Genk,742,World,NS,Not Started,,,,,,,,,,,,0.0,0.0,0.0,0.0,0.0,0.0,0.0,0.0,0.0,0.0,,,2026-07-04T10:12:41.211814+00:00,COVERAGE_UNKNOWN,,,,,,0,1.0,COVERAGE_NOT_LOADED,,,,,,,,,,,,,,,,,,,,,,,,,,,,,,,,,,,,,,,,,,,,,,,,,,,,,NONE,,,,,,,,,,,,,,,,,,,,,,,,,,,,,,,,,,,,,,,,,,,,,,,,,,,,,,,,,,,,,,,,,,,,,,,,,,,,,,,,,,,,,,,,,,,,,,,,REJECT,99,hard_reject_noise_league
2026-07-04,2026-07-04T11:00:00+01:00,1783159200,Friendlies Clubs,667,2026,1554678,NS,Eilenburg,12756,SV Babelsberg 03,1622,World,NS,Not Started,,,,,,,,,,,,0.0,0.0,0.0,0.0,0.0,0.0,0.0,0.0,0.0,0.0,,,2026-07-04T10:12:41.211596+00:00,COVERAGE_UNKNOWN,,,,,,0,1.0,COVERAGE_NOT_LOADED,,,,,,,,,,,,,,,,,,,,,,,,,,,,,,,,,,,,,,,,,,,,,,,,,,,,,NONE,,,,,,,,,,,,,,,,,,,,,,,,,,,,,,,,,,,,,,,,,,,,,,,,,,,,,,,,,,,,,,,,,,,,,,,,,,,,,,,,,,,,,,,,,,,,,,,,REJECT,99,hard_reject_noise_league
2026-07-04,2026-07-04T12:00:00+01:00,1783162800,Friendlies Clubs,667,2026,1554663,NS,Eintracht Braunschw. II,24467,HSC Hannover,9339,World,NS,Not Started,,,,,,,,,,,,0.0,0.0,0.0,0.0,0.0,0.0,0.0,0.0,0.0,0.0,,,2026-07-04T10:12:41.211800+00:00,COVERAGE_UNKNOWN,,,,,,0,1.0,COVERAGE_NOT_LOADED,,,,,,,,,,,,,,,,,,,,,,,,,,,,,,,,,,,,,,,,,,,,,,,,,,,,,NONE,,,,,,,,,,,,,,,,,,,,,,,,,,,,,,,,,,,,,,,,,,,,,,,,,,,,,,,,,,,,,,,,,,,,,,,,,,,,,,,,,,,,,,,,,,,,,,,,REJECT,99,hard_reject_noise_league
2026-07-04,2026-07-04T14:00:00+01:00,1783170000,Friendlies Clubs,667,2026,1560519,NS,Eintracht Rheine,14663,Preußen Münster,1313,World,NS,Not Started,,,,,,,,,,,,0.0,0.0,0.0,0.0,0.0,0.0,0.0,0.0,0.0,0.0,,,2026-07-04T10:12:41.212405+00:00,COVERAGE_UNKNOWN,,,,,,0,1.0,COVERAGE_NOT_LOADED,,,,,,,,,,,,,,,,,,,,,,,,,,,,,,,,,,,,,,,,,,,,,,,,,,,,,NONE,,,,,,,,,,,,,,,,,,,,,,,,,,,,,,,,,,,,,,,,,,,,,,,,,,,,,,,,,,,,,,,,,,,,,,,,,,,,,,,,,,,,,,,,,,,,,,,,REJECT,99,hard_reject_noise_league
2026-07-04,2026-07-04T10:00:00+01:00,1783155600,Friendlies Clubs,667,2026,1560511,NS,Eintracht Trier,1627,Résidence Walferdange,15900,World,NS,Not Started,,,,,,,,,,,,0.0,0.0,0.0,0.0,0.0,0.0,0.0,0.0,0.0,0.0,,,2026-07-04T10:12:41.211466+00:00,COVERAGE_UNKNOWN,,,,,,0,1.0,COVERAGE_NOT_LOADED,,,,,,,,,,,,,,,,,,,,,,,,,,,,,,,,,,,,,,,,,,,,,,,,,,,,,NONE,,,,,,,,,,,,,,,,,,,,,,,,,,,,,,,,,,,,,,,,,,,,,,,,,,,,,,,,,,,,,,,,,,,,,,,,,,,,,,,,,,,,,,,,,,,,,,,,REJECT,99,hard_reject_noise_league
2026-07-04,2026-07-04T13:00:00+01:00,1783166400,Friendlies Clubs,667,2026,1546611,NS,Energie Cottbus,1320,Hertha BSC II,9353,World,NS,Not Started,,,,,,,,,,,,0.0,0.0,0.0,0.0,0.0,0.0,0.0,0.0,0.0,0.0,,,2026-07-04T10:12:41.211989+00:00,COVERAGE_UNKNOWN,,,,,,0,1.0,COVERAGE_NOT_LOADED,,,,,,,,,,,,,,,,,,,,,,,,,,,,,,,,,,,,,,,,,,,,,,,,,,,,,NONE,,,,,,,,,,,,,,,,,,,,,,,,,,,,,,,,,,,,,,,,,,,,,,,,,,,,,,,,,,,,,,,,,,,,,,,,,,,,,,,,,,,,,,,,,,,,,,,,REJECT,99,hard_reject_noise_league
2026-07-04,2026-07-04T15:30:00+01:00,1783175400,Friendlies Clubs,667,2026,1567547,NS,Enisey,1089,Andijan,4209,World,NS,Not Started,,,,,,,,,,,,0.0,0.0,0.0,0.0,0.0,0.0,0.0,0.0,0.0,0.0,,,2026-07-04T10:12:41.212826+00:00,COVERAGE_UNKNOWN,,,,,,0,1.0,COVERAGE_NOT_LOADED,,,,,,,,,,,,,,,,,,,,,,,,,,,,,,,,,,,,,,,,,,,,,,,,,,,,,NONE,,,,,,,,,,,,,,,,,,,,,,,,,,,,,,,,,,,,,,,,,,,,,,,,,,,,,,,,,,,,,,,,,,,,,,,,,,,,,,,,,,,,,,,,,,,,,,,,REJECT,99,hard_reject_noise_league
2026-07-04,2026-07-04T12:00:00+01:00,1783162800,Friendlies Clubs,667,2026,1550514,NS,Esbjerg,403,Aarhus Fremad,6004,World,NS,Not Started,,,,,,,,,,,,0.0,0.0,0.0,0.0,0.0,0.0,0.0,0.0,0.0,0.0,,,2026-07-04T10:12:41.211790+00:00,COVERAGE_UNKNOWN,,,,,,0,1.0,COVERAGE_NOT_LOADED,,,,,,,,,,,,,,,,,,,,,,,,,,,,,,,,,,,,,,,,,,,,,,,,,,,,,NONE,,,,,,,,,,,,,,,,,,,,,,,,,,,,,,,,,,,,,,,,,,,,,,,,,,,,,,,,,,,,,,,,,,,,,,,,,,,,,,,,,,,,,,,,,,,,,,,,REJECT,99,hard_reject_noise_league
2026-07-04,2026-07-04T15:00:00+01:00,1783173600,Friendlies Clubs,667,2026,1554725,NS,Excelsior,196,Cambuur,420,World,NS,Not Started,,,,,,,,,,,,0.0,0.0,0.0,0.0,0.0,0.0,0.0,0.0,0.0,0.0,,,2026-07-04T10:12:41.212710+00:00,COVERAGE_UNKNOWN,,,,,,0,1.0,COVERAGE_NOT_LOADED,,,,,,,,,,,,,,,,,,,,,,,,,,,,,,,,,,,,,,,,,,,,,,,,,,,,,NONE,,,,,,,,,,,,,,,,,,,,,,,,,,,,,,,,,,,,,,,,,,,,,,,,,,,,,,,,,,,,,,,,,,,,,,,,,,,,,,,,,,,,,,,,,,,,,,,,REJECT,99,hard_reject_noise_league
2026-07-04,2026-07-04T12:30:00+01:00,1783164600,Friendlies Clubs,667,2026,1550518,NS,FC 08 Homburg,1634,FC Emmelshausen-Karbach,26592,World,NS,Not Started,,,,,,,,,,,,0.0,0.0,0.0,0.0,0.0,0.0,0.0,0.0,0.0,0.0,,,2026-07-04T10:12:41.211871+00:00,COVERAGE_UNKNOWN,,,,,,0,1.0,COVERAGE_NOT_LOADED,,,,,,,,,,,,,,,,,,,,,,,,,,,,,,,,,,,,,,,,,,,,,,,,,,,,,NONE,,,,,,,,,,,,,,,,,,,,,,,,,,,,,,,,,,,,,,,,,,,,,,,,,,,,,,,,,,,,,,,,,,,,,,,,,,,,,,,,,,,,,,,,,,,,,,,,REJECT,99,hard_reject_noise_league
2026-07-04,2026-07-04T15:30:00+01:00,1783175400,Friendlies Clubs,667,2026,1554737,NS,FC BW Linz,1394,Wiener Viktoria,4966,World,NS,Not Started,,,,,,,,,,,,0.0,0.0,0.0,0.0,0.0,0.0,0.0,0.0,0.0,0.0,,,2026-07-04T10:12:41.212806+00:00,COVERAGE_UNKNOWN,,,,,,0,1.0,COVERAGE_NOT_LOADED,,,,,,,,,,,,,,,,,,,,,,,,,,,,,,,,,,,,,,,,,,,,,,,,,,,,,NONE,,,,,,,,,,,,,,,,,,,,,,,,,,,,,,,,,,,,,,,,,,,,,,,,,,,,,,,,,,,,,,,,,,,,,,,,,,,,,,,,,,,,,,,,,,,,,,,,REJECT,99,hard_reject_noise_league
2026-07-04,2026-07-04T13:00:00+01:00,1783166400,Friendlies Clubs,667,2026,1562870,NS,FC Carl Zeiss Jena,1325,Germania Halberstadt,1643,World,NS,Not Started,,,,,,,,,,,,0.0,0.0,0.0,0.0,0.0,0.0,0.0,0.0,0.0,0.0,,,2026-07-04T10:12:41.212140+00:00,COVERAGE_UNKNOWN,,,,,,0,1.0,COVERAGE_NOT_LOADED,,,,,,,,,,,,,,,,,,,,,,,,,,,,,,,,,,,,,,,,,,,,,,,,,,,,,NONE,,,,,,,,,,,,,,,,,,,,,,,,,,,,,,,,,,,,,,,,,,,,,,,,,,,,,,,,,,,,,,,,,,,,,,,,,,,,,,,,,,,,,,,,,,,,,,,,REJECT,99,hard_reject_noise_league
2026-07-04,2026-07-04T15:00:00+01:00,1783173600,Friendlies Clubs,667,2026,1554727,NS,FC Gießen,9362,SV Elversberg,1660,World,NS,Not Started,,,,,,,,,,,,0.0,0.0,0.0,0.0,0.0,0.0,0.0,0.0,0.0,0.0,,,2026-07-04T10:12:41.212720+00:00,COVERAGE_UNKNOWN,,,,,,0,1.0,COVERAGE_NOT_LOADED,,,,,,,,,,,,,,,,,,,,,,,,,,,,,,,,,,,,,,,,,,,,,,,,,,,,,NONE,,,,,,,,,,,,,,,,,,,,,,,,,,,,,,,,,,,,,,,,,,,,,,,,,,,,,,,,,,,,,,,,,,,,,,,,,,,,,,,,,,,,,,,,,,,,,,,,REJECT,99,hard_reject_noise_league
2026-07-04,2026-07-04T15:00:00+01:00,1783173600,Friendlies Clubs,667,2026,1548774,NS,FC Halifax Town,1841,Sheffield Utd,62,World,NS,Not Started,,,,,,,,,,,,0.0,0.0,0.0,0.0,0.0,0.0,0.0,0.0,0.0,0.0,,,2026-07-04T10:12:41.212630+00:00,COVERAGE_UNKNOWN,,,,,,0,1.0,COVERAGE_NOT_LOADED,,,,,,,,,,,,,,,,,,,,,,,,,,,,,,,,,,,,,,,,,,,,,,,,,,,,,NONE,,,,,,,,,,,,,,,,,,,,,,,,,,,,,,,,,,,,,,,,,,,,,,,,,,,,,,,,,,,,,,,,,,,,,,,,,,,,,,,,,,,,,,,,,,,,,,,,REJECT,99,hard_reject_noise_league
2026-07-04,2026-07-04T13:00:00+01:00,1783166400,Friendlies Clubs,667,2026,1550521,NS,FC Ingolstadt 04,184,Eichstätt,4262,World,NS,Not Started,,,,,,,,,,,,0.0,0.0,0.0,0.0,0.0,0.0,0.0,0.0,0.0,0.0,,,2026-07-04T10:12:41.212043+00:00,COVERAGE_UNKNOWN,,,,,,0,1.0,COVERAGE_NOT_LOADED,,,,,,,,,,,,,,,,,,,,,,,,,,,,,,,,,,,,,,,,,,,,,,,,,,,,,NONE,,,,,,,,,,,,,,,,,,,,,,,,,,,,,,,,,,,,,,,,,,,,,,,,,,,,,,,,,,,,,,,,,,,,,,,,,,,,,,,,,,,,,,,,,,,,,,,,REJECT,99,hard_reject_noise_league
2026-07-04,2026-07-04T15:00:00+01:00,1783173600,Friendlies Clubs,667,2026,1546615,NS,FC Luzern,644,FC Winterthur,2180,World,NS,Not Started,,,,,,,,,,,,0.0,0.0,0.0,0.0,0.0,0.0,0.0,0.0,0.0,0.0,,,2026-07-04T10:12:41.212577+00:00,COVERAGE_UNKNOWN,,,,,,0,1.0,COVERAGE_NOT_LOADED,,,,,,,,,,,,,,,,,,,,,,,,,,,,,,,,,,,,,,,,,,,,,,,,,,,,,NONE,,,,,,,,,,,,,,,,,,,,,,,,,,,,,,,,,,,,,,,,,,,,,,,,,,,,,,,,,,,,,,,,,,,,,,,,,,,,,,,,,,,,,,,,,,,,,,,,REJECT,99,hard_reject_noise_league
2026-07-04,2026-07-04T12:00:00+01:00,1783162800,Friendlies Clubs,667,2026,1546616,NS,FC Midtjylland,397,Silkeborg,2073,World,NS,Not Started,,,,,,,,,,,,0.0,0.0,0.0,0.0,0.0,0.0,0.0,0.0,0.0,0.0,,,2026-07-04T10:12:41.211766+00:00,COVERAGE_UNKNOWN,,,,,,0,1.0,COVERAGE_NOT_LOADED,,,,,,,,,,,,,,,,,,,,,,,,,,,,,,,,,,,,,,,,,,,,,,,,,,,,,NONE,,,,,,,,,,,,,,,,,,,,,,,,,,,,,,,,,,,,,,,,,,,,,,,,,,,,,,,,,,,,,,,,,,,,,,,,,,,,,,,,,,,,,,,,,,,,,,,,REJECT,99,hard_reject_noise_league
2026-07-04,2026-07-04T12:00:00+01:00,1783162800,Friendlies Clubs,667,2026,1546612,NS,FC Rot-Weiß Erfurt,1329,Hannover 96 II,9341,World,NS,Not Started,,,,,,,,,,,,0.0,0.0,0.0,0.0,0.0,0.0,0.0,0.0,0.0,0.0,,,2026-07-04T10:12:41.211761+00:00,COVERAGE_UNKNOWN,,,,,,0,1.0,COVERAGE_NOT_LOADED,,,,,,,,,,,,,,,,,,,,,,,,,,,,,,,,,,,,,,,,,,,,,,,,,,,,,NONE,,,,,,,,,,,,,,,,,,,,,,,,,,,,,,,,,,,,,,,,,,,,,,,,,,,,,,,,,,,,,,,,,,,,,,,,,,,,,,,,,,,,,,,,,,,,,,,,REJECT,99,hard_reject_noise_league
2026-07-04,2026-07-04T12:45:00+01:00,1783165500,Friendlies Clubs,667,2026,1547910,NS,FC Vaduz,660,Austria Lustenau,1399,World,NS,Not Started,,,,,,,,,,,,0.0,0.0,0.0,0.0,0.0,0.0,0.0,0.0,0.0,0.0,,,2026-07-04T10:12:41.211892+00:00,COVERAGE_UNKNOWN,,,,,,0,1.0,COVERAGE_NOT_LOADED,,,,,,,,,,,,,,,,,,,,,,,,,,,,,,,,,,,,,,,,,,,,,,,,,,,,,NONE,,,,,,,,,,,,,,,,,,,,,,,,,,,,,,,,,,,,,,,,,,,,,,,,,,,,,,,,,,,,,,,,,,,,,,,,,,,,,,,,,,,,,,,,,,,,,,,,REJECT,99,hard_reject_noise_league
2026-07-04,2026-07-04T13:00:00+01:00,1783166400,Friendlies Clubs,667,2026,1546619,NS,FC Viktoria Köln,1620,Bonner SC,1637,World,NS,Not Started,,,,,,,,,,,,0.0,0.0,0.0,0.0,0.0,0.0,0.0,0.0,0.0,0.0,,,2026-07-04T10:12:41.212009+00:00,COVERAGE_UNKNOWN,,,,,,0,1.0,COVERAGE_NOT_LOADED,,,,,,,,,,,,,,,,,,,,,,,,,,,,,,,,,,,,,,,,,,,,,,,,,,,,,NONE,,,,,,,,,,,,,,,,,,,,,,,,,,,,,,,,,,,,,,,,,,,,,,,,,,,,,,,,,,,,,,,,,,,,,,,,,,,,,,,,,,,,,,,,,,,,,,,,REJECT,99,hard_reject_noise_league
2026-07-04,2026-07-04T15:00:00+01:00,1783173600,Friendlies Clubs,667,2026,1554709,NS,FC Zurich,783,SC Kriens,2186,World,NS,Not Started,,,,,,,,,,,,0.0,0.0,0.0,0.0,0.0,0.0,0.0,0.0,0.0,0.0,,,2026-07-04T10:12:41.212695+00:00,COVERAGE_UNKNOWN,,,,,,0,1.0,COVERAGE_NOT_LOADED,,,,,,,,,,,,,,,,,,,,,,,,,,,,,,,,,,,,,,,,,,,,,,,,,,,,,NONE,,,,,,,,,,,,,,,,,,,,,,,,,,,,,,,,,,,,,,,,,,,,,,,,,,,,,,,,,,,,,,,,,,,,,,,,,,,,,,,,,,,,,,,,,,,,,,,,REJECT,99,hard_reject_noise_league
2026-07-04,2026-07-04T13:00:00+01:00,1783166400,Friendlies Clubs,667,2026,1560512,NS,FSV Frankfurt,1332,Aubstadt,9323,World,NS,Not Started,,,,,,,,,,,,0.0,0.0,0.0,0.0,0.0,0.0,0.0,0.0,0.0,0.0,,,2026-07-04T10:12:41.212130+00:00,COVERAGE_UNKNOWN,,,,,,0,1.0,COVERAGE_NOT_LOADED,,,,,,,,,,,,,,,,,,,,,,,,,,,,,,,,,,,,,,,,,,,,,,,,,,,,,NONE,,,,,,,,,,,,,,,,,,,,,,,,,,,,,,,,,,,,,,,,,,,,,,,,,,,,,,,,,,,,,,,,,,,,,,,,,,,,,,,,,,,,,,,,,,,,,,,,REJECT,99,hard_reject_noise_league
2026-07-04,2026-07-04T13:00:00+01:00,1783166400,Friendlies Clubs,667,2026,1560515,NS,FSV Mainz 05 II,1331,Progres Niederkorn,658,World,NS,Not Started,,,,,,,,,,,,0.0,0.0,0.0,0.0,0.0,0.0,0.0,0.0,0.0,0.0,,,2026-07-04T10:12:41.212135+00:00,COVERAGE_UNKNOWN,,,,,,0,1.0,COVERAGE_NOT_LOADED,,,,,,,,,,,,,,,,,,,,,,,,,,,,,,,,,,,,,,,,,,,,,,,,,,,,,NONE,,,,,,,,,,,,,,,,,,,,,,,,,,,,,,,,,,,,,,,,,,,,,,,,,,,,,,,,,,,,,,,,,,,,,,,,,,,,,,,,,,,,,,,,,,,,,,,,REJECT,99,hard_reject_noise_league
2026-07-04,2026-07-04T14:00:00+01:00,1783170000,Friendlies Clubs,667,2026,1547908,NS,Fernwald,14677,Sportfreunde Siegen,13935,World,NS,Not Started,,,,,,,,,,,,0.0,0.0,0.0,0.0,0.0,0.0,0.0,0.0,0.0,0.0,,,2026-07-04T10:12:41.212316+00:00,COVERAGE_UNKNOWN,,,,,,0,1.0,COVERAGE_NOT_LOADED,,,,,,,,,,,,,,,,,,,,,,,,,,,,,,,,,,,,,,,,,,,,,,,,,,,,,NONE,,,,,,,,,,,,,,,,,,,,,,,,,,,,,,,,,,,,,,,,,,,,,,,,,,,,,,,,,,,,,,,,,,,,,,,,,,,,,,,,,,,,,,,,,,,,,,,,REJECT,99,hard_reject_noise_league
2026-07-04,2026-07-04T15:00:00+01:00,1783173600,Friendlies Clubs,667,2026,1546625,NS,Folkestone Invicta,7716,Croydon Athletic,12059,World,NS,Not Started,,,,,,,,,,,,0.0,0.0,0.0,0.0,0.0,0.0,0.0,0.0,0.0,0.0,,,2026-07-04T10:12:41.212586+00:00,COVERAGE_UNKNOWN,,,,,,0,1.0,COVERAGE_NOT_LOADED,,,,,,,,,,,,,,,,,,,,,,,,,,,,,,,,,,,,,,,,,,,,,,,,,,,,,NONE,,,,,,,,,,,,,,,,,,,,,,,,,,,,,,,,,,,,,,,,,,,,,,,,,,,,,,,,,,,,,,,,,,,,,,,,,,,,,,,,,,,,,,,,,,,,,,,,REJECT,99,hard_reject_noise_league
2026-07-04,2026-07-04T14:00:00+01:00,1783170000,Friendlies Clubs,667,2026,1554715,NS,Forfar Athletic,4250,Banks O' Dee,6729,World,NS,Not Started,,,,,,,,,,,,0.0,0.0,0.0,0.0,0.0,0.0,0.0,0.0,0.0,0.0,,,2026-07-04T10:12:41.212371+00:00,COVERAGE_UNKNOWN,,,,,,0,1.0,COVERAGE_NOT_LOADED,,,,,,,,,,,,,,,,,,,,,,,,,,,,,,,,,,,,,,,,,,,,,,,,,,,,,NONE,,,,,,,,,,,,,,,,,,,,,,,,,,,,,,,,,,,,,,,,,,,,,,,,,,,,,,,,,,,,,,,,,,,,,,,,,,,,,,,,,,,,,,,,,,,,,,,,REJECT,99,hard_reject_noise_league
2026-07-04,2026-07-04T13:00:00+01:00,1783166400,Friendlies Clubs,667,2026,1554679,NS,Fortuna Köln,1326,TuS Koblenz,1648,World,NS,Not Started,,,,,,,,,,,,0.0,0.0,0.0,0.0,0.0,0.0,0.0,0.0,0.0,0.0,,,2026-07-04T10:12:41.212068+00:00,COVERAGE_UNKNOWN,,,,,,0,1.0,COVERAGE_NOT_LOADED,,,,,,,,,,,,,,,,,,,,,,,,,,,,,,,,,,,,,,,,,,,,,,,,,,,,,NONE,,,,,,,,,,,,,,,,,,,,,,,,,,,,,,,,,,,,,,,,,,,,,,,,,,,,,,,,,,,,,,,,,,,,,,,,,,,,,,,,,,,,,,,,,,,,,,,,REJECT,99,hard_reject_noise_league
2026-07-04,2026-07-04T16:00:00+01:00,1783177200,Friendlies Clubs,667,2026,1548782,NS,Frohnauer,19675,Hertha BSC,159,World,NS,Not Started,,,,,,,,,,,,0.0,0.0,0.0,0.0,0.0,0.0,0.0,0.0,0.0,0.0,,,2026-07-04T10:12:41.212897+00:00,COVERAGE_UNKNOWN,,,,,,0,1.0,COVERAGE_NOT_LOADED,,,,,,,,,,,,,,,,,,,,,,,,,,,,,,,,,,,,,,,,,,,,,,,,,,,,,NONE,,,,,,,,,,,,,,,,,,,,,,,,,,,,,,,,,,,,,,,,,,,,,,,,,,,,,,,,,,,,,,,,,,,,,,,,,,,,,,,,,,,,,,,,,,,,,,,,REJECT,99,hard_reject_noise_league
2026-07-04,2026-07-04T12:00:00+01:00,1783162800,Friendlies Clubs,667,2026,1550515,NS,GO Ahead Eagles,410,FC OSS,423,World,NS,Not Started,,,,,,,,,,,,0.0,0.0,0.0,0.0,0.0,0.0,0.0,0.0,0.0,0.0,,,2026-07-04T10:12:41.211795+00:00,COVERAGE_UNKNOWN,,,,,,0,1.0,COVERAGE_NOT_LOADED,,,,,,,,,,,,,,,,,,,,,,,,,,,,,,,,,,,,,,,,,,,,,,,,,,,,,NONE,,,,,,,,,,,,,,,,,,,,,,,,,,,,,,,,,,,,,,,,,,,,,,,,,,,,,,,,,,,,,,,,,,,,,,,,,,,,,,,,,,,,,,,,,,,,,,,,REJECT,99,hard_reject_noise_league
2026-07-04,2026-07-04T15:00:00+01:00,1783173600,Friendlies Clubs,667,2026,1554728,NS,Glossop North End,7227,Radcliffe,7740,World,NS,Not Started,,,,,,,,,,,,0.0,0.0,0.0,0.0,0.0,0.0,0.0,0.0,0.0,0.0,,,2026-07-04T10:12:41.212725+00:00,COVERAGE_UNKNOWN,,,,,,0,1.0,COVERAGE_NOT_LOADED,,,,,,,,,,,,,,,,,,,,,,,,,,,,,,,,,,,,,,,,,,,,,,,,,,,,,NONE,,,,,,,,,,,,,,,,,,,,,,,,,,,,,,,,,,,,,,,,,,,,,,,,,,,,,,,,,,,,,,,,,,,,,,,,,,,,,,,,,,,,,,,,,,,,,,,,REJECT,99,hard_reject_noise_league
2026-07-04,2026-07-04T14:30:00+01:00,1783171800,Friendlies Clubs,667,2026,1554729,NS,Goytre United,2187,Barry Town,361,World,NS,Not Started,,,,,,,,,,,,0.0,0.0,0.0,0.0,0.0,0.0,0.0,0.0,0.0,0.0,,,2026-07-04T10:12:41.212478+00:00,COVERAGE_UNKNOWN,,,,,,0,1.0,COVERAGE_NOT_LOADED,,,,,,,,,,,,,,,,,,,,,,,,,,,,,,,,,,,,,,,,,,,,,,,,,,,,,NONE,,,,,,,,,,,,,,,,,,,,,,,,,,,,,,,,,,,,,,,,,,,,,,,,,,,,,,,,,,,,,,,,,,,,,,,,,,,,,,,,,,,,,,,,,,,,,,,,REJECT,99,hard_reject_noise_league
2026-07-04,2026-07-04T13:00:00+01:00,1783166400,Friendlies Clubs,667,2026,1554680,NS,Greifswalder FC,16118,Hamburger SV II,9340,World,NS,Not Started,,,,,,,,,,,,0.0,0.0,0.0,0.0,0.0,0.0,0.0,0.0,0.0,0.0,,,2026-07-04T10:12:41.212073+00:00,COVERAGE_UNKNOWN,,,,,,0,1.0,COVERAGE_NOT_LOADED,,,,,,,,,,,,,,,,,,,,,,,,,,,,,,,,,,,,,,,,,,,,,,,,,,,,,NONE,,,,,,,,,,,,,,,,,,,,,,,,,,,,,,,,,,,,,,,,,,,,,,,,,,,,,,,,,,,,,,,,,,,,,,,,,,,,,,,,,,,,,,,,,,,,,,,,REJECT,99,hard_reject_noise_league
2026-07-04,2026-07-04T15:30:00+01:00,1783175400,Friendlies Clubs,667,2026,1554738,NS,Greifswalder FC,16118,Anker Wismar,13946,World,NS,Not Started,,,,,,,,,,,,0.0,0.0,0.0,0.0,0.0,0.0,0.0,0.0,0.0,0.0,,,2026-07-04T10:12:41.212811+00:00,COVERAGE_UNKNOWN,,,,,,0,1.0,COVERAGE_NOT_LOADED,,,,,,,,,,,,,,,,,,,,,,,,,,,,,,,,,,,,,,,,,,,,,,,,,,,,,NONE,,,,,,,,,,,,,,,,,,,,,,,,,,,,,,,,,,,,,,,,,,,,,,,,,,,,,,,,,,,,,,,,,,,,,,,,,,,,,,,,,,,,,,,,,,,,,,,,REJECT,99,hard_reject_noise_league
2026-07-04,2026-07-04T15:30:00+01:00,1783175400,Friendlies Clubs,667,2026,1548781,NS,Gurten,4942,WSPG Wels,22213,World,NS,Not Started,,,,,,,,,,,,0.0,0.0,0.0,0.0,0.0,0.0,0.0,0.0,0.0,0.0,,,2026-07-04T10:12:41.212801+00:00,COVERAGE_UNKNOWN,,,,,,0,1.0,COVERAGE_NOT_LOADED,,,,,,,,,,,,,,,,,,,,,,,,,,,,,,,,,,,,,,,,,,,,,,,,,,,,,NONE,,,,,,,,,,,,,,,,,,,,,,,,,,,,,,,,,,,,,,,,,,,,,,,,,,,,,,,,,,,,,,,,,,,,,,,,,,,,,,,,,,,,,,,,,,,,,,,,REJECT,99,hard_reject_noise_league
2026-07-04,2026-07-04T17:30:00+01:00,1783182600,Friendlies Clubs,667,2026,1567548,NS,HNK Gorica,1068,Zorya Luhansk,599,World,NS,Not Started,,,,,,,,,,,,0.0,0.0,0.0,0.0,0.0,0.0,0.0,0.0,0.0,0.0,,,2026-07-04T10:12:41.213136+00:00,COVERAGE_UNKNOWN,,,,,,0,1.0,COVERAGE_NOT_LOADED,,,,,,,,,,,,,,,,,,,,,,,,,,,,,,,,,,,,,,,,,,,,,,,,,,,,,NONE,,,,,,,,,,,,,,,,,,,,,,,,,,,,,,,,,,,,,,,,,,,,,,,,,,,,,,,,,,,,,,,,,,,,,,,,,,,,,,,,,,,,,,,,,,,,,,,,REJECT,99,hard_reject_noise_league
2026-07-04,2026-07-04T14:30:00+01:00,1783171800,Friendlies Clubs,667,2026,1554730,NS,Haddington Athletic,15599,Gala Fairydean Rovers,7443,World,NS,Not Started,,,,,,,,,,,,0.0,0.0,0.0,0.0,0.0,0.0,0.0,0.0,0.0,0.0,,,2026-07-04T10:12:41.212483+00:00,COVERAGE_UNKNOWN,,,,,,0,1.0,COVERAGE_NOT_LOADED,,,,,,,,,,,,,,,,,,,,,,,,,,,,,,,,,,,,,,,,,,,,,,,,,,,,,NONE,,,,,,,,,,,,,,,,,,,,,,,,,,,,,,,,,,,,,,,,,,,,,,,,,,,,,,,,,,,,,,,,,,,,,,,,,,,,,,,,,,,,,,,,,,,,,,,,REJECT,99,hard_reject_noise_league
2026-07-04,2026-07-04T15:00:00+01:00,1783173600,Friendlies Clubs,667,2026,1547914,NS,Haringey Borough,4681,Enfield Town,7714,World,NS,Not Started,,,,,,,,,,,,0.0,0.0,0.0,0.0,0.0,0.0,0.0,0.0,0.0,0.0,,,2026-07-04T10:12:41.212596+00:00,COVERAGE_UNKNOWN,,,,,,0,1.0,COVERAGE_NOT_LOADED,,,,,,,,,,,,,,,,,,,,,,,,,,,,,,,,,,,,,,,,,,,,,,,,,,,,,NONE,,,,,,,,,,,,,,,,,,,,,,,,,,,,,,,,,,,,,,,,,,,,,,,,,,,,,,,,,,,,,,,,,,,,,,,,,,,,,,,,,,,,,,,,,,,,,,,,REJECT,99,hard_reject_noise_league
2026-07-04,2026-07-04T14:00:00+01:00,1783170000,Friendlies Clubs,667,2026,1546621,NS,Haverfordwest County AFC,2194,Hamilton Academical,248,World,NS,Not Started,,,,,,,,,,,,0.0,0.0,0.0,0.0,0.0,0.0,0.0,0.0,0.0,0.0,,,2026-07-04T10:12:41.212305+00:00,COVERAGE_UNKNOWN,,,,,,0,1.0,COVERAGE_NOT_LOADED,,,,,,,,,,,,,,,,,,,,,,,,,,,,,,,,,,,,,,,,,,,,,,,,,,,,,NONE,,,,,,,,,,,,,,,,,,,,,,,,,,,,,,,,,,,,,,,,,,,,,,,,,,,,,,,,,,,,,,,,,,,,,,,,,,,,,,,,,,,,,,,,,,,,,,,,REJECT,99,hard_reject_noise_league
2026-07-04,2026-07-04T15:00:00+01:00,1783173600,Friendlies Clubs,667,2026,1548775,NS,Helmond Sport,424,AEK Larnaca,614,World,NS,Not Started,,,,,,,,,,,,0.0,0.0,0.0,0.0,0.0,0.0,0.0,0.0,0.0,0.0,,,2026-07-04T10:12:41.212634+00:00,COVERAGE_UNKNOWN,,,,,,0,1.0,COVERAGE_NOT_LOADED,,,,,,,,,,,,,,,,,,,,,,,,,,,,,,,,,,,,,,,,,,,,,,,,,,,,,NONE,,,,,,,,,,,,,,,,,,,,,,,,,,,,,,,,,,,,,,,,,,,,,,,,,,,,,,,,,,,,,,,,,,,,,,,,,,,,,,,,,,,,,,,,,,,,,,,,REJECT,99,hard_reject_noise_league
2026-07-04,2026-07-04T13:00:00+01:00,1783166400,Friendlies Clubs,667,2026,1554681,NS,Hollenbach,17048,Ansbach,14621,World,NS,Not Started,,,,,,,,,,,,0.0,0.0,0.0,0.0,0.0,0.0,0.0,0.0,0.0,0.0,,,2026-07-04T10:12:41.212077+00:00,COVERAGE_UNKNOWN,,,,,,0,1.0,COVERAGE_NOT_LOADED,,,,,,,,,,,,,,,,,,,,,,,,,,,,,,,,,,,,,,,,,,,,,,,,,,,,,NONE,,,,,,,,,,,,,,,,,,,,,,,,,,,,,,,,,,,,,,,,,,,,,,,,,,,,,,,,,,,,,,,,,,,,,,,,,,,,,,,,,,,,,,,,,,,,,,,,REJECT,99,hard_reject_noise_league
2026-07-04,2026-07-04T13:00:00+01:00,1783166400,Friendlies Clubs,667,2026,1550520,NS,Holstein Kiel,191,FC Fredericia,2061,World,NS,Not Started,,,,,,,,,,,,0.0,0.0,0.0,0.0,0.0,0.0,0.0,0.0,0.0,0.0,,,2026-07-04T10:12:41.212038+00:00,COVERAGE_UNKNOWN,,,,,,0,1.0,COVERAGE_NOT_LOADED,,,,,,,,,,,,,,,,,,,,,,,,,,,,,,,,,,,,,,,,,,,,,,,,,,,,,NONE,,,,,,,,,,,,,,,,,,,,,,,,,,,,,,,,,,,,,,,,,,,,,,,,,,,,,,,,,,,,,,,,,,,,,,,,,,,,,,,,,,,,,,,,,,,,,,,,REJECT,99,hard_reject_noise_league
2026-07-04,2026-07-04T10:00:00+01:00,1783155600,Friendlies Clubs,667,2026,1554682,NS,Hutnik Kraków,6942,Podhale Nowy Targ,12834,World,NS,Not Started,,,,,,,,,,,,0.0,0.0,0.0,0.0,0.0,0.0,0.0,0.0,0.0,0.0,,,2026-07-04T10:12:41.211430+00:00,COVERAGE_UNKNOWN,,,,,,0,1.0,COVERAGE_NOT_LOADED,,,,,,,,,,,,,,,,,,,,,,,,,,,,,,,,,,,,,,,,,,,,,,,,,,,,,NONE,,,,,,,,,,,,,,,,,,,,,,,,,,,,,,,,,,,,,,,,,,,,,,,,,,,,,,,,,,,,,,,,,,,,,,,,,,,,,,,,,,,,,,,,,,,,,,,,REJECT,99,hard_reject_noise_league
2026-07-04,2026-07-04T15:00:00+01:00,1783173600,Friendlies Clubs,667,2026,1548776,NS,Hyde United,4694,Macclesfield,1380,World,NS,Not Started,,,,,,,,,,,,0.0,0.0,0.0,0.0,0.0,0.0,0.0,0.0,0.0,0.0,,,2026-07-04T10:12:41.212639+00:00,COVERAGE_UNKNOWN,,,,,,0,1.0,COVERAGE_NOT_LOADED,,,,,,,,,,,,,,,,,,,,,,,,,,,,,,,,,,,,,,,,,,,,,,,,,,,,,NONE,,,,,,,,,,,,,,,,,,,,,,,,,,,,,,,,,,,,,,,,,,,,,,,,,,,,,,,,,,,,,,,,,,,,,,,,,,,,,,,,,,,,,,,,,,,,,,,,REJECT,99,hard_reject_noise_league
2026-07-04,2026-07-04T15:00:00+01:00,1783173600,Friendlies Clubs,667,2026,1554731,NS,Invergordon,19792,Aberdeen U21,6755,World,NS,Not Started,,,,,,,,,,,,0.0,0.0,0.0,0.0,0.0,0.0,0.0,0.0,0.0,0.0,,,2026-07-04T10:12:41.212729+00:00,COVERAGE_UNKNOWN,,,,,,0,1.0,COVERAGE_NOT_LOADED,,,,,,,,,,,,,,,,,,,,,,,,,,,,,,,,,,,,,,,,,,,,,,,,,,,,,NONE,,,,,,,,,,,,,,,,,,,,,,,,,,,,,,,,,,,,,,,,,,,,,,,,,,,,,,,,,,,,,,,,,,,,,,,,,,,,,,,,,,,,,,,,,,,,,,,,REJECT,99,hard_reject_noise_league
2026-07-04,2026-07-04T13:00:00+01:00,1783166400,Friendlies Clubs,667,2026,1554716,NS,Inverness CT,903,Ross County,902,World,NS,Not Started,,,,,,,,,,,,0.0,0.0,0.0,0.0,0.0,0.0,0.0,0.0,0.0,0.0,,,2026-07-04T10:12:41.212116+00:00,COVERAGE_UNKNOWN,,,,,,0,1.0,COVERAGE_NOT_LOADED,,,,,,,,,,,,,,,,,,,,,,,,,,,,,,,,,,,,,,,,,,,,,,,,,,,,,NONE,,,,,,,,,,,,,,,,,,,,,,,,,,,,,,,,,,,,,,,,,,,,,,,,,,,,,,,,,,,,,,,,,,,,,,,,,,,,,,,,,,,,,,,,,,,,,,,,REJECT,99,hard_reject_noise_league
2026-07-04,2026-07-04T16:00:00+01:00,1783177200,Friendlies Clubs,667,2026,1554739,NS,Jagiellonia,336,Pogoń Siedlce,6947,World,NS,Not Started,,,,,,,,,,,,0.0,0.0,0.0,0.0,0.0,0.0,0.0,0.0,0.0,0.0,,,2026-07-04T10:12:41.212926+00:00,COVERAGE_UNKNOWN,,,,,,0,1.0,COVERAGE_NOT_LOADED,,,,,,,,,,,,,,,,,,,,,,,,,,,,,,,,,,,,,,,,,,,,,,,,,,,,,NONE,,,,,,,,,,,,,,,,,,,,,,,,,,,,,,,,,,,,,,,,,,,,,,,,,,,,,,,,,,,,,,,,,,,,,,,,,,,,,,,,,,,,,,,,,,,,,,,,REJECT,99,hard_reject_noise_league
2026-07-04,2026-07-04T17:00:00+01:00,1783180800,Friendlies Clubs,667,2026,1554743,NS,KAC 1909,20859,Austria Klagenfurt,1405,World,NS,Not Started,,,,,,,,,,,,0.0,0.0,0.0,0.0,0.0,0.0,0.0,0.0,0.0,0.0,,,2026-07-04T10:12:41.213102+00:00,COVERAGE_UNKNOWN,,,,,,0,1.0,COVERAGE_NOT_LOADED,,,,,,,,,,,,,,,,,,,,,,,,,,,,,,,,,,,,,,,,,,,,,,,,,,,,,NONE,,,,,,,,,,,,,,,,,,,,,,,,,,,,,,,,,,,,,,,,,,,,,,,,,,,,,,,,,,,,,,,,,,,,,,,,,,,,,,,,,,,,,,,,,,,,,,,,REJECT,99,hard_reject_noise_league
2026-07-04,2026-07-04T16:00:00+01:00,1783177200,Friendlies Clubs,667,2026,1560514,NS,KSK Beveren,19774,SK Beveren,738,World,NS,Not Started,,,,,,,,,,,,0.0,0.0,0.0,0.0,0.0,0.0,0.0,0.0,0.0,0.0,,,2026-07-04T10:12:41.212945+00:00,COVERAGE_UNKNOWN,,,,,,0,1.0,COVERAGE_NOT_LOADED,,,,,,,,,,,,,,,,,,,,,,,,,,,,,,,,,,,,,,,,,,,,,,,,,,,,,NONE,,,,,,,,,,,,,,,,,,,,,,,,,,,,,,,,,,,,,,,,,,,,,,,,,,,,,,,,,,,,,,,,,,,,,,,,,,,,,,,,,,,,,,,,,,,,,,,,REJECT,99,hard_reject_noise_league
2026-07-04,2026-07-04T13:00:00+01:00,1783166400,Friendlies Clubs,667,2026,1567537,NS,KSZO 1929,6943,Broń Radom,16233,World,NS,Not Started,,,,,,,,,,,,0.0,0.0,0.0,0.0,0.0,0.0,0.0,0.0,0.0,0.0,,,2026-07-04T10:12:41.212155+00:00,COVERAGE_UNKNOWN,,,,,,0,1.0,COVERAGE_NOT_LOADED,,,,,,,,,,,,,,,,,,,,,,,,,,,,,,,,,,,,,,,,,,,,,,,,,,,,,NONE,,,,,,,,,,,,,,,,,,,,,,,,,,,,,,,,,,,,,,,,,,,,,,,,,,,,,,,,,,,,,,,,,,,,,,,,,,,,,,,,,,,,,,,,,,,,,,,,REJECT,99,hard_reject_noise_league
2026-07-04,2026-07-04T14:00:00+01:00,1783170000,Friendlies Clubs,667,2026,1554717,NS,KV Mechelen,266,Rupel Boom,6225,World,NS,Not Started,,,,,,,,,,,,0.0,0.0,0.0,0.0,0.0,0.0,0.0,0.0,0.0,0.0,,,2026-07-04T10:12:41.212376+00:00,COVERAGE_UNKNOWN,,,,,,0,1.0,COVERAGE_NOT_LOADED,,,,,,,,,,,,,,,,,,,,,,,,,,,,,,,,,,,,,,,,,,,,,,,,,,,,,NONE,,,,,,,,,,,,,,,,,,,,,,,,,,,,,,,,,,,,,,,,,,,,,,,,,,,,,,,,,,,,,,,,,,,,,,,,,,,,,,,,,,,,,,,,,,,,,,,,REJECT,99,hard_reject_noise_league
2026-07-04,2026-07-04T16:30:00+01:00,1783179000,Friendlies Clubs,667,2026,1548763,NS,Karlsruhe II,26166,SV Sandhausen,189,World,NS,Not Started,,,,,,,,,,,,0.0,0.0,0.0,0.0,0.0,0.0,0.0,0.0,0.0,0.0,,,2026-07-04T10:12:41.212998+00:00,COVERAGE_UNKNOWN,,,,,,0,1.0,COVERAGE_NOT_LOADED,,,,,,,,,,,,,,,,,,,,,,,,,,,,,,,,,,,,,,,,,,,,,,,,,,,,,NONE,,,,,,,,,,,,,,,,,,,,,,,,,,,,,,,,,,,,,,,,,,,,,,,,,,,,,,,,,,,,,,,,,,,,,,,,,,,,,,,,,,,,,,,,,,,,,,,,REJECT,99,hard_reject_noise_league
2026-07-04,2026-07-04T15:00:00+01:00,1783173600,Friendlies Clubs,667,2026,1554732,NS,Kelty Hearts,6773,Dunfermline,1388,World,NS,Not Started,,,,,,,,,,,,0.0,0.0,0.0,0.0,0.0,0.0,0.0,0.0,0.0,0.0,,,2026-07-04T10:12:41.212734+00:00,COVERAGE_UNKNOWN,,,,,,0,1.0,COVERAGE_NOT_LOADED,,,,,,,,,,,,,,,,,,,,,,,,,,,,,,,,,,,,,,,,,,,,,,,,,,,,,NONE,,,,,,,,,,,,,,,,,,,,,,,,,,,,,,,,,,,,,,,,,,,,,,,,,,,,,,,,,,,,,,,,,,,,,,,,,,,,,,,,,,,,,,,,,,,,,,,,REJECT,99,hard_reject_noise_league
2026-07-04,2026-07-04T12:00:00+01:00,1783162800,Friendlies Clubs,667,2026,1554668,NS,Kempten,23670,Illertissen,9330,World,NS,Not Started,,,,,,,,,,,,0.0,0.0,0.0,0.0,0.0,0.0,0.0,0.0,0.0,0.0,,,2026-07-04T10:12:41.211824+00:00,COVERAGE_UNKNOWN,,,,,,0,1.0,COVERAGE_NOT_LOADED,,,,,,,,,,,,,,,,,,,,,,,,,,,,,,,,,,,,,,,,,,,,,,,,,,,,,NONE,,,,,,,,,,,,,,,,,,,,,,,,,,,,,,,,,,,,,,,,,,,,,,,,,,,,,,,,,,,,,,,,,,,,,,,,,,,,,,,,,,,,,,,,,,,,,,,,REJECT,99,hard_reject_noise_league
2026-07-04,2026-07-04T17:00:00+01:00,1783180800,Friendlies Clubs,667,2026,1554742,NS,Kickers Emden,12804,FC St. Pauli,186,World,NS,Not Started,,,,,,,,,,,,0.0,0.0,0.0,0.0,0.0,0.0,0.0,0.0,0.0,0.0,,,2026-07-04T10:12:41.213097+00:00,COVERAGE_UNKNOWN,,,,,,0,1.0,COVERAGE_NOT_LOADED,,,,,,,,,,,,,,,,,,,,,,,,,,,,,,,,,,,,,,,,,,,,,,,,,,,,,NONE,,,,,,,,,,,,,,,,,,,,,,,,,,,,,,,,,,,,,,,,,,,,,,,,,,,,,,,,,,,,,,,,,,,,,,,,,,,,,,,,,,,,,,,,,,,,,,,,REJECT,99,hard_reject_noise_league
2026-07-04,2026-07-04T16:00:00+01:00,1783177200,Friendlies Clubs,667,2026,1560513,NS,Kisvarda FC,2394,Tatran Prešov,10550,World,NS,Not Started,,,,,,,,,,,,0.0,0.0,0.0,0.0,0.0,0.0,0.0,0.0,0.0,0.0,,,2026-07-04T10:12:41.212940+00:00,COVERAGE_UNKNOWN,,,,,,0,1.0,COVERAGE_NOT_LOADED,,,,,,,,,,,,,,,,,,,,,,,,,,,,,,,,,,,,,,,,,,,,,,,,,,,,,NONE,,,,,,,,,,,,,,,,,,,,,,,,,,,,,,,,,,,,,,,,,,,,,,,,,,,,,,,,,,,,,,,,,,,,,,,,,,,,,,,,,,,,,,,,,,,,,,,,REJECT,99,hard_reject_noise_league
2026-07-04,2026-07-04T11:00:00+01:00,1783159200,Friendlies Clubs,667,2026,1567533,NS,Kluczbork,12806,Barycz Sułów,24785,World,NS,Not Started,,,,,,,,,,,,0.0,0.0,0.0,0.0,0.0,0.0,0.0,0.0,0.0,0.0,,,2026-07-04T10:12:41.211655+00:00,COVERAGE_UNKNOWN,,,,,,0,1.0,COVERAGE_NOT_LOADED,,,,,,,,,,,,,,,,,,,,,,,,,,,,,,,,,,,,,,,,,,,,,,,,,,,,,NONE,,,,,,,,,,,,,,,,,,,,,,,,,,,,,,,,,,,,,,,,,,,,,,,,,,,,,,,,,,,,,,,,,,,,,,,,,,,,,,,,,,,,,,,,,,,,,,,,REJECT,99,hard_reject_noise_league
2026-07-04,2026-07-04T13:00:00+01:00,1783166400,Friendlies Clubs,667,2026,1567534,NS,Laakkwartier,19247,ADO Den Haag,198,World,NS,Not Started,,,,,,,,,,,,0.0,0.0,0.0,0.0,0.0,0.0,0.0,0.0,0.0,0.0,,,2026-07-04T10:12:41.212150+00:00,COVERAGE_UNKNOWN,,,,,,0,1.0,COVERAGE_NOT_LOADED,,,,,,,,,,,,,,,,,,,,,,,,,,,,,,,,,,,,,,,,,,,,,,,,,,,,,NONE,,,,,,,,,,,,,,,,,,,,,,,,,,,,,,,,,,,,,,,,,,,,,,,,,,,,,,,,,,,,,,,,,,,,,,,,,,,,,,,,,,,,,,,,,,,,,,,,REJECT,99,hard_reject_noise_league
2026-07-04,2026-07-04T10:00:00+01:00,1783155600,Friendlies Clubs,667,2026,1562866,NS,Lausanne,1014,Étoile Carouge,6654,World,NS,Not Started,,,,,,,,,,,,0.0,0.0,0.0,0.0,0.0,0.0,0.0,0.0,0.0,0.0,,,2026-07-04T10:12:41.211480+00:00,COVERAGE_UNKNOWN,,,,,,0,1.0,COVERAGE_NOT_LOADED,,,,,,,,,,,,,,,,,,,,,,,,,,,,,,,,,,,,,,,,,,,,,,,,,,,,,NONE,,,,,,,,,,,,,,,,,,,,,,,,,,,,,,,,,,,,,,,,,,,,,,,,,,,,,,,,,,,,,,,,,,,,,,,,,,,,,,,,,,,,,,,,,,,,,,,,REJECT,99,hard_reject_noise_league
2026-07-04,2026-07-04T17:00:00+01:00,1783180800,Friendlies Clubs,667,2026,1547912,NS,Lechia Zielona Góra,14143,Miedz Legnica,335,World,NS,Not Started,,,,,,,,,,,,0.0,0.0,0.0,0.0,0.0,0.0,0.0,0.0,0.0,0.0,,,2026-07-04T10:12:41.213073+00:00,COVERAGE_UNKNOWN,,,,,,0,1.0,COVERAGE_NOT_LOADED,,,,,,,,,,,,,,,,,,,,,,,,,,,,,,,,,,,,,,,,,,,,,,,,,,,,,NONE,,,,,,,,,,,,,,,,,,,,,,,,,,,,,,,,,,,,,,,,,,,,,,,,,,,,,,,,,,,,,,,,,,,,,,,,,,,,,,,,,,,,,,,,,,,,,,,,REJECT,99,hard_reject_noise_league
2026-07-04,2026-07-04T14:00:00+01:00,1783170000,Friendlies Clubs,667,2026,1554733,NS,Limavady United,11114,Warrenpoint Town,5355,World,NS,Not Started,,,,,,,,,,,,0.0,0.0,0.0,0.0,0.0,0.0,0.0,0.0,0.0,0.0,,,2026-07-04T10:12:41.212395+00:00,COVERAGE_UNKNOWN,,,,,,0,1.0,COVERAGE_NOT_LOADED,,,,,,,,,,,,,,,,,,,,,,,,,,,,,,,,,,,,,,,,,,,,,,,,,,,,,NONE,,,,,,,,,,,,,,,,,,,,,,,,,,,,,,,,,,,,,,,,,,,,,,,,,,,,,,,,,,,,,,,,,,,,,,,,,,,,,,,,,,,,,,,,,,,,,,,,REJECT,99,hard_reject_noise_league
2026-07-04,2026-07-04T13:00:00+01:00,1783166400,Friendlies Clubs,667,2026,1554683,NS,Linfield,583,Kilmarnock,250,World,NS,Not Started,,,,,,,,,,,,0.0,0.0,0.0,0.0,0.0,0.0,0.0,0.0,0.0,0.0,,,2026-07-04T10:12:41.212082+00:00,COVERAGE_UNKNOWN,,,,,,0,1.0,COVERAGE_NOT_LOADED,,,,,,,,,,,,,,,,,,,,,,,,,,,,,,,,,,,,,,,,,,,,,,,,,,,,,NONE,,,,,,,,,,,,,,,,,,,,,,,,,,,,,,,,,,,,,,,,,,,,,,,,,,,,,,,,,,,,,,,,,,,,,,,,,,,,,,,,,,,,,,,,,,,,,,,,REJECT,99,hard_reject_noise_league
2026-07-04,2026-07-04T12:00:00+01:00,1783162800,Friendlies Clubs,667,2026,1554669,NS,Liptovský Mikuláš,10536,Baník Ostrava II,8621,World,NS,Not Started,,,,,,,,,,,,0.0,0.0,0.0,0.0,0.0,0.0,0.0,0.0,0.0,0.0,,,2026-07-04T10:12:41.211828+00:00,COVERAGE_UNKNOWN,,,,,,0,1.0,COVERAGE_NOT_LOADED,,,,,,,,,,,,,,,,,,,,,,,,,,,,,,,,,,,,,,,,,,,,,,,,,,,,,NONE,,,,,,,,,,,,,,,,,,,,,,,,,,,,,,,,,,,,,,,,,,,,,,,,,,,,,,,,,,,,,,,,,,,,,,,,,,,,,,,,,,,,,,,,,,,,,,,,REJECT,99,hard_reject_noise_league
2026-07-04,2026-07-04T15:00:00+01:00,1783173600,Friendlies Clubs,667,2026,1560522,NS,Llandudno,362,Avro,8690,World,NS,Not Started,,,,,,,,,,,,0.0,0.0,0.0,0.0,0.0,0.0,0.0,0.0,0.0,0.0,,,2026-07-04T10:12:41.212763+00:00,COVERAGE_UNKNOWN,,,,,,0,1.0,COVERAGE_NOT_LOADED,,,,,,,,,,,,,,,,,,,,,,,,,,,,,,,,,,,,,,,,,,,,,,,,,,,,,NONE,,,,,,,,,,,,,,,,,,,,,,,,,,,,,,,,,,,,,,,,,,,,,,,,,,,,,,,,,,,,,,,,,,,,,,,,,,,,,,,,,,,,,,,,,,,,,,,,REJECT,99,hard_reject_noise_league
2026-07-04,2026-07-04T16:00:00+01:00,1783177200,Friendlies Clubs,667,2026,1548760,NS,Lokomotiv Plovdiv,858,Arda Kardzhali,1430,World,NS,Not Started,,,,,,,,,,,,0.0,0.0,0.0,0.0,0.0,0.0,0.0,0.0,0.0,0.0,,,2026-07-04T10:12:41.212893+00:00,COVERAGE_UNKNOWN,,,,,,0,1.0,COVERAGE_NOT_LOADED,,,,,,,,,,,,,,,,,,,,,,,,,,,,,,,,,,,,,,,,,,,,,,,,,,,,,NONE,,,,,,,,,,,,,,,,,,,,,,,,,,,,,,,,,,,,,,,,,,,,,,,,,,,,,,,,,,,,,,,,,,,,,,,,,,,,,,,,,,,,,,,,,,,,,,,,REJECT,99,hard_reject_noise_league
2026-07-04,2026-07-04T16:00:00+01:00,1783177200,Friendlies Clubs,667,2026,1567535,NS,Lokomotiv Sofia,1416,Dukagjini,14393,World,NS,Not Started,,,,,,,,,,,,0.0,0.0,0.0,0.0,0.0,0.0,0.0,0.0,0.0,0.0,,,2026-07-04T10:12:41.212974+00:00,COVERAGE_UNKNOWN,,,,,,0,1.0,COVERAGE_NOT_LOADED,,,,,,,,,,,,,,,,,,,,,,,,,,,,,,,,,,,,,,,,,,,,,,,,,,,,,NONE,,,,,,,,,,,,,,,,,,,,,,,,,,,,,,,,,,,,,,,,,,,,,,,,,,,,,,,,,,,,,,,,,,,,,,,,,,,,,,,,,,,,,,,,,,,,,,,,REJECT,99,hard_reject_noise_league
2026-07-04,2026-07-04T15:00:00+01:00,1783173600,Friendlies Clubs,667,2026,1554734,NS,Lokomotive Leipzig,9355,Kladno,7307,World,NS,Not Started,,,,,,,,,,,,0.0,0.0,0.0,0.0,0.0,0.0,0.0,0.0,0.0,0.0,,,2026-07-04T10:12:41.212739+00:00,COVERAGE_UNKNOWN,,,,,,0,1.0,COVERAGE_NOT_LOADED,,,,,,,,,,,,,,,,,,,,,,,,,,,,,,,,,,,,,,,,,,,,,,,,,,,,,NONE,,,,,,,,,,,,,,,,,,,,,,,,,,,,,,,,,,,,,,,,,,,,,,,,,,,,,,,,,,,,,,,,,,,,,,,,,,,,,,,,,,,,,,,,,,,,,,,,REJECT,99,hard_reject_noise_league
2026-07-04,2026-07-04T15:00:00+01:00,1783173600,Friendlies Clubs,667,2026,1548761,NS,Ludogorets,566,FC Botosani,2581,World,NS,Not Started,,,,,,,,,,,,0.0,0.0,0.0,0.0,0.0,0.0,0.0,0.0,0.0,0.0,,,2026-07-04T10:12:41.212610+00:00,COVERAGE_UNKNOWN,,,,,,0,1.0,COVERAGE_NOT_LOADED,,,,,,,,,,,,,,,,,,,,,,,,,,,,,,,,,,,,,,,,,,,,,,,,,,,,,NONE,,,,,,,,,,,,,,,,,,,,,,,,,,,,,,,,,,,,,,,,,,,,,,,,,,,,,,,,,,,,,,,,,,,,,,,,,,,,,,,,,,,,,,,,,,,,,,,,REJECT,99,hard_reject_noise_league
2026-07-04,2026-07-04T09:00:00+01:00,1783152000,Friendlies Clubs,667,2026,1554658,NS,MTK Budapest,2396,Kecskeméti TE,5111,World,NS,Not Started,,,,,,,,,,,,0.0,0.0,0.0,0.0,0.0,0.0,0.0,0.0,0.0,0.0,,,2026-07-04T10:12:41.211260+00:00,COVERAGE_UNKNOWN,,,,,,0,1.0,COVERAGE_NOT_LOADED,,,,,,,,,,,,,,,,,,,,,,,,,,,,,,,,,,,,,,,,,,,,,,,,,,,,,NONE,,,,,,,,,,,,,,,,,,,,,,,,,,,,,,,,,,,,,,,,,,,,,,,,,,,,,,,,,,,,,,,,,,,,,,,,,,,,,,,,,,,,,,,,,,,,,,,,REJECT,99,hard_reject_noise_league
2026-07-04,2026-07-04T12:00:00+01:00,1783162800,Friendlies Clubs,667,2026,1567529,NS,Magdeburg II,21525,Borussia Hildesheim,12742,World,NS,Not Started,,,,,,,,,,,,0.0,0.0,0.0,0.0,0.0,0.0,0.0,0.0,0.0,0.0,,,2026-07-04T10:12:41.211848+00:00,COVERAGE_UNKNOWN,,,,,,0,1.0,COVERAGE_NOT_LOADED,,,,,,,,,,,,,,,,,,,,,,,,,,,,,,,,,,,,,,,,,,,,,,,,,,,,,NONE,,,,,,,,,,,,,,,,,,,,,,,,,,,,,,,,,,,,,,,,,,,,,,,,,,,,,,,,,,,,,,,,,,,,,,,,,,,,,,,,,,,,,,,,,,,,,,,,REJECT,99,hard_reject_noise_league
2026-07-04,2026-07-04T15:00:00+01:00,1783173600,Friendlies Clubs,667,2026,1547915,NS,Margate,7730,Dover,1829,World,NS,Not Started,,,,,,,,,,,,0.0,0.0,0.0,0.0,0.0,0.0,0.0,0.0,0.0,0.0,,,2026-07-04T10:12:41.212601+00:00,COVERAGE_UNKNOWN,,,,,,0,1.0,COVERAGE_NOT_LOADED,,,,,,,,,,,,,,,,,,,,,,,,,,,,,,,,,,,,,,,,,,,,,,,,,,,,,NONE,,,,,,,,,,,,,,,,,,,,,,,,,,,,,,,,,,,,,,,,,,,,,,,,,,,,,,,,,,,,,,,,,,,,,,,,,,,,,,,,,,,,,,,,,,,,,,,,REJECT,99,hard_reject_noise_league
2026-07-04,2026-07-04T16:30:00+01:00,1783179000,Friendlies Clubs,667,2026,1562872,NS,Maribor,552,Železničar Pančevo,12360,World,NS,Not Started,,,,,,,,,,,,0.0,0.0,0.0,0.0,0.0,0.0,0.0,0.0,0.0,0.0,,,2026-07-04T10:12:41.213022+00:00,COVERAGE_UNKNOWN,,,,,,0,1.0,COVERAGE_NOT_LOADED,,,,,,,,,,,,,,,,,,,,,,,,,,,,,,,,,,,,,,,,,,,,,,,,,,,,,NONE,,,,,,,,,,,,,,,,,,,,,,,,,,,,,,,,,,,,,,,,,,,,,,,,,,,,,,,,,,,,,,,,,,,,,,,,,,,,,,,,,,,,,,,,,,,,,,,,REJECT,99,hard_reject_noise_league
2026-07-04,2026-07-04T13:15:00+01:00,1783167300,Friendlies Clubs,667,2026,1554710,NS,Memmingen,9331,Essingen,19668,World,NS,Not Started,,,,,,,,,,,,0.0,0.0,0.0,0.0,0.0,0.0,0.0,0.0,0.0,0.0,,,2026-07-04T10:12:41.212175+00:00,COVERAGE_UNKNOWN,,,,,,0,1.0,COVERAGE_NOT_LOADED,,,,,,,,,,,,,,,,,,,,,,,,,,,,,,,,,,,,,,,,,,,,,,,,,,,,,NONE,,,,,,,,,,,,,,,,,,,,,,,,,,,,,,,,,,,,,,,,,,,,,,,,,,,,,,,,,,,,,,,,,,,,,,,,,,,,,,,,,,,,,,,,,,,,,,,,REJECT,99,hard_reject_noise_league
2026-07-04,2026-07-04T08:30:00+01:00,1783150200,Friendlies Clubs,667,2026,1567517,NS,Metalul Buzău,6875,FC Bacau,22000,World,NS,Not Started,,,,,,,,,,,,0.0,0.0,0.0,0.0,0.0,0.0,0.0,0.0,0.0,0.0,,,2026-07-04T10:12:41.211228+00:00,COVERAGE_UNKNOWN,,,,,,0,1.0,COVERAGE_NOT_LOADED,,,,,,,,,,,,,,,,,,,,,,,,,,,,,,,,,,,,,,,,,,,,,,,,,,,,,NONE,,,,,,,,,,,,,,,,,,,,,,,,,,,,,,,,,,,,,,,,,,,,,,,,,,,,,,,,,,,,,,,,,,,,,,,,,,,,,,,,,,,,,,,,,,,,,,,,REJECT,99,hard_reject_noise_league
2026-07-04,2026-07-04T15:00:00+01:00,1783173600,Friendlies Clubs,667,2026,1554735,NS,Metz,112,FC Differdange 03,684,World,NS,Not Started,,,,,,,,,,,,0.0,0.0,0.0,0.0,0.0,0.0,0.0,0.0,0.0,0.0,,,2026-07-04T10:12:41.212744+00:00,COVERAGE_UNKNOWN,,,,,,0,1.0,COVERAGE_NOT_LOADED,,,,,,,,,,,,,,,,,,,,,,,,,,,,,,,,,,,,,,,,,,,,,,,,,,,,,NONE,,,,,,,,,,,,,,,,,,,,,,,,,,,,,,,,,,,,,,,,,,,,,,,,,,,,,,,,,,,,,,,,,,,,,,,,,,,,,,,,,,,,,,,,,,,,,,,,REJECT,99,hard_reject_noise_league
2026-07-04,2026-07-04T11:00:00+01:00,1783159200,Friendlies Clubs,667,2026,1548751,NS,Miedz Legnica,335,Świt Skolwin,12902,World,NS,Not Started,,,,,,,,,,,,0.0,0.0,0.0,0.0,0.0,0.0,0.0,0.0,0.0,0.0,,,2026-07-04T10:12:41.211577+00:00,COVERAGE_UNKNOWN,,,,,,0,1.0,COVERAGE_NOT_LOADED,,,,,,,,,,,,,,,,,,,,,,,,,,,,,,,,,,,,,,,,,,,,,,,,,,,,,NONE,,,,,,,,,,,,,,,,,,,,,,,,,,,,,,,,,,,,,,,,,,,,,,,,,,,,,,,,,,,,,,,,,,,,,,,,,,,,,,,,,,,,,,,,,,,,,,,,REJECT,99,hard_reject_noise_league
2026-07-04,2026-07-04T17:00:00+01:00,1783180800,Friendlies Clubs,667,2026,1560528,NS,Mineros de Zacatecas,2299,FC Juarez,2298,World,NS,Not Started,,,,,,,,,,,,0.0,0.0,0.0,0.0,0.0,0.0,0.0,0.0,0.0,0.0,,,2026-07-04T10:12:41.213107+00:00,COVERAGE_UNKNOWN,,,,,,0,1.0,COVERAGE_NOT_LOADED,,,,,,,,,,,,,,,,,,,,,,,,,,,,,,,,,,,,,,,,,,,,,,,,,,,,,NONE,,,,,,,,,,,,,,,,,,,,,,,,,,,,,,,,,,,,,,,,,,,,,,,,,,,,,,,,,,,,,,,,,,,,,,,,,,,,,,,,,,,,,,,,,,,,,,,,REJECT,99,hard_reject_noise_league
2026-07-04,2026-07-04T14:00:00+01:00,1783170000,Friendlies Clubs,667,2026,1548771,NS,Montrose,4251,ST Johnstone,258,World,NS,Not Started,,,,,,,,,,,,0.0,0.0,0.0,0.0,0.0,0.0,0.0,0.0,0.0,0.0,,,2026-07-04T10:12:41.212330+00:00,COVERAGE_UNKNOWN,,,,,,0,1.0,COVERAGE_NOT_LOADED,,,,,,,,,,,,,,,,,,,,,,,,,,,,,,,,,,,,,,,,,,,,,,,,,,,,,NONE,,,,,,,,,,,,,,,,,,,,,,,,,,,,,,,,,,,,,,,,,,,,,,,,,,,,,,,,,,,,,,,,,,,,,,,,,,,,,,,,,,,,,,,,,,,,,,,,REJECT,99,hard_reject_noise_league
2026-07-04,2026-07-04T15:00:00+01:00,1783173600,Friendlies Clubs,667,2026,1554736,NS,Morton,1383,Stranraer,6785,World,NS,Not Started,,,,,,,,,,,,0.0,0.0,0.0,0.0,0.0,0.0,0.0,0.0,0.0,0.0,,,2026-07-04T10:12:41.212749+00:00,COVERAGE_UNKNOWN,,,,,,0,1.0,COVERAGE_NOT_LOADED,,,,,,,,,,,,,,,,,,,,,,,,,,,,,,,,,,,,,,,,,,,,,,,,,,,,,NONE,,,,,,,,,,,,,,,,,,,,,,,,,,,,,,,,,,,,,,,,,,,,,,,,,,,,,,,,,,,,,,,,,,,,,,,,,,,,,,,,,,,,,,,,,,,,,,,,REJECT,99,hard_reject_noise_league
2026-07-04,2026-07-04T17:00:00+01:00,1783180800,Friendlies Clubs,667,2026,1554686,NS,Mura,4197,FC Noah,3684,World,NS,Not Started,,,,,,,,,,,,0.0,0.0,0.0,0.0,0.0,0.0,0.0,0.0,0.0,0.0,,,2026-07-04T10:12:41.213087+00:00,COVERAGE_UNKNOWN,,,,,,0,1.0,COVERAGE_NOT_LOADED,,,,,,,,,,,,,,,,,,,,,,,,,,,,,,,,,,,,,,,,,,,,,,,,,,,,,NONE,,,,,,,,,,,,,,,,,,,,,,,,,,,,,,,,,,,,,,,,,,,,,,,,,,,,,,,,,,,,,,,,,,,,,,,,,,,,,,,,,,,,,,,,,,,,,,,,REJECT,99,hard_reject_noise_league
2026-07-04,2026-07-04T12:30:00+01:00,1783164600,Friendlies Clubs,667,2026,1567530,NS,Musselburgh Athletic,15600,Clydebank,17025,World,NS,Not Started,,,,,,,,,,,,0.0,0.0,0.0,0.0,0.0,0.0,0.0,0.0,0.0,0.0,,,2026-07-04T10:12:41.211877+00:00,COVERAGE_UNKNOWN,,,,,,0,1.0,COVERAGE_NOT_LOADED,,,,,,,,,,,,,,,,,,,,,,,,,,,,,,,,,,,,,,,,,,,,,,,,,,,,,NONE,,,,,,,,,,,,,,,,,,,,,,,,,,,,,,,,,,,,,,,,,,,,,,,,,,,,,,,,,,,,,,,,,,,,,,,,,,,,,,,,,,,,,,,,,,,,,,,,REJECT,99,hard_reject_noise_league
2026-07-04,2026-07-04T17:30:00+01:00,1783182600,Friendlies Clubs,667,2026,1562871,NS,NK Lokomotiva Zagreb,1017,Bravo,4359,World,NS,Not Started,,,,,,,,,,,,0.0,0.0,0.0,0.0,0.0,0.0,0.0,0.0,0.0,0.0,,,2026-07-04T10:12:41.213131+00:00,COVERAGE_UNKNOWN,,,,,,0,1.0,COVERAGE_NOT_LOADED,,,,,,,,,,,,,,,,,,,,,,,,,,,,,,,,,,,,,,,,,,,,,,,,,,,,,NONE,,,,,,,,,,,,,,,,,,,,,,,,,,,,,,,,,,,,,,,,,,,,,,,,,,,,,,,,,,,,,,,,,,,,,,,,,,,,,,,,,,,,,,,,,,,,,,,,REJECT,99,hard_reject_noise_league
2026-07-04,2026-07-04T18:00:00+01:00,1783184400,Friendlies Clubs,667,2026,1547916,NS,NK Osijek,616,Paks,2390,World,NS,Not Started,,,,,,,,,,,,0.0,0.0,0.0,0.0,0.0,0.0,0.0,0.0,0.0,0.0,,,2026-07-04T10:12:41.213140+00:00,COVERAGE_UNKNOWN,,,,,,0,1.0,COVERAGE_NOT_LOADED,,,,,,,,,,,,,,,,,,,,,,,,,,,,,,,,,,,,,,,,,,,,,,,,,,,,,NONE,,,,,,,,,,,,,,,,,,,,,,,,,,,,,,,,,,,,,,,,,,,,,,,,,,,,,,,,,,,,,,,,,,,,,,,,,,,,,,,,,,,,,,,,,,,,,,,,REJECT,99,hard_reject_noise_league
2026-07-04,2026-07-04T17:30:00+01:00,1783182600,Friendlies Clubs,667,2026,1560517,NS,NK Slaven Belupo,1018,Zalaegerszegi TE,2414,World,NS,Not Started,,,,,,,,,,,,0.0,0.0,0.0,0.0,0.0,0.0,0.0,0.0,0.0,0.0,,,2026-07-04T10:12:41.213126+00:00,COVERAGE_UNKNOWN,,,,,,0,1.0,COVERAGE_NOT_LOADED,,,,,,,,,,,,,,,,,,,,,,,,,,,,,,,,,,,,,,,,,,,,,,,,,,,,,NONE,,,,,,,,,,,,,,,,,,,,,,,,,,,,,,,,,,,,,,,,,,,,,,,,,,,,,,,,,,,,,,,,,,,,,,,,,,,,,,,,,,,,,,,,,,,,,,,,REJECT,99,hard_reject_noise_league
2026-07-04,2026-07-04T17:00:00+01:00,1783180800,Friendlies Clubs,667,2026,1562868,NS,NK Varazdin,1483,CSKA 1948,1426,World,NS,Not Started,,,,,,,,,,,,0.0,0.0,0.0,0.0,0.0,0.0,0.0,0.0,0.0,0.0,,,2026-07-04T10:12:41.213111+00:00,COVERAGE_UNKNOWN,,,,,,0,1.0,COVERAGE_NOT_LOADED,,,,,,,,,,,,,,,,,,,,,,,,,,,,,,,,,,,,,,,,,,,,,,,,,,,,,NONE,,,,,,,,,,,,,,,,,,,,,,,,,,,,,,,,,,,,,,,,,,,,,,,,,,,,,,,,,,,,,,,,,,,,,,,,,,,,,,,,,,,,,,,,,,,,,,,,REJECT,99,hard_reject_noise_league
2026-07-04,2026-07-04T16:30:00+01:00,1783179000,Friendlies Clubs,667,2026,1560527,NS,Nafta,4376,Budapest Honved,576,World,NS,Not Started,,,,,,,,,,,,0.0,0.0,0.0,0.0,0.0,0.0,0.0,0.0,0.0,0.0,,,2026-07-04T10:12:41.213017+00:00,COVERAGE_UNKNOWN,,,,,,0,1.0,COVERAGE_NOT_LOADED,,,,,,,,,,,,,,,,,,,,,,,,,,,,,,,,,,,,,,,,,,,,,,,,,,,,,NONE,,,,,,,,,,,,,,,,,,,,,,,,,,,,,,,,,,,,,,,,,,,,,,,,,,,,,,,,,,,,,,,,,,,,,,,,,,,,,,,,,,,,,,,,,,,,,,,,REJECT,99,hard_reject_noise_league
2026-07-04,2026-07-04T10:00:00+01:00,1783155600,Friendlies Clubs,667,2026,1560516,NS,Nancy,102,Mamer,15882,World,NS,Not Started,,,,,,,,,,,,0.0,0.0,0.0,0.0,0.0,0.0,0.0,0.0,0.0,0.0,,,2026-07-04T10:12:41.211471+00:00,COVERAGE_UNKNOWN,,,,,,0,1.0,COVERAGE_NOT_LOADED,,,,,,,,,,,,,,,,,,,,,,,,,,,,,,,,,,,,,,,,,,,,,,,,,,,,,NONE,,,,,,,,,,,,,,,,,,,,,,,,,,,,,,,,,,,,,,,,,,,,,,,,,,,,,,,,,,,,,,,,,,,,,,,,,,,,,,,,,,,,,,,,,,,,,,,,REJECT,99,hard_reject_noise_league
2026-07-04,2026-07-04T15:00:00+01:00,1783173600,Friendlies Clubs,667,2026,1548777,NS,Norwich,71,King's Lynn Town,8655,World,NS,Not Started,,,,,,,,,,,,0.0,0.0,0.0,0.0,0.0,0.0,0.0,0.0,0.0,0.0,,,2026-07-04T10:12:41.212644+00:00,COVERAGE_UNKNOWN,,,,,,0,1.0,COVERAGE_NOT_LOADED,,,,,,,,,,,,,,,,,,,,,,,,,,,,,,,,,,,,,,,,,,,,,,,,,,,,,NONE,,,,,,,,,,,,,,,,,,,,,,,,,,,,,,,,,,,,,,,,,,,,,,,,,,,,,,,,,,,,,,,,,,,,,,,,,,,,,,,,,,,,,,,,,,,,,,,,REJECT,99,hard_reject_noise_league
2026-07-04,2026-07-04T14:00:00+01:00,1783170000,Friendlies Clubs,667,2026,1546617,NS,Odense,405,Hillerød,6026,World,NS,Not Started,,,,,,,,,,,,0.0,0.0,0.0,0.0,0.0,0.0,0.0,0.0,0.0,0.0,,,2026-07-04T10:12:41.212295+00:00,COVERAGE_UNKNOWN,,,,,,0,1.0,COVERAGE_NOT_LOADED,,,,,,,,,,,,,,,,,,,,,,,,,,,,,,,,,,,,,,,,,,,,,,,,,,,,,NONE,,,,,,,,,,,,,,,,,,,,,,,,,,,,,,,,,,,,,,,,,,,,,,,,,,,,,,,,,,,,,,,,,,,,,,,,,,,,,,,,,,,,,,,,,,,,,,,,REJECT,99,hard_reject_noise_league
2026-07-04,2026-07-04T10:30:00+01:00,1783157400,Friendlies Clubs,667,2026,1554687,NS,Odra Opole,3488,Tychy 71,3495,World,NS,Not Started,,,,,,,,,,,,0.0,0.0,0.0,0.0,0.0,0.0,0.0,0.0,0.0,0.0,,,2026-07-04T10:12:41.211520+00:00,COVERAGE_UNKNOWN,,,,,,0,1.0,COVERAGE_NOT_LOADED,,,,,,,,,,,,,,,,,,,,,,,,,,,,,,,,,,,,,,,,,,,,,,,,,,,,,NONE,,,,,,,,,,,,,,,,,,,,,,,,,,,,,,,,,,,,,,,,,,,,,,,,,,,,,,,,,,,,,,,,,,,,,,,,,,,,,,,,,,,,,,,,,,,,,,,,REJECT,99,hard_reject_noise_league
2026-07-04,2026-07-04T11:00:00+01:00,1783159200,Friendlies Clubs,667,2026,1567536,NS,Oleksandria,3619,Chornomorets,3615,World,NS,Not Started,,,,,,,,,,,,0.0,0.0,0.0,0.0,0.0,0.0,0.0,0.0,0.0,0.0,,,2026-07-04T10:12:41.211660+00:00,COVERAGE_UNKNOWN,,,,,,0,1.0,COVERAGE_NOT_LOADED,,,,,,,,,,,,,,,,,,,,,,,,,,,,,,,,,,,,,,,,,,,,,,,,,,,,,NONE,,,,,,,,,,,,,,,,,,,,,,,,,,,,,,,,,,,,,,,,,,,,,,,,,,,,,,,,,,,,,,,,,,,,,,,,,,,,,,,,,,,,,,,,,,,,,,,,REJECT,99,hard_reject_noise_league
2026-07-04,2026-07-04T17:00:00+01:00,1783180800,Friendlies Clubs,667,2026,1554688,NS,Olimpija Ljubljana,677,CFR 1907 Cluj,2246,World,NS,Not Started,,,,,,,,,,,,0.0,0.0,0.0,0.0,0.0,0.0,0.0,0.0,0.0,0.0,,,2026-07-04T10:12:41.213092+00:00,COVERAGE_UNKNOWN,,,,,,0,1.0,COVERAGE_NOT_LOADED,,,,,,,,,,,,,,,,,,,,,,,,,,,,,,,,,,,,,,,,,,,,,,,,,,,,,NONE,,,,,,,,,,,,,,,,,,,,,,,,,,,,,,,,,,,,,,,,,,,,,,,,,,,,,,,,,,,,,,,,,,,,,,,,,,,,,,,,,,,,,,,,,,,,,,,,REJECT,99,hard_reject_noise_league
2026-07-04,2026-07-04T14:30:00+01:00,1783171800,Friendlies Clubs,667,2026,1546623,NS,Optik Rathenow,9356,Union Berlin,182,World,NS,Not Started,,,,,,,,,,,,0.0,0.0,0.0,0.0,0.0,0.0,0.0,0.0,0.0,0.0,,,2026-07-04T10:12:41.212468+00:00,COVERAGE_UNKNOWN,,,,,,0,1.0,COVERAGE_NOT_LOADED,,,,,,,,,,,,,,,,,,,,,,,,,,,,,,,,,,,,,,,,,,,,,,,,,,,,,NONE,,,,,,,,,,,,,,,,,,,,,,,,,,,,,,,,,,,,,,,,,,,,,,,,,,,,,,,,,,,,,,,,,,,,,,,,,,,,,,,,,,,,,,,,,,,,,,,,REJECT,99,hard_reject_noise_league
2026-07-04,2026-07-04T13:00:00+01:00,1783166400,Friendlies Clubs,667,2026,1567545,NS,PAOK,619,KVC Westerlo,261,World,NS,Not Started,,,,,,,,,,,,0.0,0.0,0.0,0.0,0.0,0.0,0.0,0.0,0.0,0.0,,,2026-07-04T10:12:41.212170+00:00,COVERAGE_UNKNOWN,,,,,,0,1.0,COVERAGE_NOT_LOADED,,,,,,,,,,,,,,,,,,,,,,,,,,,,,,,,,,,,,,,,,,,,,,,,,,,,,NONE,,,,,,,,,,,,,,,,,,,,,,,,,,,,,,,,,,,,,,,,,,,,,,,,,,,,,,,,,,,,,,,,,,,,,,,,,,,,,,,,,,,,,,,,,,,,,,,,REJECT,99,hard_reject_noise_league
2026-07-04,2026-07-04T15:00:00+01:00,1783173600,Friendlies Clubs,667,2026,1546626,NS,Peterhead,6777,Celtic II,16845,World,NS,Not Started,,,,,,,,,,,,0.0,0.0,0.0,0.0,0.0,0.0,0.0,0.0,0.0,0.0,,,2026-07-04T10:12:41.212591+00:00,COVERAGE_UNKNOWN,,,,,,0,1.0,COVERAGE_NOT_LOADED,,,,,,,,,,,,,,,,,,,,,,,,,,,,,,,,,,,,,,,,,,,,,,,,,,,,,NONE,,,,,,,,,,,,,,,,,,,,,,,,,,,,,,,,,,,,,,,,,,,,,,,,,,,,,,,,,,,,,,,,,,,,,,,,,,,,,,,,,,,,,,,,,,,,,,,,REJECT,99,hard_reject_noise_league
2026-07-04,2026-07-04T16:00:00+01:00,1783177200,Friendlies Clubs,667,2026,1547906,NS,Piast Gliwice,349,Baník Ostrava,3713,World,NS,Not Started,,,,,,,,,,,,0.0,0.0,0.0,0.0,0.0,0.0,0.0,0.0,0.0,0.0,,,2026-07-04T10:12:41.212888+00:00,COVERAGE_UNKNOWN,,,,,,0,1.0,COVERAGE_NOT_LOADED,,,,,,,,,,,,,,,,,,,,,,,,,,,,,,,,,,,,,,,,,,,,,,,,,,,,,NONE,,,,,,,,,,,,,,,,,,,,,,,,,,,,,,,,,,,,,,,,,,,,,,,,,,,,,,,,,,,,,,,,,,,,,,,,,,,,,,,,,,,,,,,,,,,,,,,,REJECT,99,hard_reject_noise_league
2026-07-04,2026-07-04T09:00:00+01:00,1783152000,Friendlies Clubs,667,2026,1562873,NS,Prostějov,3725,Sigma Olomouc II,8622,World,NS,Not Started,,,,,,,,,,,,0.0,0.0,0.0,0.0,0.0,0.0,0.0,0.0,0.0,0.0,,,2026-07-04T10:12:41.211301+00:00,COVERAGE_UNKNOWN,,,,,,0,1.0,COVERAGE_NOT_LOADED,,,,,,,,,,,,,,,,,,,,,,,,,,,,,,,,,,,,,,,,,,,,,,,,,,,,,NONE,,,,,,,,,,,,,,,,,,,,,,,,,,,,,,,,,,,,,,,,,,,,,,,,,,,,,,,,,,,,,,,,,,,,,,,,,,,,,,,,,,,,,,,,,,,,,,,,REJECT,99,hard_reject_noise_league
2026-07-04,2026-07-04T13:00:00+01:00,1783166400,Friendlies Clubs,667,2026,1554690,NS,Prostějov,3725,Sigma Olomouc,2250,World,NS,Not Started,,,,,,,,,,,,0.0,0.0,0.0,0.0,0.0,0.0,0.0,0.0,0.0,0.0,,,2026-07-04T10:12:41.212087+00:00,COVERAGE_UNKNOWN,,,,,,0,1.0,COVERAGE_NOT_LOADED,,,,,,,,,,,,,,,,,,,,,,,,,,,,,,,,,,,,,,,,,,,,,,,,,,,,,NONE,,,,,,,,,,,,,,,,,,,,,,,,,,,,,,,,,,,,,,,,,,,,,,,,,,,,,,,,,,,,,,,,,,,,,,,,,,,,,,,,,,,,,,,,,,,,,,,,REJECT,99,hard_reject_noise_league
2026-07-04,2026-07-04T16:00:00+01:00,1783177200,Friendlies Clubs,667,2026,1562874,NS,Puskas Academy,2391,Slovan Bratislava,656,World,NS,Not Started,,,,,,,,,,,,0.0,0.0,0.0,0.0,0.0,0.0,0.0,0.0,0.0,0.0,,,2026-07-04T10:12:41.212964+00:00,COVERAGE_UNKNOWN,,,,,,0,1.0,COVERAGE_NOT_LOADED,,,,,,,,,,,,,,,,,,,,,,,,,,,,,,,,,,,,,,,,,,,,,,,,,,,,,NONE,,,,,,,,,,,,,,,,,,,,,,,,,,,,,,,,,,,,,,,,,,,,,,,,,,,,,,,,,,,,,,,,,,,,,,,,,,,,,,,,,,,,,,,,,,,,,,,,REJECT,99,hard_reject_noise_league
2026-07-04,2026-07-04T15:00:00+01:00,1783173600,Friendlies Clubs,667,2026,1548778,NS,Queen of the South,1384,Crusaders FC,697,World,NS,Not Started,,,,,,,,,,,,0.0,0.0,0.0,0.0,0.0,0.0,0.0,0.0,0.0,0.0,,,2026-07-04T10:12:41.212649+00:00,COVERAGE_UNKNOWN,,,,,,0,1.0,COVERAGE_NOT_LOADED,,,,,,,,,,,,,,,,,,,,,,,,,,,,,,,,,,,,,,,,,,,,,,,,,,,,,NONE,,,,,,,,,,,,,,,,,,,,,,,,,,,,,,,,,,,,,,,,,,,,,,,,,,,,,,,,,,,,,,,,,,,,,,,,,,,,,,,,,,,,,,,,,,,,,,,,REJECT,99,hard_reject_noise_league
2026-07-04,2026-07-04T13:00:00+01:00,1783166400,Friendlies Clubs,667,2026,1567540,NS,Quierschied,17077,FC Saarbrücken,1639,World,NS,Not Started,,,,,,,,,,,,0.0,0.0,0.0,0.0,0.0,0.0,0.0,0.0,0.0,0.0,,,2026-07-04T10:12:41.212160+00:00,COVERAGE_UNKNOWN,,,,,,0,1.0,COVERAGE_NOT_LOADED,,,,,,,,,,,,,,,,,,,,,,,,,,,,,,,,,,,,,,,,,,,,,,,,,,,,,NONE,,,,,,,,,,,,,,,,,,,,,,,,,,,,,,,,,,,,,,,,,,,,,,,,,,,,,,,,,,,,,,,,,,,,,,,,,,,,,,,,,,,,,,,,,,,,,,,,REJECT,99,hard_reject_noise_league
2026-07-04,2026-07-04T14:00:00+01:00,1783170000,Friendlies Clubs,667,2026,1554718,NS,RAAL La Louvière,5902,Rochefort,5914,World,NS,Not Started,,,,,,,,,,,,0.0,0.0,0.0,0.0,0.0,0.0,0.0,0.0,0.0,0.0,,,2026-07-04T10:12:41.212381+00:00,COVERAGE_UNKNOWN,,,,,,0,1.0,COVERAGE_NOT_LOADED,,,,,,,,,,,,,,,,,,,,,,,,,,,,,,,,,,,,,,,,,,,,,,,,,,,,,NONE,,,,,,,,,,,,,,,,,,,,,,,,,,,,,,,,,,,,,,,,,,,,,,,,,,,,,,,,,,,,,,,,,,,,,,,,,,,,,,,,,,,,,,,,,,,,,,,,REJECT,99,hard_reject_noise_league
2026-07-04,2026-07-04T15:00:00+01:00,1783173600,Friendlies Clubs,667,2026,1554691,NS,Raków Częstochowa,3491,Puszcza Niepołomice,3490,World,NS,Not Started,,,,,,,,,,,,0.0,0.0,0.0,0.0,0.0,0.0,0.0,0.0,0.0,0.0,,,2026-07-04T10:12:41.212690+00:00,COVERAGE_UNKNOWN,,,,,,0,1.0,COVERAGE_NOT_LOADED,,,,,,,,,,,,,,,,,,,,,,,,,,,,,,,,,,,,,,,,,,,,,,,,,,,,,NONE,,,,,,,,,,,,,,,,,,,,,,,,,,,,,,,,,,,,,,,,,,,,,,,,,,,,,,,,,,,,,,,,,,,,,,,,,,,,,,,,,,,,,,,,,,,,,,,,REJECT,99,hard_reject_noise_league
2026-07-04,2026-07-04T13:30:00+01:00,1783168200,Friendlies Clubs,667,2026,1554712,NS,Ramlingen / Ehlershausen,16089,Hannover 96,166,World,NS,Not Started,,,,,,,,,,,,0.0,0.0,0.0,0.0,0.0,0.0,0.0,0.0,0.0,0.0,,,2026-07-04T10:12:41.212203+00:00,COVERAGE_UNKNOWN,,,,,,0,1.0,COVERAGE_NOT_LOADED,,,,,,,,,,,,,,,,,,,,,,,,,,,,,,,,,,,,,,,,,,,,,,,,,,,,,NONE,,,,,,,,,,,,,,,,,,,,,,,,,,,,,,,,,,,,,,,,,,,,,,,,,,,,,,,,,,,,,,,,,,,,,,,,,,,,,,,,,,,,,,,,,,,,,,,,REJECT,99,hard_reject_noise_league
2026-07-04,2026-07-04T16:30:00+01:00,1783179000,Friendlies Clubs,667,2026,1554692,NS,Rilski Sportist,8547,Vihren,5025,World,NS,Not Started,,,,,,,,,,,,0.0,0.0,0.0,0.0,0.0,0.0,0.0,0.0,0.0,0.0,,,2026-07-04T10:12:41.213008+00:00,COVERAGE_UNKNOWN,,,,,,0,1.0,COVERAGE_NOT_LOADED,,,,,,,,,,,,,,,,,,,,,,,,,,,,,,,,,,,,,,,,,,,,,,,,,,,,,NONE,,,,,,,,,,,,,,,,,,,,,,,,,,,,,,,,,,,,,,,,,,,,,,,,,,,,,,,,,,,,,,,,,,,,,,,,,,,,,,,,,,,,,,,,,,,,,,,,REJECT,99,hard_reject_noise_league
2026-07-04,2026-07-04T14:30:00+01:00,1783171800,Friendlies Clubs,667,2026,1546622,NS,Rot-weiss Oberhausen,1658,VfL Bochum,176,World,NS,Not Started,,,,,,,,,,,,0.0,0.0,0.0,0.0,0.0,0.0,0.0,0.0,0.0,0.0,,,2026-07-04T10:12:41.212463+00:00,COVERAGE_UNKNOWN,,,,,,0,1.0,COVERAGE_NOT_LOADED,,,,,,,,,,,,,,,,,,,,,,,,,,,,,,,,,,,,,,,,,,,,,,,,,,,,,NONE,,,,,,,,,,,,,,,,,,,,,,,,,,,,,,,,,,,,,,,,,,,,,,,,,,,,,,,,,,,,,,,,,,,,,,,,,,,,,,,,,,,,,,,,,,,,,,,,REJECT,99,hard_reject_noise_league
2026-07-04,2026-07-04T13:00:00+01:00,1783166400,Friendlies Clubs,667,2026,1554694,NS,Rotor Volgograd,2010,Torpedo Moskva,3985,World,NS,Not Started,,,,,,,,,,,,0.0,0.0,0.0,0.0,0.0,0.0,0.0,0.0,0.0,0.0,,,2026-07-04T10:12:41.212092+00:00,COVERAGE_UNKNOWN,,,,,,0,1.0,COVERAGE_NOT_LOADED,,,,,,,,,,,,,,,,,,,,,,,,,,,,,,,,,,,,,,,,,,,,,,,,,,,,,NONE,,,,,,,,,,,,,,,,,,,,,,,,,,,,,,,,,,,,,,,,,,,,,,,,,,,,,,,,,,,,,,,,,,,,,,,,,,,,,,,,,,,,,,,,,,,,,,,,REJECT,99,hard_reject_noise_league
2026-07-04,2026-07-04T09:30:00+01:00,1783153800,Friendlies Clubs,667,2026,1554693,NS,Ruch Chorzów,6953,Śląsk Wrocław II,12900,World,NS,Not Started,,,,,,,,,,,,0.0,0.0,0.0,0.0,0.0,0.0,0.0,0.0,0.0,0.0,,,2026-07-04T10:12:41.211335+00:00,COVERAGE_UNKNOWN,,,,,,0,1.0,COVERAGE_NOT_LOADED,,,,,,,,,,,,,,,,,,,,,,,,,,,,,,,,,,,,,,,,,,,,,,,,,,,,,NONE,,,,,,,,,,,,,,,,,,,,,,,,,,,,,,,,,,,,,,,,,,,,,,,,,,,,,,,,,,,,,,,,,,,,,,,,,,,,,,,,,,,,,,,,,,,,,,,,REJECT,99,hard_reject_noise_league
2026-07-04,2026-07-04T14:00:00+01:00,1783170000,Friendlies Clubs,667,2026,1550523,NS,Rutherglen Glencairn,19795,Clyde,6762,World,NS,Not Started,,,,,,,,,,,,0.0,0.0,0.0,0.0,0.0,0.0,0.0,0.0,0.0,0.0,,,2026-07-04T10:12:41.212340+00:00,COVERAGE_UNKNOWN,,,,,,0,1.0,COVERAGE_NOT_LOADED,,,,,,,,,,,,,,,,,,,,,,,,,,,,,,,,,,,,,,,,,,,,,,,,,,,,,NONE,,,,,,,,,,,,,,,,,,,,,,,,,,,,,,,,,,,,,,,,,,,,,,,,,,,,,,,,,,,,,,,,,,,,,,,,,,,,,,,,,,,,,,,,,,,,,,,,REJECT,99,hard_reject_noise_league
2026-07-04,2026-07-04T15:00:00+01:00,1783173600,Friendlies Clubs,667,2026,1546624,NS,SCR Altach,618,1. FC Heidenheim,180,World,NS,Not Started,,,,,,,,,,,,0.0,0.0,0.0,0.0,0.0,0.0,0.0,0.0,0.0,0.0,,,2026-07-04T10:12:41.212581+00:00,COVERAGE_UNKNOWN,,,,,,0,1.0,COVERAGE_NOT_LOADED,,,,,,,,,,,,,,,,,,,,,,,,,,,,,,,,,,,,,,,,,,,,,,,,,,,,,NONE,,,,,,,,,,,,,,,,,,,,,,,,,,,,,,,,,,,,,,,,,,,,,,,,,,,,,,,,,,,,,,,,,,,,,,,,,,,,,,,,,,,,,,,,,,,,,,,,REJECT,99,hard_reject_noise_league
2026-07-04,2026-07-04T13:00:00+01:00,1783166400,Friendlies Clubs,667,2026,1550519,NS,SG Sonnenhof Grossaspach,1317,SGV Freiberg,12846,World,NS,Not Started,,,,,,,,,,,,0.0,0.0,0.0,0.0,0.0,0.0,0.0,0.0,0.0,0.0,,,2026-07-04T10:12:41.212033+00:00,COVERAGE_UNKNOWN,,,,,,0,1.0,COVERAGE_NOT_LOADED,,,,,,,,,,,,,,,,,,,,,,,,,,,,,,,,,,,,,,,,,,,,,,,,,,,,,NONE,,,,,,,,,,,,,,,,,,,,,,,,,,,,,,,,,,,,,,,,,,,,,,,,,,,,,,,,,,,,,,,,,,,,,,,,,,,,,,,,,,,,,,,,,,,,,,,,REJECT,99,hard_reject_noise_league
2026-07-04,2026-07-04T18:00:00+01:00,1783184400,Friendlies Clubs,667,2026,1560529,NS,SKU Amstetten,1404,SV Horn,1397,World,NS,Not Started,,,,,,,,,,,,0.0,0.0,0.0,0.0,0.0,0.0,0.0,0.0,0.0,0.0,,,2026-07-04T10:12:41.213150+00:00,COVERAGE_UNKNOWN,,,,,,0,1.0,COVERAGE_NOT_LOADED,,,,,,,,,,,,,,,,,,,,,,,,,,,,,,,,,,,,,,,,,,,,,,,,,,,,,NONE,,,,,,,,,,,,,,,,,,,,,,,,,,,,,,,,,,,,,,,,,,,,,,,,,,,,,,,,,,,,,,,,,,,,,,,,,,,,,,,,,,,,,,,,,,,,,,,,REJECT,99,hard_reject_noise_league
2026-07-04,2026-07-04T12:00:00+01:00,1783162800,Friendlies Clubs,667,2026,1554665,NS,SV Drochtersen/Assel,1623,SV Rodinghausen,1650,World,NS,Not Started,,,,,,,,,,,,0.0,0.0,0.0,0.0,0.0,0.0,0.0,0.0,0.0,0.0,,,2026-07-04T10:12:41.211809+00:00,COVERAGE_UNKNOWN,,,,,,0,1.0,COVERAGE_NOT_LOADED,,,,,,,,,,,,,,,,,,,,,,,,,,,,,,,,,,,,,,,,,,,,,,,,,,,,,NONE,,,,,,,,,,,,,,,,,,,,,,,,,,,,,,,,,,,,,,,,,,,,,,,,,,,,,,,,,,,,,,,,,,,,,,,,,,,,,,,,,,,,,,,,,,,,,,,,REJECT,99,hard_reject_noise_league
2026-07-04,2026-07-04T16:00:00+01:00,1783177200,Friendlies Clubs,667,2026,1562877,NS,Schalke 04 II,9373,Gievenbeck,14693,World,NS,Not Started,,,,,,,,,,,,0.0,0.0,0.0,0.0,0.0,0.0,0.0,0.0,0.0,0.0,,,2026-07-04T10:12:41.212969+00:00,COVERAGE_UNKNOWN,,,,,,0,1.0,COVERAGE_NOT_LOADED,,,,,,,,,,,,,,,,,,,,,,,,,,,,,,,,,,,,,,,,,,,,,,,,,,,,,NONE,,,,,,,,,,,,,,,,,,,,,,,,,,,,,,,,,,,,,,,,,,,,,,,,,,,,,,,,,,,,,,,,,,,,,,,,,,,,,,,,,,,,,,,,,,,,,,,,REJECT,99,hard_reject_noise_league
2026-07-04,2026-07-04T15:00:00+01:00,1783173600,Friendlies Clubs,667,2026,1548779,NS,Selsey,8924,Worthing,7761,World,NS,Not Started,,,,,,,,,,,,0.0,0.0,0.0,0.0,0.0,0.0,0.0,0.0,0.0,0.0,,,2026-07-04T10:12:41.212654+00:00,COVERAGE_UNKNOWN,,,,,,0,1.0,COVERAGE_NOT_LOADED,,,,,,,,,,,,,,,,,,,,,,,,,,,,,,,,,,,,,,,,,,,,,,,,,,,,,NONE,,,,,,,,,,,,,,,,,,,,,,,,,,,,,,,,,,,,,,,,,,,,,,,,,,,,,,,,,,,,,,,,,,,,,,,,,,,,,,,,,,,,,,,,,,,,,,,,REJECT,99,hard_reject_noise_league
2026-07-04,2026-07-04T16:00:00+01:00,1783177200,Friendlies Clubs,667,2026,1554695,NS,Septemvri Sofia,856,Slavia Sofia,854,World,NS,Not Started,,,,,,,,,,,,0.0,0.0,0.0,0.0,0.0,0.0,0.0,0.0,0.0,0.0,,,2026-07-04T10:12:41.212907+00:00,COVERAGE_UNKNOWN,,,,,,0,1.0,COVERAGE_NOT_LOADED,,,,,,,,,,,,,,,,,,,,,,,,,,,,,,,,,,,,,,,,,,,,,,,,,,,,,NONE,,,,,,,,,,,,,,,,,,,,,,,,,,,,,,,,,,,,,,,,,,,,,,,,,,,,,,,,,,,,,,,,,,,,,,,,,,,,,,,,,,,,,,,,,,,,,,,,REJECT,99,hard_reject_noise_league
2026-07-04,2026-07-04T16:00:00+01:00,1783177200,Friendlies Clubs,667,2026,1554696,NS,Servette FC,2184,Stade Nyonnais,6646,World,NS,Not Started,,,,,,,,,,,,0.0,0.0,0.0,0.0,0.0,0.0,0.0,0.0,0.0,0.0,,,2026-07-04T10:12:41.212912+00:00,COVERAGE_UNKNOWN,,,,,,0,1.0,COVERAGE_NOT_LOADED,,,,,,,,,,,,,,,,,,,,,,,,,,,,,,,,,,,,,,,,,,,,,,,,,,,,,NONE,,,,,,,,,,,,,,,,,,,,,,,,,,,,,,,,,,,,,,,,,,,,,,,,,,,,,,,,,,,,,,,,,,,,,,,,,,,,,,,,,,,,,,,,,,,,,,,,REJECT,99,hard_reject_noise_league
2026-07-04,2026-07-04T14:00:00+01:00,1783170000,Friendlies Clubs,667,2026,1560526,NS,Sigma Olomouc,2250,Hanácká,7291,World,NS,Not Started,,,,,,,,,,,,0.0,0.0,0.0,0.0,0.0,0.0,0.0,0.0,0.0,0.0,,,2026-07-04T10:12:41.212410+00:00,COVERAGE_UNKNOWN,,,,,,0,1.0,COVERAGE_NOT_LOADED,,,,,,,,,,,,,,,,,,,,,,,,,,,,,,,,,,,,,,,,,,,,,,,,,,,,,NONE,,,,,,,,,,,,,,,,,,,,,,,,,,,,,,,,,,,,,,,,,,,,,,,,,,,,,,,,,,,,,,,,,,,,,,,,,,,,,,,,,,,,,,,,,,,,,,,,REJECT,99,hard_reject_noise_league
2026-07-04,2026-07-04T16:00:00+01:00,1783177200,Friendlies Clubs,667,2026,1567539,NS,Ska-khabarovsk,1087,Veles,6833,World,NS,Not Started,,,,,,,,,,,,0.0,0.0,0.0,0.0,0.0,0.0,0.0,0.0,0.0,0.0,,,2026-07-04T10:12:41.212979+00:00,COVERAGE_UNKNOWN,,,,,,0,1.0,COVERAGE_NOT_LOADED,,,,,,,,,,,,,,,,,,,,,,,,,,,,,,,,,,,,,,,,,,,,,,,,,,,,,NONE,,,,,,,,,,,,,,,,,,,,,,,,,,,,,,,,,,,,,,,,,,,,,,,,,,,,,,,,,,,,,,,,,,,,,,,,,,,,,,,,,,,,,,,,,,,,,,,,REJECT,99,hard_reject_noise_league
2026-07-04,2026-07-04T17:00:00+01:00,1783180800,Friendlies Clubs,667,2026,1547923,NS,Slask Wroclaw,337,Chrobry Głogów,3483,World,NS,Not Started,,,,,,,,,,,,0.0,0.0,0.0,0.0,0.0,0.0,0.0,0.0,0.0,0.0,,,2026-07-04T10:12:41.213077+00:00,COVERAGE_UNKNOWN,,,,,,0,1.0,COVERAGE_NOT_LOADED,,,,,,,,,,,,,,,,,,,,,,,,,,,,,,,,,,,,,,,,,,,,,,,,,,,,,NONE,,,,,,,,,,,,,,,,,,,,,,,,,,,,,,,,,,,,,,,,,,,,,,,,,,,,,,,,,,,,,,,,,,,,,,,,,,,,,,,,,,,,,,,,,,,,,,,,REJECT,99,hard_reject_noise_league
2026-07-04,2026-07-04T16:00:00+01:00,1783177200,Friendlies Clubs,667,2026,1554699,NS,Slovácko,3719,Spartak Trnava,1120,World,NS,Not Started,,,,,,,,,,,,0.0,0.0,0.0,0.0,0.0,0.0,0.0,0.0,0.0,0.0,,,2026-07-04T10:12:41.212917+00:00,COVERAGE_UNKNOWN,,,,,,0,1.0,COVERAGE_NOT_LOADED,,,,,,,,,,,,,,,,,,,,,,,,,,,,,,,,,,,,,,,,,,,,,,,,,,,,,NONE,,,,,,,,,,,,,,,,,,,,,,,,,,,,,,,,,,,,,,,,,,,,,,,,,,,,,,,,,,,,,,,,,,,,,,,,,,,,,,,,,,,,,,,,,,,,,,,,REJECT,99,hard_reject_noise_league
2026-07-04,2026-07-04T12:00:00+01:00,1783162800,Friendlies Clubs,667,2026,1547903,NS,Sparta Praha,628,Opava,3717,World,NS,Not Started,,,,,,,,,,,,0.0,0.0,0.0,0.0,0.0,0.0,0.0,0.0,0.0,0.0,,,2026-07-04T10:12:41.211775+00:00,COVERAGE_UNKNOWN,,,,,,0,1.0,COVERAGE_NOT_LOADED,,,,,,,,,,,,,,,,,,,,,,,,,,,,,,,,,,,,,,,,,,,,,,,,,,,,,NONE,,,,,,,,,,,,,,,,,,,,,,,,,,,,,,,,,,,,,,,,,,,,,,,,,,,,,,,,,,,,,,,,,,,,,,,,,,,,,,,,,,,,,,,,,,,,,,,,REJECT,99,hard_reject_noise_league
2026-07-04,2026-07-04T15:00:00+01:00,1783173600,Friendlies Clubs,667,2026,1548765,NS,Spartak Moscow,558,Krylia Sovetov,1079,World,NS,Not Started,,,,,,,,,,,,0.0,0.0,0.0,0.0,0.0,0.0,0.0,0.0,0.0,0.0,,,2026-07-04T10:12:41.212615+00:00,COVERAGE_UNKNOWN,,,,,,0,1.0,COVERAGE_NOT_LOADED,,,,,,,,,,,,,,,,,,,,,,,,,,,,,,,,,,,,,,,,,,,,,,,,,,,,,NONE,,,,,,,,,,,,,,,,,,,,,,,,,,,,,,,,,,,,,,,,,,,,,,,,,,,,,,,,,,,,,,,,,,,,,,,,,,,,,,,,,,,,,,,,,,,,,,,,REJECT,99,hard_reject_noise_league
2026-07-04,2026-07-04T15:00:00+01:00,1783173600,Friendlies Clubs,667,2026,1560521,NS,Sporting Club Jemappes,5930,Francs Borains,5805,World,NS,Not Started,,,,,,,,,,,,0.0,0.0,0.0,0.0,0.0,0.0,0.0,0.0,0.0,0.0,,,2026-07-04T10:12:41.212758+00:00,COVERAGE_UNKNOWN,,,,,,0,1.0,COVERAGE_NOT_LOADED,,,,,,,,,,,,,,,,,,,,,,,,,,,,,,,,,,,,,,,,,,,,,,,,,,,,,NONE,,,,,,,,,,,,,,,,,,,,,,,,,,,,,,,,,,,,,,,,,,,,,,,,,,,,,,,,,,,,,,,,,,,,,,,,,,,,,,,,,,,,,,,,,,,,,,,,REJECT,99,hard_reject_noise_league
2026-07-04,2026-07-04T13:00:00+01:00,1783166400,Friendlies Clubs,667,2026,1567542,NS,Sportist Svoge,8550,Lokomotiv Mezdra,8523,World,NS,Not Started,,,,,,,,,,,,0.0,0.0,0.0,0.0,0.0,0.0,0.0,0.0,0.0,0.0,,,2026-07-04T10:12:41.212165+00:00,COVERAGE_UNKNOWN,,,,,,0,1.0,COVERAGE_NOT_LOADED,,,,,,,,,,,,,,,,,,,,,,,,,,,,,,,,,,,,,,,,,,,,,,,,,,,,,NONE,,,,,,,,,,,,,,,,,,,,,,,,,,,,,,,,,,,,,,,,,,,,,,,,,,,,,,,,,,,,,,,,,,,,,,,,,,,,,,,,,,,,,,,,,,,,,,,,REJECT,99,hard_reject_noise_league
2026-07-04,2026-07-04T10:00:00+01:00,1783155600,Friendlies Clubs,667,2026,1567541,NS,Stal Mielec,3493,Sandecja Nowy Sącz,3492,World,NS,Not Started,,,,,,,,,,,,0.0,0.0,0.0,0.0,0.0,0.0,0.0,0.0,0.0,0.0,,,2026-07-04T10:12:41.211505+00:00,COVERAGE_UNKNOWN,,,,,,0,1.0,COVERAGE_NOT_LOADED,,,,,,,,,,,,,,,,,,,,,,,,,,,,,,,,,,,,,,,,,,,,,,,,,,,,,NONE,,,,,,,,,,,,,,,,,,,,,,,,,,,,,,,,,,,,,,,,,,,,,,,,,,,,,,,,,,,,,,,,,,,,,,,,,,,,,,,,,,,,,,,,,,,,,,,,REJECT,99,hard_reject_noise_league
2026-07-04,2026-07-04T12:00:00+01:00,1783162800,Friendlies Clubs,667,2026,1554670,NS,Swindon Town,1353,Swindon Supermarine,7751,World,NS,Not Started,,,,,,,,,,,,0.0,0.0,0.0,0.0,0.0,0.0,0.0,0.0,0.0,0.0,,,2026-07-04T10:12:41.211833+00:00,COVERAGE_UNKNOWN,,,,,,0,1.0,COVERAGE_NOT_LOADED,,,,,,,,,,,,,,,,,,,,,,,,,,,,,,,,,,,,,,,,,,,,,,,,,,,,,NONE,,,,,,,,,,,,,,,,,,,,,,,,,,,,,,,,,,,,,,,,,,,,,,,,,,,,,,,,,,,,,,,,,,,,,,,,,,,,,,,,,,,,,,,,,,,,,,,,REJECT,99,hard_reject_noise_league
2026-07-04,2026-07-04T16:30:00+01:00,1783179000,Friendlies Clubs,667,2026,1548767,NS,TSV Hartberg,1072,Ujpest,2255,World,NS,Not Started,,,,,,,,,,,,0.0,0.0,0.0,0.0,0.0,0.0,0.0,0.0,0.0,0.0,,,2026-07-04T10:12:41.213003+00:00,COVERAGE_UNKNOWN,,,,,,0,1.0,COVERAGE_NOT_LOADED,,,,,,,,,,,,,,,,,,,,,,,,,,,,,,,,,,,,,,,,,,,,,,,,,,,,,NONE,,,,,,,,,,,,,,,,,,,,,,,,,,,,,,,,,,,,,,,,,,,,,,,,,,,,,,,,,,,,,,,,,,,,,,,,,,,,,,,,,,,,,,,,,,,,,,,,REJECT,99,hard_reject_noise_league
2026-07-04,2026-07-04T15:00:00+01:00,1783173600,Friendlies Clubs,667,2026,1567546,NS,Todesfelde,12880,Paloma,12828,World,NS,Not Started,,,,,,,,,,,,0.0,0.0,0.0,0.0,0.0,0.0,0.0,0.0,0.0,0.0,,,2026-07-04T10:12:41.212772+00:00,COVERAGE_UNKNOWN,,,,,,0,1.0,COVERAGE_NOT_LOADED,,,,,,,,,,,,,,,,,,,,,,,,,,,,,,,,,,,,,,,,,,,,,,,,,,,,,NONE,,,,,,,,,,,,,,,,,,,,,,,,,,,,,,,,,,,,,,,,,,,,,,,,,,,,,,,,,,,,,,,,,,,,,,,,,,,,,,,,,,,,,,,,,,,,,,,,REJECT,99,hard_reject_noise_league
2026-07-04,2026-07-04T14:00:00+01:00,1783170000,Friendlies Clubs,667,2026,1554719,NS,Tranent Juniors,15602,Stirling Albion,4669,World,NS,Not Started,,,,,,,,,,,,0.0,0.0,0.0,0.0,0.0,0.0,0.0,0.0,0.0,0.0,,,2026-07-04T10:12:41.212386+00:00,COVERAGE_UNKNOWN,,,,,,0,1.0,COVERAGE_NOT_LOADED,,,,,,,,,,,,,,,,,,,,,,,,,,,,,,,,,,,,,,,,,,,,,,,,,,,,,NONE,,,,,,,,,,,,,,,,,,,,,,,,,,,,,,,,,,,,,,,,,,,,,,,,,,,,,,,,,,,,,,,,,,,,,,,,,,,,,,,,,,,,,,,,,,,,,,,,REJECT,99,hard_reject_noise_league
2026-07-04,2026-07-04T13:00:00+01:00,1783166400,Friendlies Clubs,667,2026,1554702,NS,Twente,415,Aberdeen,252,World,NS,Not Started,,,,,,,,,,,,0.0,0.0,0.0,0.0,0.0,0.0,0.0,0.0,0.0,0.0,,,2026-07-04T10:12:41.212097+00:00,COVERAGE_UNKNOWN,,,,,,0,1.0,COVERAGE_NOT_LOADED,,,,,,,,,,,,,,,,,,,,,,,,,,,,,,,,,,,,,,,,,,,,,,,,,,,,,NONE,,,,,,,,,,,,,,,,,,,,,,,,,,,,,,,,,,,,,,,,,,,,,,,,,,,,,,,,,,,,,,,,,,,,,,,,,,,,,,,,,,,,,,,,,,,,,,,,REJECT,99,hard_reject_noise_league
2026-07-04,2026-07-04T12:00:00+01:00,1783162800,Friendlies Clubs,667,2026,1562867,NS,Union Klosterfelde,22912,Krieschow,14713,World,NS,Not Started,,,,,,,,,,,,0.0,0.0,0.0,0.0,0.0,0.0,0.0,0.0,0.0,0.0,,,2026-07-04T10:12:41.211843+00:00,COVERAGE_UNKNOWN,,,,,,0,1.0,COVERAGE_NOT_LOADED,,,,,,,,,,,,,,,,,,,,,,,,,,,,,,,,,,,,,,,,,,,,,,,,,,,,,NONE,,,,,,,,,,,,,,,,,,,,,,,,,,,,,,,,,,,,,,,,,,,,,,,,,,,,,,,,,,,,,,,,,,,,,,,,,,,,,,,,,,,,,,,,,,,,,,,,REJECT,99,hard_reject_noise_league
2026-07-04,2026-07-04T15:00:00+01:00,1783173600,Friendlies Clubs,667,2026,1554726,NS,United of Manchester,7754,Bradford,1343,World,NS,Not Started,,,,,,,,,,,,0.0,0.0,0.0,0.0,0.0,0.0,0.0,0.0,0.0,0.0,,,2026-07-04T10:12:41.212715+00:00,COVERAGE_UNKNOWN,,,,,,0,1.0,COVERAGE_NOT_LOADED,,,,,,,,,,,,,,,,,,,,,,,,,,,,,,,,,,,,,,,,,,,,,,,,,,,,,NONE,,,,,,,,,,,,,,,,,,,,,,,,,,,,,,,,,,,,,,,,,,,,,,,,,,,,,,,,,,,,,,,,,,,,,,,,,,,,,,,,,,,,,,,,,,,,,,,,REJECT,99,hard_reject_noise_league
2026-07-04,2026-07-04T15:30:00+01:00,1783175400,Friendlies Clubs,667,2026,1560524,NS,Universitario,2540,Sport Boys,2544,World,NS,Not Started,,,,,,,,,,,,0.0,0.0,0.0,0.0,0.0,0.0,0.0,0.0,0.0,0.0,,,2026-07-04T10:12:41.212821+00:00,COVERAGE_UNKNOWN,,,,,,0,1.0,COVERAGE_NOT_LOADED,,,,,,,,,,,,,,,,,,,,,,,,,,,,,,,,,,,,,,,,,,,,,,,,,,,,,NONE,,,,,,,,,,,,,,,,,,,,,,,,,,,,,,,,,,,,,,,,,,,,,,,,,,,,,,,,,,,,,,,,,,,,,,,,,,,,,,,,,,,,,,,,,,,,,,,,REJECT,99,hard_reject_noise_league
2026-07-04,2026-07-04T11:00:00+01:00,1783159200,Friendlies Clubs,667,2026,1560518,NS,Ural,1084,Chelyabinsk,6790,World,NS,Not Started,,,,,,,,,,,,0.0,0.0,0.0,0.0,0.0,0.0,0.0,0.0,0.0,0.0,,,2026-07-04T10:12:41.211649+00:00,COVERAGE_UNKNOWN,,,,,,0,1.0,COVERAGE_NOT_LOADED,,,,,,,,,,,,,,,,,,,,,,,,,,,,,,,,,,,,,,,,,,,,,,,,,,,,,NONE,,,,,,,,,,,,,,,,,,,,,,,,,,,,,,,,,,,,,,,,,,,,,,,,,,,,,,,,,,,,,,,,,,,,,,,,,,,,,,,,,,,,,,,,,,,,,,,,REJECT,99,hard_reject_noise_league
2026-07-04,2026-07-04T13:00:00+01:00,1783166400,Friendlies Clubs,667,2026,1562875,NS,Valerenga,326,Fredrikstad,2149,World,NS,Not Started,,,,,,,,,,,,0.0,0.0,0.0,0.0,0.0,0.0,0.0,0.0,0.0,0.0,,,2026-07-04T10:12:41.212145+00:00,COVERAGE_UNKNOWN,,,,,,0,1.0,COVERAGE_NOT_LOADED,,,,,,,,,,,,,,,,,,,,,,,,,,,,,,,,,,,,,,,,,,,,,,,,,,,,,NONE,,,,,,,,,,,,,,,,,,,,,,,,,,,,,,,,,,,,,,,,,,,,,,,,,,,,,,,,,,,,,,,,,,,,,,,,,,,,,,,,,,,,,,,,,,,,,,,,REJECT,99,hard_reject_noise_league
2026-07-04,2026-07-04T13:00:00+01:00,1783166400,Friendlies Clubs,667,2026,1554703,NS,Veres Rivne,6501,UCSA,21957,World,NS,Not Started,,,,,,,,,,,,0.0,0.0,0.0,0.0,0.0,0.0,0.0,0.0,0.0,0.0,,,2026-07-04T10:12:41.212101+00:00,COVERAGE_UNKNOWN,,,,,,0,1.0,COVERAGE_NOT_LOADED,,,,,,,,,,,,,,,,,,,,,,,,,,,,,,,,,,,,,,,,,,,,,,,,,,,,,NONE,,,,,,,,,,,,,,,,,,,,,,,,,,,,,,,,,,,,,,,,,,,,,,,,,,,,,,,,,,,,,,,,,,,,,,,,,,,,,,,,,,,,,,,,,,,,,,,,REJECT,99,hard_reject_noise_league
2026-07-04,2026-07-04T15:00:00+01:00,1783173600,Friendlies Clubs,667,2026,1548780,NS,Verlaine,5970,Standard Liege,733,World,NS,Not Started,,,,,,,,,,,,0.0,0.0,0.0,0.0,0.0,0.0,0.0,0.0,0.0,0.0,,,2026-07-04T10:12:41.212659+00:00,COVERAGE_UNKNOWN,,,,,,0,1.0,COVERAGE_NOT_LOADED,,,,,,,,,,,,,,,,,,,,,,,,,,,,,,,,,,,,,,,,,,,,,,,,,,,,,NONE,,,,,,,,,,,,,,,,,,,,,,,,,,,,,,,,,,,,,,,,,,,,,,,,,,,,,,,,,,,,,,,,,,,,,,,,,,,,,,,,,,,,,,,,,,,,,,,,REJECT,99,hard_reject_noise_league
2026-07-04,2026-07-04T13:00:00+01:00,1783166400,Friendlies Clubs,667,2026,1546614,NS,VfB Lübeck,1625,SSV Jeddeloh,1655,World,NS,Not Started,,,,,,,,,,,,0.0,0.0,0.0,0.0,0.0,0.0,0.0,0.0,0.0,0.0,,,2026-07-04T10:12:41.211999+00:00,COVERAGE_UNKNOWN,,,,,,0,1.0,COVERAGE_NOT_LOADED,,,,,,,,,,,,,,,,,,,,,,,,,,,,,,,,,,,,,,,,,,,,,,,,,,,,,NONE,,,,,,,,,,,,,,,,,,,,,,,,,,,,,,,,,,,,,,,,,,,,,,,,,,,,,,,,,,,,,,,,,,,,,,,,,,,,,,,,,,,,,,,,,,,,,,,,REJECT,99,hard_reject_noise_league
2026-07-04,2026-07-04T16:30:00+01:00,1783179000,Friendlies Clubs,667,2026,1554741,NS,WSG Wattens,1398,Gornik Zabrze,340,World,NS,Not Started,,,,,,,,,,,,0.0,0.0,0.0,0.0,0.0,0.0,0.0,0.0,0.0,0.0,,,2026-07-04T10:12:41.213012+00:00,COVERAGE_UNKNOWN,,,,,,0,1.0,COVERAGE_NOT_LOADED,,,,,,,,,,,,,,,,,,,,,,,,,,,,,,,,,,,,,,,,,,,,,,,,,,,,,NONE,,,,,,,,,,,,,,,,,,,,,,,,,,,,,,,,,,,,,,,,,,,,,,,,,,,,,,,,,,,,,,,,,,,,,,,,,,,,,,,,,,,,,,,,,,,,,,,,REJECT,99,hard_reject_noise_league
2026-07-04,2026-07-04T14:00:00+01:00,1783170000,Friendlies Clubs,667,2026,1554720,NS,Waalwijk,417,Jong AZ,418,World,NS,Not Started,,,,,,,,,,,,0.0,0.0,0.0,0.0,0.0,0.0,0.0,0.0,0.0,0.0,,,2026-07-04T10:12:41.212390+00:00,COVERAGE_UNKNOWN,,,,,,0,1.0,COVERAGE_NOT_LOADED,,,,,,,,,,,,,,,,,,,,,,,,,,,,,,,,,,,,,,,,,,,,,,,,,,,,,NONE,,,,,,,,,,,,,,,,,,,,,,,,,,,,,,,,,,,,,,,,,,,,,,,,,,,,,,,,,,,,,,,,,,,,,,,,,,,,,,,,,,,,,,,,,,,,,,,,REJECT,99,hard_reject_noise_league
2026-07-04,2026-07-04T12:00:00+01:00,1783162800,Friendlies Clubs,667,2026,1567543,NS,Wacker Innsbruck,1073,Bayern München II,4674,World,NS,Not Started,,,,,,,,,,,,0.0,0.0,0.0,0.0,0.0,0.0,0.0,0.0,0.0,0.0,,,2026-07-04T10:12:41.211852+00:00,COVERAGE_UNKNOWN,,,,,,0,1.0,COVERAGE_NOT_LOADED,,,,,,,,,,,,,,,,,,,,,,,,,,,,,,,,,,,,,,,,,,,,,,,,,,,,,NONE,,,,,,,,,,,,,,,,,,,,,,,,,,,,,,,,,,,,,,,,,,,,,,,,,,,,,,,,,,,,,,,,,,,,,,,,,,,,,,,,,,,,,,,,,,,,,,,,REJECT,99,hard_reject_noise_league
2026-07-04,2026-07-04T16:30:00+01:00,1783179000,Friendlies Clubs,667,2026,1546605,NS,Widzew Łódź,6962,Dunajska Streda,2257,World,NS,Not Started,,,,,,,,,,,,0.0,0.0,0.0,0.0,0.0,0.0,0.0,0.0,0.0,0.0,,,2026-07-04T10:12:41.212993+00:00,COVERAGE_UNKNOWN,,,,,,0,1.0,COVERAGE_NOT_LOADED,,,,,,,,,,,,,,,,,,,,,,,,,,,,,,,,,,,,,,,,,,,,,,,,,,,,,NONE,,,,,,,,,,,,,,,,,,,,,,,,,,,,,,,,,,,,,,,,,,,,,,,,,,,,,,,,,,,,,,,,,,,,,,,,,,,,,,,,,,,,,,,,,,,,,,,,REJECT,99,hard_reject_noise_league
2026-07-04,2026-07-04T13:00:00+01:00,1783166400,Friendlies Clubs,667,2026,1554704,NS,Wiedenbrück,12897,BSG Chemie Leipzig,1651,World,NS,Not Started,,,,,,,,,,,,0.0,0.0,0.0,0.0,0.0,0.0,0.0,0.0,0.0,0.0,,,2026-07-04T10:12:41.212106+00:00,COVERAGE_UNKNOWN,,,,,,0,1.0,COVERAGE_NOT_LOADED,,,,,,,,,,,,,,,,,,,,,,,,,,,,,,,,,,,,,,,,,,,,,,,,,,,,,NONE,,,,,,,,,,,,,,,,,,,,,,,,,,,,,,,,,,,,,,,,,,,,,,,,,,,,,,,,,,,,,,,,,,,,,,,,,,,,,,,,,,,,,,,,,,,,,,,,REJECT,99,hard_reject_noise_league
2026-07-04,2026-07-04T13:00:00+01:00,1783166400,Friendlies Clubs,667,2026,1554705,NS,Willem II,195,Quick Boys,1272,World,NS,Not Started,,,,,,,,,,,,0.0,0.0,0.0,0.0,0.0,0.0,0.0,0.0,0.0,0.0,,,2026-07-04T10:12:41.212111+00:00,COVERAGE_UNKNOWN,,,,,,0,1.0,COVERAGE_NOT_LOADED,,,,,,,,,,,,,,,,,,,,,,,,,,,,,,,,,,,,,,,,,,,,,,,,,,,,,NONE,,,,,,,,,,,,,,,,,,,,,,,,,,,,,,,,,,,,,,,,,,,,,,,,,,,,,,,,,,,,,,,,,,,,,,,,,,,,,,,,,,,,,,,,,,,,,,,,REJECT,99,hard_reject_noise_league
2026-07-04,2026-07-04T16:00:00+01:00,1783177200,Friendlies Clubs,667,2026,1554706,NS,Yantra 2019,8528,Ludogorets II,1409,World,NS,Not Started,,,,,,,,,,,,0.0,0.0,0.0,0.0,0.0,0.0,0.0,0.0,0.0,0.0,,,2026-07-04T10:12:41.212921+00:00,COVERAGE_UNKNOWN,,,,,,0,1.0,COVERAGE_NOT_LOADED,,,,,,,,,,,,,,,,,,,,,,,,,,,,,,,,,,,,,,,,,,,,,,,,,,,,,NONE,,,,,,,,,,,,,,,,,,,,,,,,,,,,,,,,,,,,,,,,,,,,,,,,,,,,,,,,,,,,,,,,,,,,,,,,,,,,,,,,,,,,,,,,,,,,,,,,REJECT,99,hard_reject_noise_league
2026-07-04,2026-07-04T10:00:00+01:00,1783155600,Friendlies Clubs,667,2026,1554707,NS,Zaglebie Lubin,345,Pogon Szczecin,348,World,NS,Not Started,,,,,,,,,,,,0.0,0.0,0.0,0.0,0.0,0.0,0.0,0.0,0.0,0.0,,,2026-07-04T10:12:41.211451+00:00,COVERAGE_UNKNOWN,,,,,,0,1.0,COVERAGE_NOT_LOADED,,,,,,,,,,,,,,,,,,,,,,,,,,,,,,,,,,,,,,,,,,,,,,,,,,,,,NONE,,,,,,,,,,,,,,,,,,,,,,,,,,,,,,,,,,,,,,,,,,,,,,,,,,,,,,,,,,,,,,,,,,,,,,,,,,,,,,,,,,,,,,,,,,,,,,,,REJECT,99,hard_reject_noise_league
2026-07-04,2026-07-04T11:00:00+01:00,1783159200,Friendlies Clubs,667,2026,1554708,NS,Zawisza Bydgoszcz,13843,Legia Warszawa II,6944,World,NS,Not Started,,,,,,,,,,,,0.0,0.0,0.0,0.0,0.0,0.0,0.0,0.0,0.0,0.0,,,2026-07-04T10:12:41.211611+00:00,COVERAGE_UNKNOWN,,,,,,0,1.0,COVERAGE_NOT_LOADED,,,,,,,,,,,,,,,,,,,,,,,,,,,,,,,,,,,,,,,,,,,,,,,,,,,,,NONE,,,,,,,,,,,,,,,,,,,,,,,,,,,,,,,,,,,,,,,,,,,,,,,,,,,,,,,,,,,,,,,,,,,,,,,,,,,,,,,,,,,,,,,,,,,,,,,,REJECT,99,hard_reject_noise_league
2026-07-04,2026-07-04T16:00:00+01:00,1783177200,Friendlies Clubs,667,2026,1554675,NS,Zbrojovka Brno,3733,Csikszereda,6230,World,NS,Not Started,,,,,,,,,,,,0.0,0.0,0.0,0.0,0.0,0.0,0.0,0.0,0.0,0.0,,,2026-07-04T10:12:41.212902+00:00,COVERAGE_UNKNOWN,,,,,,0,1.0,COVERAGE_NOT_LOADED,,,,,,,,,,,,,,,,,,,,,,,,,,,,,,,,,,,,,,,,,,,,,,,,,,,,,NONE,,,,,,,,,,,,,,,,,,,,,,,,,,,,,,,,,,,,,,,,,,,,,,,,,,,,,,,,,,,,,,,,,,,,,,,,,,,,,,,,,,,,,,,,,,,,,,,,REJECT,99,hard_reject_noise_league
2026-07-04,2026-07-04T15:00:00+01:00,1783173600,Friendlies Clubs,667,2026,1550524,NS,Zelzate,6001,Zulte Waregem,600,World,NS,Not Started,,,,,,,,,,,,0.0,0.0,0.0,0.0,0.0,0.0,0.0,0.0,0.0,0.0,,,2026-07-04T10:12:41.212679+00:00,COVERAGE_UNKNOWN,,,,,,0,1.0,COVERAGE_NOT_LOADED,,,,,,,,,,,,,,,,,,,,,,,,,,,,,,,,,,,,,,,,,,,,,,,,,,,,,NONE,,,,,,,,,,,,,,,,,,,,,,,,,,,,,,,,,,,,,,,,,,,,,,,,,,,,,,,,,,,,,,,,,,,,,,,,,,,,,,,,,,,,,,,,,,,,,,,,REJECT,99,hard_reject_noise_league
2026-07-04,2026-07-04T16:00:00+01:00,1783177200,Friendlies Clubs,667,2026,1554740,NS,Zepperen-Brustem,8476,St. Truiden,735,World,NS,Not Started,,,,,,,,,,,,0.0,0.0,0.0,0.0,0.0,0.0,0.0,0.0,0.0,0.0,,,2026-07-04T10:12:41.212931+00:00,COVERAGE_UNKNOWN,,,,,,0,1.0,COVERAGE_NOT_LOADED,,,,,,,,,,,,,,,,,,,,,,,,,,,,,,,,,,,,,,,,,,,,,,,,,,,,,NONE,,,,,,,,,,,,,,,,,,,,,,,,,,,,,,,,,,,,,,,,,,,,,,,,,,,,,,,,,,,,,,,,,,,,,,,,,,,,,,,,,,,,,,,,,,,,,,,,REJECT,99,hard_reject_noise_league
2026-07-04,2026-07-04T09:00:00+01:00,1783152000,Friendlies Clubs,667,2026,1567523,NS,České Budějovice,3736,Slavia Praha II,8618,World,NS,Not Started,,,,,,,,,,,,0.0,0.0,0.0,0.0,0.0,0.0,0.0,0.0,0.0,0.0,,,2026-07-04T10:12:41.211306+00:00,COVERAGE_UNKNOWN,,,,,,0,1.0,COVERAGE_NOT_LOADED,,,,,,,,,,,,,,,,,,,,,,,,,,,,,,,,,,,,,,,,,,,,,,,,,,,,,NONE,,,,,,,,,,,,,,,,,,,,,,,,,,,,,,,,,,,,,,,,,,,,,,,,,,,,,,,,,,,,,,,,,,,,,,,,,,,,,,,,,,,,,,,,,,,,,,,,REJECT,99,hard_reject_noise_league
2026-07-04,2026-07-04T12:00:00+01:00,1783162800,Friendlies Clubs,667,2026,1548759,NS,ŁKS Łódź,3498,Radomiak Radom,4248,World,NS,Not Started,,,,,,,,,,,,0.0,0.0,0.0,0.0,0.0,0.0,0.0,0.0,0.0,0.0,,,2026-07-04T10:12:41.211785+00:00,COVERAGE_UNKNOWN,,,,,,0,1.0,COVERAGE_NOT_LOADED,,,,,,,,,,,,,,,,,,,,,,,,,,,,,,,,,,,,,,,,,,,,,,,,,,,,,NONE,,,,,,,,,,,,,,,,,,,,,,,,,,,,,,,,,,,,,,,,,,,,,,,,,,,,,,,,,,,,,,,,,,,,,,,,,,,,,,,,,,,,,,,,,,,,,,,,REJECT,99,hard_reject_noise_league
2026-07-04,2026-07-04T19:00:00+01:00,1783188000,Liga Women,1229,2026,1560401,NS,Atl. Andahuaylas W,27772,Sporting Cristal W,27778,Peru,NS,Not Started,,,,,,,,,,,,0.0,0.0,0.0,0.0,0.0,0.0,0.0,0.0,0.0,0.0,,,2026-07-04T10:12:41.213380+00:00,COVERAGE_UNKNOWN,,,,,,0,1.0,COVERAGE_NOT_LOADED,,,,,,,,,,,,,,,,,,,,,,,,,,,,,,,,,,,,,,,,,,,,,,,,,,,,,NONE,,,,,,,,,,,,,,,,,,,,,,,,,,,,,,,,,,,,,,,,,,,,,,,,,,,,,,,,,,,,,,,,,,,,,,,,,,,,,,,,,,,,,,,,,,,,,,,,REJECT,99,hard_reject_noise_league
2026-07-04,2026-07-04T10:00:00+01:00,1783155600,Npl Nsw U20,1230,2026,1549317,NS,Manly Utd U20,27803,SD Raiders U20,27807,Australia,NS,Not Started,,,,,,,,,,,,0.0,0.0,0.0,0.0,0.0,0.0,0.0,0.0,0.0,0.0,,,2026-07-04T10:12:41.211409+00:00,COVERAGE_UNKNOWN,,,,,,0,1.0,COVERAGE_NOT_LOADED,,,,,,,,,,,,,,,,,,,,,,,,,,,,,,,,,,,,,,,,,,,,,,,,,,,,,NONE,,,,,,,,,,,,,,,,,,,,,,,,,,,,,,,,,,,,,,,,,,,,,,,,,,,,,,,,,,,,,,,,,,,,,,,,,,,,,,,,,,,,,,,,,,,,,,,,REJECT,99,hard_reject_noise_league
2026-07-04,2026-07-04T20:00:00+01:00,1783191600,Paraibano U20,1120,2026,1576755,NS,Cruzeiro Itaporanga U20,24037,Treze U20,24050,Brazil,NS,Not Started,,,,,,,,,,,,0.0,0.0,0.0,0.0,0.0,0.0,0.0,0.0,0.0,0.0,,,2026-07-04T10:12:41.213550+00:00,COVERAGE_UNKNOWN,,,,,,0,1.0,COVERAGE_NOT_LOADED,,,,,,,,,,,,,,,,,,,,,,,,,,,,,,,,,,,,,,,,,,,,,,,,,,,,,NONE,,,,,,,,,,,,,,,,,,,,,,,,,,,,,,,,,,,,,,,,,,,,,,,,,,,,,,,,,,,,,,,,,,,,,,,,,,,,,,,,,,,,,,,,,,,,,,,,REJECT,99,hard_reject_noise_league
2026-07-04,2026-07-04T19:00:00+01:00,1783188000,Paulista - U20,1086,2026,1547302,NS,Aguai U20,23465,Botafogo SP U20,12987,Brazil,NS,Not Started,,,,,,,,,,,,0.0,0.0,0.0,0.0,0.0,0.0,0.0,0.0,0.0,0.0,,,2026-07-04T10:12:41.213290+00:00,COVERAGE_UNKNOWN,,,,,,0,1.0,COVERAGE_NOT_LOADED,,,,,,,,,,,,,,,,,,,,,,,,,,,,,,,,,,,,,,,,,,,,,,,,,,,,,NONE,,,,,,,,,,,,,,,,,,,,,,,,,,,,,,,,,,,,,,,,,,,,,,,,,,,,,,,,,,,,,,,,,,,,,,,,,,,,,,,,,,,,,,,,,,,,,,,,REJECT,99,hard_reject_noise_league
2026-07-04,2026-07-04T19:00:00+01:00,1783188000,Paulista - U20,1086,2026,1547304,NS,Ponte Preta U20,13044,Santos U20,13055,Brazil,NS,Not Started,,,,,,,,,,,,0.0,0.0,0.0,0.0,0.0,0.0,0.0,0.0,0.0,0.0,,,2026-07-04T10:12:41.213295+00:00,COVERAGE_UNKNOWN,,,,,,0,1.0,COVERAGE_NOT_LOADED,,,,,,,,,,,,,,,,,,,,,,,,,,,,,,,,,,,,,,,,,,,,,,,,,,,,,NONE,,,,,,,,,,,,,,,,,,,,,,,,,,,,,,,,,,,,,,,,,,,,,,,,,,,,,,,,,,,,,,,,,,,,,,,,,,,,,,,,,,,,,,,,,,,,,,,,REJECT,99,hard_reject_noise_league
2026-07-04,2026-07-04T19:00:00+01:00,1783188000,Paulista - U20,1086,2026,1547305,NS,São Paulo U20,12973,XV de Piracicaba U20,13077,Brazil,NS,Not Started,,,,,,,,,,,,0.0,0.0,0.0,0.0,0.0,0.0,0.0,0.0,0.0,0.0,,,2026-07-04T10:12:41.213300+00:00,COVERAGE_UNKNOWN,,,,,,0,1.0,COVERAGE_NOT_LOADED,,,,,,,,,,,,,,,,,,,,,,,,,,,,,,,,,,,,,,,,,,,,,,,,,,,,,NONE,,,,,,,,,,,,,,,,,,,,,,,,,,,,,,,,,,,,,,,,,,,,,,,,,,,,,,,,,,,,,,,,,,,,,,,,,,,,,,,,,,,,,,,,,,,,,,,,REJECT,99,hard_reject_noise_league
2026-07-04,2026-07-04T14:00:00+01:00,1783170000,Torneo Promocional Amateur,1067,2026,1549964,NS,Barrancas UMET,23095,Buenos Aires City,27786,Argentina,NS,Not Started,,,,,,,,,,,,0.0,0.0,0.0,0.0,0.0,0.0,0.0,0.0,0.0,0.0,,,2026-07-04T10:12:41.212335+00:00,COVERAGE_UNKNOWN,,,,,,0,1.0,COVERAGE_NOT_LOADED,,,,,,,,,,,,,,,,,,,,,,,,,,,,,,,,,,,,,,,,,,,,,,,,,,,,,NONE,,,,,,,,,,,,,,,,,,,,,,,,,,,,,,,,,,,,,,,,,,,,,,,,,,,,,,,,,,,,,,,,,,,,,,,,,,,,,,,,,,,,,,,,,,,,,,,,REJECT,99,hard_reject_noise_league
2026-07-04,2026-07-04T19:00:00+01:00,1783188000,Torneo Promocional Amateur,1067,2026,1549953,NS,Deportivo Metalurgico,23098,SAT Moreno,23106,Argentina,NS,Not Started,,,,,,,,,,,,0.0,0.0,0.0,0.0,0.0,0.0,0.0,0.0,0.0,0.0,,,2026-07-04T10:12:41.213305+00:00,COVERAGE_UNKNOWN,,,,,,0,1.0,COVERAGE_NOT_LOADED,,,,,,,,,,,,,,,,,,,,,,,,,,,,,,,,,,,,,,,,,,,,,,,,,,,,,NONE,,,,,,,,,,,,,,,,,,,,,,,,,,,,,,,,,,,,,,,,,,,,,,,,,,,,,,,,,,,,,,,,,,,,,,,,,,,,,,,,,,,,,,,,,,,,,,,,REJECT,99,hard_reject_noise_league
2026-07-04,2026-07-04T19:00:00+01:00,1783188000,Torneo Promocional Amateur,1067,2026,1549967,NS,Las Mandarinas,27788,Uribelarrea,27796,Argentina,NS,Not Started,,,,,,,,,,,,0.0,0.0,0.0,0.0,0.0,0.0,0.0,0.0,0.0,0.0,,,2026-07-04T10:12:41.213310+00:00,COVERAGE_UNKNOWN,,,,,,0,1.0,COVERAGE_NOT_LOADED,,,,,,,,,,,,,,,,,,,,,,,,,,,,,,,,,,,,,,,,,,,,,,,,,,,,,NONE,,,,,,,,,,,,,,,,,,,,,,,,,,,,,,,,,,,,,,,,,,,,,,,,,,,,,,,,,,,,,,,,,,,,,,,,,,,,,,,,,,,,,,,,,,,,,,,,REJECT,99,hard_reject_noise_league
2026-07-04,2026-07-04T14:00:00+01:00,1783170000,UEFA U19 Championship,493,2026,1543338,NS,Denmark U19,10331,Wales U19,10353,World,NS,Not Started,,,,,,,,,,,,0.0,0.0,0.0,0.0,0.0,0.0,0.0,0.0,0.0,0.0,,,2026-07-04T10:12:41.212280+00:00,COVERAGE_UNKNOWN,,,,,,0,1.0,COVERAGE_NOT_LOADED,,,,,,,,,,,,,,,,,,,,,,,,,,,,,,,,,,,,,,,,,,,,,,,,,,,,,NONE,,,,,,,,,,,,,,,,,,,,,,,,,,,,,,,,,,,,,,,,,,,,,,,,,,,,,,,,,,,,,,,,,,,,,,,,,,,,,,,,,,,,,,,,,,,,,,,,REJECT,99,hard_reject_noise_league
2026-07-04,2026-07-04T14:00:00+01:00,1783170000,UEFA U19 Championship,493,2026,1543339,NS,Spain U19,10349,Germany U19,10336,World,NS,Not Started,,,,,,,,,,,,0.0,0.0,0.0,0.0,0.0,0.0,0.0,0.0,0.0,0.0,,,2026-07-04T10:12:41.212285+00:00,COVERAGE_UNKNOWN,,,,,,0,1.0,COVERAGE_NOT_LOADED,,,,,,,,,,,,,,,,,,,,,,,,,,,,,,,,,,,,,,,,,,,,,,,,,,,,,NONE,,,,,,,,,,,,,,,,,,,,,,,,,,,,,,,,,,,,,,,,,,,,,,,,,,,,,,,,,,,,,,,,,,,,,,,,,,,,,,,,,,,,,,,,,,,,,,,,REJECT,99,hard_reject_noise_league
2026-07-04,2026-07-04T16:00:00+01:00,1783177200,UEFA U19 Championship - Women,918,2026,1561067,NS,Iceland U19 W,21272,Switzerland U19 W,27196,World,NS,Not Started,,,,,,,,,,,,0.0,0.0,0.0,0.0,0.0,0.0,0.0,0.0,0.0,0.0,,,2026-07-04T10:12:41.212954+00:00,COVERAGE_UNKNOWN,,,,,,0,1.0,COVERAGE_NOT_LOADED,,,,,,,,,,,,,,,,,,,,,,,,,,,,,,,,,,,,,,,,,,,,,,,,,,,,,NONE,,,,,,,,,,,,,,,,,,,,,,,,,,,,,,,,,,,,,,,,,,,,,,,,,,,,,,,,,,,,,,,,,,,,,,,,,,,,,,,,,,,,,,,,,,,,,,,,REJECT,99,hard_reject_noise_league
2026-07-04,2026-07-04T16:00:00+01:00,1783177200,UEFA U19 Championship - Women,918,2026,1561068,NS,Spain U19 W,19066,Austria U19 W,21270,World,NS,Not Started,,,,,,,,,,,,0.0,0.0,0.0,0.0,0.0,0.0,0.0,0.0,0.0,0.0,,,2026-07-04T10:12:41.212959+00:00,COVERAGE_UNKNOWN,,,,,,0,1.0,COVERAGE_NOT_LOADED,,,,,,,,,,,,,,,,,,,,,,,,,,,,,,,,,,,,,,,,,,,,,,,,,,,,,NONE,,,,,,,,,,,,,,,,,,,,,,,,,,,,,,,,,,,,,,,,,,,,,,,,,,,,,,,,,,,,,,,,,,,,,,,,,,,,,,,,,,,,,,,,,,,,,,,,REJECT,99,hard_reject_noise_league
