target_date,generated_at,fixture_id,home_team,away_team,league,promotion_status,gap_status,gap_stage,scored_row_found,scored_row_status,gap_reason,recommended_fix,allowed_downstream_use,auto_apply,production_change
2026-07-04,2026-07-04T21:28:51+01:00,1494200,Sirius,Mjallby AIF,Allsvenskan,TRUSTED_SOURCE_BUT_NO_SCORED_ROW,MISSING_SCORED_ROW,SCORING_NOT_RUN_FOR_TRUSTED_RAW,false,MISSING,trusted raw candidate has no matching scored row,Run/repair scoring enrichment over trusted raw fixture candidates before market translation.,WAIT_SCORING,NO,NO
2026-07-04,2026-07-04T21:28:51+01:00,1506988,Jeonbuk Motors,Gangwon FC,,PROMOTED_TO_SCORING_INPUT,PROMOTED,SCORING_ALLOWED,true,SCORED_AVAILABLE,raw candidate was promoted to normal scoring flow,"Proceed through normal scoring, translator, board and prelock gates.",SCORING_ALLOWED_WITH_NORMAL_GATES,NO,NO
2026-07-04,2026-07-04T21:28:51+01:00,1494194,Degerfors IF,Malmo FF,Allsvenskan,PROMOTED_TO_SCORING_INPUT,PROMOTED,SCORING_ALLOWED,true,SCORED_AVAILABLE,raw candidate was promoted to normal scoring flow,"Proceed through normal scoring, translator, board and prelock gates.",SCORING_ALLOWED_WITH_NORMAL_GATES,NO,NO
2026-07-04,2026-07-04T21:28:51+01:00,1494198,Halmstad,Vasteras SK FK,Allsvenskan,PROMOTED_TO_SCORING_INPUT,PROMOTED,SCORING_ALLOWED,true,SCORED_AVAILABLE,raw candidate was promoted to normal scoring flow,"Proceed through normal scoring, translator, board and prelock gates.",SCORING_ALLOWED_WITH_NORMAL_GATES,NO,NO
2026-07-04,2026-07-04T21:28:51+01:00,1506987,Daejeon Citizen,Bucheon FC 1995,K League 1,PROMOTED_TO_SCORING_INPUT,PROMOTED,SCORING_ALLOWED,true,SCORED_AVAILABLE,raw candidate was promoted to normal scoring flow,"Proceed through normal scoring, translator, board and prelock gates.",SCORING_ALLOWED_WITH_NORMAL_GATES,NO,NO
2026-07-04,2026-07-04T21:28:51+01:00,1506986,FC Anyang,Pohang Steelers,K League 1,PROMOTED_TO_SCORING_INPUT,PROMOTED,SCORING_ALLOWED,true,SCORED_AVAILABLE,raw candidate was promoted to normal scoring flow,"Proceed through normal scoring, translator, board and prelock gates.",SCORING_ALLOWED_WITH_NORMAL_GATES,NO,NO
2026-07-04,2026-07-04T21:28:51+01:00,1547581,Panevėžys,Hegelmann Litauen,A Lyga,TRUSTED_SOURCE_BUT_NO_DATA_BLOCKED,SCORED_ROW_NO_DATA_BLOCKED,SCORING_ENRICHMENT_BLOCKED,true,NO_DATA_BLOCKED,matching scored row exists but is NO_DATA_BLOCKED,Repair enrichment inputs for stats/odds/standings/coverage; do not promote until non-blocked.,NO_PROMOTION_NO_BET,NO,NO
2026-07-04,2026-07-04T21:28:51+01:00,1520752,Criciuma,Sport Recife,Serie B,TRUSTED_SOURCE_BUT_NO_DATA_BLOCKED,SCORED_ROW_NO_DATA_BLOCKED,SCORING_ENRICHMENT_BLOCKED,true,NO_DATA_BLOCKED,matching scored row exists but is NO_DATA_BLOCKED,Repair enrichment inputs for stats/odds/standings/coverage; do not promote until non-blocked.,NO_PROMOTION_NO_BET,NO,NO
2026-07-04,2026-07-04T21:28:51+01:00,1520756,Londrina,CRB,Serie B,TRUSTED_SOURCE_BUT_NO_DATA_BLOCKED,SCORED_ROW_NO_DATA_BLOCKED,SCORING_ENRICHMENT_BLOCKED,true,NO_DATA_BLOCKED,matching scored row exists but is NO_DATA_BLOCKED,Repair enrichment inputs for stats/odds/standings/coverage; do not promote until non-blocked.,NO_PROMOTION_NO_BET,NO,NO
2026-07-04,2026-07-04T21:28:51+01:00,1520758,Novorizontino,Atletico Goianiense,Serie B,TRUSTED_SOURCE_BUT_NO_DATA_BLOCKED,SCORED_ROW_NO_DATA_BLOCKED,SCORING_ENRICHMENT_BLOCKED,true,NO_DATA_BLOCKED,matching scored row exists but is NO_DATA_BLOCKED,Repair enrichment inputs for stats/odds/standings/coverage; do not promote until non-blocked.,NO_PROMOTION_NO_BET,NO,NO
2026-07-04,2026-07-04T21:28:51+01:00,1526878,Confiança,Barra,Serie C,TRUSTED_SOURCE_BUT_NO_DATA_BLOCKED,SCORED_ROW_NO_DATA_BLOCKED,SCORING_ENRICHMENT_BLOCKED,true,NO_DATA_BLOCKED,matching scored row exists but is NO_DATA_BLOCKED,Repair enrichment inputs for stats/odds/standings/coverage; do not promote until non-blocked.,NO_PROMOTION_NO_BET,NO,NO
2026-07-04,2026-07-04T21:28:51+01:00,1526881,Maranhão,Inter De Limeira,Serie C,TRUSTED_SOURCE_BUT_NO_DATA_BLOCKED,SCORED_ROW_NO_DATA_BLOCKED,SCORING_ENRICHMENT_BLOCKED,true,NO_DATA_BLOCKED,matching scored row exists but is NO_DATA_BLOCKED,Repair enrichment inputs for stats/odds/standings/coverage; do not promote until non-blocked.,NO_PROMOTION_NO_BET,NO,NO
2026-07-04,2026-07-04T21:28:51+01:00,1526882,Maringá,Volta Redonda,Serie C,TRUSTED_SOURCE_BUT_NO_DATA_BLOCKED,SCORED_ROW_NO_DATA_BLOCKED,SCORING_ENRICHMENT_BLOCKED,true,NO_DATA_BLOCKED,matching scored row exists but is NO_DATA_BLOCKED,Repair enrichment inputs for stats/odds/standings/coverage; do not promote until non-blocked.,NO_PROMOTION_NO_BET,NO,NO
2026-07-04,2026-07-04T21:28:51+01:00,1526883,Santa Cruz,Ituano,Serie C,TRUSTED_SOURCE_BUT_NO_DATA_BLOCKED,SCORED_ROW_NO_DATA_BLOCKED,SCORING_ENRICHMENT_BLOCKED,true,NO_DATA_BLOCKED,matching scored row exists but is NO_DATA_BLOCKED,Repair enrichment inputs for stats/odds/standings/coverage; do not promote until non-blocked.,NO_PROMOTION_NO_BET,NO,NO
2026-07-04,2026-07-04T21:28:51+01:00,1495724,FF Jaro,Ilves,Veikkausliiga,TRUSTED_SOURCE_BUT_NO_DATA_BLOCKED,SCORED_ROW_NO_DATA_BLOCKED,SCORING_ENRICHMENT_BLOCKED,true,NO_DATA_BLOCKED,matching scored row exists but is NO_DATA_BLOCKED,Repair enrichment inputs for stats/odds/standings/coverage; do not promote until non-blocked.,NO_PROMOTION_NO_BET,NO,NO
2026-07-04,2026-07-04T21:28:51+01:00,1495723,Lahti,Gnistan,Veikkausliiga,TRUSTED_SOURCE_BUT_NO_DATA_BLOCKED,SCORED_ROW_NO_DATA_BLOCKED,SCORING_ENRICHMENT_BLOCKED,true,NO_DATA_BLOCKED,matching scored row exists but is NO_DATA_BLOCKED,Repair enrichment inputs for stats/odds/standings/coverage; do not promote until non-blocked.,NO_PROMOTION_NO_BET,NO,NO
2026-07-04,2026-07-04T21:28:51+01:00,1495725,SJK,Turku PS,Veikkausliiga,TRUSTED_SOURCE_BUT_NO_DATA_BLOCKED,SCORED_ROW_NO_DATA_BLOCKED,SCORING_ENRICHMENT_BLOCKED,true,NO_DATA_BLOCKED,matching scored row exists but is NO_DATA_BLOCKED,Repair enrichment inputs for stats/odds/standings/coverage; do not promote until non-blocked.,NO_PROMOTION_NO_BET,NO,NO
2026-07-04,2026-07-04T21:28:51+01:00,1495726,VPS,Mariehamn,Veikkausliiga,TRUSTED_SOURCE_BUT_NO_DATA_BLOCKED,SCORED_ROW_NO_DATA_BLOCKED,SCORING_ENRICHMENT_BLOCKED,true,NO_DATA_BLOCKED,matching scored row exists but is NO_DATA_BLOCKED,Repair enrichment inputs for stats/odds/standings/coverage; do not promote until non-blocked.,NO_PROMOTION_NO_BET,NO,NO
2026-07-04,2026-07-04T21:28:51+01:00,1506636,B71,HB II,1. Deild,TRUSTED_SOURCE_BUT_NO_SCORED_ROW,MISSING_SCORED_ROW,SCORING_NOT_RUN_FOR_TRUSTED_RAW,false,MISSING,trusted raw candidate has no matching scored row,Run/repair scoring enrichment over trusted raw fixture candidates before market translation.,WAIT_SCORING,NO,NO
2026-07-04,2026-07-04T21:28:51+01:00,1514223,Grindavik,Vestri,1. Deild,TRUSTED_SOURCE_BUT_NO_SCORED_ROW,MISSING_SCORED_ROW,SCORING_NOT_RUN_FOR_TRUSTED_RAW,false,MISSING,trusted raw candidate has no matching scored row,Run/repair scoring enrichment over trusted raw fixture candidates before market translation.,WAIT_SCORING,NO,NO
2026-07-04,2026-07-04T21:28:51+01:00,1514224,Leiknir R.,Völsungur,1. Deild,TRUSTED_SOURCE_BUT_NO_SCORED_ROW,MISSING_SCORED_ROW,SCORING_NOT_RUN_FOR_TRUSTED_RAW,false,MISSING,trusted raw candidate has no matching scored row,Run/repair scoring enrichment over trusted raw fixture candidates before market translation.,WAIT_SCORING,NO,NO
2026-07-04,2026-07-04T21:28:51+01:00,1506635,NSÍ II,Suduroy,1. Deild,TRUSTED_SOURCE_BUT_NO_SCORED_ROW,MISSING_SCORED_ROW,SCORING_NOT_RUN_FOR_TRUSTED_RAW,false,MISSING,trusted raw candidate has no matching scored row,Run/repair scoring enrichment over trusted raw fixture candidates before market translation.,WAIT_SCORING,NO,NO
2026-07-04,2026-07-04T21:28:51+01:00,1506637,TB,EB / Streymur II,1. Deild,TRUSTED_SOURCE_BUT_NO_SCORED_ROW,MISSING_SCORED_ROW,SCORING_NOT_RUN_FOR_TRUSTED_RAW,false,MISSING,trusted raw candidate has no matching scored row,Run/repair scoring enrichment over trusted raw fixture candidates before market translation.,WAIT_SCORING,NO,NO
2026-07-04,2026-07-04T21:28:51+01:00,1506634,ÍF II,Víkingur II,1. Deild,TRUSTED_SOURCE_BUT_NO_SCORED_ROW,MISSING_SCORED_ROW,SCORING_NOT_RUN_FOR_TRUSTED_RAW,false,MISSING,trusted raw candidate has no matching scored row,Run/repair scoring enrichment over trusted raw fixture candidates before market translation.,WAIT_SCORING,NO,NO
2026-07-04,2026-07-04T21:28:51+01:00,1495879,Bryne,Sandnes ULF,1. Division,TRUSTED_SOURCE_BUT_NO_SCORED_ROW,MISSING_SCORED_ROW,SCORING_NOT_RUN_FOR_TRUSTED_RAW,false,MISSING,trusted raw candidate has no matching scored row,Run/repair scoring enrichment over trusted raw fixture candidates before market translation.,WAIT_SCORING,NO,NO
2026-07-04,2026-07-04T21:28:51+01:00,1534354,Bumprom,Orsha,1. Division,TRUSTED_SOURCE_BUT_NO_SCORED_ROW,MISSING_SCORED_ROW,SCORING_NOT_RUN_FOR_TRUSTED_RAW,false,MISSING,trusted raw candidate has no matching scored row,Run/repair scoring enrichment over trusted raw fixture candidates before market translation.,WAIT_SCORING,NO,NO
2026-07-04,2026-07-04T21:28:51+01:00,1495880,Egersund,Moss,1. Division,TRUSTED_SOURCE_BUT_NO_SCORED_ROW,MISSING_SCORED_ROW,SCORING_NOT_RUN_FOR_TRUSTED_RAW,false,MISSING,trusted raw candidate has no matching scored row,Run/repair scoring enrichment over trusted raw fixture candidates before market translation.,WAIT_SCORING,NO,NO
2026-07-04,2026-07-04T21:28:51+01:00,1534359,FC Energetik-Bgu Minsk,Slonim,1. Division,TRUSTED_SOURCE_BUT_NO_SCORED_ROW,MISSING_SCORED_ROW,SCORING_NOT_RUN_FOR_TRUSTED_RAW,false,MISSING,trusted raw candidate has no matching scored row,Run/repair scoring enrichment over trusted raw fixture candidates before market translation.,WAIT_SCORING,NO,NO
2026-07-04,2026-07-04T21:28:51+01:00,1534360,FC Slutsk,Ostrovets FC,1. Division,TRUSTED_SOURCE_BUT_NO_SCORED_ROW,MISSING_SCORED_ROW,SCORING_NOT_RUN_FOR_TRUSTED_RAW,false,MISSING,trusted raw candidate has no matching scored row,Run/repair scoring enrichment over trusted raw fixture candidates before market translation.,WAIT_SCORING,NO,NO
2026-07-04,2026-07-04T21:28:51+01:00,1534357,Niva,BATE II,1. Division,TRUSTED_SOURCE_BUT_NO_SCORED_ROW,MISSING_SCORED_ROW,SCORING_NOT_RUN_FOR_TRUSTED_RAW,false,MISSING,trusted raw candidate has no matching scored row,Run/repair scoring enrichment over trusted raw fixture candidates before market translation.,WAIT_SCORING,NO,NO
2026-07-04,2026-07-04T21:28:51+01:00,1534535,Shakhter Soligorsk,Dinamo Minsk II,1. Division,TRUSTED_SOURCE_BUT_NO_SCORED_ROW,MISSING_SCORED_ROW,SCORING_NOT_RUN_FOR_TRUSTED_RAW,false,MISSING,trusted raw candidate has no matching scored row,Run/repair scoring enrichment over trusted raw fixture candidates before market translation.,WAIT_SCORING,NO,NO
2026-07-04,2026-07-04T21:28:51+01:00,1495881,hodd,Stromsgodset,1. Division,TRUSTED_SOURCE_BUT_NO_SCORED_ROW,MISSING_SCORED_ROW,SCORING_NOT_RUN_FOR_TRUSTED_RAW,false,MISSING,trusted raw candidate has no matching scored row,Run/repair scoring enrichment over trusted raw fixture candidates before market translation.,WAIT_SCORING,NO,NO
2026-07-04,2026-07-04T21:28:51+01:00,1529562,JDFS Alberts,Riga Mariners,1. Liga,TRUSTED_SOURCE_BUT_NO_SCORED_ROW,MISSING_SCORED_ROW,SCORING_NOT_RUN_FOR_TRUSTED_RAW,false,MISSING,trusted raw candidate has no matching scored row,Run/repair scoring enrichment over trusted raw fixture candidates before market translation.,WAIT_SCORING,NO,NO
2026-07-04,2026-07-04T21:28:51+01:00,1529565,Metta / LU,Skanste,1. Liga,TRUSTED_SOURCE_BUT_NO_SCORED_ROW,MISSING_SCORED_ROW,SCORING_NOT_RUN_FOR_TRUSTED_RAW,false,MISSING,trusted raw candidate has no matching scored row,Run/repair scoring enrichment over trusted raw fixture candidates before market translation.,WAIT_SCORING,NO,NO
2026-07-04,2026-07-04T21:28:51+01:00,1529563,Mārupe,Smiltene,1. Liga,TRUSTED_SOURCE_BUT_NO_SCORED_ROW,MISSING_SCORED_ROW,SCORING_NOT_RUN_FOR_TRUSTED_RAW,false,MISSING,trusted raw candidate has no matching scored row,Run/repair scoring enrichment over trusted raw fixture candidates before market translation.,WAIT_SCORING,NO,NO
2026-07-04,2026-07-04T21:28:51+01:00,1529564,Rēzekne FA,JFK Ventspils,1. Liga,TRUSTED_SOURCE_BUT_NO_SCORED_ROW,MISSING_SCORED_ROW,SCORING_NOT_RUN_FOR_TRUSTED_RAW,false,MISSING,trusted raw candidate has no matching scored row,Run/repair scoring enrichment over trusted raw fixture candidates before market translation.,WAIT_SCORING,NO,NO
2026-07-04,2026-07-04T21:28:51+01:00,1543419,Fjardabyggd / Leiknir,Vikingur Olafsiik,2. Deild,TRUSTED_SOURCE_BUT_NO_SCORED_ROW,MISSING_SCORED_ROW,SCORING_NOT_RUN_FOR_TRUSTED_RAW,false,MISSING,trusted raw candidate has no matching scored row,Run/repair scoring enrichment over trusted raw fixture candidates before market translation.,WAIT_SCORING,NO,NO
2026-07-04,2026-07-04T21:28:51+01:00,1543418,Fjolnir,Kormákur / Hvöt,2. Deild,TRUSTED_SOURCE_BUT_NO_SCORED_ROW,MISSING_SCORED_ROW,SCORING_NOT_RUN_FOR_TRUSTED_RAW,false,MISSING,trusted raw candidate has no matching scored row,Run/repair scoring enrichment over trusted raw fixture candidates before market translation.,WAIT_SCORING,NO,NO
2026-07-04,2026-07-04T21:28:51+01:00,1543420,Magni,Thróttur Vogar,2. Deild,TRUSTED_SOURCE_BUT_NO_SCORED_ROW,MISSING_SCORED_ROW,SCORING_NOT_RUN_FOR_TRUSTED_RAW,false,MISSING,trusted raw candidate has no matching scored row,Run/repair scoring enrichment over trusted raw fixture candidates before market translation.,WAIT_SCORING,NO,NO
2026-07-04,2026-07-04T21:28:51+01:00,1517305,Atlético Ottawa,Cavalry FC,Canadian Premier League,TRUSTED_SOURCE_BUT_NO_SCORED_ROW,MISSING_SCORED_ROW,SCORING_NOT_RUN_FOR_TRUSTED_RAW,false,MISSING,trusted raw candidate has no matching scored row,Run/repair scoring enrichment over trusted raw fixture candidates before market translation.,WAIT_SCORING,NO,NO
2026-07-04,2026-07-04T21:28:51+01:00,1537489,Queanbeyan City,Tuggeranong United,Capital Territory NPL,TRUSTED_SOURCE_BUT_NO_SCORED_ROW,MISSING_SCORED_ROW,SCORING_NOT_RUN_FOR_TRUSTED_RAW,false,MISSING,trusted raw candidate has no matching scored row,Run/repair scoring enrichment over trusted raw fixture candidates before market translation.,WAIT_SCORING,NO,NO
2026-07-04,2026-07-04T21:28:51+01:00,1543297,América RJ,Serrano RJ,Carioca A2,TRUSTED_SOURCE_BUT_NO_SCORED_ROW,MISSING_SCORED_ROW,SCORING_NOT_RUN_FOR_TRUSTED_RAW,false,MISSING,trusted raw candidate has no matching scored row,Run/repair scoring enrichment over trusted raw fixture candidates before market translation.,WAIT_SCORING,NO,NO
2026-07-04,2026-07-04T21:28:51+01:00,1543301,CEAC / Araruama,Cabofriense,Carioca A2,TRUSTED_SOURCE_BUT_NO_SCORED_ROW,MISSING_SCORED_ROW,SCORING_NOT_RUN_FOR_TRUSTED_RAW,false,MISSING,trusted raw candidate has no matching scored row,Run/repair scoring enrichment over trusted raw fixture candidates before market translation.,WAIT_SCORING,NO,NO
2026-07-04,2026-07-04T21:28:51+01:00,1543296,CFRJ / Maricá,Pérolas Negras,Carioca A2,TRUSTED_SOURCE_BUT_NO_SCORED_ROW,MISSING_SCORED_ROW,SCORING_NOT_RUN_FOR_TRUSTED_RAW,false,MISSING,trusted raw candidate has no matching scored row,Run/repair scoring enrichment over trusted raw fixture candidates before market translation.,WAIT_SCORING,NO,NO
2026-07-04,2026-07-04T21:28:51+01:00,1543298,Olaria,Bonsucesso,Carioca A2,TRUSTED_SOURCE_BUT_NO_SCORED_ROW,MISSING_SCORED_ROW,SCORING_NOT_RUN_FOR_TRUSTED_RAW,false,MISSING,trusted raw candidate has no matching scored row,Run/repair scoring enrichment over trusted raw fixture candidates before market translation.,WAIT_SCORING,NO,NO
2026-07-04,2026-07-04T21:28:51+01:00,1543299,Resende,Americano Campos,Carioca A2,TRUSTED_SOURCE_BUT_NO_SCORED_ROW,MISSING_SCORED_ROW,SCORING_NOT_RUN_FOR_TRUSTED_RAW,false,MISSING,trusted raw candidate has no matching scored row,Run/repair scoring enrichment over trusted raw fixture candidates before market translation.,WAIT_SCORING,NO,NO
2026-07-04,2026-07-04T21:28:51+01:00,1543300,São Gonçalo EC RJ,Audax Rio,Carioca A2,TRUSTED_SOURCE_BUT_NO_SCORED_ROW,MISSING_SCORED_ROW,SCORING_NOT_RUN_FOR_TRUSTED_RAW,false,MISSING,trusted raw candidate has no matching scored row,Run/repair scoring enrichment over trusted raw fixture candidates before market translation.,WAIT_SCORING,NO,NO
2026-07-04,2026-07-04T21:28:51+01:00,1541995,Fluminense-SC,Blumenau,Catarinense - 2,TRUSTED_SOURCE_BUT_NO_SCORED_ROW,MISSING_SCORED_ROW,SCORING_NOT_RUN_FOR_TRUSTED_RAW,false,MISSING,trusted raw candidate has no matching scored row,Run/repair scoring enrichment over trusted raw fixture candidates before market translation.,WAIT_SCORING,NO,NO
2026-07-04,2026-07-04T21:28:51+01:00,1541994,Guarani de Palhoça,Hercílio Luz,Catarinense - 2,TRUSTED_SOURCE_BUT_NO_SCORED_ROW,MISSING_SCORED_ROW,SCORING_NOT_RUN_FOR_TRUSTED_RAW,false,MISSING,trusted raw candidate has no matching scored row,Run/repair scoring enrichment over trusted raw fixture candidates before market translation.,WAIT_SCORING,NO,NO
2026-07-04,2026-07-04T21:28:51+01:00,1542029,Juventus SC,Jaraguá,Catarinense - 2,TRUSTED_SOURCE_BUT_NO_SCORED_ROW,MISSING_SCORED_ROW,SCORING_NOT_RUN_FOR_TRUSTED_RAW,false,MISSING,trusted raw candidate has no matching scored row,Run/repair scoring enrichment over trusted raw fixture candidates before market translation.,WAIT_SCORING,NO,NO
2026-07-04,2026-07-04T21:28:51+01:00,1567855,Bouenguidi,Pélican,Championnat D1,TRUSTED_SOURCE_BUT_NO_SCORED_ROW,MISSING_SCORED_ROW,SCORING_NOT_RUN_FOR_TRUSTED_RAW,false,MISSING,trusted raw candidate has no matching scored row,Run/repair scoring enrichment over trusted raw fixture candidates before market translation.,WAIT_SCORING,NO,NO
2026-07-04,2026-07-04T21:28:51+01:00,1567849,Lozo,Cercle Mbéri,Championnat D1,TRUSTED_SOURCE_BUT_NO_SCORED_ROW,MISSING_SCORED_ROW,SCORING_NOT_RUN_FOR_TRUSTED_RAW,false,MISSING,trusted raw candidate has no matching scored row,Run/repair scoring enrichment over trusted raw fixture candidates before market translation.,WAIT_SCORING,NO,NO
2026-07-04,2026-07-04T21:28:51+01:00,1567850,Ogooue FC,Bitam,Championnat D1,TRUSTED_SOURCE_BUT_NO_SCORED_ROW,MISSING_SCORED_ROW,SCORING_NOT_RUN_FOR_TRUSTED_RAW,false,MISSING,trusted raw candidate has no matching scored row,Run/repair scoring enrichment over trusted raw fixture candidates before market translation.,WAIT_SCORING,NO,NO
2026-07-04,2026-07-04T21:28:51+01:00,1567851,Stade Mandji,Mangasport,Championnat D1,TRUSTED_SOURCE_BUT_NO_SCORED_ROW,MISSING_SCORED_ROW,SCORING_NOT_RUN_FOR_TRUSTED_RAW,false,MISSING,trusted raw candidate has no matching scored row,Run/repair scoring enrichment over trusted raw fixture candidates before market translation.,WAIT_SCORING,NO,NO
2026-07-04,2026-07-04T21:28:51+01:00,1567852,Stade Migoveen,Dikaki,Championnat D1,TRUSTED_SOURCE_BUT_NO_SCORED_ROW,MISSING_SCORED_ROW,SCORING_NOT_RUN_FOR_TRUSTED_RAW,false,MISSING,trusted raw candidate has no matching scored row,Run/repair scoring enrichment over trusted raw fixture candidates before market translation.,WAIT_SCORING,NO,NO
2026-07-04,2026-07-04T21:28:51+01:00,1567853,US Oyem,Oyem AC,Championnat D1,TRUSTED_SOURCE_BUT_NO_SCORED_ROW,MISSING_SCORED_ROW,SCORING_NOT_RUN_FOR_TRUSTED_RAW,false,MISSING,trusted raw candidate has no matching scored row,Run/repair scoring enrichment over trusted raw fixture candidates before market translation.,WAIT_SCORING,NO,NO
2026-07-04,2026-07-04T21:28:51+01:00,1567854,Vautour Club,FC 105,Championnat D1,TRUSTED_SOURCE_BUT_NO_SCORED_ROW,MISSING_SCORED_ROW,SCORING_NOT_RUN_FOR_TRUSTED_RAW,false,MISSING,trusted raw candidate has no matching scored row,Run/repair scoring enrichment over trusted raw fixture candidates before market translation.,WAIT_SCORING,NO,NO
2026-07-04,2026-07-04T21:28:51+01:00,1544473,Deportes Iquique,Coquimbo Unido,Copa Chile,TRUSTED_SOURCE_BUT_NO_SCORED_ROW,MISSING_SCORED_ROW,SCORING_NOT_RUN_FOR_TRUSTED_RAW,false,MISSING,trusted raw candidate has no matching scored row,Run/repair scoring enrichment over trusted raw fixture candidates before market translation.,WAIT_SCORING,NO,NO
2026-07-04,2026-07-04T21:28:51+01:00,1544471,Magallanes,Palestino,Copa Chile,TRUSTED_SOURCE_BUT_NO_SCORED_ROW,MISSING_SCORED_ROW,SCORING_NOT_RUN_FOR_TRUSTED_RAW,false,MISSING,trusted raw candidate has no matching scored row,Run/repair scoring enrichment over trusted raw fixture candidates before market translation.,WAIT_SCORING,NO,NO
2026-07-04,2026-07-04T21:28:51+01:00,1544472,San Luis,Everton de Vina,Copa Chile,TRUSTED_SOURCE_BUT_NO_SCORED_ROW,MISSING_SCORED_ROW,SCORING_NOT_RUN_FOR_TRUSTED_RAW,false,MISSING,trusted raw candidate has no matching scored row,Run/repair scoring enrichment over trusted raw fixture candidates before market translation.,WAIT_SCORING,NO,NO
2026-07-04,2026-07-04T21:28:51+01:00,1544470,Union San Felipe,Union La Calera,Copa Chile,TRUSTED_SOURCE_BUT_NO_SCORED_ROW,MISSING_SCORED_ROW,SCORING_NOT_RUN_FOR_TRUSTED_RAW,false,MISSING,trusted raw candidate has no matching scored row,Run/repair scoring enrichment over trusted raw fixture candidates before market translation.,WAIT_SCORING,NO,NO
2026-07-04,2026-07-04T21:28:51+01:00,1557276,Brasil DE Pelotas,Santa Cruz RS,Copa Gaúcha,TRUSTED_SOURCE_BUT_NO_SCORED_ROW,MISSING_SCORED_ROW,SCORING_NOT_RUN_FOR_TRUSTED_RAW,false,MISSING,trusted raw candidate has no matching scored row,Run/repair scoring enrichment over trusted raw fixture candidates before market translation.,WAIT_SCORING,NO,NO
2026-07-04,2026-07-04T21:28:51+01:00,1576809,Xilotepelt,Real Estelí,Copa Nicaragua,TRUSTED_SOURCE_BUT_NO_SCORED_ROW,MISSING_SCORED_ROW,SCORING_NOT_RUN_FOR_TRUSTED_RAW,false,MISSING,trusted raw candidate has no matching scored row,Run/repair scoring enrichment over trusted raw fixture candidates before market translation.,WAIT_SCORING,NO,NO
2026-07-04,2026-07-04T21:28:51+01:00,1519589,FC Tallinn,Nõmme United II,Esiliiga A,TRUSTED_SOURCE_BUT_NO_SCORED_ROW,MISSING_SCORED_ROW,SCORING_NOT_RUN_FOR_TRUSTED_RAW,false,MISSING,trusted raw candidate has no matching scored row,Run/repair scoring enrichment over trusted raw fixture candidates before market translation.,WAIT_SCORING,NO,NO
2026-07-04,2026-07-04T21:28:51+01:00,1521635,Levadia U19,Luunja,Esiliiga B,NOT_TRUSTED_NO_PROMOTION,NOT_TRUSTED_SKIPPED,RAW_TRUST_GATE_BLOCK,false,MISSING,"raw candidate was not trusted, so scoring gap is intentionally ignored",Keep diagnostic only unless future whitelist changes source trust.,DIAGNOSTIC_ONLY,NO,NO
2026-07-04,2026-07-04T21:28:51+01:00,1521636,Tartu Kalev,Johvi Phoenix,Esiliiga B,TRUSTED_SOURCE_BUT_NO_SCORED_ROW,MISSING_SCORED_ROW,SCORING_NOT_RUN_FOR_TRUSTED_RAW,false,MISSING,trusted raw candidate has no matching scored row,Run/repair scoring enrichment over trusted raw fixture candidates before market translation.,WAIT_SCORING,NO,NO
2026-07-04,2026-07-04T21:28:51+01:00,1559516,Yangcheon TNT,Pyeongchang United,FA Cup,TRUSTED_SOURCE_BUT_NO_SCORED_ROW,MISSING_SCORED_ROW,SCORING_NOT_RUN_FOR_TRUSTED_RAW,false,MISSING,trusted raw candidate has no matching scored row,Run/repair scoring enrichment over trusted raw fixture candidates before market translation.,WAIT_SCORING,NO,NO
2026-07-04,2026-07-04T21:28:51+01:00,1492929,Longford Town,UCD,First Division,TRUSTED_SOURCE_BUT_NO_SCORED_ROW,MISSING_SCORED_ROW,SCORING_NOT_RUN_FOR_TRUSTED_RAW,false,MISSING,trusted raw candidate has no matching scored row,Run/repair scoring enrichment over trusted raw fixture candidates before market translation.,WAIT_SCORING,NO,NO
2026-07-04,2026-07-04T21:28:51+01:00,1510363,Ansan Greeners,Suwon City FC,K League 2,TRUSTED_SOURCE_BUT_NO_SCORED_ROW,MISSING_SCORED_ROW,SCORING_NOT_RUN_FOR_TRUSTED_RAW,false,MISSING,trusted raw candidate has no matching scored row,Run/repair scoring enrichment over trusted raw fixture candidates before market translation.,WAIT_SCORING,NO,NO
2026-07-04,2026-07-04T21:28:51+01:00,1510364,Cheongju,Daegu FC,K League 2,TRUSTED_SOURCE_BUT_NO_SCORED_ROW,MISSING_SCORED_ROW,SCORING_NOT_RUN_FOR_TRUSTED_RAW,false,MISSING,trusted raw candidate has no matching scored row,Run/repair scoring enrichment over trusted raw fixture candidates before market translation.,WAIT_SCORING,NO,NO
2026-07-04,2026-07-04T21:28:51+01:00,1510365,Paju Citizen,Yongin City,K League 2,TRUSTED_SOURCE_BUT_NO_SCORED_ROW,MISSING_SCORED_ROW,SCORING_NOT_RUN_FOR_TRUSTED_RAW,false,MISSING,trusted raw candidate has no matching scored row,Run/repair scoring enrichment over trusted raw fixture candidates before market translation.,WAIT_SCORING,NO,NO
2026-07-04,2026-07-04T21:28:51+01:00,1510366,Suwon Bluewings,Seongnam FC,K League 2,TRUSTED_SOURCE_BUT_NO_SCORED_ROW,MISSING_SCORED_ROW,SCORING_NOT_RUN_FOR_TRUSTED_RAW,false,MISSING,trusted raw candidate has no matching scored row,Run/repair scoring enrichment over trusted raw fixture candidates before market translation.,WAIT_SCORING,NO,NO
2026-07-04,2026-07-04T21:28:51+01:00,1541632,Atlantis,PEPO,Kakkonen - Lohko A,TRUSTED_SOURCE_BUT_NO_SCORED_ROW,MISSING_SCORED_ROW,SCORING_NOT_RUN_FOR_TRUSTED_RAW,false,MISSING,trusted raw candidate has no matching scored row,Run/repair scoring enrichment over trusted raw fixture candidates before market translation.,WAIT_SCORING,NO,NO
2026-07-04,2026-07-04T21:28:51+01:00,1541631,HIFK Helsinki,MyPa,Kakkonen - Lohko A,TRUSTED_SOURCE_BUT_NO_SCORED_ROW,MISSING_SCORED_ROW,SCORING_NOT_RUN_FOR_TRUSTED_RAW,false,MISSING,trusted raw candidate has no matching scored row,Run/repair scoring enrichment over trusted raw fixture candidates before market translation.,WAIT_SCORING,NO,NO
2026-07-04,2026-07-04T21:28:51+01:00,1541634,HPS,Reipas,Kakkonen - Lohko A,TRUSTED_SOURCE_BUT_NO_SCORED_ROW,MISSING_SCORED_ROW,SCORING_NOT_RUN_FOR_TRUSTED_RAW,false,MISSING,trusted raw candidate has no matching scored row,Run/repair scoring enrichment over trusted raw fixture candidates before market translation.,WAIT_SCORING,NO,NO
2026-07-04,2026-07-04T21:28:51+01:00,1541633,Union Plaani,PuiU Helsinki,Kakkonen - Lohko A,TRUSTED_SOURCE_BUT_NO_SCORED_ROW,MISSING_SCORED_ROW,SCORING_NOT_RUN_FOR_TRUSTED_RAW,false,MISSING,trusted raw candidate has no matching scored row,Run/repair scoring enrichment over trusted raw fixture candidates before market translation.,WAIT_SCORING,NO,NO
2026-07-04,2026-07-04T21:28:51+01:00,1541518,Honka,Musa,Kakkonen - Lohko B,TRUSTED_SOURCE_BUT_NO_SCORED_ROW,MISSING_SCORED_ROW,SCORING_NOT_RUN_FOR_TRUSTED_RAW,false,MISSING,trusted raw candidate has no matching scored row,Run/repair scoring enrichment over trusted raw fixture candidates before market translation.,WAIT_SCORING,NO,NO
2026-07-04,2026-07-04T21:28:51+01:00,1541519,P-Iirot,HJS Akatemia,Kakkonen - Lohko B,TRUSTED_SOURCE_BUT_NO_SCORED_ROW,MISSING_SCORED_ROW,SCORING_NOT_RUN_FOR_TRUSTED_RAW,false,MISSING,trusted raw candidate has no matching scored row,Run/repair scoring enrichment over trusted raw fixture candidates before market translation.,WAIT_SCORING,NO,NO
2026-07-04,2026-07-04T21:28:51+01:00,1541707,JS Hercules,Vaajakoski,Kakkonen - Lohko C,TRUSTED_SOURCE_BUT_NO_SCORED_ROW,MISSING_SCORED_ROW,SCORING_NOT_RUN_FOR_TRUSTED_RAW,false,MISSING,trusted raw candidate has no matching scored row,Run/repair scoring enrichment over trusted raw fixture candidates before market translation.,WAIT_SCORING,NO,NO
2026-07-04,2026-07-04T21:28:51+01:00,1541748,Kraft,Jaro 2,Kakkonen - Lohko C,TRUSTED_SOURCE_BUT_NO_SCORED_ROW,MISSING_SCORED_ROW,SCORING_NOT_RUN_FOR_TRUSTED_RAW,false,MISSING,trusted raw candidate has no matching scored row,Run/repair scoring enrichment over trusted raw fixture candidates before market translation.,WAIT_SCORING,NO,NO
2026-07-04,2026-07-04T21:28:51+01:00,1541708,TP-47,GBK,Kakkonen - Lohko C,TRUSTED_SOURCE_BUT_NO_SCORED_ROW,MISSING_SCORED_ROW,SCORING_NOT_RUN_FOR_TRUSTED_RAW,false,MISSING,trusted raw candidate has no matching scored row,Run/repair scoring enrichment over trusted raw fixture candidates before market translation.,WAIT_SCORING,NO,NO
2026-07-04,2026-07-04T21:28:51+01:00,1539060,HJK W,KuPS W,Kansallinen Liiga,TRUSTED_SOURCE_BUT_NO_SCORED_ROW,MISSING_SCORED_ROW,SCORING_NOT_RUN_FOR_TRUSTED_RAW,false,MISSING,trusted raw candidate has no matching scored row,Run/repair scoring enrichment over trusted raw fixture candidates before market translation.,WAIT_SCORING,NO,NO
2026-07-04,2026-07-04T21:28:51+01:00,1539059,Ilves W,Åland United W,Kansallinen Liiga,TRUSTED_SOURCE_BUT_NO_SCORED_ROW,MISSING_SCORED_ROW,SCORING_NOT_RUN_FOR_TRUSTED_RAW,false,MISSING,trusted raw candidate has no matching scored row,Run/repair scoring enrichment over trusted raw fixture candidates before market translation.,WAIT_SCORING,NO,NO
2026-07-04,2026-07-04T21:28:51+01:00,1539058,PK-35 Vantaa W,HPS W,Kansallinen Liiga,TRUSTED_SOURCE_BUT_NO_SCORED_ROW,MISSING_SCORED_ROW,SCORING_NOT_RUN_FOR_TRUSTED_RAW,false,MISSING,trusted raw candidate has no matching scored row,Run/repair scoring enrichment over trusted raw fixture candidates before market translation.,WAIT_SCORING,NO,NO
2026-07-04,2026-07-04T21:28:51+01:00,1528775,Ningbo Professional,Hebei Kungfu,League One,TRUSTED_SOURCE_BUT_NO_SCORED_ROW,MISSING_SCORED_ROW,SCORING_NOT_RUN_FOR_TRUSTED_RAW,false,MISSING,trusted raw candidate has no matching scored row,Run/repair scoring enrichment over trusted raw fixture candidates before market translation.,WAIT_SCORING,NO,NO
2026-07-04,2026-07-04T21:28:51+01:00,1528638,Shaanxi Union,Wuxi Wugou,League One,TRUSTED_SOURCE_BUT_NO_SCORED_ROW,MISSING_SCORED_ROW,SCORING_NOT_RUN_FOR_TRUSTED_RAW,false,MISSING,trusted raw candidate has no matching scored row,Run/repair scoring enrichment over trusted raw fixture candidates before market translation.,WAIT_SCORING,NO,NO
2026-07-04,2026-07-04T21:28:51+01:00,1528639,Shenzhen Juniors,Nantong Zhiyun,League One,TRUSTED_SOURCE_BUT_NO_SCORED_ROW,MISSING_SCORED_ROW,SCORING_NOT_RUN_FOR_TRUSTED_RAW,false,MISSING,trusted raw candidate has no matching scored row,Run/repair scoring enrichment over trusted raw fixture candidates before market translation.,WAIT_SCORING,NO,NO
2026-07-04,2026-07-04T21:28:51+01:00,1528640,Suzhou Dongwu,Guangzhou E-Power,League One,TRUSTED_SOURCE_BUT_NO_SCORED_ROW,MISSING_SCORED_ROW,SCORING_NOT_RUN_FOR_TRUSTED_RAW,false,MISSING,trusted raw candidate has no matching scored row,Run/repair scoring enrichment over trusted raw fixture candidates before market translation.,WAIT_SCORING,NO,NO
2026-07-04,2026-07-04T21:28:51+01:00,1532800,Chengdu Rongcheng II,Wuhan Three Towns II,League Two,NOT_TRUSTED_NO_PROMOTION,NOT_TRUSTED_SKIPPED,RAW_TRUST_GATE_BLOCK,false,MISSING,"raw candidate was not trusted, so scoring gap is intentionally ignored",Keep diagnostic only unless future whitelist changes source trust.,DIAGNOSTIC_ONLY,NO,NO
2026-07-04,2026-07-04T21:28:51+01:00,1532796,Guangzhou Dandelion,Guangdong Mingtu,League Two,TRUSTED_SOURCE_BUT_NO_SCORED_ROW,MISSING_SCORED_ROW,SCORING_NOT_RUN_FOR_TRUSTED_RAW,false,MISSING,trusted raw candidate has no matching scored row,Run/repair scoring enrichment over trusted raw fixture candidates before market translation.,WAIT_SCORING,NO,NO
2026-07-04,2026-07-04T21:28:51+01:00,1532799,Nantong Haimen Codion,Dalian Kewei,League Two,TRUSTED_SOURCE_BUT_NO_SCORED_ROW,MISSING_SCORED_ROW,SCORING_NOT_RUN_FOR_TRUSTED_RAW,false,MISSING,trusted raw candidate has no matching scored row,Run/repair scoring enrichment over trusted raw fixture candidates before market translation.,WAIT_SCORING,NO,NO
2026-07-04,2026-07-04T21:28:51+01:00,1532797,Shandong Taishan II,Rizhao Yuqi,League Two,TRUSTED_SOURCE_BUT_NO_SCORED_ROW,MISSING_SCORED_ROW,SCORING_NOT_RUN_FOR_TRUSTED_RAW,false,MISSING,trusted raw candidate has no matching scored row,Run/repair scoring enrichment over trusted raw fixture candidates before market translation.,WAIT_SCORING,NO,NO
2026-07-04,2026-07-04T21:28:51+01:00,1532798,Shangyu Pterosaur,Hubei Chufeng Heli,League Two,TRUSTED_SOURCE_BUT_NO_SCORED_ROW,MISSING_SCORED_ROW,SCORING_NOT_RUN_FOR_TRUSTED_RAW,false,MISSING,trusted raw candidate has no matching scored row,Run/repair scoring enrichment over trusted raw fixture candidates before market translation.,WAIT_SCORING,NO,NO
2026-07-04,2026-07-04T21:28:51+01:00,1519388,Libertad,Leones del Norte,Liga Pro,TRUSTED_SOURCE_BUT_NO_SCORED_ROW,MISSING_SCORED_ROW,SCORING_NOT_RUN_FOR_TRUSTED_RAW,false,MISSING,trusted raw candidate has no matching scored row,Run/repair scoring enrichment over trusted raw fixture candidates before market translation.,WAIT_SCORING,NO,NO
2026-07-04,2026-07-04T21:28:51+01:00,1526562,LDU Portoviejo,9 de Octubre,Liga Pro Serie B,TRUSTED_SOURCE_BUT_NO_SCORED_ROW,MISSING_SCORED_ROW,SCORING_NOT_RUN_FOR_TRUSTED_RAW,false,MISSING,trusted raw candidate has no matching scored row,Run/repair scoring enrichment over trusted raw fixture candidates before market translation.,WAIT_SCORING,NO,NO
2026-07-04,2026-07-04T21:28:51+01:00,1544800,Cordino,Balsas,Maranhense - 2,TRUSTED_SOURCE_BUT_NO_SCORED_ROW,MISSING_SCORED_ROW,SCORING_NOT_RUN_FOR_TRUSTED_RAW,false,MISSING,trusted raw candidate has no matching scored row,Run/repair scoring enrichment over trusted raw fixture candidates before market translation.,WAIT_SCORING,NO,NO
2026-07-04,2026-07-04T21:28:51+01:00,1544799,Expressinho,São José MA,Maranhense - 2,TRUSTED_SOURCE_BUT_NO_SCORED_ROW,MISSING_SCORED_ROW,SCORING_NOT_RUN_FOR_TRUSTED_RAW,false,MISSING,trusted raw candidate has no matching scored row,Run/repair scoring enrichment over trusted raw fixture candidates before market translation.,WAIT_SCORING,NO,NO
2026-07-04,2026-07-04T21:28:51+01:00,1544801,Viana,Lago Verde,Maranhense - 2,TRUSTED_SOURCE_BUT_NO_SCORED_ROW,MISSING_SCORED_ROW,SCORING_NOT_RUN_FOR_TRUSTED_RAW,false,MISSING,trusted raw candidate has no matching scored row,Run/repair scoring enrichment over trusted raw fixture candidates before market translation.,WAIT_SCORING,NO,NO
2026-07-04,2026-07-04T21:28:51+01:00,1506502,AB,EB / Streymur,Meistaradeildin,TRUSTED_SOURCE_BUT_NO_SCORED_ROW,MISSING_SCORED_ROW,SCORING_NOT_RUN_FOR_TRUSTED_RAW,false,MISSING,trusted raw candidate has no matching scored row,Run/repair scoring enrichment over trusted raw fixture candidates before market translation.,WAIT_SCORING,NO,NO
2026-07-04,2026-07-04T21:28:51+01:00,1506499,B36 Torshavn,Vikingur Gota,Meistaradeildin,TRUSTED_SOURCE_BUT_NO_SCORED_ROW,MISSING_SCORED_ROW,SCORING_NOT_RUN_FOR_TRUSTED_RAW,false,MISSING,trusted raw candidate has no matching scored row,Run/repair scoring enrichment over trusted raw fixture candidates before market translation.,WAIT_SCORING,NO,NO
2026-07-04,2026-07-04T21:28:51+01:00,1506500,Skála,B68,Meistaradeildin,TRUSTED_SOURCE_BUT_NO_SCORED_ROW,MISSING_SCORED_ROW,SCORING_NOT_RUN_FOR_TRUSTED_RAW,false,MISSING,trusted raw candidate has no matching scored row,Run/repair scoring enrichment over trusted raw fixture candidates before market translation.,WAIT_SCORING,NO,NO
2026-07-04,2026-07-04T21:28:51+01:00,1513582,Paide,Vaprus,Meistriliiga,TRUSTED_SOURCE_BUT_NO_SCORED_ROW,MISSING_SCORED_ROW,SCORING_NOT_RUN_FOR_TRUSTED_RAW,false,MISSING,trusted raw candidate has no matching scored row,Run/repair scoring enrichment over trusted raw fixture candidates before market translation.,WAIT_SCORING,NO,NO
2026-07-04,2026-07-04T21:28:51+01:00,1513581,Trans Narva,FC Levadia Tallinn,Meistriliiga,TRUSTED_SOURCE_BUT_NO_SCORED_ROW,MISSING_SCORED_ROW,SCORING_NOT_RUN_FOR_TRUSTED_RAW,false,MISSING,trusted raw candidate has no matching scored row,Run/repair scoring enrichment over trusted raw fixture candidates before market translation.,WAIT_SCORING,NO,NO
2026-07-04,2026-07-04T21:28:51+01:00,1547709,CAP,Guarani MG,Mineiro - 2,TRUSTED_SOURCE_BUT_NO_SCORED_ROW,MISSING_SCORED_ROW,SCORING_NOT_RUN_FOR_TRUSTED_RAW,false,MISSING,trusted raw candidate has no matching scored row,Run/repair scoring enrichment over trusted raw fixture candidates before market translation.,WAIT_SCORING,NO,NO
2026-07-04,2026-07-04T21:28:51+01:00,1547710,Democrata SL,Ipatinga,Mineiro - 2,TRUSTED_SOURCE_BUT_NO_SCORED_ROW,MISSING_SCORED_ROW,SCORING_NOT_RUN_FOR_TRUSTED_RAW,false,MISSING,trusted raw candidate has no matching scored row,Run/repair scoring enrichment over trusted raw fixture candidates before market translation.,WAIT_SCORING,NO,NO
2026-07-04,2026-07-04T21:28:51+01:00,1547714,Villa Nova,Aymorés,Mineiro - 2,TRUSTED_SOURCE_BUT_NO_SCORED_ROW,MISSING_SCORED_ROW,SCORING_NOT_RUN_FOR_TRUSTED_RAW,false,MISSING,trusted raw candidate has no matching scored row,Run/repair scoring enrichment over trusted raw fixture candidates before market translation.,WAIT_SCORING,NO,NO
2026-07-04,2026-07-04T21:28:51+01:00,1532588,South Cardiff,New Lambton,NNSW League 1,NOT_TRUSTED_NO_PROMOTION,NOT_TRUSTED_SKIPPED,RAW_TRUST_GATE_BLOCK,false,MISSING,"raw candidate was not trusted, so scoring gap is intentionally ignored",Keep diagnostic only unless future whitelist changes source trust.,DIAGNOSTIC_ONLY,NO,NO
2026-07-04,2026-07-04T21:28:51+01:00,1517807,Bulls Academy,Mt Druitt Town,New South Wales NPL 2,NOT_TRUSTED_NO_PROMOTION,NOT_TRUSTED_SKIPPED,RAW_TRUST_GATE_BLOCK,false,MISSING,"raw candidate was not trusted, so scoring gap is intentionally ignored",Keep diagnostic only unless future whitelist changes source trust.,DIAGNOSTIC_ONLY,NO,NO
2026-07-04,2026-07-04T21:28:51+01:00,1534059,Montreal Roses W,Vancouver Rise W,Northern Super League,TRUSTED_SOURCE_BUT_NO_SCORED_ROW,MISSING_SCORED_ROW,SCORING_NOT_RUN_FOR_TRUSTED_RAW,false,MISSING,trusted raw candidate has no matching scored row,Run/repair scoring enrichment over trusted raw fixture candidates before market translation.,WAIT_SCORING,NO,NO
2026-07-04,2026-07-04T21:28:51+01:00,1559580,America SP,Santacruzense,Paulista Série B,TRUSTED_SOURCE_BUT_NO_SCORED_ROW,MISSING_SCORED_ROW,SCORING_NOT_RUN_FOR_TRUSTED_RAW,false,MISSING,trusted raw candidate has no matching scored row,Run/repair scoring enrichment over trusted raw fixture candidates before market translation.,WAIT_SCORING,NO,NO
2026-07-04,2026-07-04T21:28:51+01:00,1559581,Flamengo SP,Gremio Osasco Audax,Paulista Série B,TRUSTED_SOURCE_BUT_NO_SCORED_ROW,MISSING_SCORED_ROW,SCORING_NOT_RUN_FOR_TRUSTED_RAW,false,MISSING,trusted raw candidate has no matching scored row,Run/repair scoring enrichment over trusted raw fixture candidates before market translation.,WAIT_SCORING,NO,NO
2026-07-04,2026-07-04T21:28:51+01:00,1559583,Itaquá Athletico Clube,Paulínia FU,Paulista Série B,TRUSTED_SOURCE_BUT_NO_SCORED_ROW,MISSING_SCORED_ROW,SCORING_NOT_RUN_FOR_TRUSTED_RAW,false,MISSING,trusted raw candidate has no matching scored row,Run/repair scoring enrichment over trusted raw fixture candidates before market translation.,WAIT_SCORING,NO,NO
2026-07-04,2026-07-04T21:28:51+01:00,1559585,Matonense,Assisense,Paulista Série B,TRUSTED_SOURCE_BUT_NO_SCORED_ROW,MISSING_SCORED_ROW,SCORING_NOT_RUN_FOR_TRUSTED_RAW,false,MISSING,trusted raw candidate has no matching scored row,Run/repair scoring enrichment over trusted raw fixture candidates before market translation.,WAIT_SCORING,NO,NO
2026-07-04,2026-07-04T21:28:51+01:00,1559586,Maua,Uniao Mogi,Paulista Série B,TRUSTED_SOURCE_BUT_NO_SCORED_ROW,MISSING_SCORED_ROW,SCORING_NOT_RUN_FOR_TRUSTED_RAW,false,MISSING,trusted raw candidate has no matching scored row,Run/repair scoring enrichment over trusted raw fixture candidates before market translation.,WAIT_SCORING,NO,NO
2026-07-04,2026-07-04T21:28:51+01:00,1550079,Al Karama,Omaya SC,Premier League,TRUSTED_SOURCE_BUT_NO_SCORED_ROW,MISSING_SCORED_ROW,SCORING_NOT_RUN_FOR_TRUSTED_RAW,false,MISSING,trusted raw candidate has no matching scored row,Run/repair scoring enrichment over trusted raw fixture candidates before market translation.,WAIT_SCORING,NO,NO
2026-07-04,2026-07-04T21:28:51+01:00,1528013,Altay,FK Tobol Kostanay,Premier League,TRUSTED_SOURCE_BUT_NO_SCORED_ROW,MISSING_SCORED_ROW,SCORING_NOT_RUN_FOR_TRUSTED_RAW,false,MISSING,trusted raw candidate has no matching scored row,Run/repair scoring enrichment over trusted raw fixture candidates before market translation.,WAIT_SCORING,NO,NO
2026-07-04,2026-07-04T21:28:51+01:00,1527625,Bishkek City,Toktogul,Premier League,TRUSTED_SOURCE_BUT_NO_SCORED_ROW,MISSING_SCORED_ROW,SCORING_NOT_RUN_FOR_TRUSTED_RAW,false,MISSING,trusted raw candidate has no matching scored row,Run/repair scoring enrichment over trusted raw fixture candidates before market translation.,WAIT_SCORING,NO,NO
2026-07-04,2026-07-04T21:28:51+01:00,1550083,Damascus Al-Ahli,Foutoua,Premier League,TRUSTED_SOURCE_BUT_NO_SCORED_ROW,MISSING_SCORED_ROW,SCORING_NOT_RUN_FOR_TRUSTED_RAW,false,MISSING,trusted raw candidate has no matching scored row,Run/repair scoring enrichment over trusted raw fixture candidates before market translation.,WAIT_SCORING,NO,NO
2026-07-04,2026-07-04T21:28:51+01:00,1525917,FC Vitebsk,FC Dnepr Mogilev,Premier League,TRUSTED_SOURCE_BUT_NO_SCORED_ROW,MISSING_SCORED_ROW,SCORING_NOT_RUN_FOR_TRUSTED_RAW,false,MISSING,trusted raw candidate has no matching scored row,Run/repair scoring enrichment over trusted raw fixture candidates before market translation.,WAIT_SCORING,NO,NO
2026-07-04,2026-07-04T21:28:51+01:00,1528017,Kyzyl-Zhar,Yelimay Semey,Premier League,TRUSTED_SOURCE_BUT_NO_SCORED_ROW,MISSING_SCORED_ROW,SCORING_NOT_RUN_FOR_TRUSTED_RAW,false,MISSING,trusted raw candidate has no matching scored row,Run/repair scoring enrichment over trusted raw fixture candidates before market translation.,WAIT_SCORING,NO,NO
2026-07-04,2026-07-04T21:28:51+01:00,1525915,Neman,Arsenal,Premier League,TRUSTED_SOURCE_BUT_NO_SCORED_ROW,MISSING_SCORED_ROW,SCORING_NOT_RUN_FOR_TRUSTED_RAW,false,MISSING,trusted raw candidate has no matching scored row,Run/repair scoring enrichment over trusted raw fixture candidates before market translation.,WAIT_SCORING,NO,NO
2026-07-04,2026-07-04T21:28:51+01:00,1527630,Ozgon,Alay,Premier League,TRUSTED_SOURCE_BUT_NO_SCORED_ROW,MISSING_SCORED_ROW,SCORING_NOT_RUN_FOR_TRUSTED_RAW,false,MISSING,trusted raw candidate has no matching scored row,Run/repair scoring enrichment over trusted raw fixture candidates before market translation.,WAIT_SCORING,NO,NO
2026-07-04,2026-07-04T21:28:51+01:00,1550080,Shorta,Horriya,Premier League,TRUSTED_SOURCE_BUT_NO_SCORED_ROW,MISSING_SCORED_ROW,SCORING_NOT_RUN_FOR_TRUSTED_RAW,false,MISSING,trusted raw candidate has no matching scored row,Run/repair scoring enrichment over trusted raw fixture candidates before market translation.,WAIT_SCORING,NO,NO
2026-07-04,2026-07-04T21:28:51+01:00,1543592,Thimphu City,Tsirang,Premier League,TRUSTED_SOURCE_BUT_NO_SCORED_ROW,MISSING_SCORED_ROW,SCORING_NOT_RUN_FOR_TRUSTED_RAW,false,MISSING,trusted raw candidate has no matching scored row,Run/repair scoring enrichment over trusted raw fixture candidates before market translation.,WAIT_SCORING,NO,NO
2026-07-04,2026-07-04T21:28:51+01:00,1559551,Ulaangom City,Hunters,Premier League,TRUSTED_SOURCE_BUT_NO_SCORED_ROW,MISSING_SCORED_ROW,SCORING_NOT_RUN_FOR_TRUSTED_RAW,false,MISSING,trusted raw candidate has no matching scored row,Run/repair scoring enrichment over trusted raw fixture candidates before market translation.,WAIT_SCORING,NO,NO
2026-07-04,2026-07-04T21:28:51+01:00,1567834,Bulawayo Chiefs,MWOS,Premier Soccer League,TRUSTED_SOURCE_BUT_NO_SCORED_ROW,MISSING_SCORED_ROW,SCORING_NOT_RUN_FOR_TRUSTED_RAW,false,MISSING,trusted raw candidate has no matching scored row,Run/repair scoring enrichment over trusted raw fixture candidates before market translation.,WAIT_SCORING,NO,NO
2026-07-04,2026-07-04T21:28:51+01:00,1567835,Hunters,Scotland Mabvuku,Premier Soccer League,TRUSTED_SOURCE_BUT_NO_SCORED_ROW,MISSING_SCORED_ROW,SCORING_NOT_RUN_FOR_TRUSTED_RAW,false,MISSING,trusted raw candidate has no matching scored row,Run/repair scoring enrichment over trusted raw fixture candidates before market translation.,WAIT_SCORING,NO,NO
2026-07-04,2026-07-04T21:28:51+01:00,1567836,Ngezi Platinum,Chicken Inn,Premier Soccer League,TRUSTED_SOURCE_BUT_NO_SCORED_ROW,MISSING_SCORED_ROW,SCORING_NOT_RUN_FOR_TRUSTED_RAW,false,MISSING,trusted raw candidate has no matching scored row,Run/repair scoring enrichment over trusted raw fixture candidates before market translation.,WAIT_SCORING,NO,NO
2026-07-04,2026-07-04T21:28:51+01:00,1567837,TelOne,Platinum,Premier Soccer League,TRUSTED_SOURCE_BUT_NO_SCORED_ROW,MISSING_SCORED_ROW,SCORING_NOT_RUN_FOR_TRUSTED_RAW,false,MISSING,trusted raw candidate has no matching scored row,Run/repair scoring enrichment over trusted raw fixture candidates before market translation.,WAIT_SCORING,NO,NO
2026-07-04,2026-07-04T21:28:51+01:00,1499497,Comunicaciones,Arsenal Sarandi,Primera B Metropolitana,TRUSTED_SOURCE_BUT_NO_SCORED_ROW,MISSING_SCORED_ROW,SCORING_NOT_RUN_FOR_TRUSTED_RAW,false,MISSING,trusted raw candidate has no matching scored row,Run/repair scoring enrichment over trusted raw fixture candidates before market translation.,WAIT_SCORING,NO,NO
2026-07-04,2026-07-04T21:28:51+01:00,1499500,Deportivo Armenio,Brown DE Adrogue,Primera B Metropolitana,TRUSTED_SOURCE_BUT_NO_SCORED_ROW,MISSING_SCORED_ROW,SCORING_NOT_RUN_FOR_TRUSTED_RAW,false,MISSING,trusted raw candidate has no matching scored row,Run/repair scoring enrichment over trusted raw fixture candidates before market translation.,WAIT_SCORING,NO,NO
2026-07-04,2026-07-04T21:28:51+01:00,1499501,Deportivo Camioneros,UAI Urquiza,Primera B Metropolitana,TRUSTED_SOURCE_BUT_NO_SCORED_ROW,MISSING_SCORED_ROW,SCORING_NOT_RUN_FOR_TRUSTED_RAW,false,MISSING,trusted raw candidate has no matching scored row,Run/repair scoring enrichment over trusted raw fixture candidates before market translation.,WAIT_SCORING,NO,NO
2026-07-04,2026-07-04T21:28:51+01:00,1499499,Deportivo Merlo,Villa Dalmine,Primera B Metropolitana,TRUSTED_SOURCE_BUT_NO_SCORED_ROW,MISSING_SCORED_ROW,SCORING_NOT_RUN_FOR_TRUSTED_RAW,false,MISSING,trusted raw candidate has no matching scored row,Run/repair scoring enrichment over trusted raw fixture candidates before market translation.,WAIT_SCORING,NO,NO
2026-07-04,2026-07-04T21:28:51+01:00,1499502,Dock Sud,Excursionistas,Primera B Metropolitana,TRUSTED_SOURCE_BUT_NO_SCORED_ROW,MISSING_SCORED_ROW,SCORING_NOT_RUN_FOR_TRUSTED_RAW,false,MISSING,trusted raw candidate has no matching scored row,Run/repair scoring enrichment over trusted raw fixture candidates before market translation.,WAIT_SCORING,NO,NO
2026-07-04,2026-07-04T21:28:51+01:00,1499503,Flandria,Deportivo Laferrere,Primera B Metropolitana,TRUSTED_SOURCE_BUT_NO_SCORED_ROW,MISSING_SCORED_ROW,SCORING_NOT_RUN_FOR_TRUSTED_RAW,false,MISSING,trusted raw candidate has no matching scored row,Run/repair scoring enrichment over trusted raw fixture candidates before market translation.,WAIT_SCORING,NO,NO
2026-07-04,2026-07-04T21:28:51+01:00,1499504,Ituzaingó,Villa San Carlos,Primera B Metropolitana,TRUSTED_SOURCE_BUT_NO_SCORED_ROW,MISSING_SCORED_ROW,SCORING_NOT_RUN_FOR_TRUSTED_RAW,false,MISSING,trusted raw candidate has no matching scored row,Run/repair scoring enrichment over trusted raw fixture candidates before market translation.,WAIT_SCORING,NO,NO
2026-07-04,2026-07-04T21:28:51+01:00,1499967,Argentino Rosario,Defensores de Cambaceres,Primera C,TRUSTED_SOURCE_BUT_NO_SCORED_ROW,MISSING_SCORED_ROW,SCORING_NOT_RUN_FOR_TRUSTED_RAW,false,MISSING,trusted raw candidate has no matching scored row,Run/repair scoring enrichment over trusted raw fixture candidates before market translation.,WAIT_SCORING,NO,NO
2026-07-04,2026-07-04T21:28:51+01:00,1499974,Estrella Del Sur,Leandro N. Alem,Primera C,TRUSTED_SOURCE_BUT_NO_SCORED_ROW,MISSING_SCORED_ROW,SCORING_NOT_RUN_FOR_TRUSTED_RAW,false,MISSING,trusted raw candidate has no matching scored row,Run/repair scoring enrichment over trusted raw fixture candidates before market translation.,WAIT_SCORING,NO,NO
2026-07-04,2026-07-04T21:28:51+01:00,1500179,Leones de Rosario,Central Ballester,Primera C,TRUSTED_SOURCE_BUT_NO_SCORED_ROW,MISSING_SCORED_ROW,SCORING_NOT_RUN_FOR_TRUSTED_RAW,false,MISSING,trusted raw candidate has no matching scored row,Run/repair scoring enrichment over trusted raw fixture candidates before market translation.,WAIT_SCORING,NO,NO
2026-07-04,2026-07-04T21:28:51+01:00,1499976,Lugano,JJ Urquiza,Primera C,TRUSTED_SOURCE_BUT_NO_SCORED_ROW,MISSING_SCORED_ROW,SCORING_NOT_RUN_FOR_TRUSTED_RAW,false,MISSING,trusted raw candidate has no matching scored row,Run/repair scoring enrichment over trusted raw fixture candidates before market translation.,WAIT_SCORING,NO,NO
2026-07-04,2026-07-04T21:28:51+01:00,1498613,Almagro,Atletico DE Rafaela,Primera Nacional,TRUSTED_SOURCE_BUT_NO_SCORED_ROW,MISSING_SCORED_ROW,SCORING_NOT_RUN_FOR_TRUSTED_RAW,false,MISSING,trusted raw candidate has no matching scored row,Run/repair scoring enrichment over trusted raw fixture candidates before market translation.,WAIT_SCORING,NO,NO
2026-07-04,2026-07-04T21:28:51+01:00,1498614,Almirante Brown,Los Andes,Primera Nacional,TRUSTED_SOURCE_BUT_NO_SCORED_ROW,MISSING_SCORED_ROW,SCORING_NOT_RUN_FOR_TRUSTED_RAW,false,MISSING,trusted raw candidate has no matching scored row,Run/repair scoring enrichment over trusted raw fixture candidates before market translation.,WAIT_SCORING,NO,NO
2026-07-04,2026-07-04T21:28:51+01:00,1498619,Ciudad de Bolívar,Godoy Cruz,Primera Nacional,TRUSTED_SOURCE_BUT_NO_SCORED_ROW,MISSING_SCORED_ROW,SCORING_NOT_RUN_FOR_TRUSTED_RAW,false,MISSING,trusted raw candidate has no matching scored row,Run/repair scoring enrichment over trusted raw fixture candidates before market translation.,WAIT_SCORING,NO,NO
2026-07-04,2026-07-04T21:28:51+01:00,1498620,Colegiales,Gimnasia Y Tiro,Primera Nacional,TRUSTED_SOURCE_BUT_NO_SCORED_ROW,MISSING_SCORED_ROW,SCORING_NOT_RUN_FOR_TRUSTED_RAW,false,MISSING,trusted raw candidate has no matching scored row,Run/repair scoring enrichment over trusted raw fixture candidates before market translation.,WAIT_SCORING,NO,NO
2026-07-04,2026-07-04T21:28:51+01:00,1498621,Defensores De Belgrano,Deportivo Moron,Primera Nacional,TRUSTED_SOURCE_BUT_NO_SCORED_ROW,MISSING_SCORED_ROW,SCORING_NOT_RUN_FOR_TRUSTED_RAW,false,MISSING,trusted raw candidate has no matching scored row,Run/repair scoring enrichment over trusted raw fixture candidates before market translation.,WAIT_SCORING,NO,NO
2026-07-04,2026-07-04T21:28:51+01:00,1498626,Nueva Chicago,Club Atlético Güemes,Primera Nacional,TRUSTED_SOURCE_BUT_NO_SCORED_ROW,MISSING_SCORED_ROW,SCORING_NOT_RUN_FOR_TRUSTED_RAW,false,MISSING,trusted raw candidate has no matching scored row,Run/repair scoring enrichment over trusted raw fixture candidates before market translation.,WAIT_SCORING,NO,NO
2026-07-04,2026-07-04T21:28:51+01:00,1498628,Quilmes,Atlanta,Primera Nacional,TRUSTED_SOURCE_BUT_NO_SCORED_ROW,MISSING_SCORED_ROW,SCORING_NOT_RUN_FOR_TRUSTED_RAW,false,MISSING,trusted raw candidate has no matching scored row,Run/repair scoring enrichment over trusted raw fixture candidates before market translation.,WAIT_SCORING,NO,NO
2026-07-04,2026-07-04T21:28:51+01:00,1498630,Temperley,Tristan Suarez,Primera Nacional,TRUSTED_SOURCE_BUT_NO_SCORED_ROW,MISSING_SCORED_ROW,SCORING_NOT_RUN_FOR_TRUSTED_RAW,false,MISSING,trusted raw candidate has no matching scored row,Run/repair scoring enrichment over trusted raw fixture candidates before market translation.,WAIT_SCORING,NO,NO
2026-07-04,2026-07-04T21:28:51+01:00,1536233,Angust Nazran,PSK Dinskaya,Second League - Group 1,TRUSTED_SOURCE_BUT_NO_SCORED_ROW,MISSING_SCORED_ROW,SCORING_NOT_RUN_FOR_TRUSTED_RAW,false,MISSING,trusted raw candidate has no matching scored row,Run/repair scoring enrichment over trusted raw fixture candidates before market translation.,WAIT_SCORING,NO,NO
2026-07-04,2026-07-04T21:28:51+01:00,1536234,Astrakhan,Lugansk,Second League - Group 1,TRUSTED_SOURCE_BUT_NO_SCORED_ROW,MISSING_SCORED_ROW,SCORING_NOT_RUN_FOR_TRUSTED_RAW,false,MISSING,trusted raw candidate has no matching scored row,Run/repair scoring enrichment over trusted raw fixture candidates before market translation.,WAIT_SCORING,NO,NO
2026-07-04,2026-07-04T21:28:51+01:00,1536006,Druzhba,Rubin Yalta,Second League - Group 1,TRUSTED_SOURCE_BUT_NO_SCORED_ROW,MISSING_SCORED_ROW,SCORING_NOT_RUN_FOR_TRUSTED_RAW,false,MISSING,trusted raw candidate has no matching scored row,Run/repair scoring enrichment over trusted raw fixture candidates before market translation.,WAIT_SCORING,NO,NO
2026-07-04,2026-07-04T21:28:51+01:00,1536235,Izberbash,FK Chayka 2,Second League - Group 1,TRUSTED_SOURCE_BUT_NO_SCORED_ROW,MISSING_SCORED_ROW,SCORING_NOT_RUN_FOR_TRUSTED_RAW,false,MISSING,trusted raw candidate has no matching scored row,Run/repair scoring enrichment over trusted raw fixture candidates before market translation.,WAIT_SCORING,NO,NO
2026-07-04,2026-07-04T21:28:51+01:00,1536007,Nart Cherkessk,Kyzyltash,Second League - Group 1,TRUSTED_SOURCE_BUT_NO_SCORED_ROW,MISSING_SCORED_ROW,SCORING_NOT_RUN_FOR_TRUSTED_RAW,false,MISSING,trusted raw candidate has no matching scored row,Run/repair scoring enrichment over trusted raw fixture candidates before market translation.,WAIT_SCORING,NO,NO
2026-07-04,2026-07-04T21:28:51+01:00,1536005,Pobeda,Rostov II,Second League - Group 1,TRUSTED_SOURCE_BUT_NO_SCORED_ROW,MISSING_SCORED_ROW,SCORING_NOT_RUN_FOR_TRUSTED_RAW,false,MISSING,trusted raw candidate has no matching scored row,Run/repair scoring enrichment over trusted raw fixture candidates before market translation.,WAIT_SCORING,NO,NO
2026-07-04,2026-07-04T21:28:51+01:00,1536008,Spartak Nalchik,Sevastopol,Second League - Group 1,TRUSTED_SOURCE_BUT_NO_SCORED_ROW,MISSING_SCORED_ROW,SCORING_NOT_RUN_FOR_TRUSTED_RAW,false,MISSING,trusted raw candidate has no matching scored row,Run/repair scoring enrichment over trusted raw fixture candidates before market translation.,WAIT_SCORING,NO,NO
2026-07-04,2026-07-04T21:28:51+01:00,1536401,Zvezda St. Petersburg,Dinamo St. Petersburg,Second League - Group 2,TRUSTED_SOURCE_BUT_NO_SCORED_ROW,MISSING_SCORED_ROW,SCORING_NOT_RUN_FOR_TRUSTED_RAW,false,MISSING,trusted raw candidate has no matching scored row,Run/repair scoring enrichment over trusted raw fixture candidates before market translation.,WAIT_SCORING,NO,NO
2026-07-04,2026-07-04T21:28:51+01:00,1536625,Kvant,Arsenal Tula II,Second League - Group 3,TRUSTED_SOURCE_BUT_NO_SCORED_ROW,MISSING_SCORED_ROW,SCORING_NOT_RUN_FOR_TRUSTED_RAW,false,MISSING,trusted raw candidate has no matching scored row,Run/repair scoring enrichment over trusted raw fixture candidates before market translation.,WAIT_SCORING,NO,NO
2026-07-04,2026-07-04T21:28:51+01:00,1536626,Orel,Metallurg Lipetsk,Second League - Group 3,TRUSTED_SOURCE_BUT_NO_SCORED_ROW,MISSING_SCORED_ROW,SCORING_NOT_RUN_FOR_TRUSTED_RAW,false,MISSING,trusted raw candidate has no matching scored row,Run/repair scoring enrichment over trusted raw fixture candidates before market translation.,WAIT_SCORING,NO,NO
2026-07-04,2026-07-04T21:28:51+01:00,1536627,Rodina Moskva III,Saturn Ramenskoye,Second League - Group 3,TRUSTED_SOURCE_BUT_NO_SCORED_ROW,MISSING_SCORED_ROW,SCORING_NOT_RUN_FOR_TRUSTED_RAW,false,MISSING,trusted raw candidate has no matching scored row,Run/repair scoring enrichment over trusted raw fixture candidates before market translation.,WAIT_SCORING,NO,NO
2026-07-04,2026-07-04T21:28:51+01:00,1536628,Rotor-2,Strogino,Second League - Group 3,TRUSTED_SOURCE_BUT_NO_SCORED_ROW,MISSING_SCORED_ROW,SCORING_NOT_RUN_FOR_TRUSTED_RAW,false,MISSING,trusted raw candidate has no matching scored row,Run/repair scoring enrichment over trusted raw fixture candidates before market translation.,WAIT_SCORING,NO,NO
2026-07-04,2026-07-04T21:28:51+01:00,1536629,Ryazan,SKA Khabarovsk II,Second League - Group 3,TRUSTED_SOURCE_BUT_NO_SCORED_ROW,MISSING_SCORED_ROW,SCORING_NOT_RUN_FOR_TRUSTED_RAW,false,MISSING,trusted raw candidate has no matching scored row,Run/repair scoring enrichment over trusted raw fixture candidates before market translation.,WAIT_SCORING,NO,NO
2026-07-04,2026-07-04T21:28:51+01:00,1536631,Volna Nizhegorodskaya,Shumbrat,Second League - Group 3,TRUSTED_SOURCE_BUT_NO_SCORED_ROW,MISSING_SCORED_ROW,SCORING_NOT_RUN_FOR_TRUSTED_RAW,false,MISSING,trusted raw candidate has no matching scored row,Run/repair scoring enrichment over trusted raw fixture candidates before market translation.,WAIT_SCORING,NO,NO
2026-07-04,2026-07-04T21:28:51+01:00,1529124,Deportes Rengo,Santiago Morning,Segunda División,TRUSTED_SOURCE_BUT_NO_SCORED_ROW,MISSING_SCORED_ROW,SCORING_NOT_RUN_FOR_TRUSTED_RAW,false,MISSING,trusted raw candidate has no matching scored row,Run/repair scoring enrichment over trusted raw fixture candidates before market translation.,WAIT_SCORING,NO,NO
2026-07-04,2026-07-04T21:28:51+01:00,1561320,Plaza Colonia,La Luz,Segunda División,TRUSTED_SOURCE_BUT_NO_SCORED_ROW,MISSING_SCORED_ROW,SCORING_NOT_RUN_FOR_TRUSTED_RAW,false,MISSING,trusted raw candidate has no matching scored row,Run/repair scoring enrichment over trusted raw fixture candidates before market translation.,WAIT_SCORING,NO,NO
2026-07-04,2026-07-04T21:28:51+01:00,1529125,Provincial Osorno,General Velásquez,Segunda División,TRUSTED_SOURCE_BUT_NO_SCORED_ROW,MISSING_SCORED_ROW,SCORING_NOT_RUN_FOR_TRUSTED_RAW,false,MISSING,trusted raw candidate has no matching scored row,Run/repair scoring enrichment over trusted raw fixture candidates before market translation.,WAIT_SCORING,NO,NO
2026-07-04,2026-07-04T21:28:51+01:00,1529126,Provincial Ovalle,Colina,Segunda División,TRUSTED_SOURCE_BUT_NO_SCORED_ROW,MISSING_SCORED_ROW,SCORING_NOT_RUN_FOR_TRUSTED_RAW,false,MISSING,trusted raw candidate has no matching scored row,Run/repair scoring enrichment over trusted raw fixture candidates before market translation.,WAIT_SCORING,NO,NO
2026-07-04,2026-07-04T21:28:51+01:00,1561319,Rentistas,Paysandu,Segunda División,TRUSTED_SOURCE_BUT_NO_SCORED_ROW,MISSING_SCORED_ROW,SCORING_NOT_RUN_FOR_TRUSTED_RAW,false,MISSING,trusted raw candidate has no matching scored row,Run/repair scoring enrichment over trusted raw fixture candidates before market translation.,WAIT_SCORING,NO,NO
2026-07-04,2026-07-04T21:28:51+01:00,1567797,CRAC,Treze,Serie D,TRUSTED_SOURCE_BUT_NO_SCORED_ROW,MISSING_SCORED_ROW,SCORING_NOT_RUN_FOR_TRUSTED_RAW,false,MISSING,trusted raw candidate has no matching scored row,Run/repair scoring enrichment over trusted raw fixture candidates before market translation.,WAIT_SCORING,NO,NO
2026-07-04,2026-07-04T21:28:51+01:00,1567796,Cianorte,XV de Piracicaba,Serie D,TRUSTED_SOURCE_BUT_NO_SCORED_ROW,MISSING_SCORED_ROW,SCORING_NOT_RUN_FOR_TRUSTED_RAW,false,MISSING,trusted raw candidate has no matching scored row,Run/repair scoring enrichment over trusted raw fixture candidates before market translation.,WAIT_SCORING,NO,NO
2026-07-04,2026-07-04T21:28:51+01:00,1567799,Goiatuba EC,Manauara,Serie D,TRUSTED_SOURCE_BUT_NO_SCORED_ROW,MISSING_SCORED_ROW,SCORING_NOT_RUN_FOR_TRUSTED_RAW,false,MISSING,trusted raw candidate has no matching scored row,Run/repair scoring enrichment over trusted raw fixture candidates before market translation.,WAIT_SCORING,NO,NO
2026-07-04,2026-07-04T21:28:51+01:00,1567800,Imperatriz,Ferroviario,Serie D,TRUSTED_SOURCE_BUT_NO_SCORED_ROW,MISSING_SCORED_ROW,SCORING_NOT_RUN_FOR_TRUSTED_RAW,false,MISSING,trusted raw candidate has no matching scored row,Run/repair scoring enrichment over trusted raw fixture candidates before market translation.,WAIT_SCORING,NO,NO
2026-07-04,2026-07-04T21:28:51+01:00,1567795,Ipatinga,CSA,Serie D,TRUSTED_SOURCE_BUT_NO_SCORED_ROW,MISSING_SCORED_ROW,SCORING_NOT_RUN_FOR_TRUSTED_RAW,false,MISSING,trusted raw candidate has no matching scored row,Run/repair scoring enrichment over trusted raw fixture candidates before market translation.,WAIT_SCORING,NO,NO
2026-07-04,2026-07-04T21:28:51+01:00,1567801,Luverdense,Guaporé,Serie D,TRUSTED_SOURCE_BUT_NO_SCORED_ROW,MISSING_SCORED_ROW,SCORING_NOT_RUN_FOR_TRUSTED_RAW,false,MISSING,trusted raw candidate has no matching scored row,Run/repair scoring enrichment over trusted raw fixture candidates before market translation.,WAIT_SCORING,NO,NO
2026-07-04,2026-07-04T21:28:51+01:00,1567802,Maguary PE,Iguatu,Serie D,TRUSTED_SOURCE_BUT_NO_SCORED_ROW,MISSING_SCORED_ROW,SCORING_NOT_RUN_FOR_TRUSTED_RAW,false,MISSING,trusted raw candidate has no matching scored row,Run/repair scoring enrichment over trusted raw fixture candidates before market translation.,WAIT_SCORING,NO,NO
2026-07-04,2026-07-04T21:28:51+01:00,1567803,Marcílio Dias,Portuguesa,Serie D,TRUSTED_SOURCE_BUT_NO_SCORED_ROW,MISSING_SCORED_ROW,SCORING_NOT_RUN_FOR_TRUSTED_RAW,false,MISSING,trusted raw candidate has no matching scored row,Run/repair scoring enrichment over trusted raw fixture candidates before market translation.,WAIT_SCORING,NO,NO
2026-07-04,2026-07-04T21:28:51+01:00,1567804,Nacional AM,Capital Brasilia,Serie D,TRUSTED_SOURCE_BUT_NO_SCORED_ROW,MISSING_SCORED_ROW,SCORING_NOT_RUN_FOR_TRUSTED_RAW,false,MISSING,trusted raw candidate has no matching scored row,Run/repair scoring enrichment over trusted raw fixture candidates before market translation.,WAIT_SCORING,NO,NO
2026-07-04,2026-07-04T21:28:51+01:00,1567805,Porto Velho,Gama,Serie D,TRUSTED_SOURCE_BUT_NO_SCORED_ROW,MISSING_SCORED_ROW,SCORING_NOT_RUN_FOR_TRUSTED_RAW,false,MISSING,trusted raw candidate has no matching scored row,Run/repair scoring enrichment over trusted raw fixture candidates before market translation.,WAIT_SCORING,NO,NO
2026-07-04,2026-07-04T21:28:51+01:00,1567798,Sao Jose,Portuguesa RJ,Serie D,TRUSTED_SOURCE_BUT_NO_SCORED_ROW,MISSING_SCORED_ROW,SCORING_NOT_RUN_FOR_TRUSTED_RAW,false,MISSING,trusted raw candidate has no matching scored row,Run/repair scoring enrichment over trusted raw fixture candidates before market translation.,WAIT_SCORING,NO,NO
2026-07-04,2026-07-04T21:28:51+01:00,1567806,Serra Branca,Uberlandia,Serie D,TRUSTED_SOURCE_BUT_NO_SCORED_ROW,MISSING_SCORED_ROW,SCORING_NOT_RUN_FOR_TRUSTED_RAW,false,MISSING,trusted raw candidate has no matching scored row,Run/repair scoring enrichment over trusted raw fixture candidates before market translation.,WAIT_SCORING,NO,NO
2026-07-04,2026-07-04T21:28:51+01:00,1567807,Trem,America-RN,Serie D,TRUSTED_SOURCE_BUT_NO_SCORED_ROW,MISSING_SCORED_ROW,SCORING_NOT_RUN_FOR_TRUSTED_RAW,false,MISSING,trusted raw candidate has no matching scored row,Run/repair scoring enrichment over trusted raw fixture candidates before market translation.,WAIT_SCORING,NO,NO
2026-07-04,2026-07-04T21:28:51+01:00,1567808,Velo Clube,São Luiz,Serie D,TRUSTED_SOURCE_BUT_NO_SCORED_ROW,MISSING_SCORED_ROW,SCORING_NOT_RUN_FOR_TRUSTED_RAW,false,MISSING,trusted raw candidate has no matching scored row,Run/repair scoring enrichment over trusted raw fixture candidates before market translation.,WAIT_SCORING,NO,NO
2026-07-04,2026-07-04T21:28:51+01:00,1567794,Águia de Marabá,ABC,Serie D,TRUSTED_SOURCE_BUT_NO_SCORED_ROW,MISSING_SCORED_ROW,SCORING_NOT_RUN_FOR_TRUSTED_RAW,false,MISSING,trusted raw candidate has no matching scored row,Run/repair scoring enrichment over trusted raw fixture candidates before market translation.,WAIT_SCORING,NO,NO
2026-07-04,2026-07-04T21:28:51+01:00,1523190,Beijing Guoan,Shandong Luneng,Super League,TRUSTED_SOURCE_BUT_NO_SCORED_ROW,MISSING_SCORED_ROW,SCORING_NOT_RUN_FOR_TRUSTED_RAW,false,MISSING,trusted raw candidate has no matching scored row,Run/repair scoring enrichment over trusted raw fixture candidates before market translation.,WAIT_SCORING,NO,NO
2026-07-04,2026-07-04T21:28:51+01:00,1538639,Blue Eagles,Moyale Barracks,Super League,TRUSTED_SOURCE_BUT_NO_SCORED_ROW,MISSING_SCORED_ROW,SCORING_NOT_RUN_FOR_TRUSTED_RAW,false,MISSING,trusted raw candidate has no matching scored row,Run/repair scoring enrichment over trusted raw fixture candidates before market translation.,WAIT_SCORING,NO,NO
2026-07-04,2026-07-04T21:28:51+01:00,1523191,Dalian Zhixing,Wuhan Three Towns,Super League,TRUSTED_SOURCE_BUT_NO_SCORED_ROW,MISSING_SCORED_ROW,SCORING_NOT_RUN_FOR_TRUSTED_RAW,false,MISSING,trusted raw candidate has no matching scored row,Run/repair scoring enrichment over trusted raw fixture candidates before market translation.,WAIT_SCORING,NO,NO
2026-07-04,2026-07-04T21:28:51+01:00,1538640,Karonga United,Dedza Dynamos,Super League,TRUSTED_SOURCE_BUT_NO_SCORED_ROW,MISSING_SCORED_ROW,SCORING_NOT_RUN_FOR_TRUSTED_RAW,false,MISSING,trusted raw candidate has no matching scored row,Run/repair scoring enrichment over trusted raw fixture candidates before market translation.,WAIT_SCORING,NO,NO
2026-07-04,2026-07-04T21:28:51+01:00,1538638,Nyasa Big Bullets,Creck,Super League,TRUSTED_SOURCE_BUT_NO_SCORED_ROW,MISSING_SCORED_ROW,SCORING_NOT_RUN_FOR_TRUSTED_RAW,false,MISSING,trusted raw candidate has no matching scored row,Run/repair scoring enrichment over trusted raw fixture candidates before market translation.,WAIT_SCORING,NO,NO
2026-07-04,2026-07-04T21:28:51+01:00,1523189,Qingdao Youth Island,SHANGHAI SIPG,Super League,TRUSTED_SOURCE_BUT_NO_SCORED_ROW,MISSING_SCORED_ROW,SCORING_NOT_RUN_FOR_TRUSTED_RAW,false,MISSING,trusted raw candidate has no matching scored row,Run/repair scoring enrichment over trusted raw fixture candidates before market translation.,WAIT_SCORING,NO,NO
2026-07-04,2026-07-04T21:28:51+01:00,1523188,Shenyang Urban,Chongqing Tongliang Long,Super League,TRUSTED_SOURCE_BUT_NO_SCORED_ROW,MISSING_SCORED_ROW,SCORING_NOT_RUN_FOR_TRUSTED_RAW,false,MISSING,trusted raw candidate has no matching scored row,Run/repair scoring enrichment over trusted raw fixture candidates before market translation.,WAIT_SCORING,NO,NO
2026-07-04,2026-07-04T21:28:51+01:00,1523192,Tianjin Teda,Sichuan Jiuniu,Super League,TRUSTED_SOURCE_BUT_NO_SCORED_ROW,MISSING_SCORED_ROW,SCORING_NOT_RUN_FOR_TRUSTED_RAW,false,MISSING,trusted raw candidate has no matching scored row,Run/repair scoring enrichment over trusted raw fixture candidates before market translation.,WAIT_SCORING,NO,NO
2026-07-04,2026-07-04T21:28:51+01:00,1558482,Petrocub,Milsami Orhei,Super Liga,TRUSTED_SOURCE_BUT_NO_SCORED_ROW,MISSING_SCORED_ROW,SCORING_NOT_RUN_FOR_TRUSTED_RAW,false,MISSING,trusted raw candidate has no matching scored row,Run/repair scoring enrichment over trusted raw fixture candidates before market translation.,WAIT_SCORING,NO,NO
2026-07-04,2026-07-04T21:28:51+01:00,1558481,Politehnica UTM,Sheriff Tiraspol,Super Liga,TRUSTED_SOURCE_BUT_NO_SCORED_ROW,MISSING_SCORED_ROW,SCORING_NOT_RUN_FOR_TRUSTED_RAW,false,MISSING,trusted raw candidate has no matching scored row,Run/repair scoring enrichment over trusted raw fixture candidates before market translation.,WAIT_SCORING,NO,NO
2026-07-04,2026-07-04T21:28:51+01:00,1529267,Launceston City,Launceston United,Tasmania NPL,TRUSTED_SOURCE_BUT_NO_SCORED_ROW,MISSING_SCORED_ROW,SCORING_NOT_RUN_FOR_TRUSTED_RAW,false,MISSING,trusted raw candidate has no matching scored row,Run/repair scoring enrichment over trusted raw fixture candidates before market translation.,WAIT_SCORING,NO,NO
2026-07-04,2026-07-04T21:28:51+01:00,1533117,Devonport U21,Launceston United U21,Tasmania Northern Championship,NOT_TRUSTED_NO_PROMOTION,NOT_TRUSTED_SKIPPED,RAW_TRUST_GATE_BLOCK,false,MISSING,"raw candidate was not trusted, so scoring gap is intentionally ignored",Keep diagnostic only unless future whitelist changes source trust.,DIAGNOSTIC_ONLY,NO,NO
2026-07-04,2026-07-04T21:28:51+01:00,1533119,Launceston U21,Somerset,Tasmania Northern Championship,NOT_TRUSTED_NO_PROMOTION,NOT_TRUSTED_SKIPPED,RAW_TRUST_GATE_BLOCK,false,MISSING,"raw candidate was not trusted, so scoring gap is intentionally ignored",Keep diagnostic only unless future whitelist changes source trust.,DIAGNOSTIC_ONLY,NO,NO
2026-07-04,2026-07-04T21:28:51+01:00,1533118,Ulverstone U21,Northern Rangers,Tasmania Northern Championship,NOT_TRUSTED_NO_PROMOTION,NOT_TRUSTED_SKIPPED,RAW_TRUST_GATE_BLOCK,false,MISSING,"raw candidate was not trusted, so scoring gap is intentionally ignored",Keep diagnostic only unless future whitelist changes source trust.,DIAGNOSTIC_ONLY,NO,NO
2026-07-04,2026-07-04T21:28:51+01:00,1530441,Defensores de Vilelas,Sarmiento de La Banda,Torneo Federal A,TRUSTED_SOURCE_BUT_NO_SCORED_ROW,MISSING_SCORED_ROW,SCORING_NOT_RUN_FOR_TRUSTED_RAW,false,MISSING,trusted raw candidate has no matching scored row,Run/repair scoring enrichment over trusted raw fixture candidates before market translation.,WAIT_SCORING,NO,NO
2026-07-04,2026-07-04T21:28:51+01:00,1530445,Huracan Las Heras,Costa Brava,Torneo Federal A,TRUSTED_SOURCE_BUT_NO_SCORED_ROW,MISSING_SCORED_ROW,SCORING_NOT_RUN_FOR_TRUSTED_RAW,false,MISSING,trusted raw candidate has no matching scored row,Run/repair scoring enrichment over trusted raw fixture candidates before market translation.,WAIT_SCORING,NO,NO
2026-07-04,2026-07-04T21:28:51+01:00,1493562,Indy Eleven,Charleston Battery,USL Championship,TRUSTED_SOURCE_BUT_NO_SCORED_ROW,MISSING_SCORED_ROW,SCORING_NOT_RUN_FOR_TRUSTED_RAW,false,MISSING,trusted raw candidate has no matching scored row,Run/repair scoring enrichment over trusted raw fixture candidates before market translation.,WAIT_SCORING,NO,NO
2026-07-04,2026-07-04T21:28:51+01:00,1493569,Tampa Bay Rowdies,Lexington,USL Championship,TRUSTED_SOURCE_BUT_NO_SCORED_ROW,MISSING_SCORED_ROW,SCORING_NOT_RUN_FOR_TRUSTED_RAW,false,MISSING,trusted raw candidate has no matching scored row,Run/repair scoring enrichment over trusted raw fixture candidates before market translation.,WAIT_SCORING,NO,NO
2026-07-04,2026-07-04T21:28:51+01:00,1493889,Forward Madison,Tormenta,USL League One,TRUSTED_SOURCE_BUT_NO_SCORED_ROW,MISSING_SCORED_ROW,SCORING_NOT_RUN_FOR_TRUSTED_RAW,false,MISSING,trusted raw candidate has no matching scored row,Run/repair scoring enrichment over trusted raw fixture candidates before market translation.,WAIT_SCORING,NO,NO
2026-07-04,2026-07-04T21:28:51+01:00,1541320,Goulburn Valley Suns,Moreland City,Victoria Premier League 2,TRUSTED_SOURCE_BUT_NO_SCORED_ROW,MISSING_SCORED_ROW,SCORING_NOT_RUN_FOR_TRUSTED_RAW,false,MISSING,trusted raw candidate has no matching scored row,Run/repair scoring enrichment over trusted raw fixture candidates before market translation.,WAIT_SCORING,NO,NO
2026-07-04,2026-07-04T21:28:51+01:00,1541443,Malvern,Eastern Lions,Victoria Premier League 2,TRUSTED_SOURCE_BUT_NO_SCORED_ROW,MISSING_SCORED_ROW,SCORING_NOT_RUN_FOR_TRUSTED_RAW,false,MISSING,trusted raw candidate has no matching scored row,Run/repair scoring enrichment over trusted raw fixture candidates before market translation.,WAIT_SCORING,NO,NO
2026-07-04,2026-07-04T21:28:51+01:00,1515880,BFC Daugavpils,FK Liepaja,Virsliga,TRUSTED_SOURCE_BUT_NO_SCORED_ROW,MISSING_SCORED_ROW,SCORING_NOT_RUN_FOR_TRUSTED_RAW,false,MISSING,trusted raw candidate has no matching scored row,Run/repair scoring enrichment over trusted raw fixture candidates before market translation.,WAIT_SCORING,NO,NO
2026-07-04,2026-07-04T21:28:51+01:00,1515881,Rīgas FS,Auda,Virsliga,TRUSTED_SOURCE_BUT_NO_SCORED_ROW,MISSING_SCORED_ROW,SCORING_NOT_RUN_FOR_TRUSTED_RAW,false,MISSING,trusted raw candidate has no matching scored row,Run/repair scoring enrichment over trusted raw fixture candidates before market translation.,WAIT_SCORING,NO,NO
2026-07-04,2026-07-04T21:28:51+01:00,1535516,Kingsley Westside,UWA Nedlands,Western Australia State League 1,TRUSTED_SOURCE_BUT_NO_SCORED_ROW,MISSING_SCORED_ROW,SCORING_NOT_RUN_FOR_TRUSTED_RAW,false,MISSING,trusted raw candidate has no matching scored row,Run/repair scoring enrichment over trusted raw fixture candidates before market translation.,WAIT_SCORING,NO,NO
2026-07-04,2026-07-04T21:28:51+01:00,1535513,Murdoch Melville,Floreat Athena,Western Australia State League 1,TRUSTED_SOURCE_BUT_NO_SCORED_ROW,MISSING_SCORED_ROW,SCORING_NOT_RUN_FOR_TRUSTED_RAW,false,MISSING,trusted raw candidate has no matching scored row,Run/repair scoring enrichment over trusted raw fixture candidates before market translation.,WAIT_SCORING,NO,NO
2026-07-04,2026-07-04T21:28:51+01:00,1567824,Canada,Morocco,World Cup,TRUSTED_SOURCE_BUT_NO_SCORED_ROW,MISSING_SCORED_ROW,SCORING_NOT_RUN_FOR_TRUSTED_RAW,false,MISSING,trusted raw candidate has no matching scored row,Run/repair scoring enrichment over trusted raw fixture candidates before market translation.,WAIT_SCORING,NO,NO
2026-07-04,2026-07-04T21:28:51+01:00,1569870,Paraguay,France,World Cup,TRUSTED_SOURCE_BUT_NO_SCORED_ROW,MISSING_SCORED_ROW,SCORING_NOT_RUN_FOR_TRUSTED_RAW,false,MISSING,trusted raw candidate has no matching scored row,Run/repair scoring enrichment over trusted raw fixture candidates before market translation.,WAIT_SCORING,NO,NO
2026-07-04,2026-07-04T21:28:51+01:00,1517204,KuPS Akatemia,Tampere United,Ykkönen,TRUSTED_SOURCE_BUT_NO_SCORED_ROW,MISSING_SCORED_ROW,SCORING_NOT_RUN_FOR_TRUSTED_RAW,false,MISSING,trusted raw candidate has no matching scored row,Run/repair scoring enrichment over trusted raw fixture candidates before market translation.,WAIT_SCORING,NO,NO
2026-07-04,2026-07-04T21:28:51+01:00,1517206,OLS,Inter Turku II,Ykkönen,TRUSTED_SOURCE_BUT_NO_SCORED_ROW,MISSING_SCORED_ROW,SCORING_NOT_RUN_FOR_TRUSTED_RAW,false,MISSING,trusted raw candidate has no matching scored row,Run/repair scoring enrichment over trusted raw fixture candidates before market translation.,WAIT_SCORING,NO,NO
2026-07-04,2026-07-04T21:28:51+01:00,1517203,SalPa,VJS,Ykkönen,TRUSTED_SOURCE_BUT_NO_SCORED_ROW,MISSING_SCORED_ROW,SCORING_NOT_RUN_FOR_TRUSTED_RAW,false,MISSING,trusted raw candidate has no matching scored row,Run/repair scoring enrichment over trusted raw fixture candidates before market translation.,WAIT_SCORING,NO,NO
2026-07-04,2026-07-04T21:28:51+01:00,1504254,EIF,PK-35,Ykkösliiga,TRUSTED_SOURCE_BUT_NO_SCORED_ROW,MISSING_SCORED_ROW,SCORING_NOT_RUN_FOR_TRUSTED_RAW,false,MISSING,trusted raw candidate has no matching scored row,Run/repair scoring enrichment over trusted raw fixture candidates before market translation.,WAIT_SCORING,NO,NO
2026-07-04,2026-07-04T21:28:51+01:00,1508797,IA Akranes,Breidablik,Úrvalsdeild,TRUSTED_SOURCE_BUT_NO_SCORED_ROW,MISSING_SCORED_ROW,SCORING_NOT_RUN_FOR_TRUSTED_RAW,false,MISSING,trusted raw candidate has no matching scored row,Run/repair scoring enrichment over trusted raw fixture candidates before market translation.,WAIT_SCORING,NO,NO
2026-07-04,2026-07-04T21:28:51+01:00,1508800,IBV Vestmannaeyjar,Valur Reykjavik,Úrvalsdeild,TRUSTED_SOURCE_BUT_NO_SCORED_ROW,MISSING_SCORED_ROW,SCORING_NOT_RUN_FOR_TRUSTED_RAW,false,MISSING,trusted raw candidate has no matching scored row,Run/repair scoring enrichment over trusted raw fixture candidates before market translation.,WAIT_SCORING,NO,NO
2026-07-04,2026-07-04T21:28:51+01:00,1554458,Bahia U20,Jacobina U20,Baiano U20,NOT_TRUSTED_NO_PROMOTION,NOT_TRUSTED_SKIPPED,RAW_TRUST_GATE_BLOCK,false,MISSING,"raw candidate was not trusted, so scoring gap is intentionally ignored",Keep diagnostic only unless future whitelist changes source trust.,DIAGNOSTIC_ONLY,NO,NO
2026-07-04,2026-07-04T21:28:51+01:00,1554459,Camaçariense U20,SSA U20,Baiano U20,NOT_TRUSTED_NO_PROMOTION,NOT_TRUSTED_SKIPPED,RAW_TRUST_GATE_BLOCK,false,MISSING,"raw candidate was not trusted, so scoring gap is intentionally ignored",Keep diagnostic only unless future whitelist changes source trust.,DIAGNOSTIC_ONLY,NO,NO
2026-07-04,2026-07-04T21:28:51+01:00,1554460,Fluminense de Feira U20,Jacuipense U20,Baiano U20,NOT_TRUSTED_NO_PROMOTION,NOT_TRUSTED_SKIPPED,RAW_TRUST_GATE_BLOCK,false,MISSING,"raw candidate was not trusted, so scoring gap is intentionally ignored",Keep diagnostic only unless future whitelist changes source trust.,DIAGNOSTIC_ONLY,NO,NO
2026-07-04,2026-07-04T21:28:51+01:00,1554457,Vitória U20,Barcelona BA U20,Baiano U20,NOT_TRUSTED_NO_PROMOTION,NOT_TRUSTED_SKIPPED,RAW_TRUST_GATE_BLOCK,false,MISSING,"raw candidate was not trusted, so scoring gap is intentionally ignored",Keep diagnostic only unless future whitelist changes source trust.,DIAGNOSTIC_ONLY,NO,NO
2026-07-04,2026-07-04T21:28:51+01:00,1546259,CFZ Brasilia U20,Sobradinho U20,Brasiliense U20,NOT_TRUSTED_NO_PROMOTION,NOT_TRUSTED_SKIPPED,RAW_TRUST_GATE_BLOCK,false,MISSING,"raw candidate was not trusted, so scoring gap is intentionally ignored",Keep diagnostic only unless future whitelist changes source trust.,DIAGNOSTIC_ONLY,NO,NO
2026-07-04,2026-07-04T21:28:51+01:00,1546256,Grêmio Valparaíso U20,Santa Maria U20,Brasiliense U20,NOT_TRUSTED_NO_PROMOTION,NOT_TRUSTED_SKIPPED,RAW_TRUST_GATE_BLOCK,false,MISSING,"raw candidate was not trusted, so scoring gap is intentionally ignored",Keep diagnostic only unless future whitelist changes source trust.,DIAGNOSTIC_ONLY,NO,NO
2026-07-04,2026-07-04T21:28:51+01:00,1539845,Avaí U20,Carlos Renaux U20,Catarinense U20,NOT_TRUSTED_NO_PROMOTION,NOT_TRUSTED_SKIPPED,RAW_TRUST_GATE_BLOCK,false,MISSING,"raw candidate was not trusted, so scoring gap is intentionally ignored",Keep diagnostic only unless future whitelist changes source trust.,DIAGNOSTIC_ONLY,NO,NO
2026-07-04,2026-07-04T21:28:51+01:00,1539846,Barra SC U20,Brusque U20,Catarinense U20,NOT_TRUSTED_NO_PROMOTION,NOT_TRUSTED_SKIPPED,RAW_TRUST_GATE_BLOCK,false,MISSING,"raw candidate was not trusted, so scoring gap is intentionally ignored",Keep diagnostic only unless future whitelist changes source trust.,DIAGNOSTIC_ONLY,NO,NO
2026-07-04,2026-07-04T21:28:51+01:00,1539844,Chapecoense U20,Joinville U20,Catarinense U20,NOT_TRUSTED_NO_PROMOTION,NOT_TRUSTED_SKIPPED,RAW_TRUST_GATE_BLOCK,false,MISSING,"raw candidate was not trusted, so scoring gap is intentionally ignored",Keep diagnostic only unless future whitelist changes source trust.,DIAGNOSTIC_ONLY,NO,NO
2026-07-04,2026-07-04T21:28:51+01:00,1539847,Concórdia U20,Figueirense U20,Catarinense U20,NOT_TRUSTED_NO_PROMOTION,NOT_TRUSTED_SKIPPED,RAW_TRUST_GATE_BLOCK,false,MISSING,"raw candidate was not trusted, so scoring gap is intentionally ignored",Keep diagnostic only unless future whitelist changes source trust.,DIAGNOSTIC_ONLY,NO,NO
2026-07-04,2026-07-04T21:28:51+01:00,1539843,Nação U20,Criciuma U20,Catarinense U20,NOT_TRUSTED_NO_PROMOTION,NOT_TRUSTED_SKIPPED,RAW_TRUST_GATE_BLOCK,false,MISSING,"raw candidate was not trusted, so scoring gap is intentionally ignored",Keep diagnostic only unless future whitelist changes source trust.,DIAGNOSTIC_ONLY,NO,NO
2026-07-04,2026-07-04T21:28:51+01:00,1540222,Alianca U20,Vila Real FC U20,Cearense U20,NOT_TRUSTED_NO_PROMOTION,NOT_TRUSTED_SKIPPED,RAW_TRUST_GATE_BLOCK,false,MISSING,"raw candidate was not trusted, so scoring gap is intentionally ignored",Keep diagnostic only unless future whitelist changes source trust.,DIAGNOSTIC_ONLY,NO,NO
2026-07-04,2026-07-04T21:28:51+01:00,1567320,Anjos do Céu U20,Floresta CE U20,Cearense U20,NOT_TRUSTED_NO_PROMOTION,NOT_TRUSTED_SKIPPED,RAW_TRUST_GATE_BLOCK,false,MISSING,"raw candidate was not trusted, so scoring gap is intentionally ignored",Keep diagnostic only unless future whitelist changes source trust.,DIAGNOSTIC_ONLY,NO,NO
2026-07-04,2026-07-04T21:28:51+01:00,1540203,Atlético Cearense U20,Anjos do Céu U20,Cearense U20,NOT_TRUSTED_NO_PROMOTION,NOT_TRUSTED_SKIPPED,RAW_TRUST_GATE_BLOCK,false,MISSING,"raw candidate was not trusted, so scoring gap is intentionally ignored",Keep diagnostic only unless future whitelist changes source trust.,DIAGNOSTIC_ONLY,NO,NO
2026-07-04,2026-07-04T21:28:51+01:00,1540200,Ceará U20,Quixadá U20,Cearense U20,NOT_TRUSTED_NO_PROMOTION,NOT_TRUSTED_SKIPPED,RAW_TRUST_GATE_BLOCK,false,MISSING,"raw candidate was not trusted, so scoring gap is intentionally ignored",Keep diagnostic only unless future whitelist changes source trust.,DIAGNOSTIC_ONLY,NO,NO
2026-07-04,2026-07-04T21:28:51+01:00,1540202,Floresta CE U20,Caucaia U20,Cearense U20,NOT_TRUSTED_NO_PROMOTION,NOT_TRUSTED_SKIPPED,RAW_TRUST_GATE_BLOCK,false,MISSING,"raw candidate was not trusted, so scoring gap is intentionally ignored",Keep diagnostic only unless future whitelist changes source trust.,DIAGNOSTIC_ONLY,NO,NO
2026-07-04,2026-07-04T21:28:51+01:00,1567325,Fortaleza U20,Vila Real FC U20,Cearense U20,NOT_TRUSTED_NO_PROMOTION,NOT_TRUSTED_SKIPPED,RAW_TRUST_GATE_BLOCK,false,MISSING,"raw candidate was not trusted, so scoring gap is intentionally ignored",Keep diagnostic only unless future whitelist changes source trust.,DIAGNOSTIC_ONLY,NO,NO
2026-07-04,2026-07-04T21:28:51+01:00,1540199,Fortaleza U20,Tirol U20,Cearense U20,NOT_TRUSTED_NO_PROMOTION,NOT_TRUSTED_SKIPPED,RAW_TRUST_GATE_BLOCK,false,MISSING,"raw candidate was not trusted, so scoring gap is intentionally ignored",Keep diagnostic only unless future whitelist changes source trust.,DIAGNOSTIC_ONLY,NO,NO
2026-07-04,2026-07-04T21:28:51+01:00,1540201,Horizonte U20,Ferroviario U20,Cearense U20,NOT_TRUSTED_NO_PROMOTION,NOT_TRUSTED_SKIPPED,RAW_TRUST_GATE_BLOCK,false,MISSING,"raw candidate was not trusted, so scoring gap is intentionally ignored",Keep diagnostic only unless future whitelist changes source trust.,DIAGNOSTIC_ONLY,NO,NO
2026-07-04,2026-07-04T21:28:51+01:00,1540221,Juazeiro EC U20,Tiangua CE U20,Cearense U20,NOT_TRUSTED_NO_PROMOTION,NOT_TRUSTED_SKIPPED,RAW_TRUST_GATE_BLOCK,false,MISSING,"raw candidate was not trusted, so scoring gap is intentionally ignored",Keep diagnostic only unless future whitelist changes source trust.,DIAGNOSTIC_ONLY,NO,NO
2026-07-04,2026-07-04T21:28:51+01:00,1573800,Juventude U20,Internacional U20,Estadual Junior U20,NOT_TRUSTED_NO_PROMOTION,NOT_TRUSTED_SKIPPED,RAW_TRUST_GATE_BLOCK,false,MISSING,"raw candidate was not trusted, so scoring gap is intentionally ignored",Keep diagnostic only unless future whitelist changes source trust.,DIAGNOSTIC_ONLY,NO,NO
2026-07-04,2026-07-04T21:28:51+01:00,1548770,Johnstone Burgh,Elgin City,Friendlies Clubs,TRUSTED_SOURCE_BUT_NO_SCORED_ROW,MISSING_SCORED_ROW,SCORING_NOT_RUN_FOR_TRUSTED_RAW,false,MISSING,trusted raw candidate has no matching scored row,Run/repair scoring enrichment over trusted raw fixture candidates before market translation.,WAIT_SCORING,NO,NO
2026-07-04,2026-07-04T21:28:51+01:00,1554667,AC Horsens,Hobro,Friendlies Clubs,TRUSTED_SOURCE_BUT_NO_SCORED_ROW,MISSING_SCORED_ROW,SCORING_NOT_RUN_FOR_TRUSTED_RAW,false,MISSING,trusted raw candidate has no matching scored row,Run/repair scoring enrichment over trusted raw fixture candidates before market translation.,WAIT_SCORING,NO,NO
2026-07-04,2026-07-04T21:28:51+01:00,1554722,AZ Alkmaar,Gent,Friendlies Clubs,TRUSTED_SOURCE_BUT_NO_SCORED_ROW,MISSING_SCORED_ROW,SCORING_NOT_RUN_FOR_TRUSTED_RAW,false,MISSING,trusted raw candidate has no matching scored row,Run/repair scoring enrichment over trusted raw fixture candidates before market translation.,WAIT_SCORING,NO,NO
2026-07-04,2026-07-04T21:28:51+01:00,1560525,Ajax,Panathinaikos,Friendlies Clubs,TRUSTED_SOURCE_BUT_NO_SCORED_ROW,MISSING_SCORED_ROW,SCORING_NOT_RUN_FOR_TRUSTED_RAW,false,MISSING,trusted raw candidate has no matching scored row,Run/repair scoring enrichment over trusted raw fixture candidates before market translation.,WAIT_SCORING,NO,NO
2026-07-04,2026-07-04T21:28:51+01:00,1548772,Alfreton Town,Notts County,Friendlies Clubs,TRUSTED_SOURCE_BUT_NO_SCORED_ROW,MISSING_SCORED_ROW,SCORING_NOT_RUN_FOR_TRUSTED_RAW,false,MISSING,trusted raw candidate has no matching scored row,Run/repair scoring enrichment over trusted raw fixture candidates before market translation.,WAIT_SCORING,NO,NO
2026-07-04,2026-07-04T21:28:51+01:00,1554671,Almere City FC,Telstar,Friendlies Clubs,TRUSTED_SOURCE_BUT_NO_SCORED_ROW,MISSING_SCORED_ROW,SCORING_NOT_RUN_FOR_TRUSTED_RAW,false,MISSING,trusted raw candidate has no matching scored row,Run/repair scoring enrichment over trusted raw fixture candidates before market translation.,WAIT_SCORING,NO,NO
2026-07-04,2026-07-04T21:28:51+01:00,1546610,Amesbury Town,Salisbury,Friendlies Clubs,TRUSTED_SOURCE_BUT_NO_SCORED_ROW,MISSING_SCORED_ROW,SCORING_NOT_RUN_FOR_TRUSTED_RAW,false,MISSING,trusted raw candidate has no matching scored row,Run/repair scoring enrichment over trusted raw fixture candidates before market translation.,WAIT_SCORING,NO,NO
2026-07-04,2026-07-04T21:28:51+01:00,1560509,Anderlecht,Boulogne,Friendlies Clubs,TRUSTED_SOURCE_BUT_NO_SCORED_ROW,MISSING_SCORED_ROW,SCORING_NOT_RUN_FOR_TRUSTED_RAW,false,MISSING,trusted raw candidate has no matching scored row,Run/repair scoring enrichment over trusted raw fixture candidates before market translation.,WAIT_SCORING,NO,NO
2026-07-04,2026-07-04T21:28:51+01:00,1554713,Arbroath,Brechin,Friendlies Clubs,TRUSTED_SOURCE_BUT_NO_SCORED_ROW,MISSING_SCORED_ROW,SCORING_NOT_RUN_FOR_TRUSTED_RAW,false,MISSING,trusted raw candidate has no matching scored row,Run/repair scoring enrichment over trusted raw fixture candidates before market translation.,WAIT_SCORING,NO,NO
2026-07-04,2026-07-04T21:28:51+01:00,1554672,Arka Gdynia,Chojniczanka Chojnice,Friendlies Clubs,TRUSTED_SOURCE_BUT_NO_SCORED_ROW,MISSING_SCORED_ROW,SCORING_NOT_RUN_FOR_TRUSTED_RAW,false,MISSING,trusted raw candidate has no matching scored row,Run/repair scoring enrichment over trusted raw fixture candidates before market translation.,WAIT_SCORING,NO,NO
2026-07-04,2026-07-04T21:28:51+01:00,1560530,Atlante FC,Monterrey,Friendlies Clubs,TRUSTED_SOURCE_BUT_NO_SCORED_ROW,MISSING_SCORED_ROW,SCORING_NOT_RUN_FOR_TRUSTED_RAW,false,MISSING,trusted raw candidate has no matching scored row,Run/repair scoring enrichment over trusted raw fixture candidates before market translation.,WAIT_SCORING,NO,NO
2026-07-04,2026-07-04T21:28:51+01:00,1554744,Atlas,Necaxa,Friendlies Clubs,TRUSTED_SOURCE_BUT_NO_SCORED_ROW,MISSING_SCORED_ROW,SCORING_NOT_RUN_FOR_TRUSTED_RAW,false,MISSING,trusted raw candidate has no matching scored row,Run/repair scoring enrichment over trusted raw fixture candidates before market translation.,WAIT_SCORING,NO,NO
2026-07-04,2026-07-04T21:28:51+01:00,1554721,Auerbach,Bayreuth,Friendlies Clubs,TRUSTED_SOURCE_BUT_NO_SCORED_ROW,MISSING_SCORED_ROW,SCORING_NOT_RUN_FOR_TRUSTED_RAW,false,MISSING,trusted raw candidate has no matching scored row,Run/repair scoring enrichment over trusted raw fixture candidates before market translation.,WAIT_SCORING,NO,NO
2026-07-04,2026-07-04T21:28:51+01:00,1554714,Austria Vienna,Debreceni VSC,Friendlies Clubs,TRUSTED_SOURCE_BUT_NO_SCORED_ROW,MISSING_SCORED_ROW,SCORING_NOT_RUN_FOR_TRUSTED_RAW,false,MISSING,trusted raw candidate has no matching scored row,Run/repair scoring enrichment over trusted raw fixture candidates before market translation.,WAIT_SCORING,NO,NO
2026-07-04,2026-07-04T21:28:51+01:00,1550516,Ayr Utd,Airdrie United,Friendlies Clubs,TRUSTED_SOURCE_BUT_NO_SCORED_ROW,MISSING_SCORED_ROW,SCORING_NOT_RUN_FOR_TRUSTED_RAW,false,MISSING,trusted raw candidate has no matching scored row,Run/repair scoring enrichment over trusted raw fixture candidates before market translation.,WAIT_SCORING,NO,NO
2026-07-04,2026-07-04T21:28:51+01:00,1554673,Badshot Lea,Aldershot Town,Friendlies Clubs,TRUSTED_SOURCE_BUT_NO_SCORED_ROW,MISSING_SCORED_ROW,SCORING_NOT_RUN_FOR_TRUSTED_RAW,false,MISSING,trusted raw candidate has no matching scored row,Run/repair scoring enrichment over trusted raw fixture candidates before market translation.,WAIT_SCORING,NO,NO
2026-07-04,2026-07-04T21:28:51+01:00,1567531,Ballyclare Comrades,Portadown,Friendlies Clubs,TRUSTED_SOURCE_BUT_NO_SCORED_ROW,MISSING_SCORED_ROW,SCORING_NOT_RUN_FOR_TRUSTED_RAW,false,MISSING,trusted raw candidate has no matching scored row,Run/repair scoring enrichment over trusted raw fixture candidates before market translation.,WAIT_SCORING,NO,NO
2026-07-04,2026-07-04T21:28:51+01:00,1548754,Ballymena United,Strabane Athletic,Friendlies Clubs,TRUSTED_SOURCE_BUT_NO_SCORED_ROW,MISSING_SCORED_ROW,SCORING_NOT_RUN_FOR_TRUSTED_RAW,false,MISSING,trusted raw candidate has no matching scored row,Run/repair scoring enrichment over trusted raw fixture candidates before market translation.,WAIT_SCORING,NO,NO
2026-07-04,2026-07-04T21:28:51+01:00,1548773,Ballymena United,Loughgall,Friendlies Clubs,TRUSTED_SOURCE_BUT_NO_SCORED_ROW,MISSING_SCORED_ROW,SCORING_NOT_RUN_FOR_TRUSTED_RAW,false,MISSING,trusted raw candidate has no matching scored row,Run/repair scoring enrichment over trusted raw fixture candidates before market translation.,WAIT_SCORING,NO,NO
2026-07-04,2026-07-04T21:28:51+01:00,1562876,Bangor,Newington Youth,Friendlies Clubs,TRUSTED_SOURCE_BUT_NO_SCORED_ROW,MISSING_SCORED_ROW,SCORING_NOT_RUN_FOR_TRUSTED_RAW,false,MISSING,trusted raw candidate has no matching scored row,Run/repair scoring enrichment over trusted raw fixture candidates before market translation.,WAIT_SCORING,NO,NO
2026-07-04,2026-07-04T21:28:51+01:00,1567525,Baník Lehota p.Vtáčnikom,Třinec,Friendlies Clubs,TRUSTED_SOURCE_BUT_NO_SCORED_ROW,MISSING_SCORED_ROW,SCORING_NOT_RUN_FOR_TRUSTED_RAW,false,MISSING,trusted raw candidate has no matching scored row,Run/repair scoring enrichment over trusted raw fixture candidates before market translation.,WAIT_SCORING,NO,NO
2026-07-04,2026-07-04T21:28:51+01:00,1567524,Barockstadt Fulda-Lehn.,Hünfelder SV,Friendlies Clubs,TRUSTED_SOURCE_BUT_NO_SCORED_ROW,MISSING_SCORED_ROW,SCORING_NOT_RUN_FOR_TRUSTED_RAW,false,MISSING,trusted raw candidate has no matching scored row,Run/repair scoring enrichment over trusted raw fixture candidates before market translation.,WAIT_SCORING,NO,NO
2026-07-04,2026-07-04T21:28:51+01:00,1560520,Bodo/Glimt,Start,Friendlies Clubs,TRUSTED_SOURCE_BUT_NO_SCORED_ROW,MISSING_SCORED_ROW,SCORING_NOT_RUN_FOR_TRUSTED_RAW,false,MISSING,trusted raw candidate has no matching scored row,Run/repair scoring enrichment over trusted raw fixture candidates before market translation.,WAIT_SCORING,NO,NO
2026-07-04,2026-07-04T21:28:51+01:00,1554677,Borussia Dortmund II,Lüner SV,Friendlies Clubs,TRUSTED_SOURCE_BUT_NO_SCORED_ROW,MISSING_SCORED_ROW,SCORING_NOT_RUN_FOR_TRUSTED_RAW,false,MISSING,trusted raw candidate has no matching scored row,Run/repair scoring enrichment over trusted raw fixture candidates before market translation.,WAIT_SCORING,NO,NO
2026-07-04,2026-07-04T21:28:51+01:00,1554601,Botev Plovdiv,Spartak Varna,Friendlies Clubs,TRUSTED_SOURCE_BUT_NO_SCORED_ROW,MISSING_SCORED_ROW,SCORING_NOT_RUN_FOR_TRUSTED_RAW,false,MISSING,trusted raw candidate has no matching scored row,Run/repair scoring enrichment over trusted raw fixture candidates before market translation.,WAIT_SCORING,NO,NO
2026-07-04,2026-07-04T21:28:51+01:00,1546620,Bottrop,Rot-Weiß Essen,Friendlies Clubs,TRUSTED_SOURCE_BUT_NO_SCORED_ROW,MISSING_SCORED_ROW,SCORING_NOT_RUN_FOR_TRUSTED_RAW,false,MISSING,trusted raw candidate has no matching scored row,Run/repair scoring enrichment over trusted raw fixture candidates before market translation.,WAIT_SCORING,NO,NO
2026-07-04,2026-07-04T21:28:51+01:00,1554723,Bristol Manor Farm,Newport County,Friendlies Clubs,TRUSTED_SOURCE_BUT_NO_SCORED_ROW,MISSING_SCORED_ROW,SCORING_NOT_RUN_FOR_TRUSTED_RAW,false,MISSING,trusted raw candidate has no matching scored row,Run/repair scoring enrichment over trusted raw fixture candidates before market translation.,WAIT_SCORING,NO,NO
2026-07-04,2026-07-04T21:28:51+01:00,1554664,Brondby,FC Nordsjaelland,Friendlies Clubs,TRUSTED_SOURCE_BUT_NO_SCORED_ROW,MISSING_SCORED_ROW,SCORING_NOT_RUN_FOR_TRUSTED_RAW,false,MISSING,trusted raw candidate has no matching scored row,Run/repair scoring enrichment over trusted raw fixture candidates before market translation.,WAIT_SCORING,NO,NO
2026-07-04,2026-07-04T21:28:51+01:00,1567550,CF Pachuca,Puebla,Friendlies Clubs,TRUSTED_SOURCE_BUT_NO_SCORED_ROW,MISSING_SCORED_ROW,SCORING_NOT_RUN_FOR_TRUSTED_RAW,false,MISSING,trusted raw candidate has no matching scored row,Run/repair scoring enrichment over trusted raw fixture candidates before market translation.,WAIT_SCORING,NO,NO
2026-07-04,2026-07-04T21:28:51+01:00,1546604,CSKA Moscow,Arsenal Tula,Friendlies Clubs,TRUSTED_SOURCE_BUT_NO_SCORED_ROW,MISSING_SCORED_ROW,SCORING_NOT_RUN_FOR_TRUSTED_RAW,false,MISSING,trusted raw candidate has no matching scored row,Run/repair scoring enrichment over trusted raw fixture candidates before market translation.,WAIT_SCORING,NO,NO
2026-07-04,2026-07-04T21:28:51+01:00,1554676,Celje,Cukaricki,Friendlies Clubs,TRUSTED_SOURCE_BUT_NO_SCORED_ROW,MISSING_SCORED_ROW,SCORING_NOT_RUN_FOR_TRUSTED_RAW,false,MISSING,trusted raw candidate has no matching scored row,Run/repair scoring enrichment over trusted raw fixture candidates before market translation.,WAIT_SCORING,NO,NO
2026-07-04,2026-07-04T21:28:51+01:00,1548756,Cliftonville FC,Hibernian,Friendlies Clubs,TRUSTED_SOURCE_BUT_NO_SCORED_ROW,MISSING_SCORED_ROW,SCORING_NOT_RUN_FOR_TRUSTED_RAW,false,MISSING,trusted raw candidate has no matching scored row,Run/repair scoring enrichment over trusted raw fixture candidates before market translation.,WAIT_SCORING,NO,NO
2026-07-04,2026-07-04T21:28:51+01:00,1550517,Club Brugge KV,Kortrijk,Friendlies Clubs,TRUSTED_SOURCE_BUT_NO_SCORED_ROW,MISSING_SCORED_ROW,SCORING_NOT_RUN_FOR_TRUSTED_RAW,false,MISSING,trusted raw candidate has no matching scored row,Run/repair scoring enrichment over trusted raw fixture candidates before market translation.,WAIT_SCORING,NO,NO
2026-07-04,2026-07-04T21:28:51+01:00,1554724,Cobham,Farnborough,Friendlies Clubs,TRUSTED_SOURCE_BUT_NO_SCORED_ROW,MISSING_SCORED_ROW,SCORING_NOT_RUN_FOR_TRUSTED_RAW,false,MISSING,trusted raw candidate has no matching scored row,Run/repair scoring enrichment over trusted raw fixture candidates before market translation.,WAIT_SCORING,NO,NO
2026-07-04,2026-07-04T21:28:51+01:00,1554711,Coleraine FC,H&W Welders,Friendlies Clubs,TRUSTED_SOURCE_BUT_NO_SCORED_ROW,MISSING_SCORED_ROW,SCORING_NOT_RUN_FOR_TRUSTED_RAW,false,MISSING,trusted raw candidate has no matching scored row,Run/repair scoring enrichment over trusted raw fixture candidates before market translation.,WAIT_SCORING,NO,NO
2026-07-04,2026-07-04T21:28:51+01:00,1548757,Cove Rangers,Huntly,Friendlies Clubs,TRUSTED_SOURCE_BUT_NO_SCORED_ROW,MISSING_SCORED_ROW,SCORING_NOT_RUN_FOR_TRUSTED_RAW,false,MISSING,trusted raw candidate has no matching scored row,Run/repair scoring enrichment over trusted raw fixture candidates before market translation.,WAIT_SCORING,NO,NO
2026-07-04,2026-07-04T21:28:51+01:00,1567549,Cruzeiro,Defensor Sporting,Friendlies Clubs,TRUSTED_SOURCE_BUT_NO_SCORED_ROW,MISSING_SCORED_ROW,SCORING_NOT_RUN_FOR_TRUSTED_RAW,false,MISSING,trusted raw candidate has no matching scored row,Run/repair scoring enrichment over trusted raw fixture candidates before market translation.,WAIT_SCORING,NO,NO
2026-07-04,2026-07-04T21:28:51+01:00,1567532,Dinamo Makhachkala,Leningradets,Friendlies Clubs,TRUSTED_SOURCE_BUT_NO_SCORED_ROW,MISSING_SCORED_ROW,SCORING_NOT_RUN_FOR_TRUSTED_RAW,false,MISSING,trusted raw candidate has no matching scored row,Run/repair scoring enrichment over trusted raw fixture candidates before market translation.,WAIT_SCORING,NO,NO
2026-07-04,2026-07-04T21:28:51+01:00,1547913,Dordrecht,Feyenoord,Friendlies Clubs,TRUSTED_SOURCE_BUT_NO_SCORED_ROW,MISSING_SCORED_ROW,SCORING_NOT_RUN_FOR_TRUSTED_RAW,false,MISSING,trusted raw candidate has no matching scored row,Run/repair scoring enrichment over trusted raw fixture candidates before market translation.,WAIT_SCORING,NO,NO
2026-07-04,2026-07-04T21:28:51+01:00,1548769,Dundela,Glentoran,Friendlies Clubs,TRUSTED_SOURCE_BUT_NO_SCORED_ROW,MISSING_SCORED_ROW,SCORING_NOT_RUN_FOR_TRUSTED_RAW,false,MISSING,trusted raw candidate has no matching scored row,Run/repair scoring enrichment over trusted raw fixture candidates before market translation.,WAIT_SCORING,NO,NO
2026-07-04,2026-07-04T21:28:51+01:00,1560510,Dynamo,Nizhny Novgorod,Friendlies Clubs,TRUSTED_SOURCE_BUT_NO_SCORED_ROW,MISSING_SCORED_ROW,SCORING_NOT_RUN_FOR_TRUSTED_RAW,false,MISSING,trusted raw candidate has no matching scored row,Run/repair scoring enrichment over trusted raw fixture candidates before market translation.,WAIT_SCORING,NO,NO
2026-07-04,2026-07-04T21:28:51+01:00,1567544,Edinburgh City,Bonnyrigg Rose Athletic,Friendlies Clubs,TRUSTED_SOURCE_BUT_NO_SCORED_ROW,MISSING_SCORED_ROW,SCORING_NOT_RUN_FOR_TRUSTED_RAW,false,MISSING,trusted raw candidate has no matching scored row,Run/repair scoring enrichment over trusted raw fixture candidates before market translation.,WAIT_SCORING,NO,NO
2026-07-04,2026-07-04T21:28:51+01:00,1554666,Eendracht Termien,Genk,Friendlies Clubs,TRUSTED_SOURCE_BUT_NO_SCORED_ROW,MISSING_SCORED_ROW,SCORING_NOT_RUN_FOR_TRUSTED_RAW,false,MISSING,trusted raw candidate has no matching scored row,Run/repair scoring enrichment over trusted raw fixture candidates before market translation.,WAIT_SCORING,NO,NO
2026-07-04,2026-07-04T21:28:51+01:00,1554678,Eilenburg,SV Babelsberg 03,Friendlies Clubs,TRUSTED_SOURCE_BUT_NO_SCORED_ROW,MISSING_SCORED_ROW,SCORING_NOT_RUN_FOR_TRUSTED_RAW,false,MISSING,trusted raw candidate has no matching scored row,Run/repair scoring enrichment over trusted raw fixture candidates before market translation.,WAIT_SCORING,NO,NO
2026-07-04,2026-07-04T21:28:51+01:00,1554663,Eintracht Braunschw. II,HSC Hannover,Friendlies Clubs,TRUSTED_SOURCE_BUT_NO_SCORED_ROW,MISSING_SCORED_ROW,SCORING_NOT_RUN_FOR_TRUSTED_RAW,false,MISSING,trusted raw candidate has no matching scored row,Run/repair scoring enrichment over trusted raw fixture candidates before market translation.,WAIT_SCORING,NO,NO
2026-07-04,2026-07-04T21:28:51+01:00,1560519,Eintracht Rheine,Preußen Münster,Friendlies Clubs,TRUSTED_SOURCE_BUT_NO_SCORED_ROW,MISSING_SCORED_ROW,SCORING_NOT_RUN_FOR_TRUSTED_RAW,false,MISSING,trusted raw candidate has no matching scored row,Run/repair scoring enrichment over trusted raw fixture candidates before market translation.,WAIT_SCORING,NO,NO
2026-07-04,2026-07-04T21:28:51+01:00,1560511,Eintracht Trier,Résidence Walferdange,Friendlies Clubs,TRUSTED_SOURCE_BUT_NO_SCORED_ROW,MISSING_SCORED_ROW,SCORING_NOT_RUN_FOR_TRUSTED_RAW,false,MISSING,trusted raw candidate has no matching scored row,Run/repair scoring enrichment over trusted raw fixture candidates before market translation.,WAIT_SCORING,NO,NO
2026-07-04,2026-07-04T21:28:51+01:00,1546611,Energie Cottbus,Hertha BSC II,Friendlies Clubs,TRUSTED_SOURCE_BUT_NO_SCORED_ROW,MISSING_SCORED_ROW,SCORING_NOT_RUN_FOR_TRUSTED_RAW,false,MISSING,trusted raw candidate has no matching scored row,Run/repair scoring enrichment over trusted raw fixture candidates before market translation.,WAIT_SCORING,NO,NO
2026-07-04,2026-07-04T21:28:51+01:00,1567547,Enisey,Andijan,Friendlies Clubs,TRUSTED_SOURCE_BUT_NO_SCORED_ROW,MISSING_SCORED_ROW,SCORING_NOT_RUN_FOR_TRUSTED_RAW,false,MISSING,trusted raw candidate has no matching scored row,Run/repair scoring enrichment over trusted raw fixture candidates before market translation.,WAIT_SCORING,NO,NO
2026-07-04,2026-07-04T21:28:51+01:00,1550514,Esbjerg,Aarhus Fremad,Friendlies Clubs,TRUSTED_SOURCE_BUT_NO_SCORED_ROW,MISSING_SCORED_ROW,SCORING_NOT_RUN_FOR_TRUSTED_RAW,false,MISSING,trusted raw candidate has no matching scored row,Run/repair scoring enrichment over trusted raw fixture candidates before market translation.,WAIT_SCORING,NO,NO
2026-07-04,2026-07-04T21:28:51+01:00,1554725,Excelsior,Cambuur,Friendlies Clubs,TRUSTED_SOURCE_BUT_NO_SCORED_ROW,MISSING_SCORED_ROW,SCORING_NOT_RUN_FOR_TRUSTED_RAW,false,MISSING,trusted raw candidate has no matching scored row,Run/repair scoring enrichment over trusted raw fixture candidates before market translation.,WAIT_SCORING,NO,NO
2026-07-04,2026-07-04T21:28:51+01:00,1550518,FC 08 Homburg,FC Emmelshausen-Karbach,Friendlies Clubs,TRUSTED_SOURCE_BUT_NO_SCORED_ROW,MISSING_SCORED_ROW,SCORING_NOT_RUN_FOR_TRUSTED_RAW,false,MISSING,trusted raw candidate has no matching scored row,Run/repair scoring enrichment over trusted raw fixture candidates before market translation.,WAIT_SCORING,NO,NO
2026-07-04,2026-07-04T21:28:51+01:00,1554737,FC BW Linz,Wiener Viktoria,Friendlies Clubs,TRUSTED_SOURCE_BUT_NO_SCORED_ROW,MISSING_SCORED_ROW,SCORING_NOT_RUN_FOR_TRUSTED_RAW,false,MISSING,trusted raw candidate has no matching scored row,Run/repair scoring enrichment over trusted raw fixture candidates before market translation.,WAIT_SCORING,NO,NO
2026-07-04,2026-07-04T21:28:51+01:00,1562870,FC Carl Zeiss Jena,Germania Halberstadt,Friendlies Clubs,TRUSTED_SOURCE_BUT_NO_SCORED_ROW,MISSING_SCORED_ROW,SCORING_NOT_RUN_FOR_TRUSTED_RAW,false,MISSING,trusted raw candidate has no matching scored row,Run/repair scoring enrichment over trusted raw fixture candidates before market translation.,WAIT_SCORING,NO,NO
2026-07-04,2026-07-04T21:28:51+01:00,1554727,FC Gießen,SV Elversberg,Friendlies Clubs,TRUSTED_SOURCE_BUT_NO_SCORED_ROW,MISSING_SCORED_ROW,SCORING_NOT_RUN_FOR_TRUSTED_RAW,false,MISSING,trusted raw candidate has no matching scored row,Run/repair scoring enrichment over trusted raw fixture candidates before market translation.,WAIT_SCORING,NO,NO
2026-07-04,2026-07-04T21:28:51+01:00,1548774,FC Halifax Town,Sheffield Utd,Friendlies Clubs,TRUSTED_SOURCE_BUT_NO_SCORED_ROW,MISSING_SCORED_ROW,SCORING_NOT_RUN_FOR_TRUSTED_RAW,false,MISSING,trusted raw candidate has no matching scored row,Run/repair scoring enrichment over trusted raw fixture candidates before market translation.,WAIT_SCORING,NO,NO
2026-07-04,2026-07-04T21:28:51+01:00,1550521,FC Ingolstadt 04,Eichstätt,Friendlies Clubs,TRUSTED_SOURCE_BUT_NO_SCORED_ROW,MISSING_SCORED_ROW,SCORING_NOT_RUN_FOR_TRUSTED_RAW,false,MISSING,trusted raw candidate has no matching scored row,Run/repair scoring enrichment over trusted raw fixture candidates before market translation.,WAIT_SCORING,NO,NO
2026-07-04,2026-07-04T21:28:51+01:00,1546615,FC Luzern,FC Winterthur,Friendlies Clubs,TRUSTED_SOURCE_BUT_NO_SCORED_ROW,MISSING_SCORED_ROW,SCORING_NOT_RUN_FOR_TRUSTED_RAW,false,MISSING,trusted raw candidate has no matching scored row,Run/repair scoring enrichment over trusted raw fixture candidates before market translation.,WAIT_SCORING,NO,NO
2026-07-04,2026-07-04T21:28:51+01:00,1546616,FC Midtjylland,Silkeborg,Friendlies Clubs,TRUSTED_SOURCE_BUT_NO_SCORED_ROW,MISSING_SCORED_ROW,SCORING_NOT_RUN_FOR_TRUSTED_RAW,false,MISSING,trusted raw candidate has no matching scored row,Run/repair scoring enrichment over trusted raw fixture candidates before market translation.,WAIT_SCORING,NO,NO
2026-07-04,2026-07-04T21:28:51+01:00,1546612,FC Rot-Weiß Erfurt,Hannover 96 II,Friendlies Clubs,TRUSTED_SOURCE_BUT_NO_SCORED_ROW,MISSING_SCORED_ROW,SCORING_NOT_RUN_FOR_TRUSTED_RAW,false,MISSING,trusted raw candidate has no matching scored row,Run/repair scoring enrichment over trusted raw fixture candidates before market translation.,WAIT_SCORING,NO,NO
2026-07-04,2026-07-04T21:28:51+01:00,1547910,FC Vaduz,Austria Lustenau,Friendlies Clubs,TRUSTED_SOURCE_BUT_NO_SCORED_ROW,MISSING_SCORED_ROW,SCORING_NOT_RUN_FOR_TRUSTED_RAW,false,MISSING,trusted raw candidate has no matching scored row,Run/repair scoring enrichment over trusted raw fixture candidates before market translation.,WAIT_SCORING,NO,NO
2026-07-04,2026-07-04T21:28:51+01:00,1546619,FC Viktoria Köln,Bonner SC,Friendlies Clubs,TRUSTED_SOURCE_BUT_NO_SCORED_ROW,MISSING_SCORED_ROW,SCORING_NOT_RUN_FOR_TRUSTED_RAW,false,MISSING,trusted raw candidate has no matching scored row,Run/repair scoring enrichment over trusted raw fixture candidates before market translation.,WAIT_SCORING,NO,NO
2026-07-04,2026-07-04T21:28:51+01:00,1554709,FC Zurich,SC Kriens,Friendlies Clubs,TRUSTED_SOURCE_BUT_NO_SCORED_ROW,MISSING_SCORED_ROW,SCORING_NOT_RUN_FOR_TRUSTED_RAW,false,MISSING,trusted raw candidate has no matching scored row,Run/repair scoring enrichment over trusted raw fixture candidates before market translation.,WAIT_SCORING,NO,NO
2026-07-04,2026-07-04T21:28:51+01:00,1560512,FSV Frankfurt,Aubstadt,Friendlies Clubs,TRUSTED_SOURCE_BUT_NO_SCORED_ROW,MISSING_SCORED_ROW,SCORING_NOT_RUN_FOR_TRUSTED_RAW,false,MISSING,trusted raw candidate has no matching scored row,Run/repair scoring enrichment over trusted raw fixture candidates before market translation.,WAIT_SCORING,NO,NO
2026-07-04,2026-07-04T21:28:51+01:00,1560515,FSV Mainz 05 II,Progres Niederkorn,Friendlies Clubs,TRUSTED_SOURCE_BUT_NO_SCORED_ROW,MISSING_SCORED_ROW,SCORING_NOT_RUN_FOR_TRUSTED_RAW,false,MISSING,trusted raw candidate has no matching scored row,Run/repair scoring enrichment over trusted raw fixture candidates before market translation.,WAIT_SCORING,NO,NO
2026-07-04,2026-07-04T21:28:51+01:00,1547908,Fernwald,Sportfreunde Siegen,Friendlies Clubs,TRUSTED_SOURCE_BUT_NO_SCORED_ROW,MISSING_SCORED_ROW,SCORING_NOT_RUN_FOR_TRUSTED_RAW,false,MISSING,trusted raw candidate has no matching scored row,Run/repair scoring enrichment over trusted raw fixture candidates before market translation.,WAIT_SCORING,NO,NO
2026-07-04,2026-07-04T21:28:51+01:00,1546625,Folkestone Invicta,Croydon Athletic,Friendlies Clubs,TRUSTED_SOURCE_BUT_NO_SCORED_ROW,MISSING_SCORED_ROW,SCORING_NOT_RUN_FOR_TRUSTED_RAW,false,MISSING,trusted raw candidate has no matching scored row,Run/repair scoring enrichment over trusted raw fixture candidates before market translation.,WAIT_SCORING,NO,NO
2026-07-04,2026-07-04T21:28:51+01:00,1554715,Forfar Athletic,Banks O' Dee,Friendlies Clubs,TRUSTED_SOURCE_BUT_NO_SCORED_ROW,MISSING_SCORED_ROW,SCORING_NOT_RUN_FOR_TRUSTED_RAW,false,MISSING,trusted raw candidate has no matching scored row,Run/repair scoring enrichment over trusted raw fixture candidates before market translation.,WAIT_SCORING,NO,NO
2026-07-04,2026-07-04T21:28:51+01:00,1554679,Fortuna Köln,TuS Koblenz,Friendlies Clubs,TRUSTED_SOURCE_BUT_NO_SCORED_ROW,MISSING_SCORED_ROW,SCORING_NOT_RUN_FOR_TRUSTED_RAW,false,MISSING,trusted raw candidate has no matching scored row,Run/repair scoring enrichment over trusted raw fixture candidates before market translation.,WAIT_SCORING,NO,NO
2026-07-04,2026-07-04T21:28:51+01:00,1548782,Frohnauer,Hertha BSC,Friendlies Clubs,TRUSTED_SOURCE_BUT_NO_SCORED_ROW,MISSING_SCORED_ROW,SCORING_NOT_RUN_FOR_TRUSTED_RAW,false,MISSING,trusted raw candidate has no matching scored row,Run/repair scoring enrichment over trusted raw fixture candidates before market translation.,WAIT_SCORING,NO,NO
2026-07-04,2026-07-04T21:28:51+01:00,1550515,GO Ahead Eagles,FC OSS,Friendlies Clubs,TRUSTED_SOURCE_BUT_NO_SCORED_ROW,MISSING_SCORED_ROW,SCORING_NOT_RUN_FOR_TRUSTED_RAW,false,MISSING,trusted raw candidate has no matching scored row,Run/repair scoring enrichment over trusted raw fixture candidates before market translation.,WAIT_SCORING,NO,NO
2026-07-04,2026-07-04T21:28:51+01:00,1554728,Glossop North End,Radcliffe,Friendlies Clubs,TRUSTED_SOURCE_BUT_NO_SCORED_ROW,MISSING_SCORED_ROW,SCORING_NOT_RUN_FOR_TRUSTED_RAW,false,MISSING,trusted raw candidate has no matching scored row,Run/repair scoring enrichment over trusted raw fixture candidates before market translation.,WAIT_SCORING,NO,NO
2026-07-04,2026-07-04T21:28:51+01:00,1554729,Goytre United,Barry Town,Friendlies Clubs,TRUSTED_SOURCE_BUT_NO_SCORED_ROW,MISSING_SCORED_ROW,SCORING_NOT_RUN_FOR_TRUSTED_RAW,false,MISSING,trusted raw candidate has no matching scored row,Run/repair scoring enrichment over trusted raw fixture candidates before market translation.,WAIT_SCORING,NO,NO
2026-07-04,2026-07-04T21:28:51+01:00,1554680,Greifswalder FC,Hamburger SV II,Friendlies Clubs,TRUSTED_SOURCE_BUT_NO_SCORED_ROW,MISSING_SCORED_ROW,SCORING_NOT_RUN_FOR_TRUSTED_RAW,false,MISSING,trusted raw candidate has no matching scored row,Run/repair scoring enrichment over trusted raw fixture candidates before market translation.,WAIT_SCORING,NO,NO
2026-07-04,2026-07-04T21:28:51+01:00,1554738,Greifswalder FC,Anker Wismar,Friendlies Clubs,TRUSTED_SOURCE_BUT_NO_SCORED_ROW,MISSING_SCORED_ROW,SCORING_NOT_RUN_FOR_TRUSTED_RAW,false,MISSING,trusted raw candidate has no matching scored row,Run/repair scoring enrichment over trusted raw fixture candidates before market translation.,WAIT_SCORING,NO,NO
2026-07-04,2026-07-04T21:28:51+01:00,1548781,Gurten,WSPG Wels,Friendlies Clubs,TRUSTED_SOURCE_BUT_NO_SCORED_ROW,MISSING_SCORED_ROW,SCORING_NOT_RUN_FOR_TRUSTED_RAW,false,MISSING,trusted raw candidate has no matching scored row,Run/repair scoring enrichment over trusted raw fixture candidates before market translation.,WAIT_SCORING,NO,NO
2026-07-04,2026-07-04T21:28:51+01:00,1567548,HNK Gorica,Zorya Luhansk,Friendlies Clubs,TRUSTED_SOURCE_BUT_NO_SCORED_ROW,MISSING_SCORED_ROW,SCORING_NOT_RUN_FOR_TRUSTED_RAW,false,MISSING,trusted raw candidate has no matching scored row,Run/repair scoring enrichment over trusted raw fixture candidates before market translation.,WAIT_SCORING,NO,NO
2026-07-04,2026-07-04T21:28:51+01:00,1554730,Haddington Athletic,Gala Fairydean Rovers,Friendlies Clubs,TRUSTED_SOURCE_BUT_NO_SCORED_ROW,MISSING_SCORED_ROW,SCORING_NOT_RUN_FOR_TRUSTED_RAW,false,MISSING,trusted raw candidate has no matching scored row,Run/repair scoring enrichment over trusted raw fixture candidates before market translation.,WAIT_SCORING,NO,NO
2026-07-04,2026-07-04T21:28:51+01:00,1547914,Haringey Borough,Enfield Town,Friendlies Clubs,TRUSTED_SOURCE_BUT_NO_SCORED_ROW,MISSING_SCORED_ROW,SCORING_NOT_RUN_FOR_TRUSTED_RAW,false,MISSING,trusted raw candidate has no matching scored row,Run/repair scoring enrichment over trusted raw fixture candidates before market translation.,WAIT_SCORING,NO,NO
2026-07-04,2026-07-04T21:28:51+01:00,1546621,Haverfordwest County AFC,Hamilton Academical,Friendlies Clubs,NOT_TRUSTED_NO_PROMOTION,NOT_TRUSTED_SKIPPED,RAW_TRUST_GATE_BLOCK,false,MISSING,"raw candidate was not trusted, so scoring gap is intentionally ignored",Keep diagnostic only unless future whitelist changes source trust.,DIAGNOSTIC_ONLY,NO,NO
2026-07-04,2026-07-04T21:28:51+01:00,1548775,Helmond Sport,AEK Larnaca,Friendlies Clubs,TRUSTED_SOURCE_BUT_NO_SCORED_ROW,MISSING_SCORED_ROW,SCORING_NOT_RUN_FOR_TRUSTED_RAW,false,MISSING,trusted raw candidate has no matching scored row,Run/repair scoring enrichment over trusted raw fixture candidates before market translation.,WAIT_SCORING,NO,NO
2026-07-04,2026-07-04T21:28:51+01:00,1554681,Hollenbach,Ansbach,Friendlies Clubs,TRUSTED_SOURCE_BUT_NO_SCORED_ROW,MISSING_SCORED_ROW,SCORING_NOT_RUN_FOR_TRUSTED_RAW,false,MISSING,trusted raw candidate has no matching scored row,Run/repair scoring enrichment over trusted raw fixture candidates before market translation.,WAIT_SCORING,NO,NO
2026-07-04,2026-07-04T21:28:51+01:00,1550520,Holstein Kiel,FC Fredericia,Friendlies Clubs,TRUSTED_SOURCE_BUT_NO_SCORED_ROW,MISSING_SCORED_ROW,SCORING_NOT_RUN_FOR_TRUSTED_RAW,false,MISSING,trusted raw candidate has no matching scored row,Run/repair scoring enrichment over trusted raw fixture candidates before market translation.,WAIT_SCORING,NO,NO
2026-07-04,2026-07-04T21:28:51+01:00,1554682,Hutnik Kraków,Podhale Nowy Targ,Friendlies Clubs,TRUSTED_SOURCE_BUT_NO_SCORED_ROW,MISSING_SCORED_ROW,SCORING_NOT_RUN_FOR_TRUSTED_RAW,false,MISSING,trusted raw candidate has no matching scored row,Run/repair scoring enrichment over trusted raw fixture candidates before market translation.,WAIT_SCORING,NO,NO
2026-07-04,2026-07-04T21:28:51+01:00,1548776,Hyde United,Macclesfield,Friendlies Clubs,TRUSTED_SOURCE_BUT_NO_SCORED_ROW,MISSING_SCORED_ROW,SCORING_NOT_RUN_FOR_TRUSTED_RAW,false,MISSING,trusted raw candidate has no matching scored row,Run/repair scoring enrichment over trusted raw fixture candidates before market translation.,WAIT_SCORING,NO,NO
2026-07-04,2026-07-04T21:28:51+01:00,1554731,Invergordon,Aberdeen U21,Friendlies Clubs,NOT_TRUSTED_NO_PROMOTION,NOT_TRUSTED_SKIPPED,RAW_TRUST_GATE_BLOCK,false,MISSING,"raw candidate was not trusted, so scoring gap is intentionally ignored",Keep diagnostic only unless future whitelist changes source trust.,DIAGNOSTIC_ONLY,NO,NO
2026-07-04,2026-07-04T21:28:51+01:00,1554716,Inverness CT,Ross County,Friendlies Clubs,TRUSTED_SOURCE_BUT_NO_SCORED_ROW,MISSING_SCORED_ROW,SCORING_NOT_RUN_FOR_TRUSTED_RAW,false,MISSING,trusted raw candidate has no matching scored row,Run/repair scoring enrichment over trusted raw fixture candidates before market translation.,WAIT_SCORING,NO,NO
2026-07-04,2026-07-04T21:28:51+01:00,1554739,Jagiellonia,Pogoń Siedlce,Friendlies Clubs,TRUSTED_SOURCE_BUT_NO_SCORED_ROW,MISSING_SCORED_ROW,SCORING_NOT_RUN_FOR_TRUSTED_RAW,false,MISSING,trusted raw candidate has no matching scored row,Run/repair scoring enrichment over trusted raw fixture candidates before market translation.,WAIT_SCORING,NO,NO
2026-07-04,2026-07-04T21:28:51+01:00,1554743,KAC 1909,Austria Klagenfurt,Friendlies Clubs,TRUSTED_SOURCE_BUT_NO_SCORED_ROW,MISSING_SCORED_ROW,SCORING_NOT_RUN_FOR_TRUSTED_RAW,false,MISSING,trusted raw candidate has no matching scored row,Run/repair scoring enrichment over trusted raw fixture candidates before market translation.,WAIT_SCORING,NO,NO
2026-07-04,2026-07-04T21:28:51+01:00,1560514,KSK Beveren,SK Beveren,Friendlies Clubs,TRUSTED_SOURCE_BUT_NO_SCORED_ROW,MISSING_SCORED_ROW,SCORING_NOT_RUN_FOR_TRUSTED_RAW,false,MISSING,trusted raw candidate has no matching scored row,Run/repair scoring enrichment over trusted raw fixture candidates before market translation.,WAIT_SCORING,NO,NO
2026-07-04,2026-07-04T21:28:51+01:00,1567537,KSZO 1929,Broń Radom,Friendlies Clubs,TRUSTED_SOURCE_BUT_NO_SCORED_ROW,MISSING_SCORED_ROW,SCORING_NOT_RUN_FOR_TRUSTED_RAW,false,MISSING,trusted raw candidate has no matching scored row,Run/repair scoring enrichment over trusted raw fixture candidates before market translation.,WAIT_SCORING,NO,NO
2026-07-04,2026-07-04T21:28:51+01:00,1554717,KV Mechelen,Rupel Boom,Friendlies Clubs,TRUSTED_SOURCE_BUT_NO_SCORED_ROW,MISSING_SCORED_ROW,SCORING_NOT_RUN_FOR_TRUSTED_RAW,false,MISSING,trusted raw candidate has no matching scored row,Run/repair scoring enrichment over trusted raw fixture candidates before market translation.,WAIT_SCORING,NO,NO
2026-07-04,2026-07-04T21:28:51+01:00,1548763,Karlsruhe II,SV Sandhausen,Friendlies Clubs,TRUSTED_SOURCE_BUT_NO_SCORED_ROW,MISSING_SCORED_ROW,SCORING_NOT_RUN_FOR_TRUSTED_RAW,false,MISSING,trusted raw candidate has no matching scored row,Run/repair scoring enrichment over trusted raw fixture candidates before market translation.,WAIT_SCORING,NO,NO
2026-07-04,2026-07-04T21:28:51+01:00,1554732,Kelty Hearts,Dunfermline,Friendlies Clubs,TRUSTED_SOURCE_BUT_NO_SCORED_ROW,MISSING_SCORED_ROW,SCORING_NOT_RUN_FOR_TRUSTED_RAW,false,MISSING,trusted raw candidate has no matching scored row,Run/repair scoring enrichment over trusted raw fixture candidates before market translation.,WAIT_SCORING,NO,NO
2026-07-04,2026-07-04T21:28:51+01:00,1554668,Kempten,Illertissen,Friendlies Clubs,TRUSTED_SOURCE_BUT_NO_SCORED_ROW,MISSING_SCORED_ROW,SCORING_NOT_RUN_FOR_TRUSTED_RAW,false,MISSING,trusted raw candidate has no matching scored row,Run/repair scoring enrichment over trusted raw fixture candidates before market translation.,WAIT_SCORING,NO,NO
2026-07-04,2026-07-04T21:28:51+01:00,1554742,Kickers Emden,FC St. Pauli,Friendlies Clubs,TRUSTED_SOURCE_BUT_NO_SCORED_ROW,MISSING_SCORED_ROW,SCORING_NOT_RUN_FOR_TRUSTED_RAW,false,MISSING,trusted raw candidate has no matching scored row,Run/repair scoring enrichment over trusted raw fixture candidates before market translation.,WAIT_SCORING,NO,NO
2026-07-04,2026-07-04T21:28:51+01:00,1560513,Kisvarda FC,Tatran Prešov,Friendlies Clubs,TRUSTED_SOURCE_BUT_NO_SCORED_ROW,MISSING_SCORED_ROW,SCORING_NOT_RUN_FOR_TRUSTED_RAW,false,MISSING,trusted raw candidate has no matching scored row,Run/repair scoring enrichment over trusted raw fixture candidates before market translation.,WAIT_SCORING,NO,NO
2026-07-04,2026-07-04T21:28:51+01:00,1567533,Kluczbork,Barycz Sułów,Friendlies Clubs,TRUSTED_SOURCE_BUT_NO_SCORED_ROW,MISSING_SCORED_ROW,SCORING_NOT_RUN_FOR_TRUSTED_RAW,false,MISSING,trusted raw candidate has no matching scored row,Run/repair scoring enrichment over trusted raw fixture candidates before market translation.,WAIT_SCORING,NO,NO
2026-07-04,2026-07-04T21:28:51+01:00,1567534,Laakkwartier,ADO Den Haag,Friendlies Clubs,TRUSTED_SOURCE_BUT_NO_SCORED_ROW,MISSING_SCORED_ROW,SCORING_NOT_RUN_FOR_TRUSTED_RAW,false,MISSING,trusted raw candidate has no matching scored row,Run/repair scoring enrichment over trusted raw fixture candidates before market translation.,WAIT_SCORING,NO,NO
2026-07-04,2026-07-04T21:28:51+01:00,1562866,Lausanne,Étoile Carouge,Friendlies Clubs,TRUSTED_SOURCE_BUT_NO_SCORED_ROW,MISSING_SCORED_ROW,SCORING_NOT_RUN_FOR_TRUSTED_RAW,false,MISSING,trusted raw candidate has no matching scored row,Run/repair scoring enrichment over trusted raw fixture candidates before market translation.,WAIT_SCORING,NO,NO
2026-07-04,2026-07-04T21:28:51+01:00,1547912,Lechia Zielona Góra,Miedz Legnica,Friendlies Clubs,TRUSTED_SOURCE_BUT_NO_SCORED_ROW,MISSING_SCORED_ROW,SCORING_NOT_RUN_FOR_TRUSTED_RAW,false,MISSING,trusted raw candidate has no matching scored row,Run/repair scoring enrichment over trusted raw fixture candidates before market translation.,WAIT_SCORING,NO,NO
2026-07-04,2026-07-04T21:28:51+01:00,1554733,Limavady United,Warrenpoint Town,Friendlies Clubs,TRUSTED_SOURCE_BUT_NO_SCORED_ROW,MISSING_SCORED_ROW,SCORING_NOT_RUN_FOR_TRUSTED_RAW,false,MISSING,trusted raw candidate has no matching scored row,Run/repair scoring enrichment over trusted raw fixture candidates before market translation.,WAIT_SCORING,NO,NO
2026-07-04,2026-07-04T21:28:51+01:00,1554683,Linfield,Kilmarnock,Friendlies Clubs,TRUSTED_SOURCE_BUT_NO_SCORED_ROW,MISSING_SCORED_ROW,SCORING_NOT_RUN_FOR_TRUSTED_RAW,false,MISSING,trusted raw candidate has no matching scored row,Run/repair scoring enrichment over trusted raw fixture candidates before market translation.,WAIT_SCORING,NO,NO
2026-07-04,2026-07-04T21:28:51+01:00,1554669,Liptovský Mikuláš,Baník Ostrava II,Friendlies Clubs,TRUSTED_SOURCE_BUT_NO_SCORED_ROW,MISSING_SCORED_ROW,SCORING_NOT_RUN_FOR_TRUSTED_RAW,false,MISSING,trusted raw candidate has no matching scored row,Run/repair scoring enrichment over trusted raw fixture candidates before market translation.,WAIT_SCORING,NO,NO
2026-07-04,2026-07-04T21:28:51+01:00,1560522,Llandudno,Avro,Friendlies Clubs,TRUSTED_SOURCE_BUT_NO_SCORED_ROW,MISSING_SCORED_ROW,SCORING_NOT_RUN_FOR_TRUSTED_RAW,false,MISSING,trusted raw candidate has no matching scored row,Run/repair scoring enrichment over trusted raw fixture candidates before market translation.,WAIT_SCORING,NO,NO
2026-07-04,2026-07-04T21:28:51+01:00,1548760,Lokomotiv Plovdiv,Arda Kardzhali,Friendlies Clubs,TRUSTED_SOURCE_BUT_NO_SCORED_ROW,MISSING_SCORED_ROW,SCORING_NOT_RUN_FOR_TRUSTED_RAW,false,MISSING,trusted raw candidate has no matching scored row,Run/repair scoring enrichment over trusted raw fixture candidates before market translation.,WAIT_SCORING,NO,NO
2026-07-04,2026-07-04T21:28:51+01:00,1567535,Lokomotiv Sofia,Dukagjini,Friendlies Clubs,TRUSTED_SOURCE_BUT_NO_SCORED_ROW,MISSING_SCORED_ROW,SCORING_NOT_RUN_FOR_TRUSTED_RAW,false,MISSING,trusted raw candidate has no matching scored row,Run/repair scoring enrichment over trusted raw fixture candidates before market translation.,WAIT_SCORING,NO,NO
2026-07-04,2026-07-04T21:28:51+01:00,1554734,Lokomotive Leipzig,Kladno,Friendlies Clubs,TRUSTED_SOURCE_BUT_NO_SCORED_ROW,MISSING_SCORED_ROW,SCORING_NOT_RUN_FOR_TRUSTED_RAW,false,MISSING,trusted raw candidate has no matching scored row,Run/repair scoring enrichment over trusted raw fixture candidates before market translation.,WAIT_SCORING,NO,NO
2026-07-04,2026-07-04T21:28:51+01:00,1548761,Ludogorets,FC Botosani,Friendlies Clubs,TRUSTED_SOURCE_BUT_NO_SCORED_ROW,MISSING_SCORED_ROW,SCORING_NOT_RUN_FOR_TRUSTED_RAW,false,MISSING,trusted raw candidate has no matching scored row,Run/repair scoring enrichment over trusted raw fixture candidates before market translation.,WAIT_SCORING,NO,NO
2026-07-04,2026-07-04T21:28:51+01:00,1554658,MTK Budapest,Kecskeméti TE,Friendlies Clubs,TRUSTED_SOURCE_BUT_NO_SCORED_ROW,MISSING_SCORED_ROW,SCORING_NOT_RUN_FOR_TRUSTED_RAW,false,MISSING,trusted raw candidate has no matching scored row,Run/repair scoring enrichment over trusted raw fixture candidates before market translation.,WAIT_SCORING,NO,NO
2026-07-04,2026-07-04T21:28:51+01:00,1567529,Magdeburg II,Borussia Hildesheim,Friendlies Clubs,TRUSTED_SOURCE_BUT_NO_SCORED_ROW,MISSING_SCORED_ROW,SCORING_NOT_RUN_FOR_TRUSTED_RAW,false,MISSING,trusted raw candidate has no matching scored row,Run/repair scoring enrichment over trusted raw fixture candidates before market translation.,WAIT_SCORING,NO,NO
2026-07-04,2026-07-04T21:28:51+01:00,1547915,Margate,Dover,Friendlies Clubs,TRUSTED_SOURCE_BUT_NO_SCORED_ROW,MISSING_SCORED_ROW,SCORING_NOT_RUN_FOR_TRUSTED_RAW,false,MISSING,trusted raw candidate has no matching scored row,Run/repair scoring enrichment over trusted raw fixture candidates before market translation.,WAIT_SCORING,NO,NO
2026-07-04,2026-07-04T21:28:51+01:00,1562872,Maribor,Železničar Pančevo,Friendlies Clubs,TRUSTED_SOURCE_BUT_NO_SCORED_ROW,MISSING_SCORED_ROW,SCORING_NOT_RUN_FOR_TRUSTED_RAW,false,MISSING,trusted raw candidate has no matching scored row,Run/repair scoring enrichment over trusted raw fixture candidates before market translation.,WAIT_SCORING,NO,NO
2026-07-04,2026-07-04T21:28:51+01:00,1554710,Memmingen,Essingen,Friendlies Clubs,TRUSTED_SOURCE_BUT_NO_SCORED_ROW,MISSING_SCORED_ROW,SCORING_NOT_RUN_FOR_TRUSTED_RAW,false,MISSING,trusted raw candidate has no matching scored row,Run/repair scoring enrichment over trusted raw fixture candidates before market translation.,WAIT_SCORING,NO,NO
2026-07-04,2026-07-04T21:28:51+01:00,1567517,Metalul Buzău,FC Bacau,Friendlies Clubs,TRUSTED_SOURCE_BUT_NO_SCORED_ROW,MISSING_SCORED_ROW,SCORING_NOT_RUN_FOR_TRUSTED_RAW,false,MISSING,trusted raw candidate has no matching scored row,Run/repair scoring enrichment over trusted raw fixture candidates before market translation.,WAIT_SCORING,NO,NO
2026-07-04,2026-07-04T21:28:51+01:00,1554735,Metz,FC Differdange 03,Friendlies Clubs,TRUSTED_SOURCE_BUT_NO_SCORED_ROW,MISSING_SCORED_ROW,SCORING_NOT_RUN_FOR_TRUSTED_RAW,false,MISSING,trusted raw candidate has no matching scored row,Run/repair scoring enrichment over trusted raw fixture candidates before market translation.,WAIT_SCORING,NO,NO
2026-07-04,2026-07-04T21:28:51+01:00,1548751,Miedz Legnica,Świt Skolwin,Friendlies Clubs,TRUSTED_SOURCE_BUT_NO_SCORED_ROW,MISSING_SCORED_ROW,SCORING_NOT_RUN_FOR_TRUSTED_RAW,false,MISSING,trusted raw candidate has no matching scored row,Run/repair scoring enrichment over trusted raw fixture candidates before market translation.,WAIT_SCORING,NO,NO
2026-07-04,2026-07-04T21:28:51+01:00,1560528,Mineros de Zacatecas,FC Juarez,Friendlies Clubs,TRUSTED_SOURCE_BUT_NO_SCORED_ROW,MISSING_SCORED_ROW,SCORING_NOT_RUN_FOR_TRUSTED_RAW,false,MISSING,trusted raw candidate has no matching scored row,Run/repair scoring enrichment over trusted raw fixture candidates before market translation.,WAIT_SCORING,NO,NO
2026-07-04,2026-07-04T21:28:51+01:00,1548771,Montrose,ST Johnstone,Friendlies Clubs,TRUSTED_SOURCE_BUT_NO_SCORED_ROW,MISSING_SCORED_ROW,SCORING_NOT_RUN_FOR_TRUSTED_RAW,false,MISSING,trusted raw candidate has no matching scored row,Run/repair scoring enrichment over trusted raw fixture candidates before market translation.,WAIT_SCORING,NO,NO
2026-07-04,2026-07-04T21:28:51+01:00,1554736,Morton,Stranraer,Friendlies Clubs,TRUSTED_SOURCE_BUT_NO_SCORED_ROW,MISSING_SCORED_ROW,SCORING_NOT_RUN_FOR_TRUSTED_RAW,false,MISSING,trusted raw candidate has no matching scored row,Run/repair scoring enrichment over trusted raw fixture candidates before market translation.,WAIT_SCORING,NO,NO
2026-07-04,2026-07-04T21:28:51+01:00,1554686,Mura,FC Noah,Friendlies Clubs,TRUSTED_SOURCE_BUT_NO_SCORED_ROW,MISSING_SCORED_ROW,SCORING_NOT_RUN_FOR_TRUSTED_RAW,false,MISSING,trusted raw candidate has no matching scored row,Run/repair scoring enrichment over trusted raw fixture candidates before market translation.,WAIT_SCORING,NO,NO
2026-07-04,2026-07-04T21:28:51+01:00,1567530,Musselburgh Athletic,Clydebank,Friendlies Clubs,TRUSTED_SOURCE_BUT_NO_SCORED_ROW,MISSING_SCORED_ROW,SCORING_NOT_RUN_FOR_TRUSTED_RAW,false,MISSING,trusted raw candidate has no matching scored row,Run/repair scoring enrichment over trusted raw fixture candidates before market translation.,WAIT_SCORING,NO,NO
2026-07-04,2026-07-04T21:28:51+01:00,1562871,NK Lokomotiva Zagreb,Bravo,Friendlies Clubs,TRUSTED_SOURCE_BUT_NO_SCORED_ROW,MISSING_SCORED_ROW,SCORING_NOT_RUN_FOR_TRUSTED_RAW,false,MISSING,trusted raw candidate has no matching scored row,Run/repair scoring enrichment over trusted raw fixture candidates before market translation.,WAIT_SCORING,NO,NO
2026-07-04,2026-07-04T21:28:51+01:00,1547916,NK Osijek,Paks,Friendlies Clubs,TRUSTED_SOURCE_BUT_NO_SCORED_ROW,MISSING_SCORED_ROW,SCORING_NOT_RUN_FOR_TRUSTED_RAW,false,MISSING,trusted raw candidate has no matching scored row,Run/repair scoring enrichment over trusted raw fixture candidates before market translation.,WAIT_SCORING,NO,NO
2026-07-04,2026-07-04T21:28:51+01:00,1560517,NK Slaven Belupo,Zalaegerszegi TE,Friendlies Clubs,TRUSTED_SOURCE_BUT_NO_SCORED_ROW,MISSING_SCORED_ROW,SCORING_NOT_RUN_FOR_TRUSTED_RAW,false,MISSING,trusted raw candidate has no matching scored row,Run/repair scoring enrichment over trusted raw fixture candidates before market translation.,WAIT_SCORING,NO,NO
2026-07-04,2026-07-04T21:28:51+01:00,1562868,NK Varazdin,CSKA 1948,Friendlies Clubs,TRUSTED_SOURCE_BUT_NO_SCORED_ROW,MISSING_SCORED_ROW,SCORING_NOT_RUN_FOR_TRUSTED_RAW,false,MISSING,trusted raw candidate has no matching scored row,Run/repair scoring enrichment over trusted raw fixture candidates before market translation.,WAIT_SCORING,NO,NO
2026-07-04,2026-07-04T21:28:51+01:00,1560527,Nafta,Budapest Honved,Friendlies Clubs,TRUSTED_SOURCE_BUT_NO_SCORED_ROW,MISSING_SCORED_ROW,SCORING_NOT_RUN_FOR_TRUSTED_RAW,false,MISSING,trusted raw candidate has no matching scored row,Run/repair scoring enrichment over trusted raw fixture candidates before market translation.,WAIT_SCORING,NO,NO
2026-07-04,2026-07-04T21:28:51+01:00,1560516,Nancy,Mamer,Friendlies Clubs,TRUSTED_SOURCE_BUT_NO_SCORED_ROW,MISSING_SCORED_ROW,SCORING_NOT_RUN_FOR_TRUSTED_RAW,false,MISSING,trusted raw candidate has no matching scored row,Run/repair scoring enrichment over trusted raw fixture candidates before market translation.,WAIT_SCORING,NO,NO
2026-07-04,2026-07-04T21:28:51+01:00,1548777,Norwich,King's Lynn Town,Friendlies Clubs,TRUSTED_SOURCE_BUT_NO_SCORED_ROW,MISSING_SCORED_ROW,SCORING_NOT_RUN_FOR_TRUSTED_RAW,false,MISSING,trusted raw candidate has no matching scored row,Run/repair scoring enrichment over trusted raw fixture candidates before market translation.,WAIT_SCORING,NO,NO
2026-07-04,2026-07-04T21:28:51+01:00,1546617,Odense,Hillerød,Friendlies Clubs,TRUSTED_SOURCE_BUT_NO_SCORED_ROW,MISSING_SCORED_ROW,SCORING_NOT_RUN_FOR_TRUSTED_RAW,false,MISSING,trusted raw candidate has no matching scored row,Run/repair scoring enrichment over trusted raw fixture candidates before market translation.,WAIT_SCORING,NO,NO
2026-07-04,2026-07-04T21:28:51+01:00,1554687,Odra Opole,Tychy 71,Friendlies Clubs,TRUSTED_SOURCE_BUT_NO_SCORED_ROW,MISSING_SCORED_ROW,SCORING_NOT_RUN_FOR_TRUSTED_RAW,false,MISSING,trusted raw candidate has no matching scored row,Run/repair scoring enrichment over trusted raw fixture candidates before market translation.,WAIT_SCORING,NO,NO
2026-07-04,2026-07-04T21:28:51+01:00,1567536,Oleksandria,Chornomorets,Friendlies Clubs,TRUSTED_SOURCE_BUT_NO_SCORED_ROW,MISSING_SCORED_ROW,SCORING_NOT_RUN_FOR_TRUSTED_RAW,false,MISSING,trusted raw candidate has no matching scored row,Run/repair scoring enrichment over trusted raw fixture candidates before market translation.,WAIT_SCORING,NO,NO
2026-07-04,2026-07-04T21:28:51+01:00,1554688,Olimpija Ljubljana,CFR 1907 Cluj,Friendlies Clubs,TRUSTED_SOURCE_BUT_NO_SCORED_ROW,MISSING_SCORED_ROW,SCORING_NOT_RUN_FOR_TRUSTED_RAW,false,MISSING,trusted raw candidate has no matching scored row,Run/repair scoring enrichment over trusted raw fixture candidates before market translation.,WAIT_SCORING,NO,NO
2026-07-04,2026-07-04T21:28:51+01:00,1546623,Optik Rathenow,Union Berlin,Friendlies Clubs,TRUSTED_SOURCE_BUT_NO_SCORED_ROW,MISSING_SCORED_ROW,SCORING_NOT_RUN_FOR_TRUSTED_RAW,false,MISSING,trusted raw candidate has no matching scored row,Run/repair scoring enrichment over trusted raw fixture candidates before market translation.,WAIT_SCORING,NO,NO
2026-07-04,2026-07-04T21:28:51+01:00,1567545,PAOK,KVC Westerlo,Friendlies Clubs,TRUSTED_SOURCE_BUT_NO_SCORED_ROW,MISSING_SCORED_ROW,SCORING_NOT_RUN_FOR_TRUSTED_RAW,false,MISSING,trusted raw candidate has no matching scored row,Run/repair scoring enrichment over trusted raw fixture candidates before market translation.,WAIT_SCORING,NO,NO
2026-07-04,2026-07-04T21:28:51+01:00,1546626,Peterhead,Celtic II,Friendlies Clubs,TRUSTED_SOURCE_BUT_NO_SCORED_ROW,MISSING_SCORED_ROW,SCORING_NOT_RUN_FOR_TRUSTED_RAW,false,MISSING,trusted raw candidate has no matching scored row,Run/repair scoring enrichment over trusted raw fixture candidates before market translation.,WAIT_SCORING,NO,NO
2026-07-04,2026-07-04T21:28:51+01:00,1547906,Piast Gliwice,Baník Ostrava,Friendlies Clubs,TRUSTED_SOURCE_BUT_NO_SCORED_ROW,MISSING_SCORED_ROW,SCORING_NOT_RUN_FOR_TRUSTED_RAW,false,MISSING,trusted raw candidate has no matching scored row,Run/repair scoring enrichment over trusted raw fixture candidates before market translation.,WAIT_SCORING,NO,NO
2026-07-04,2026-07-04T21:28:51+01:00,1562873,Prostějov,Sigma Olomouc II,Friendlies Clubs,TRUSTED_SOURCE_BUT_NO_SCORED_ROW,MISSING_SCORED_ROW,SCORING_NOT_RUN_FOR_TRUSTED_RAW,false,MISSING,trusted raw candidate has no matching scored row,Run/repair scoring enrichment over trusted raw fixture candidates before market translation.,WAIT_SCORING,NO,NO
2026-07-04,2026-07-04T21:28:51+01:00,1554690,Prostějov,Sigma Olomouc,Friendlies Clubs,TRUSTED_SOURCE_BUT_NO_SCORED_ROW,MISSING_SCORED_ROW,SCORING_NOT_RUN_FOR_TRUSTED_RAW,false,MISSING,trusted raw candidate has no matching scored row,Run/repair scoring enrichment over trusted raw fixture candidates before market translation.,WAIT_SCORING,NO,NO
2026-07-04,2026-07-04T21:28:51+01:00,1562874,Puskas Academy,Slovan Bratislava,Friendlies Clubs,NOT_TRUSTED_NO_PROMOTION,NOT_TRUSTED_SKIPPED,RAW_TRUST_GATE_BLOCK,false,MISSING,"raw candidate was not trusted, so scoring gap is intentionally ignored",Keep diagnostic only unless future whitelist changes source trust.,DIAGNOSTIC_ONLY,NO,NO
2026-07-04,2026-07-04T21:28:51+01:00,1548778,Queen of the South,Crusaders FC,Friendlies Clubs,TRUSTED_SOURCE_BUT_NO_SCORED_ROW,MISSING_SCORED_ROW,SCORING_NOT_RUN_FOR_TRUSTED_RAW,false,MISSING,trusted raw candidate has no matching scored row,Run/repair scoring enrichment over trusted raw fixture candidates before market translation.,WAIT_SCORING,NO,NO
2026-07-04,2026-07-04T21:28:51+01:00,1567540,Quierschied,FC Saarbrücken,Friendlies Clubs,TRUSTED_SOURCE_BUT_NO_SCORED_ROW,MISSING_SCORED_ROW,SCORING_NOT_RUN_FOR_TRUSTED_RAW,false,MISSING,trusted raw candidate has no matching scored row,Run/repair scoring enrichment over trusted raw fixture candidates before market translation.,WAIT_SCORING,NO,NO
2026-07-04,2026-07-04T21:28:51+01:00,1554718,RAAL La Louvière,Rochefort,Friendlies Clubs,TRUSTED_SOURCE_BUT_NO_SCORED_ROW,MISSING_SCORED_ROW,SCORING_NOT_RUN_FOR_TRUSTED_RAW,false,MISSING,trusted raw candidate has no matching scored row,Run/repair scoring enrichment over trusted raw fixture candidates before market translation.,WAIT_SCORING,NO,NO
2026-07-04,2026-07-04T21:28:51+01:00,1554691,Raków Częstochowa,Puszcza Niepołomice,Friendlies Clubs,TRUSTED_SOURCE_BUT_NO_SCORED_ROW,MISSING_SCORED_ROW,SCORING_NOT_RUN_FOR_TRUSTED_RAW,false,MISSING,trusted raw candidate has no matching scored row,Run/repair scoring enrichment over trusted raw fixture candidates before market translation.,WAIT_SCORING,NO,NO
2026-07-04,2026-07-04T21:28:51+01:00,1554712,Ramlingen / Ehlershausen,Hannover 96,Friendlies Clubs,TRUSTED_SOURCE_BUT_NO_SCORED_ROW,MISSING_SCORED_ROW,SCORING_NOT_RUN_FOR_TRUSTED_RAW,false,MISSING,trusted raw candidate has no matching scored row,Run/repair scoring enrichment over trusted raw fixture candidates before market translation.,WAIT_SCORING,NO,NO
2026-07-04,2026-07-04T21:28:51+01:00,1554692,Rilski Sportist,Vihren,Friendlies Clubs,TRUSTED_SOURCE_BUT_NO_SCORED_ROW,MISSING_SCORED_ROW,SCORING_NOT_RUN_FOR_TRUSTED_RAW,false,MISSING,trusted raw candidate has no matching scored row,Run/repair scoring enrichment over trusted raw fixture candidates before market translation.,WAIT_SCORING,NO,NO
2026-07-04,2026-07-04T21:28:51+01:00,1546622,Rot-weiss Oberhausen,VfL Bochum,Friendlies Clubs,TRUSTED_SOURCE_BUT_NO_SCORED_ROW,MISSING_SCORED_ROW,SCORING_NOT_RUN_FOR_TRUSTED_RAW,false,MISSING,trusted raw candidate has no matching scored row,Run/repair scoring enrichment over trusted raw fixture candidates before market translation.,WAIT_SCORING,NO,NO
2026-07-04,2026-07-04T21:28:51+01:00,1554694,Rotor Volgograd,Torpedo Moskva,Friendlies Clubs,TRUSTED_SOURCE_BUT_NO_SCORED_ROW,MISSING_SCORED_ROW,SCORING_NOT_RUN_FOR_TRUSTED_RAW,false,MISSING,trusted raw candidate has no matching scored row,Run/repair scoring enrichment over trusted raw fixture candidates before market translation.,WAIT_SCORING,NO,NO
2026-07-04,2026-07-04T21:28:51+01:00,1554693,Ruch Chorzów,Śląsk Wrocław II,Friendlies Clubs,TRUSTED_SOURCE_BUT_NO_SCORED_ROW,MISSING_SCORED_ROW,SCORING_NOT_RUN_FOR_TRUSTED_RAW,false,MISSING,trusted raw candidate has no matching scored row,Run/repair scoring enrichment over trusted raw fixture candidates before market translation.,WAIT_SCORING,NO,NO
2026-07-04,2026-07-04T21:28:51+01:00,1550523,Rutherglen Glencairn,Clyde,Friendlies Clubs,TRUSTED_SOURCE_BUT_NO_SCORED_ROW,MISSING_SCORED_ROW,SCORING_NOT_RUN_FOR_TRUSTED_RAW,false,MISSING,trusted raw candidate has no matching scored row,Run/repair scoring enrichment over trusted raw fixture candidates before market translation.,WAIT_SCORING,NO,NO
2026-07-04,2026-07-04T21:28:51+01:00,1546624,SCR Altach,1. FC Heidenheim,Friendlies Clubs,TRUSTED_SOURCE_BUT_NO_SCORED_ROW,MISSING_SCORED_ROW,SCORING_NOT_RUN_FOR_TRUSTED_RAW,false,MISSING,trusted raw candidate has no matching scored row,Run/repair scoring enrichment over trusted raw fixture candidates before market translation.,WAIT_SCORING,NO,NO
2026-07-04,2026-07-04T21:28:51+01:00,1550519,SG Sonnenhof Grossaspach,SGV Freiberg,Friendlies Clubs,TRUSTED_SOURCE_BUT_NO_SCORED_ROW,MISSING_SCORED_ROW,SCORING_NOT_RUN_FOR_TRUSTED_RAW,false,MISSING,trusted raw candidate has no matching scored row,Run/repair scoring enrichment over trusted raw fixture candidates before market translation.,WAIT_SCORING,NO,NO
2026-07-04,2026-07-04T21:28:51+01:00,1560529,SKU Amstetten,SV Horn,Friendlies Clubs,TRUSTED_SOURCE_BUT_NO_SCORED_ROW,MISSING_SCORED_ROW,SCORING_NOT_RUN_FOR_TRUSTED_RAW,false,MISSING,trusted raw candidate has no matching scored row,Run/repair scoring enrichment over trusted raw fixture candidates before market translation.,WAIT_SCORING,NO,NO
2026-07-04,2026-07-04T21:28:51+01:00,1554665,SV Drochtersen/Assel,SV Rodinghausen,Friendlies Clubs,TRUSTED_SOURCE_BUT_NO_SCORED_ROW,MISSING_SCORED_ROW,SCORING_NOT_RUN_FOR_TRUSTED_RAW,false,MISSING,trusted raw candidate has no matching scored row,Run/repair scoring enrichment over trusted raw fixture candidates before market translation.,WAIT_SCORING,NO,NO
2026-07-04,2026-07-04T21:28:51+01:00,1562877,Schalke 04 II,Gievenbeck,Friendlies Clubs,TRUSTED_SOURCE_BUT_NO_SCORED_ROW,MISSING_SCORED_ROW,SCORING_NOT_RUN_FOR_TRUSTED_RAW,false,MISSING,trusted raw candidate has no matching scored row,Run/repair scoring enrichment over trusted raw fixture candidates before market translation.,WAIT_SCORING,NO,NO
2026-07-04,2026-07-04T21:28:51+01:00,1548779,Selsey,Worthing,Friendlies Clubs,TRUSTED_SOURCE_BUT_NO_SCORED_ROW,MISSING_SCORED_ROW,SCORING_NOT_RUN_FOR_TRUSTED_RAW,false,MISSING,trusted raw candidate has no matching scored row,Run/repair scoring enrichment over trusted raw fixture candidates before market translation.,WAIT_SCORING,NO,NO
2026-07-04,2026-07-04T21:28:51+01:00,1554695,Septemvri Sofia,Slavia Sofia,Friendlies Clubs,TRUSTED_SOURCE_BUT_NO_SCORED_ROW,MISSING_SCORED_ROW,SCORING_NOT_RUN_FOR_TRUSTED_RAW,false,MISSING,trusted raw candidate has no matching scored row,Run/repair scoring enrichment over trusted raw fixture candidates before market translation.,WAIT_SCORING,NO,NO
2026-07-04,2026-07-04T21:28:51+01:00,1554696,Servette FC,Stade Nyonnais,Friendlies Clubs,TRUSTED_SOURCE_BUT_NO_SCORED_ROW,MISSING_SCORED_ROW,SCORING_NOT_RUN_FOR_TRUSTED_RAW,false,MISSING,trusted raw candidate has no matching scored row,Run/repair scoring enrichment over trusted raw fixture candidates before market translation.,WAIT_SCORING,NO,NO
2026-07-04,2026-07-04T21:28:51+01:00,1560526,Sigma Olomouc,Hanácká,Friendlies Clubs,TRUSTED_SOURCE_BUT_NO_SCORED_ROW,MISSING_SCORED_ROW,SCORING_NOT_RUN_FOR_TRUSTED_RAW,false,MISSING,trusted raw candidate has no matching scored row,Run/repair scoring enrichment over trusted raw fixture candidates before market translation.,WAIT_SCORING,NO,NO
2026-07-04,2026-07-04T21:28:51+01:00,1567539,Ska-khabarovsk,Veles,Friendlies Clubs,TRUSTED_SOURCE_BUT_NO_SCORED_ROW,MISSING_SCORED_ROW,SCORING_NOT_RUN_FOR_TRUSTED_RAW,false,MISSING,trusted raw candidate has no matching scored row,Run/repair scoring enrichment over trusted raw fixture candidates before market translation.,WAIT_SCORING,NO,NO
2026-07-04,2026-07-04T21:28:51+01:00,1547923,Slask Wroclaw,Chrobry Głogów,Friendlies Clubs,TRUSTED_SOURCE_BUT_NO_SCORED_ROW,MISSING_SCORED_ROW,SCORING_NOT_RUN_FOR_TRUSTED_RAW,false,MISSING,trusted raw candidate has no matching scored row,Run/repair scoring enrichment over trusted raw fixture candidates before market translation.,WAIT_SCORING,NO,NO
2026-07-04,2026-07-04T21:28:51+01:00,1554699,Slovácko,Spartak Trnava,Friendlies Clubs,TRUSTED_SOURCE_BUT_NO_SCORED_ROW,MISSING_SCORED_ROW,SCORING_NOT_RUN_FOR_TRUSTED_RAW,false,MISSING,trusted raw candidate has no matching scored row,Run/repair scoring enrichment over trusted raw fixture candidates before market translation.,WAIT_SCORING,NO,NO
2026-07-04,2026-07-04T21:28:51+01:00,1547903,Sparta Praha,Opava,Friendlies Clubs,TRUSTED_SOURCE_BUT_NO_SCORED_ROW,MISSING_SCORED_ROW,SCORING_NOT_RUN_FOR_TRUSTED_RAW,false,MISSING,trusted raw candidate has no matching scored row,Run/repair scoring enrichment over trusted raw fixture candidates before market translation.,WAIT_SCORING,NO,NO
2026-07-04,2026-07-04T21:28:51+01:00,1548765,Spartak Moscow,Krylia Sovetov,Friendlies Clubs,TRUSTED_SOURCE_BUT_NO_SCORED_ROW,MISSING_SCORED_ROW,SCORING_NOT_RUN_FOR_TRUSTED_RAW,false,MISSING,trusted raw candidate has no matching scored row,Run/repair scoring enrichment over trusted raw fixture candidates before market translation.,WAIT_SCORING,NO,NO
2026-07-04,2026-07-04T21:28:51+01:00,1560521,Sporting Club Jemappes,Francs Borains,Friendlies Clubs,TRUSTED_SOURCE_BUT_NO_SCORED_ROW,MISSING_SCORED_ROW,SCORING_NOT_RUN_FOR_TRUSTED_RAW,false,MISSING,trusted raw candidate has no matching scored row,Run/repair scoring enrichment over trusted raw fixture candidates before market translation.,WAIT_SCORING,NO,NO
2026-07-04,2026-07-04T21:28:51+01:00,1567542,Sportist Svoge,Lokomotiv Mezdra,Friendlies Clubs,TRUSTED_SOURCE_BUT_NO_SCORED_ROW,MISSING_SCORED_ROW,SCORING_NOT_RUN_FOR_TRUSTED_RAW,false,MISSING,trusted raw candidate has no matching scored row,Run/repair scoring enrichment over trusted raw fixture candidates before market translation.,WAIT_SCORING,NO,NO
2026-07-04,2026-07-04T21:28:51+01:00,1567541,Stal Mielec,Sandecja Nowy Sącz,Friendlies Clubs,TRUSTED_SOURCE_BUT_NO_SCORED_ROW,MISSING_SCORED_ROW,SCORING_NOT_RUN_FOR_TRUSTED_RAW,false,MISSING,trusted raw candidate has no matching scored row,Run/repair scoring enrichment over trusted raw fixture candidates before market translation.,WAIT_SCORING,NO,NO
2026-07-04,2026-07-04T21:28:51+01:00,1554670,Swindon Town,Swindon Supermarine,Friendlies Clubs,TRUSTED_SOURCE_BUT_NO_SCORED_ROW,MISSING_SCORED_ROW,SCORING_NOT_RUN_FOR_TRUSTED_RAW,false,MISSING,trusted raw candidate has no matching scored row,Run/repair scoring enrichment over trusted raw fixture candidates before market translation.,WAIT_SCORING,NO,NO
2026-07-04,2026-07-04T21:28:51+01:00,1548767,TSV Hartberg,Ujpest,Friendlies Clubs,TRUSTED_SOURCE_BUT_NO_SCORED_ROW,MISSING_SCORED_ROW,SCORING_NOT_RUN_FOR_TRUSTED_RAW,false,MISSING,trusted raw candidate has no matching scored row,Run/repair scoring enrichment over trusted raw fixture candidates before market translation.,WAIT_SCORING,NO,NO
2026-07-04,2026-07-04T21:28:51+01:00,1567546,Todesfelde,Paloma,Friendlies Clubs,TRUSTED_SOURCE_BUT_NO_SCORED_ROW,MISSING_SCORED_ROW,SCORING_NOT_RUN_FOR_TRUSTED_RAW,false,MISSING,trusted raw candidate has no matching scored row,Run/repair scoring enrichment over trusted raw fixture candidates before market translation.,WAIT_SCORING,NO,NO
2026-07-04,2026-07-04T21:28:51+01:00,1554719,Tranent Juniors,Stirling Albion,Friendlies Clubs,TRUSTED_SOURCE_BUT_NO_SCORED_ROW,MISSING_SCORED_ROW,SCORING_NOT_RUN_FOR_TRUSTED_RAW,false,MISSING,trusted raw candidate has no matching scored row,Run/repair scoring enrichment over trusted raw fixture candidates before market translation.,WAIT_SCORING,NO,NO
2026-07-04,2026-07-04T21:28:51+01:00,1554702,Twente,Aberdeen,Friendlies Clubs,TRUSTED_SOURCE_BUT_NO_SCORED_ROW,MISSING_SCORED_ROW,SCORING_NOT_RUN_FOR_TRUSTED_RAW,false,MISSING,trusted raw candidate has no matching scored row,Run/repair scoring enrichment over trusted raw fixture candidates before market translation.,WAIT_SCORING,NO,NO
2026-07-04,2026-07-04T21:28:51+01:00,1562867,Union Klosterfelde,Krieschow,Friendlies Clubs,TRUSTED_SOURCE_BUT_NO_SCORED_ROW,MISSING_SCORED_ROW,SCORING_NOT_RUN_FOR_TRUSTED_RAW,false,MISSING,trusted raw candidate has no matching scored row,Run/repair scoring enrichment over trusted raw fixture candidates before market translation.,WAIT_SCORING,NO,NO
2026-07-04,2026-07-04T21:28:51+01:00,1554726,United of Manchester,Bradford,Friendlies Clubs,TRUSTED_SOURCE_BUT_NO_SCORED_ROW,MISSING_SCORED_ROW,SCORING_NOT_RUN_FOR_TRUSTED_RAW,false,MISSING,trusted raw candidate has no matching scored row,Run/repair scoring enrichment over trusted raw fixture candidates before market translation.,WAIT_SCORING,NO,NO
2026-07-04,2026-07-04T21:28:51+01:00,1560524,Universitario,Sport Boys,Friendlies Clubs,TRUSTED_SOURCE_BUT_NO_SCORED_ROW,MISSING_SCORED_ROW,SCORING_NOT_RUN_FOR_TRUSTED_RAW,false,MISSING,trusted raw candidate has no matching scored row,Run/repair scoring enrichment over trusted raw fixture candidates before market translation.,WAIT_SCORING,NO,NO
2026-07-04,2026-07-04T21:28:51+01:00,1560518,Ural,Chelyabinsk,Friendlies Clubs,TRUSTED_SOURCE_BUT_NO_SCORED_ROW,MISSING_SCORED_ROW,SCORING_NOT_RUN_FOR_TRUSTED_RAW,false,MISSING,trusted raw candidate has no matching scored row,Run/repair scoring enrichment over trusted raw fixture candidates before market translation.,WAIT_SCORING,NO,NO
2026-07-04,2026-07-04T21:28:51+01:00,1562875,Valerenga,Fredrikstad,Friendlies Clubs,TRUSTED_SOURCE_BUT_NO_SCORED_ROW,MISSING_SCORED_ROW,SCORING_NOT_RUN_FOR_TRUSTED_RAW,false,MISSING,trusted raw candidate has no matching scored row,Run/repair scoring enrichment over trusted raw fixture candidates before market translation.,WAIT_SCORING,NO,NO
2026-07-04,2026-07-04T21:28:51+01:00,1554703,Veres Rivne,UCSA,Friendlies Clubs,TRUSTED_SOURCE_BUT_NO_SCORED_ROW,MISSING_SCORED_ROW,SCORING_NOT_RUN_FOR_TRUSTED_RAW,false,MISSING,trusted raw candidate has no matching scored row,Run/repair scoring enrichment over trusted raw fixture candidates before market translation.,WAIT_SCORING,NO,NO
2026-07-04,2026-07-04T21:28:51+01:00,1548780,Verlaine,Standard Liege,Friendlies Clubs,TRUSTED_SOURCE_BUT_NO_SCORED_ROW,MISSING_SCORED_ROW,SCORING_NOT_RUN_FOR_TRUSTED_RAW,false,MISSING,trusted raw candidate has no matching scored row,Run/repair scoring enrichment over trusted raw fixture candidates before market translation.,WAIT_SCORING,NO,NO
2026-07-04,2026-07-04T21:28:51+01:00,1546614,VfB Lübeck,SSV Jeddeloh,Friendlies Clubs,TRUSTED_SOURCE_BUT_NO_SCORED_ROW,MISSING_SCORED_ROW,SCORING_NOT_RUN_FOR_TRUSTED_RAW,false,MISSING,trusted raw candidate has no matching scored row,Run/repair scoring enrichment over trusted raw fixture candidates before market translation.,WAIT_SCORING,NO,NO
2026-07-04,2026-07-04T21:28:51+01:00,1554741,WSG Wattens,Gornik Zabrze,Friendlies Clubs,TRUSTED_SOURCE_BUT_NO_SCORED_ROW,MISSING_SCORED_ROW,SCORING_NOT_RUN_FOR_TRUSTED_RAW,false,MISSING,trusted raw candidate has no matching scored row,Run/repair scoring enrichment over trusted raw fixture candidates before market translation.,WAIT_SCORING,NO,NO
2026-07-04,2026-07-04T21:28:51+01:00,1554720,Waalwijk,Jong AZ,Friendlies Clubs,TRUSTED_SOURCE_BUT_NO_SCORED_ROW,MISSING_SCORED_ROW,SCORING_NOT_RUN_FOR_TRUSTED_RAW,false,MISSING,trusted raw candidate has no matching scored row,Run/repair scoring enrichment over trusted raw fixture candidates before market translation.,WAIT_SCORING,NO,NO
2026-07-04,2026-07-04T21:28:51+01:00,1567543,Wacker Innsbruck,Bayern München II,Friendlies Clubs,TRUSTED_SOURCE_BUT_NO_SCORED_ROW,MISSING_SCORED_ROW,SCORING_NOT_RUN_FOR_TRUSTED_RAW,false,MISSING,trusted raw candidate has no matching scored row,Run/repair scoring enrichment over trusted raw fixture candidates before market translation.,WAIT_SCORING,NO,NO
2026-07-04,2026-07-04T21:28:51+01:00,1546605,Widzew Łódź,Dunajska Streda,Friendlies Clubs,TRUSTED_SOURCE_BUT_NO_SCORED_ROW,MISSING_SCORED_ROW,SCORING_NOT_RUN_FOR_TRUSTED_RAW,false,MISSING,trusted raw candidate has no matching scored row,Run/repair scoring enrichment over trusted raw fixture candidates before market translation.,WAIT_SCORING,NO,NO
2026-07-04,2026-07-04T21:28:51+01:00,1554704,Wiedenbrück,BSG Chemie Leipzig,Friendlies Clubs,TRUSTED_SOURCE_BUT_NO_SCORED_ROW,MISSING_SCORED_ROW,SCORING_NOT_RUN_FOR_TRUSTED_RAW,false,MISSING,trusted raw candidate has no matching scored row,Run/repair scoring enrichment over trusted raw fixture candidates before market translation.,WAIT_SCORING,NO,NO
2026-07-04,2026-07-04T21:28:51+01:00,1554705,Willem II,Quick Boys,Friendlies Clubs,TRUSTED_SOURCE_BUT_NO_SCORED_ROW,MISSING_SCORED_ROW,SCORING_NOT_RUN_FOR_TRUSTED_RAW,false,MISSING,trusted raw candidate has no matching scored row,Run/repair scoring enrichment over trusted raw fixture candidates before market translation.,WAIT_SCORING,NO,NO
2026-07-04,2026-07-04T21:28:51+01:00,1554706,Yantra 2019,Ludogorets II,Friendlies Clubs,TRUSTED_SOURCE_BUT_NO_SCORED_ROW,MISSING_SCORED_ROW,SCORING_NOT_RUN_FOR_TRUSTED_RAW,false,MISSING,trusted raw candidate has no matching scored row,Run/repair scoring enrichment over trusted raw fixture candidates before market translation.,WAIT_SCORING,NO,NO
2026-07-04,2026-07-04T21:28:51+01:00,1554707,Zaglebie Lubin,Pogon Szczecin,Friendlies Clubs,TRUSTED_SOURCE_BUT_NO_SCORED_ROW,MISSING_SCORED_ROW,SCORING_NOT_RUN_FOR_TRUSTED_RAW,false,MISSING,trusted raw candidate has no matching scored row,Run/repair scoring enrichment over trusted raw fixture candidates before market translation.,WAIT_SCORING,NO,NO
2026-07-04,2026-07-04T21:28:51+01:00,1554708,Zawisza Bydgoszcz,Legia Warszawa II,Friendlies Clubs,TRUSTED_SOURCE_BUT_NO_SCORED_ROW,MISSING_SCORED_ROW,SCORING_NOT_RUN_FOR_TRUSTED_RAW,false,MISSING,trusted raw candidate has no matching scored row,Run/repair scoring enrichment over trusted raw fixture candidates before market translation.,WAIT_SCORING,NO,NO
2026-07-04,2026-07-04T21:28:51+01:00,1554675,Zbrojovka Brno,Csikszereda,Friendlies Clubs,TRUSTED_SOURCE_BUT_NO_SCORED_ROW,MISSING_SCORED_ROW,SCORING_NOT_RUN_FOR_TRUSTED_RAW,false,MISSING,trusted raw candidate has no matching scored row,Run/repair scoring enrichment over trusted raw fixture candidates before market translation.,WAIT_SCORING,NO,NO
2026-07-04,2026-07-04T21:28:51+01:00,1550524,Zelzate,Zulte Waregem,Friendlies Clubs,TRUSTED_SOURCE_BUT_NO_SCORED_ROW,MISSING_SCORED_ROW,SCORING_NOT_RUN_FOR_TRUSTED_RAW,false,MISSING,trusted raw candidate has no matching scored row,Run/repair scoring enrichment over trusted raw fixture candidates before market translation.,WAIT_SCORING,NO,NO
2026-07-04,2026-07-04T21:28:51+01:00,1554740,Zepperen-Brustem,St. Truiden,Friendlies Clubs,TRUSTED_SOURCE_BUT_NO_SCORED_ROW,MISSING_SCORED_ROW,SCORING_NOT_RUN_FOR_TRUSTED_RAW,false,MISSING,trusted raw candidate has no matching scored row,Run/repair scoring enrichment over trusted raw fixture candidates before market translation.,WAIT_SCORING,NO,NO
2026-07-04,2026-07-04T21:28:51+01:00,1567523,České Budějovice,Slavia Praha II,Friendlies Clubs,TRUSTED_SOURCE_BUT_NO_SCORED_ROW,MISSING_SCORED_ROW,SCORING_NOT_RUN_FOR_TRUSTED_RAW,false,MISSING,trusted raw candidate has no matching scored row,Run/repair scoring enrichment over trusted raw fixture candidates before market translation.,WAIT_SCORING,NO,NO
2026-07-04,2026-07-04T21:28:51+01:00,1548759,ŁKS Łódź,Radomiak Radom,Friendlies Clubs,TRUSTED_SOURCE_BUT_NO_SCORED_ROW,MISSING_SCORED_ROW,SCORING_NOT_RUN_FOR_TRUSTED_RAW,false,MISSING,trusted raw candidate has no matching scored row,Run/repair scoring enrichment over trusted raw fixture candidates before market translation.,WAIT_SCORING,NO,NO
2026-07-04,2026-07-04T21:28:51+01:00,1560401,Atl. Andahuaylas W,Sporting Cristal W,Liga Women,NOT_TRUSTED_NO_PROMOTION,NOT_TRUSTED_SKIPPED,RAW_TRUST_GATE_BLOCK,false,MISSING,"raw candidate was not trusted, so scoring gap is intentionally ignored",Keep diagnostic only unless future whitelist changes source trust.,DIAGNOSTIC_ONLY,NO,NO
2026-07-04,2026-07-04T21:28:51+01:00,1549317,Manly Utd U20,SD Raiders U20,Npl Nsw U20,NOT_TRUSTED_NO_PROMOTION,NOT_TRUSTED_SKIPPED,RAW_TRUST_GATE_BLOCK,false,MISSING,"raw candidate was not trusted, so scoring gap is intentionally ignored",Keep diagnostic only unless future whitelist changes source trust.,DIAGNOSTIC_ONLY,NO,NO
2026-07-04,2026-07-04T21:28:51+01:00,1576755,Cruzeiro Itaporanga U20,Treze U20,Paraibano U20,NOT_TRUSTED_NO_PROMOTION,NOT_TRUSTED_SKIPPED,RAW_TRUST_GATE_BLOCK,false,MISSING,"raw candidate was not trusted, so scoring gap is intentionally ignored",Keep diagnostic only unless future whitelist changes source trust.,DIAGNOSTIC_ONLY,NO,NO
2026-07-04,2026-07-04T21:28:51+01:00,1547302,Aguai U20,Botafogo SP U20,Paulista - U20,NOT_TRUSTED_NO_PROMOTION,NOT_TRUSTED_SKIPPED,RAW_TRUST_GATE_BLOCK,false,MISSING,"raw candidate was not trusted, so scoring gap is intentionally ignored",Keep diagnostic only unless future whitelist changes source trust.,DIAGNOSTIC_ONLY,NO,NO
2026-07-04,2026-07-04T21:28:51+01:00,1547304,Ponte Preta U20,Santos U20,Paulista - U20,NOT_TRUSTED_NO_PROMOTION,NOT_TRUSTED_SKIPPED,RAW_TRUST_GATE_BLOCK,false,MISSING,"raw candidate was not trusted, so scoring gap is intentionally ignored",Keep diagnostic only unless future whitelist changes source trust.,DIAGNOSTIC_ONLY,NO,NO
2026-07-04,2026-07-04T21:28:51+01:00,1547305,São Paulo U20,XV de Piracicaba U20,Paulista - U20,NOT_TRUSTED_NO_PROMOTION,NOT_TRUSTED_SKIPPED,RAW_TRUST_GATE_BLOCK,false,MISSING,"raw candidate was not trusted, so scoring gap is intentionally ignored",Keep diagnostic only unless future whitelist changes source trust.,DIAGNOSTIC_ONLY,NO,NO
2026-07-04,2026-07-04T21:28:51+01:00,1549964,Barrancas UMET,Buenos Aires City,Torneo Promocional Amateur,TRUSTED_SOURCE_BUT_NO_SCORED_ROW,MISSING_SCORED_ROW,SCORING_NOT_RUN_FOR_TRUSTED_RAW,false,MISSING,trusted raw candidate has no matching scored row,Run/repair scoring enrichment over trusted raw fixture candidates before market translation.,WAIT_SCORING,NO,NO
2026-07-04,2026-07-04T21:28:51+01:00,1549953,Deportivo Metalurgico,SAT Moreno,Torneo Promocional Amateur,TRUSTED_SOURCE_BUT_NO_SCORED_ROW,MISSING_SCORED_ROW,SCORING_NOT_RUN_FOR_TRUSTED_RAW,false,MISSING,trusted raw candidate has no matching scored row,Run/repair scoring enrichment over trusted raw fixture candidates before market translation.,WAIT_SCORING,NO,NO
2026-07-04,2026-07-04T21:28:51+01:00,1549967,Las Mandarinas,Uribelarrea,Torneo Promocional Amateur,TRUSTED_SOURCE_BUT_NO_SCORED_ROW,MISSING_SCORED_ROW,SCORING_NOT_RUN_FOR_TRUSTED_RAW,false,MISSING,trusted raw candidate has no matching scored row,Run/repair scoring enrichment over trusted raw fixture candidates before market translation.,WAIT_SCORING,NO,NO
2026-07-04,2026-07-04T21:28:51+01:00,1543338,Denmark U19,Wales U19,UEFA U19 Championship,NOT_TRUSTED_NO_PROMOTION,NOT_TRUSTED_SKIPPED,RAW_TRUST_GATE_BLOCK,false,MISSING,"raw candidate was not trusted, so scoring gap is intentionally ignored",Keep diagnostic only unless future whitelist changes source trust.,DIAGNOSTIC_ONLY,NO,NO
2026-07-04,2026-07-04T21:28:51+01:00,1543339,Spain U19,Germany U19,UEFA U19 Championship,NOT_TRUSTED_NO_PROMOTION,NOT_TRUSTED_SKIPPED,RAW_TRUST_GATE_BLOCK,false,MISSING,"raw candidate was not trusted, so scoring gap is intentionally ignored",Keep diagnostic only unless future whitelist changes source trust.,DIAGNOSTIC_ONLY,NO,NO
2026-07-04,2026-07-04T21:28:51+01:00,1561067,Iceland U19 W,Switzerland U19 W,UEFA U19 Championship - Women,NOT_TRUSTED_NO_PROMOTION,NOT_TRUSTED_SKIPPED,RAW_TRUST_GATE_BLOCK,false,MISSING,"raw candidate was not trusted, so scoring gap is intentionally ignored",Keep diagnostic only unless future whitelist changes source trust.,DIAGNOSTIC_ONLY,NO,NO
2026-07-04,2026-07-04T21:28:51+01:00,1561068,Spain U19 W,Austria U19 W,UEFA U19 Championship - Women,NOT_TRUSTED_NO_PROMOTION,NOT_TRUSTED_SKIPPED,RAW_TRUST_GATE_BLOCK,false,MISSING,"raw candidate was not trusted, so scoring gap is intentionally ignored",Keep diagnostic only unless future whitelist changes source trust.,DIAGNOSTIC_ONLY,NO,NO
