target_date,generated_at,fixture_id,league,country,home_team,away_team,fixture_datetime_utc,source_path,source_status,discovery_reason,auto_apply,production_change
2026-07-04,2026-07-04T21:28:49+01:00,1494200,Allsvenskan,Sweden,Sirius,Mjallby AIF,,data/processed/governance/vsigma_api_enriched_fixture_results_refresh.csv,LOCAL_RAW_DISCOVERY,existing local row has fixture identity and is not blocked,NO,NO
2026-07-04,2026-07-04T21:28:49+01:00,1506988,,,Jeonbuk Motors,Gangwon FC,,data/processed/governance/vsigma_promoted_raw_fixture_candidates.csv,LOCAL_RAW_DISCOVERY,existing local row has fixture identity and is not blocked,NO,NO
2026-07-04,2026-07-04T21:28:49+01:00,1494194,Allsvenskan,Sweden,Degerfors IF,Malmo FF,2026-07-04T14:00:00+01:00,data/processed/governance/vsigma_promoted_raw_fixture_candidates.csv,LOCAL_RAW_DISCOVERY,existing local row has fixture identity and is not blocked,NO,NO
2026-07-04,2026-07-04T21:28:49+01:00,1494198,Allsvenskan,Sweden,Halmstad,Vasteras SK FK,2026-07-04T14:00:00+01:00,data/processed/governance/vsigma_promoted_raw_fixture_candidates.csv,LOCAL_RAW_DISCOVERY,existing local row has fixture identity and is not blocked,NO,NO
2026-07-04,2026-07-04T21:28:49+01:00,1506987,K League 1,South-Korea,Daejeon Citizen,Bucheon FC 1995,2026-07-04T11:30:00+01:00,data/processed/governance/vsigma_promoted_raw_fixture_candidates.csv,LOCAL_RAW_DISCOVERY,existing local row has fixture identity and is not blocked,NO,NO
2026-07-04,2026-07-04T21:28:49+01:00,1506986,K League 1,South-Korea,FC Anyang,Pohang Steelers,2026-07-04T11:30:00+01:00,data/processed/governance/vsigma_promoted_raw_fixture_candidates.csv,LOCAL_RAW_DISCOVERY,existing local row has fixture identity and is not blocked,NO,NO
2026-07-04,2026-07-04T21:28:49+01:00,1547581,A Lyga,Lithuania,Panevėžys,Hegelmann Litauen,2026-07-04T14:00:00+01:00,data/processed/governance/vsigma_raw_candidate_trust_gate.csv,LOCAL_RAW_DISCOVERY,existing local row has fixture identity and is not blocked,NO,NO
2026-07-04,2026-07-04T21:28:49+01:00,1520752,Serie B,Brazil,Criciuma,Sport Recife,2026-07-04T20:00:00+01:00,data/processed/governance/vsigma_raw_candidate_trust_gate.csv,LOCAL_RAW_DISCOVERY,existing local row has fixture identity and is not blocked,NO,NO
2026-07-04,2026-07-04T21:28:49+01:00,1520756,Serie B,Brazil,Londrina,CRB,2026-07-04T20:00:00+01:00,data/processed/governance/vsigma_raw_candidate_trust_gate.csv,LOCAL_RAW_DISCOVERY,existing local row has fixture identity and is not blocked,NO,NO
2026-07-04,2026-07-04T21:28:49+01:00,1520758,Serie B,Brazil,Novorizontino,Atletico Goianiense,2026-07-04T20:00:00+01:00,data/processed/governance/vsigma_raw_candidate_trust_gate.csv,LOCAL_RAW_DISCOVERY,existing local row has fixture identity and is not blocked,NO,NO
2026-07-04,2026-07-04T21:28:49+01:00,1526878,Serie C,Brazil,Confiança,Barra,2026-07-04T23:00:00+01:00,data/processed/governance/vsigma_raw_candidate_trust_gate.csv,LOCAL_RAW_DISCOVERY,existing local row has fixture identity and is not blocked,NO,NO
2026-07-04,2026-07-04T21:28:49+01:00,1526881,Serie C,Brazil,Maranhão,Inter De Limeira,2026-07-04T21:00:00+01:00,data/processed/governance/vsigma_raw_candidate_trust_gate.csv,LOCAL_RAW_DISCOVERY,existing local row has fixture identity and is not blocked,NO,NO
2026-07-04,2026-07-04T21:28:49+01:00,1526882,Serie C,Brazil,Maringá,Volta Redonda,2026-07-04T23:00:00+01:00,data/processed/governance/vsigma_raw_candidate_trust_gate.csv,LOCAL_RAW_DISCOVERY,existing local row has fixture identity and is not blocked,NO,NO
2026-07-04,2026-07-04T21:28:49+01:00,1526883,Serie C,Brazil,Santa Cruz,Ituano,2026-07-04T23:30:00+01:00,data/processed/governance/vsigma_raw_candidate_trust_gate.csv,LOCAL_RAW_DISCOVERY,existing local row has fixture identity and is not blocked,NO,NO
2026-07-04,2026-07-04T21:28:49+01:00,1495724,Veikkausliiga,Finland,FF Jaro,Ilves,2026-07-04T15:00:00+01:00,data/processed/governance/vsigma_raw_candidate_trust_gate.csv,LOCAL_RAW_DISCOVERY,existing local row has fixture identity and is not blocked,NO,NO
2026-07-04,2026-07-04T21:28:49+01:00,1495723,Veikkausliiga,Finland,Lahti,Gnistan,2026-07-04T13:00:00+01:00,data/processed/governance/vsigma_raw_candidate_trust_gate.csv,LOCAL_RAW_DISCOVERY,existing local row has fixture identity and is not blocked,NO,NO
2026-07-04,2026-07-04T21:28:49+01:00,1495725,Veikkausliiga,Finland,SJK,Turku PS,2026-07-04T15:00:00+01:00,data/processed/governance/vsigma_raw_candidate_trust_gate.csv,LOCAL_RAW_DISCOVERY,existing local row has fixture identity and is not blocked,NO,NO
2026-07-04,2026-07-04T21:28:49+01:00,1495726,Veikkausliiga,Finland,VPS,Mariehamn,2026-07-04T16:00:00+01:00,data/processed/governance/vsigma_raw_candidate_trust_gate.csv,LOCAL_RAW_DISCOVERY,existing local row has fixture identity and is not blocked,NO,NO
2026-07-04,2026-07-04T21:28:49+01:00,1506636,1. Deild,Faroe-Islands,B71,HB II,2026-07-04T13:00:00+01:00,data/processed/governance/vsigma_raw_candidate_trust_gate.csv,LOCAL_RAW_DISCOVERY,existing local row has fixture identity and is not blocked,NO,NO
2026-07-04,2026-07-04T21:28:49+01:00,1514223,1. Deild,Iceland,Grindavik,Vestri,2026-07-04T15:00:00+01:00,data/processed/governance/vsigma_raw_candidate_trust_gate.csv,LOCAL_RAW_DISCOVERY,existing local row has fixture identity and is not blocked,NO,NO
2026-07-04,2026-07-04T21:28:49+01:00,1514224,1. Deild,Iceland,Leiknir R.,Völsungur,2026-07-04T17:00:00+01:00,data/processed/governance/vsigma_raw_candidate_trust_gate.csv,LOCAL_RAW_DISCOVERY,existing local row has fixture identity and is not blocked,NO,NO
2026-07-04,2026-07-04T21:28:49+01:00,1506635,1. Deild,Faroe-Islands,NSÍ II,Suduroy,2026-07-04T13:00:00+01:00,data/processed/governance/vsigma_raw_candidate_trust_gate.csv,LOCAL_RAW_DISCOVERY,existing local row has fixture identity and is not blocked,NO,NO
2026-07-04,2026-07-04T21:28:49+01:00,1506637,1. Deild,Faroe-Islands,TB,EB / Streymur II,2026-07-04T15:00:00+01:00,data/processed/governance/vsigma_raw_candidate_trust_gate.csv,LOCAL_RAW_DISCOVERY,existing local row has fixture identity and is not blocked,NO,NO
2026-07-04,2026-07-04T21:28:49+01:00,1506634,1. Deild,Faroe-Islands,ÍF II,Víkingur II,2026-07-04T17:30:00+01:00,data/processed/governance/vsigma_raw_candidate_trust_gate.csv,LOCAL_RAW_DISCOVERY,existing local row has fixture identity and is not blocked,NO,NO
2026-07-04,2026-07-04T21:28:49+01:00,1495879,1. Division,Norway,Bryne,Sandnes ULF,2026-07-04T17:00:00+01:00,data/processed/governance/vsigma_raw_candidate_trust_gate.csv,LOCAL_RAW_DISCOVERY,existing local row has fixture identity and is not blocked,NO,NO
2026-07-04,2026-07-04T21:28:49+01:00,1534354,1. Division,Belarus,Bumprom,Orsha,2026-07-04T14:30:00+01:00,data/processed/governance/vsigma_raw_candidate_trust_gate.csv,LOCAL_RAW_DISCOVERY,existing local row has fixture identity and is not blocked,NO,NO
2026-07-04,2026-07-04T21:28:49+01:00,1495880,1. Division,Norway,Egersund,Moss,2026-07-04T13:00:00+01:00,data/processed/governance/vsigma_raw_candidate_trust_gate.csv,LOCAL_RAW_DISCOVERY,existing local row has fixture identity and is not blocked,NO,NO
2026-07-04,2026-07-04T21:28:49+01:00,1534359,1. Division,Belarus,FC Energetik-Bgu Minsk,Slonim,2026-07-04T15:00:00+01:00,data/processed/governance/vsigma_raw_candidate_trust_gate.csv,LOCAL_RAW_DISCOVERY,existing local row has fixture identity and is not blocked,NO,NO
2026-07-04,2026-07-04T21:28:49+01:00,1534360,1. Division,Belarus,FC Slutsk,Ostrovets FC,2026-07-04T16:00:00+01:00,data/processed/governance/vsigma_raw_candidate_trust_gate.csv,LOCAL_RAW_DISCOVERY,existing local row has fixture identity and is not blocked,NO,NO
2026-07-04,2026-07-04T21:28:49+01:00,1534357,1. Division,Belarus,Niva,BATE II,2026-07-04T14:00:00+01:00,data/processed/governance/vsigma_raw_candidate_trust_gate.csv,LOCAL_RAW_DISCOVERY,existing local row has fixture identity and is not blocked,NO,NO
2026-07-04,2026-07-04T21:28:49+01:00,1534535,1. Division,Belarus,Shakhter Soligorsk,Dinamo Minsk II,2026-07-04T13:00:00+01:00,data/processed/governance/vsigma_raw_candidate_trust_gate.csv,LOCAL_RAW_DISCOVERY,existing local row has fixture identity and is not blocked,NO,NO
2026-07-04,2026-07-04T21:28:49+01:00,1495881,1. Division,Norway,hodd,Stromsgodset,2026-07-04T15:00:00+01:00,data/processed/governance/vsigma_raw_candidate_trust_gate.csv,LOCAL_RAW_DISCOVERY,existing local row has fixture identity and is not blocked,NO,NO
2026-07-04,2026-07-04T21:28:49+01:00,1529562,1. Liga,Latvia,JDFS Alberts,Riga Mariners,2026-07-04T12:00:00+01:00,data/processed/governance/vsigma_raw_candidate_trust_gate.csv,LOCAL_RAW_DISCOVERY,existing local row has fixture identity and is not blocked,NO,NO
2026-07-04,2026-07-04T21:28:49+01:00,1529565,1. Liga,Latvia,Metta / LU,Skanste,2026-07-04T17:00:00+01:00,data/processed/governance/vsigma_raw_candidate_trust_gate.csv,LOCAL_RAW_DISCOVERY,existing local row has fixture identity and is not blocked,NO,NO
2026-07-04,2026-07-04T21:28:49+01:00,1529563,1. Liga,Latvia,Mārupe,Smiltene,2026-07-04T14:00:00+01:00,data/processed/governance/vsigma_raw_candidate_trust_gate.csv,LOCAL_RAW_DISCOVERY,existing local row has fixture identity and is not blocked,NO,NO
2026-07-04,2026-07-04T21:28:49+01:00,1529564,1. Liga,Latvia,Rēzekne FA,JFK Ventspils,2026-07-04T15:00:00+01:00,data/processed/governance/vsigma_raw_candidate_trust_gate.csv,LOCAL_RAW_DISCOVERY,existing local row has fixture identity and is not blocked,NO,NO
2026-07-04,2026-07-04T21:28:49+01:00,1543419,2. Deild,Iceland,Fjardabyggd / Leiknir,Vikingur Olafsiik,2026-07-04T15:00:00+01:00,data/processed/governance/vsigma_raw_candidate_trust_gate.csv,LOCAL_RAW_DISCOVERY,existing local row has fixture identity and is not blocked,NO,NO
2026-07-04,2026-07-04T21:28:49+01:00,1543418,2. Deild,Iceland,Fjolnir,Kormákur / Hvöt,2026-07-04T15:00:00+01:00,data/processed/governance/vsigma_raw_candidate_trust_gate.csv,LOCAL_RAW_DISCOVERY,existing local row has fixture identity and is not blocked,NO,NO
2026-07-04,2026-07-04T21:28:49+01:00,1543420,2. Deild,Iceland,Magni,Thróttur Vogar,2026-07-04T17:00:00+01:00,data/processed/governance/vsigma_raw_candidate_trust_gate.csv,LOCAL_RAW_DISCOVERY,existing local row has fixture identity and is not blocked,NO,NO
2026-07-04,2026-07-04T21:28:49+01:00,1517305,Canadian Premier League,Canada,Atlético Ottawa,Cavalry FC,2026-07-04T21:00:00+01:00,data/processed/governance/vsigma_raw_candidate_trust_gate.csv,LOCAL_RAW_DISCOVERY,existing local row has fixture identity and is not blocked,NO,NO
2026-07-04,2026-07-04T21:28:49+01:00,1537489,Capital Territory NPL,Australia,Queanbeyan City,Tuggeranong United,2026-07-04T06:00:00+01:00,data/processed/governance/vsigma_raw_candidate_trust_gate.csv,LOCAL_RAW_DISCOVERY,existing local row has fixture identity and is not blocked,NO,NO
2026-07-04,2026-07-04T21:28:49+01:00,1543297,Carioca A2,Brazil,América RJ,Serrano RJ,2026-07-04T18:45:00+01:00,data/processed/governance/vsigma_raw_candidate_trust_gate.csv,LOCAL_RAW_DISCOVERY,existing local row has fixture identity and is not blocked,NO,NO
2026-07-04,2026-07-04T21:28:49+01:00,1543301,Carioca A2,Brazil,CEAC / Araruama,Cabofriense,2026-07-04T18:45:00+01:00,data/processed/governance/vsigma_raw_candidate_trust_gate.csv,LOCAL_RAW_DISCOVERY,existing local row has fixture identity and is not blocked,NO,NO
2026-07-04,2026-07-04T21:28:49+01:00,1543296,Carioca A2,Brazil,CFRJ / Maricá,Pérolas Negras,2026-07-04T18:45:00+01:00,data/processed/governance/vsigma_raw_candidate_trust_gate.csv,LOCAL_RAW_DISCOVERY,existing local row has fixture identity and is not blocked,NO,NO
2026-07-04,2026-07-04T21:28:49+01:00,1543298,Carioca A2,Brazil,Olaria,Bonsucesso,2026-07-04T18:45:00+01:00,data/processed/governance/vsigma_raw_candidate_trust_gate.csv,LOCAL_RAW_DISCOVERY,existing local row has fixture identity and is not blocked,NO,NO
2026-07-04,2026-07-04T21:28:49+01:00,1543299,Carioca A2,Brazil,Resende,Americano Campos,2026-07-04T18:45:00+01:00,data/processed/governance/vsigma_raw_candidate_trust_gate.csv,LOCAL_RAW_DISCOVERY,existing local row has fixture identity and is not blocked,NO,NO
2026-07-04,2026-07-04T21:28:49+01:00,1543300,Carioca A2,Brazil,São Gonçalo EC RJ,Audax Rio,2026-07-04T18:45:00+01:00,data/processed/governance/vsigma_raw_candidate_trust_gate.csv,LOCAL_RAW_DISCOVERY,existing local row has fixture identity and is not blocked,NO,NO
2026-07-04,2026-07-04T21:28:49+01:00,1541995,Catarinense - 2,Brazil,Fluminense-SC,Blumenau,2026-07-04T19:00:00+01:00,data/processed/governance/vsigma_raw_candidate_trust_gate.csv,LOCAL_RAW_DISCOVERY,existing local row has fixture identity and is not blocked,NO,NO
2026-07-04,2026-07-04T21:28:49+01:00,1541994,Catarinense - 2,Brazil,Guarani de Palhoça,Hercílio Luz,2026-07-04T19:00:00+01:00,data/processed/governance/vsigma_raw_candidate_trust_gate.csv,LOCAL_RAW_DISCOVERY,existing local row has fixture identity and is not blocked,NO,NO
2026-07-04,2026-07-04T21:28:49+01:00,1542029,Catarinense - 2,Brazil,Juventus SC,Jaraguá,2026-07-04T19:00:00+01:00,data/processed/governance/vsigma_raw_candidate_trust_gate.csv,LOCAL_RAW_DISCOVERY,existing local row has fixture identity and is not blocked,NO,NO
2026-07-04,2026-07-04T21:28:49+01:00,1567855,Championnat D1,Gabon,Bouenguidi,Pélican,2026-07-04T16:00:00+01:00,data/processed/governance/vsigma_raw_candidate_trust_gate.csv,LOCAL_RAW_DISCOVERY,existing local row has fixture identity and is not blocked,NO,NO
2026-07-04,2026-07-04T21:28:49+01:00,1567849,Championnat D1,Gabon,Lozo,Cercle Mbéri,2026-07-04T14:00:00+01:00,data/processed/governance/vsigma_raw_candidate_trust_gate.csv,LOCAL_RAW_DISCOVERY,existing local row has fixture identity and is not blocked,NO,NO
2026-07-04,2026-07-04T21:28:49+01:00,1567850,Championnat D1,Gabon,Ogooue FC,Bitam,2026-07-04T16:00:00+01:00,data/processed/governance/vsigma_raw_candidate_trust_gate.csv,LOCAL_RAW_DISCOVERY,existing local row has fixture identity and is not blocked,NO,NO
2026-07-04,2026-07-04T21:28:49+01:00,1567851,Championnat D1,Gabon,Stade Mandji,Mangasport,2026-07-04T15:30:00+01:00,data/processed/governance/vsigma_raw_candidate_trust_gate.csv,LOCAL_RAW_DISCOVERY,existing local row has fixture identity and is not blocked,NO,NO
2026-07-04,2026-07-04T21:28:49+01:00,1567852,Championnat D1,Gabon,Stade Migoveen,Dikaki,2026-07-04T15:30:00+01:00,data/processed/governance/vsigma_raw_candidate_trust_gate.csv,LOCAL_RAW_DISCOVERY,existing local row has fixture identity and is not blocked,NO,NO
2026-07-04,2026-07-04T21:28:49+01:00,1567853,Championnat D1,Gabon,US Oyem,Oyem AC,2026-07-04T15:30:00+01:00,data/processed/governance/vsigma_raw_candidate_trust_gate.csv,LOCAL_RAW_DISCOVERY,existing local row has fixture identity and is not blocked,NO,NO
2026-07-04,2026-07-04T21:28:49+01:00,1567854,Championnat D1,Gabon,Vautour Club,FC 105,2026-07-04T15:30:00+01:00,data/processed/governance/vsigma_raw_candidate_trust_gate.csv,LOCAL_RAW_DISCOVERY,existing local row has fixture identity and is not blocked,NO,NO
2026-07-04,2026-07-04T21:28:49+01:00,1544473,Copa Chile,Chile,Deportes Iquique,Coquimbo Unido,2026-07-04T23:00:00+01:00,data/processed/governance/vsigma_raw_candidate_trust_gate.csv,LOCAL_RAW_DISCOVERY,existing local row has fixture identity and is not blocked,NO,NO
2026-07-04,2026-07-04T21:28:49+01:00,1544471,Copa Chile,Chile,Magallanes,Palestino,2026-07-04T20:00:00+01:00,data/processed/governance/vsigma_raw_candidate_trust_gate.csv,LOCAL_RAW_DISCOVERY,existing local row has fixture identity and is not blocked,NO,NO
2026-07-04,2026-07-04T21:28:49+01:00,1544472,Copa Chile,Chile,San Luis,Everton de Vina,2026-07-04T21:00:00+01:00,data/processed/governance/vsigma_raw_candidate_trust_gate.csv,LOCAL_RAW_DISCOVERY,existing local row has fixture identity and is not blocked,NO,NO
2026-07-04,2026-07-04T21:28:49+01:00,1544470,Copa Chile,Chile,Union San Felipe,Union La Calera,2026-07-04T20:00:00+01:00,data/processed/governance/vsigma_raw_candidate_trust_gate.csv,LOCAL_RAW_DISCOVERY,existing local row has fixture identity and is not blocked,NO,NO
2026-07-04,2026-07-04T21:28:49+01:00,1557276,Copa Gaúcha,Brazil,Brasil DE Pelotas,Santa Cruz RS,2026-07-04T23:00:00+01:00,data/processed/governance/vsigma_raw_candidate_trust_gate.csv,LOCAL_RAW_DISCOVERY,existing local row has fixture identity and is not blocked,NO,NO
2026-07-04,2026-07-04T21:28:49+01:00,1576809,Copa Nicaragua,Nicaragua,Xilotepelt,Real Estelí,2026-07-04T22:00:00+01:00,data/processed/governance/vsigma_raw_candidate_trust_gate.csv,LOCAL_RAW_DISCOVERY,existing local row has fixture identity and is not blocked,NO,NO
2026-07-04,2026-07-04T21:28:49+01:00,1519589,Esiliiga A,Estonia,FC Tallinn,Nõmme United II,2026-07-04T13:00:00+01:00,data/processed/governance/vsigma_raw_candidate_trust_gate.csv,LOCAL_RAW_DISCOVERY,existing local row has fixture identity and is not blocked,NO,NO
2026-07-04,2026-07-04T21:28:49+01:00,1521635,Esiliiga B,Estonia,Levadia U19,Luunja,2026-07-04T13:00:00+01:00,data/processed/governance/vsigma_raw_candidate_trust_gate.csv,LOCAL_RAW_DISCOVERY,existing local row has fixture identity and is not blocked,NO,NO
2026-07-04,2026-07-04T21:28:49+01:00,1521636,Esiliiga B,Estonia,Tartu Kalev,Johvi Phoenix,2026-07-04T13:00:00+01:00,data/processed/governance/vsigma_raw_candidate_trust_gate.csv,LOCAL_RAW_DISCOVERY,existing local row has fixture identity and is not blocked,NO,NO
2026-07-04,2026-07-04T21:28:49+01:00,1559516,FA Cup,South-Korea,Yangcheon TNT,Pyeongchang United,2026-07-04T11:00:00+01:00,data/processed/governance/vsigma_raw_candidate_trust_gate.csv,LOCAL_RAW_DISCOVERY,existing local row has fixture identity and is not blocked,NO,NO
2026-07-04,2026-07-04T21:28:49+01:00,1492929,First Division,Ireland,Longford Town,UCD,2026-07-04T19:30:00+01:00,data/processed/governance/vsigma_raw_candidate_trust_gate.csv,LOCAL_RAW_DISCOVERY,existing local row has fixture identity and is not blocked,NO,NO
2026-07-04,2026-07-04T21:28:49+01:00,1510363,K League 2,South-Korea,Ansan Greeners,Suwon City FC,2026-07-04T11:30:00+01:00,data/processed/governance/vsigma_raw_candidate_trust_gate.csv,LOCAL_RAW_DISCOVERY,existing local row has fixture identity and is not blocked,NO,NO
2026-07-04,2026-07-04T21:28:49+01:00,1510364,K League 2,South-Korea,Cheongju,Daegu FC,2026-07-04T11:30:00+01:00,data/processed/governance/vsigma_raw_candidate_trust_gate.csv,LOCAL_RAW_DISCOVERY,existing local row has fixture identity and is not blocked,NO,NO
2026-07-04,2026-07-04T21:28:49+01:00,1510365,K League 2,South-Korea,Paju Citizen,Yongin City,2026-07-04T11:30:00+01:00,data/processed/governance/vsigma_raw_candidate_trust_gate.csv,LOCAL_RAW_DISCOVERY,existing local row has fixture identity and is not blocked,NO,NO
2026-07-04,2026-07-04T21:28:49+01:00,1510366,K League 2,South-Korea,Suwon Bluewings,Seongnam FC,2026-07-04T11:30:00+01:00,data/processed/governance/vsigma_raw_candidate_trust_gate.csv,LOCAL_RAW_DISCOVERY,existing local row has fixture identity and is not blocked,NO,NO
2026-07-04,2026-07-04T21:28:49+01:00,1541632,Kakkonen - Lohko A,Finland,Atlantis,PEPO,2026-07-04T14:00:00+01:00,data/processed/governance/vsigma_raw_candidate_trust_gate.csv,LOCAL_RAW_DISCOVERY,existing local row has fixture identity and is not blocked,NO,NO
2026-07-04,2026-07-04T21:28:49+01:00,1541631,Kakkonen - Lohko A,Finland,HIFK Helsinki,MyPa,2026-07-04T13:00:00+01:00,data/processed/governance/vsigma_raw_candidate_trust_gate.csv,LOCAL_RAW_DISCOVERY,existing local row has fixture identity and is not blocked,NO,NO
2026-07-04,2026-07-04T21:28:49+01:00,1541634,Kakkonen - Lohko A,Finland,HPS,Reipas,2026-07-04T15:00:00+01:00,data/processed/governance/vsigma_raw_candidate_trust_gate.csv,LOCAL_RAW_DISCOVERY,existing local row has fixture identity and is not blocked,NO,NO
2026-07-04,2026-07-04T21:28:49+01:00,1541633,Kakkonen - Lohko A,Finland,Union Plaani,PuiU Helsinki,2026-07-04T14:00:00+01:00,data/processed/governance/vsigma_raw_candidate_trust_gate.csv,LOCAL_RAW_DISCOVERY,existing local row has fixture identity and is not blocked,NO,NO
2026-07-04,2026-07-04T21:28:49+01:00,1541518,Kakkonen - Lohko B,Finland,Honka,Musa,2026-07-04T12:00:00+01:00,data/processed/governance/vsigma_raw_candidate_trust_gate.csv,LOCAL_RAW_DISCOVERY,existing local row has fixture identity and is not blocked,NO,NO
2026-07-04,2026-07-04T21:28:49+01:00,1541519,Kakkonen - Lohko B,Finland,P-Iirot,HJS Akatemia,2026-07-04T14:00:00+01:00,data/processed/governance/vsigma_raw_candidate_trust_gate.csv,LOCAL_RAW_DISCOVERY,existing local row has fixture identity and is not blocked,NO,NO
2026-07-04,2026-07-04T21:28:49+01:00,1541707,Kakkonen - Lohko C,Finland,JS Hercules,Vaajakoski,2026-07-04T12:00:00+01:00,data/processed/governance/vsigma_raw_candidate_trust_gate.csv,LOCAL_RAW_DISCOVERY,existing local row has fixture identity and is not blocked,NO,NO
2026-07-04,2026-07-04T21:28:49+01:00,1541748,Kakkonen - Lohko C,Finland,Kraft,Jaro 2,2026-07-04T13:00:00+01:00,data/processed/governance/vsigma_raw_candidate_trust_gate.csv,LOCAL_RAW_DISCOVERY,existing local row has fixture identity and is not blocked,NO,NO
2026-07-04,2026-07-04T21:28:49+01:00,1541708,Kakkonen - Lohko C,Finland,TP-47,GBK,2026-07-04T15:00:00+01:00,data/processed/governance/vsigma_raw_candidate_trust_gate.csv,LOCAL_RAW_DISCOVERY,existing local row has fixture identity and is not blocked,NO,NO
2026-07-04,2026-07-04T21:28:49+01:00,1539060,Kansallinen Liiga,Finland,HJK W,KuPS W,2026-07-04T15:00:00+01:00,data/processed/governance/vsigma_raw_candidate_trust_gate.csv,LOCAL_RAW_DISCOVERY,existing local row has fixture identity and is not blocked,NO,NO
2026-07-04,2026-07-04T21:28:49+01:00,1539059,Kansallinen Liiga,Finland,Ilves W,Åland United W,2026-07-04T13:00:00+01:00,data/processed/governance/vsigma_raw_candidate_trust_gate.csv,LOCAL_RAW_DISCOVERY,existing local row has fixture identity and is not blocked,NO,NO
2026-07-04,2026-07-04T21:28:49+01:00,1539058,Kansallinen Liiga,Finland,PK-35 Vantaa W,HPS W,2026-07-04T12:00:00+01:00,data/processed/governance/vsigma_raw_candidate_trust_gate.csv,LOCAL_RAW_DISCOVERY,existing local row has fixture identity and is not blocked,NO,NO
2026-07-04,2026-07-04T21:28:49+01:00,1528775,League One,China,Ningbo Professional,Hebei Kungfu,2026-07-04T12:00:00+01:00,data/processed/governance/vsigma_raw_candidate_trust_gate.csv,LOCAL_RAW_DISCOVERY,existing local row has fixture identity and is not blocked,NO,NO
2026-07-04,2026-07-04T21:28:49+01:00,1528638,League One,China,Shaanxi Union,Wuxi Wugou,2026-07-04T12:00:00+01:00,data/processed/governance/vsigma_raw_candidate_trust_gate.csv,LOCAL_RAW_DISCOVERY,existing local row has fixture identity and is not blocked,NO,NO
2026-07-04,2026-07-04T21:28:49+01:00,1528639,League One,China,Shenzhen Juniors,Nantong Zhiyun,2026-07-04T12:00:00+01:00,data/processed/governance/vsigma_raw_candidate_trust_gate.csv,LOCAL_RAW_DISCOVERY,existing local row has fixture identity and is not blocked,NO,NO
2026-07-04,2026-07-04T21:28:49+01:00,1528640,League One,China,Suzhou Dongwu,Guangzhou E-Power,2026-07-04T12:00:00+01:00,data/processed/governance/vsigma_raw_candidate_trust_gate.csv,LOCAL_RAW_DISCOVERY,existing local row has fixture identity and is not blocked,NO,NO
2026-07-04,2026-07-04T21:28:49+01:00,1532800,League Two,China,Chengdu Rongcheng II,Wuhan Three Towns II,2026-07-04T13:00:00+01:00,data/processed/governance/vsigma_raw_candidate_trust_gate.csv,LOCAL_RAW_DISCOVERY,existing local row has fixture identity and is not blocked,NO,NO
2026-07-04,2026-07-04T21:28:49+01:00,1532796,League Two,China,Guangzhou Dandelion,Guangdong Mingtu,2026-07-04T12:00:00+01:00,data/processed/governance/vsigma_raw_candidate_trust_gate.csv,LOCAL_RAW_DISCOVERY,existing local row has fixture identity and is not blocked,NO,NO
2026-07-04,2026-07-04T21:28:49+01:00,1532799,League Two,China,Nantong Haimen Codion,Dalian Kewei,2026-07-04T12:30:00+01:00,data/processed/governance/vsigma_raw_candidate_trust_gate.csv,LOCAL_RAW_DISCOVERY,existing local row has fixture identity and is not blocked,NO,NO
2026-07-04,2026-07-04T21:28:49+01:00,1532797,League Two,China,Shandong Taishan II,Rizhao Yuqi,2026-07-04T12:00:00+01:00,data/processed/governance/vsigma_raw_candidate_trust_gate.csv,LOCAL_RAW_DISCOVERY,existing local row has fixture identity and is not blocked,NO,NO
2026-07-04,2026-07-04T21:28:49+01:00,1532798,League Two,China,Shangyu Pterosaur,Hubei Chufeng Heli,2026-07-04T12:30:00+01:00,data/processed/governance/vsigma_raw_candidate_trust_gate.csv,LOCAL_RAW_DISCOVERY,existing local row has fixture identity and is not blocked,NO,NO
2026-07-04,2026-07-04T21:28:49+01:00,1519388,Liga Pro,Ecuador,Libertad,Leones del Norte,2026-07-04T20:00:00+01:00,data/processed/governance/vsigma_raw_candidate_trust_gate.csv,LOCAL_RAW_DISCOVERY,existing local row has fixture identity and is not blocked,NO,NO
2026-07-04,2026-07-04T21:28:49+01:00,1526562,Liga Pro Serie B,Ecuador,LDU Portoviejo,9 de Octubre,2026-07-04T22:30:00+01:00,data/processed/governance/vsigma_raw_candidate_trust_gate.csv,LOCAL_RAW_DISCOVERY,existing local row has fixture identity and is not blocked,NO,NO
2026-07-04,2026-07-04T21:28:49+01:00,1544800,Maranhense - 2,Brazil,Cordino,Balsas,2026-07-04T20:00:00+01:00,data/processed/governance/vsigma_raw_candidate_trust_gate.csv,LOCAL_RAW_DISCOVERY,existing local row has fixture identity and is not blocked,NO,NO
2026-07-04,2026-07-04T21:28:49+01:00,1544799,Maranhense - 2,Brazil,Expressinho,São José MA,2026-07-04T20:00:00+01:00,data/processed/governance/vsigma_raw_candidate_trust_gate.csv,LOCAL_RAW_DISCOVERY,existing local row has fixture identity and is not blocked,NO,NO
2026-07-04,2026-07-04T21:28:49+01:00,1544801,Maranhense - 2,Brazil,Viana,Lago Verde,2026-07-04T20:00:00+01:00,data/processed/governance/vsigma_raw_candidate_trust_gate.csv,LOCAL_RAW_DISCOVERY,existing local row has fixture identity and is not blocked,NO,NO
2026-07-04,2026-07-04T21:28:49+01:00,1506502,Meistaradeildin,Faroe-Islands,AB,EB / Streymur,2026-07-04T17:15:00+01:00,data/processed/governance/vsigma_raw_candidate_trust_gate.csv,LOCAL_RAW_DISCOVERY,existing local row has fixture identity and is not blocked,NO,NO
2026-07-04,2026-07-04T21:28:49+01:00,1506499,Meistaradeildin,Faroe-Islands,B36 Torshavn,Vikingur Gota,2026-07-04T14:30:00+01:00,data/processed/governance/vsigma_raw_candidate_trust_gate.csv,LOCAL_RAW_DISCOVERY,existing local row has fixture identity and is not blocked,NO,NO
2026-07-04,2026-07-04T21:28:49+01:00,1506500,Meistaradeildin,Faroe-Islands,Skála,B68,2026-07-04T18:30:00+01:00,data/processed/governance/vsigma_raw_candidate_trust_gate.csv,LOCAL_RAW_DISCOVERY,existing local row has fixture identity and is not blocked,NO,NO
2026-07-04,2026-07-04T21:28:49+01:00,1513582,Meistriliiga,Estonia,Paide,Vaprus,2026-07-04T17:00:00+01:00,data/processed/governance/vsigma_raw_candidate_trust_gate.csv,LOCAL_RAW_DISCOVERY,existing local row has fixture identity and is not blocked,NO,NO
2026-07-04,2026-07-04T21:28:49+01:00,1513581,Meistriliiga,Estonia,Trans Narva,FC Levadia Tallinn,2026-07-04T17:00:00+01:00,data/processed/governance/vsigma_raw_candidate_trust_gate.csv,LOCAL_RAW_DISCOVERY,existing local row has fixture identity and is not blocked,NO,NO
2026-07-04,2026-07-04T21:28:49+01:00,1547709,Mineiro - 2,Brazil,CAP,Guarani MG,2026-07-04T20:00:00+01:00,data/processed/governance/vsigma_raw_candidate_trust_gate.csv,LOCAL_RAW_DISCOVERY,existing local row has fixture identity and is not blocked,NO,NO
2026-07-04,2026-07-04T21:28:49+01:00,1547710,Mineiro - 2,Brazil,Democrata SL,Ipatinga,2026-07-04T20:00:00+01:00,data/processed/governance/vsigma_raw_candidate_trust_gate.csv,LOCAL_RAW_DISCOVERY,existing local row has fixture identity and is not blocked,NO,NO
2026-07-04,2026-07-04T21:28:49+01:00,1547714,Mineiro - 2,Brazil,Villa Nova,Aymorés,2026-07-04T20:00:00+01:00,data/processed/governance/vsigma_raw_candidate_trust_gate.csv,LOCAL_RAW_DISCOVERY,existing local row has fixture identity and is not blocked,NO,NO
2026-07-04,2026-07-04T21:28:49+01:00,1532588,NNSW League 1,Australia,South Cardiff,New Lambton,2026-07-04T09:00:00+01:00,data/processed/governance/vsigma_raw_candidate_trust_gate.csv,LOCAL_RAW_DISCOVERY,existing local row has fixture identity and is not blocked,NO,NO
2026-07-04,2026-07-04T21:28:49+01:00,1517807,New South Wales NPL 2,Australia,Bulls Academy,Mt Druitt Town,2026-07-04T10:00:00+01:00,data/processed/governance/vsigma_raw_candidate_trust_gate.csv,LOCAL_RAW_DISCOVERY,existing local row has fixture identity and is not blocked,NO,NO
2026-07-04,2026-07-04T21:28:49+01:00,1534059,Northern Super League,Canada,Montreal Roses W,Vancouver Rise W,2026-07-04T19:00:00+01:00,data/processed/governance/vsigma_raw_candidate_trust_gate.csv,LOCAL_RAW_DISCOVERY,existing local row has fixture identity and is not blocked,NO,NO
2026-07-04,2026-07-04T21:28:49+01:00,1559580,Paulista Série B,Brazil,America SP,Santacruzense,2026-07-04T19:00:00+01:00,data/processed/governance/vsigma_raw_candidate_trust_gate.csv,LOCAL_RAW_DISCOVERY,existing local row has fixture identity and is not blocked,NO,NO
2026-07-04,2026-07-04T21:28:49+01:00,1559581,Paulista Série B,Brazil,Flamengo SP,Gremio Osasco Audax,2026-07-04T19:00:00+01:00,data/processed/governance/vsigma_raw_candidate_trust_gate.csv,LOCAL_RAW_DISCOVERY,existing local row has fixture identity and is not blocked,NO,NO
2026-07-04,2026-07-04T21:28:49+01:00,1559583,Paulista Série B,Brazil,Itaquá Athletico Clube,Paulínia FU,2026-07-04T19:00:00+01:00,data/processed/governance/vsigma_raw_candidate_trust_gate.csv,LOCAL_RAW_DISCOVERY,existing local row has fixture identity and is not blocked,NO,NO
2026-07-04,2026-07-04T21:28:49+01:00,1559585,Paulista Série B,Brazil,Matonense,Assisense,2026-07-04T19:00:00+01:00,data/processed/governance/vsigma_raw_candidate_trust_gate.csv,LOCAL_RAW_DISCOVERY,existing local row has fixture identity and is not blocked,NO,NO
2026-07-04,2026-07-04T21:28:49+01:00,1559586,Paulista Série B,Brazil,Maua,Uniao Mogi,2026-07-04T19:00:00+01:00,data/processed/governance/vsigma_raw_candidate_trust_gate.csv,LOCAL_RAW_DISCOVERY,existing local row has fixture identity and is not blocked,NO,NO
2026-07-04,2026-07-04T21:28:49+01:00,1550079,Premier League,Syria,Al Karama,Omaya SC,2026-07-04T15:00:00+01:00,data/processed/governance/vsigma_raw_candidate_trust_gate.csv,LOCAL_RAW_DISCOVERY,existing local row has fixture identity and is not blocked,NO,NO
2026-07-04,2026-07-04T21:28:49+01:00,1528013,Premier League,Kazakhstan,Altay,FK Tobol Kostanay,2026-07-04T13:00:00+01:00,data/processed/governance/vsigma_raw_candidate_trust_gate.csv,LOCAL_RAW_DISCOVERY,existing local row has fixture identity and is not blocked,NO,NO
2026-07-04,2026-07-04T21:28:49+01:00,1527625,Premier League,Kyrgyzstan,Bishkek City,Toktogul,2026-07-04T15:30:00+01:00,data/processed/governance/vsigma_raw_candidate_trust_gate.csv,LOCAL_RAW_DISCOVERY,existing local row has fixture identity and is not blocked,NO,NO
2026-07-04,2026-07-04T21:28:49+01:00,1550083,Premier League,Syria,Damascus Al-Ahli,Foutoua,2026-07-04T15:00:00+01:00,data/processed/governance/vsigma_raw_candidate_trust_gate.csv,LOCAL_RAW_DISCOVERY,existing local row has fixture identity and is not blocked,NO,NO
2026-07-04,2026-07-04T21:28:49+01:00,1525917,Premier League,Belarus,FC Vitebsk,FC Dnepr Mogilev,2026-07-04T14:00:00+01:00,data/processed/governance/vsigma_raw_candidate_trust_gate.csv,LOCAL_RAW_DISCOVERY,existing local row has fixture identity and is not blocked,NO,NO
2026-07-04,2026-07-04T21:28:49+01:00,1528017,Premier League,Kazakhstan,Kyzyl-Zhar,Yelimay Semey,2026-07-04T14:00:00+01:00,data/processed/governance/vsigma_raw_candidate_trust_gate.csv,LOCAL_RAW_DISCOVERY,existing local row has fixture identity and is not blocked,NO,NO
2026-07-04,2026-07-04T21:28:49+01:00,1525915,Premier League,Belarus,Neman,Arsenal,2026-07-04T16:00:00+01:00,data/processed/governance/vsigma_raw_candidate_trust_gate.csv,LOCAL_RAW_DISCOVERY,existing local row has fixture identity and is not blocked,NO,NO
2026-07-04,2026-07-04T21:28:49+01:00,1527630,Premier League,Kyrgyzstan,Ozgon,Alay,2026-07-04T15:30:00+01:00,data/processed/governance/vsigma_raw_candidate_trust_gate.csv,LOCAL_RAW_DISCOVERY,existing local row has fixture identity and is not blocked,NO,NO
2026-07-04,2026-07-04T21:28:49+01:00,1550080,Premier League,Syria,Shorta,Horriya,2026-07-04T15:00:00+01:00,data/processed/governance/vsigma_raw_candidate_trust_gate.csv,LOCAL_RAW_DISCOVERY,existing local row has fixture identity and is not blocked,NO,NO
2026-07-04,2026-07-04T21:28:49+01:00,1543592,Premier League,Bhutan,Thimphu City,Tsirang,2026-07-04T13:00:00+01:00,data/processed/governance/vsigma_raw_candidate_trust_gate.csv,LOCAL_RAW_DISCOVERY,existing local row has fixture identity and is not blocked,NO,NO
2026-07-04,2026-07-04T21:28:49+01:00,1559551,Premier League,Mongolia,Ulaangom City,Hunters,2026-07-04T12:00:00+01:00,data/processed/governance/vsigma_raw_candidate_trust_gate.csv,LOCAL_RAW_DISCOVERY,existing local row has fixture identity and is not blocked,NO,NO
2026-07-04,2026-07-04T21:28:49+01:00,1567834,Premier Soccer League,Zimbabwe,Bulawayo Chiefs,MWOS,2026-07-04T14:00:00+01:00,data/processed/governance/vsigma_raw_candidate_trust_gate.csv,LOCAL_RAW_DISCOVERY,existing local row has fixture identity and is not blocked,NO,NO
2026-07-04,2026-07-04T21:28:49+01:00,1567835,Premier Soccer League,Zimbabwe,Hunters,Scotland Mabvuku,2026-07-04T14:00:00+01:00,data/processed/governance/vsigma_raw_candidate_trust_gate.csv,LOCAL_RAW_DISCOVERY,existing local row has fixture identity and is not blocked,NO,NO
2026-07-04,2026-07-04T21:28:49+01:00,1567836,Premier Soccer League,Zimbabwe,Ngezi Platinum,Chicken Inn,2026-07-04T14:00:00+01:00,data/processed/governance/vsigma_raw_candidate_trust_gate.csv,LOCAL_RAW_DISCOVERY,existing local row has fixture identity and is not blocked,NO,NO
2026-07-04,2026-07-04T21:28:49+01:00,1567837,Premier Soccer League,Zimbabwe,TelOne,Platinum,2026-07-04T14:00:00+01:00,data/processed/governance/vsigma_raw_candidate_trust_gate.csv,LOCAL_RAW_DISCOVERY,existing local row has fixture identity and is not blocked,NO,NO
2026-07-04,2026-07-04T21:28:49+01:00,1499497,Primera B Metropolitana,Argentina,Comunicaciones,Arsenal Sarandi,2026-07-04T19:00:00+01:00,data/processed/governance/vsigma_raw_candidate_trust_gate.csv,LOCAL_RAW_DISCOVERY,existing local row has fixture identity and is not blocked,NO,NO
2026-07-04,2026-07-04T21:28:49+01:00,1499500,Primera B Metropolitana,Argentina,Deportivo Armenio,Brown DE Adrogue,2026-07-04T19:30:00+01:00,data/processed/governance/vsigma_raw_candidate_trust_gate.csv,LOCAL_RAW_DISCOVERY,existing local row has fixture identity and is not blocked,NO,NO
2026-07-04,2026-07-04T21:28:49+01:00,1499501,Primera B Metropolitana,Argentina,Deportivo Camioneros,UAI Urquiza,2026-07-04T17:00:00+01:00,data/processed/governance/vsigma_raw_candidate_trust_gate.csv,LOCAL_RAW_DISCOVERY,existing local row has fixture identity and is not blocked,NO,NO
2026-07-04,2026-07-04T21:28:49+01:00,1499499,Primera B Metropolitana,Argentina,Deportivo Merlo,Villa Dalmine,2026-07-04T19:00:00+01:00,data/processed/governance/vsigma_raw_candidate_trust_gate.csv,LOCAL_RAW_DISCOVERY,existing local row has fixture identity and is not blocked,NO,NO
2026-07-04,2026-07-04T21:28:49+01:00,1499502,Primera B Metropolitana,Argentina,Dock Sud,Excursionistas,2026-07-04T19:00:00+01:00,data/processed/governance/vsigma_raw_candidate_trust_gate.csv,LOCAL_RAW_DISCOVERY,existing local row has fixture identity and is not blocked,NO,NO
2026-07-04,2026-07-04T21:28:49+01:00,1499503,Primera B Metropolitana,Argentina,Flandria,Deportivo Laferrere,2026-07-04T19:00:00+01:00,data/processed/governance/vsigma_raw_candidate_trust_gate.csv,LOCAL_RAW_DISCOVERY,existing local row has fixture identity and is not blocked,NO,NO
2026-07-04,2026-07-04T21:28:49+01:00,1499504,Primera B Metropolitana,Argentina,Ituzaingó,Villa San Carlos,2026-07-04T18:30:00+01:00,data/processed/governance/vsigma_raw_candidate_trust_gate.csv,LOCAL_RAW_DISCOVERY,existing local row has fixture identity and is not blocked,NO,NO
2026-07-04,2026-07-04T21:28:49+01:00,1499967,Primera C,Argentina,Argentino Rosario,Defensores de Cambaceres,2026-07-04T19:00:00+01:00,data/processed/governance/vsigma_raw_candidate_trust_gate.csv,LOCAL_RAW_DISCOVERY,existing local row has fixture identity and is not blocked,NO,NO
2026-07-04,2026-07-04T21:28:49+01:00,1499974,Primera C,Argentina,Estrella Del Sur,Leandro N. Alem,2026-07-04T19:00:00+01:00,data/processed/governance/vsigma_raw_candidate_trust_gate.csv,LOCAL_RAW_DISCOVERY,existing local row has fixture identity and is not blocked,NO,NO
2026-07-04,2026-07-04T21:28:49+01:00,1500179,Primera C,Argentina,Leones de Rosario,Central Ballester,2026-07-04T19:00:00+01:00,data/processed/governance/vsigma_raw_candidate_trust_gate.csv,LOCAL_RAW_DISCOVERY,existing local row has fixture identity and is not blocked,NO,NO
2026-07-04,2026-07-04T21:28:49+01:00,1499976,Primera C,Argentina,Lugano,JJ Urquiza,2026-07-04T17:00:00+01:00,data/processed/governance/vsigma_raw_candidate_trust_gate.csv,LOCAL_RAW_DISCOVERY,existing local row has fixture identity and is not blocked,NO,NO
2026-07-04,2026-07-04T21:28:49+01:00,1498613,Primera Nacional,Argentina,Almagro,Atletico DE Rafaela,2026-07-04T19:30:00+01:00,data/processed/governance/vsigma_raw_candidate_trust_gate.csv,LOCAL_RAW_DISCOVERY,existing local row has fixture identity and is not blocked,NO,NO
2026-07-04,2026-07-04T21:28:49+01:00,1498614,Primera Nacional,Argentina,Almirante Brown,Los Andes,2026-07-04T19:30:00+01:00,data/processed/governance/vsigma_raw_candidate_trust_gate.csv,LOCAL_RAW_DISCOVERY,existing local row has fixture identity and is not blocked,NO,NO
2026-07-04,2026-07-04T21:28:49+01:00,1498619,Primera Nacional,Argentina,Ciudad de Bolívar,Godoy Cruz,2026-07-04T20:00:00+01:00,data/processed/governance/vsigma_raw_candidate_trust_gate.csv,LOCAL_RAW_DISCOVERY,existing local row has fixture identity and is not blocked,NO,NO
2026-07-04,2026-07-04T21:28:49+01:00,1498620,Primera Nacional,Argentina,Colegiales,Gimnasia Y Tiro,2026-07-04T19:00:00+01:00,data/processed/governance/vsigma_raw_candidate_trust_gate.csv,LOCAL_RAW_DISCOVERY,existing local row has fixture identity and is not blocked,NO,NO
2026-07-04,2026-07-04T21:28:49+01:00,1498621,Primera Nacional,Argentina,Defensores De Belgrano,Deportivo Moron,2026-07-04T19:30:00+01:00,data/processed/governance/vsigma_raw_candidate_trust_gate.csv,LOCAL_RAW_DISCOVERY,existing local row has fixture identity and is not blocked,NO,NO
2026-07-04,2026-07-04T21:28:49+01:00,1498626,Primera Nacional,Argentina,Nueva Chicago,Club Atlético Güemes,2026-07-04T19:30:00+01:00,data/processed/governance/vsigma_raw_candidate_trust_gate.csv,LOCAL_RAW_DISCOVERY,existing local row has fixture identity and is not blocked,NO,NO
2026-07-04,2026-07-04T21:28:49+01:00,1498628,Primera Nacional,Argentina,Quilmes,Atlanta,2026-07-04T22:00:00+01:00,data/processed/governance/vsigma_raw_candidate_trust_gate.csv,LOCAL_RAW_DISCOVERY,existing local row has fixture identity and is not blocked,NO,NO
2026-07-04,2026-07-04T21:28:49+01:00,1498630,Primera Nacional,Argentina,Temperley,Tristan Suarez,2026-07-04T19:30:00+01:00,data/processed/governance/vsigma_raw_candidate_trust_gate.csv,LOCAL_RAW_DISCOVERY,existing local row has fixture identity and is not blocked,NO,NO
2026-07-04,2026-07-04T21:28:49+01:00,1536233,Second League - Group 1,Russia,Angust Nazran,PSK Dinskaya,2026-07-04T14:00:00+01:00,data/processed/governance/vsigma_raw_candidate_trust_gate.csv,LOCAL_RAW_DISCOVERY,existing local row has fixture identity and is not blocked,NO,NO
2026-07-04,2026-07-04T21:28:49+01:00,1536234,Second League - Group 1,Russia,Astrakhan,Lugansk,2026-07-04T15:30:00+01:00,data/processed/governance/vsigma_raw_candidate_trust_gate.csv,LOCAL_RAW_DISCOVERY,existing local row has fixture identity and is not blocked,NO,NO
2026-07-04,2026-07-04T21:28:49+01:00,1536006,Second League - Group 1,Russia,Druzhba,Rubin Yalta,2026-07-04T16:00:00+01:00,data/processed/governance/vsigma_raw_candidate_trust_gate.csv,LOCAL_RAW_DISCOVERY,existing local row has fixture identity and is not blocked,NO,NO
2026-07-04,2026-07-04T21:28:49+01:00,1536235,Second League - Group 1,Russia,Izberbash,FK Chayka 2,2026-07-04T15:00:00+01:00,data/processed/governance/vsigma_raw_candidate_trust_gate.csv,LOCAL_RAW_DISCOVERY,existing local row has fixture identity and is not blocked,NO,NO
2026-07-04,2026-07-04T21:28:49+01:00,1536007,Second League - Group 1,Russia,Nart Cherkessk,Kyzyltash,2026-07-04T15:00:00+01:00,data/processed/governance/vsigma_raw_candidate_trust_gate.csv,LOCAL_RAW_DISCOVERY,existing local row has fixture identity and is not blocked,NO,NO
2026-07-04,2026-07-04T21:28:49+01:00,1536005,Second League - Group 1,Russia,Pobeda,Rostov II,2026-07-04T14:30:00+01:00,data/processed/governance/vsigma_raw_candidate_trust_gate.csv,LOCAL_RAW_DISCOVERY,existing local row has fixture identity and is not blocked,NO,NO
2026-07-04,2026-07-04T21:28:49+01:00,1536008,Second League - Group 1,Russia,Spartak Nalchik,Sevastopol,2026-07-04T15:00:00+01:00,data/processed/governance/vsigma_raw_candidate_trust_gate.csv,LOCAL_RAW_DISCOVERY,existing local row has fixture identity and is not blocked,NO,NO
2026-07-04,2026-07-04T21:28:49+01:00,1536401,Second League - Group 2,Russia,Zvezda St. Petersburg,Dinamo St. Petersburg,2026-07-04T12:00:00+01:00,data/processed/governance/vsigma_raw_candidate_trust_gate.csv,LOCAL_RAW_DISCOVERY,existing local row has fixture identity and is not blocked,NO,NO
2026-07-04,2026-07-04T21:28:49+01:00,1536625,Second League - Group 3,Russia,Kvant,Arsenal Tula II,2026-07-04T13:00:00+01:00,data/processed/governance/vsigma_raw_candidate_trust_gate.csv,LOCAL_RAW_DISCOVERY,existing local row has fixture identity and is not blocked,NO,NO
2026-07-04,2026-07-04T21:28:49+01:00,1536626,Second League - Group 3,Russia,Orel,Metallurg Lipetsk,2026-07-04T16:00:00+01:00,data/processed/governance/vsigma_raw_candidate_trust_gate.csv,LOCAL_RAW_DISCOVERY,existing local row has fixture identity and is not blocked,NO,NO
2026-07-04,2026-07-04T21:28:49+01:00,1536627,Second League - Group 3,Russia,Rodina Moskva III,Saturn Ramenskoye,2026-07-04T15:00:00+01:00,data/processed/governance/vsigma_raw_candidate_trust_gate.csv,LOCAL_RAW_DISCOVERY,existing local row has fixture identity and is not blocked,NO,NO
2026-07-04,2026-07-04T21:28:49+01:00,1536628,Second League - Group 3,Russia,Rotor-2,Strogino,2026-07-04T16:00:00+01:00,data/processed/governance/vsigma_raw_candidate_trust_gate.csv,LOCAL_RAW_DISCOVERY,existing local row has fixture identity and is not blocked,NO,NO
2026-07-04,2026-07-04T21:28:49+01:00,1536629,Second League - Group 3,Russia,Ryazan,SKA Khabarovsk II,2026-07-04T13:00:00+01:00,data/processed/governance/vsigma_raw_candidate_trust_gate.csv,LOCAL_RAW_DISCOVERY,existing local row has fixture identity and is not blocked,NO,NO
2026-07-04,2026-07-04T21:28:49+01:00,1536631,Second League - Group 3,Russia,Volna Nizhegorodskaya,Shumbrat,2026-07-04T13:00:00+01:00,data/processed/governance/vsigma_raw_candidate_trust_gate.csv,LOCAL_RAW_DISCOVERY,existing local row has fixture identity and is not blocked,NO,NO
2026-07-04,2026-07-04T21:28:49+01:00,1529124,Segunda División,Chile,Deportes Rengo,Santiago Morning,2026-07-04T22:00:00+01:00,data/processed/governance/vsigma_raw_candidate_trust_gate.csv,LOCAL_RAW_DISCOVERY,existing local row has fixture identity and is not blocked,NO,NO
2026-07-04,2026-07-04T21:28:49+01:00,1561320,Segunda División,Uruguay,Plaza Colonia,La Luz,2026-07-04T21:00:00+01:00,data/processed/governance/vsigma_raw_candidate_trust_gate.csv,LOCAL_RAW_DISCOVERY,existing local row has fixture identity and is not blocked,NO,NO
2026-07-04,2026-07-04T21:28:49+01:00,1529125,Segunda División,Chile,Provincial Osorno,General Velásquez,2026-07-04T21:00:00+01:00,data/processed/governance/vsigma_raw_candidate_trust_gate.csv,LOCAL_RAW_DISCOVERY,existing local row has fixture identity and is not blocked,NO,NO
2026-07-04,2026-07-04T21:28:49+01:00,1529126,Segunda División,Chile,Provincial Ovalle,Colina,2026-07-04T21:00:00+01:00,data/processed/governance/vsigma_raw_candidate_trust_gate.csv,LOCAL_RAW_DISCOVERY,existing local row has fixture identity and is not blocked,NO,NO
2026-07-04,2026-07-04T21:28:49+01:00,1561319,Segunda División,Uruguay,Rentistas,Paysandu,2026-07-04T18:00:00+01:00,data/processed/governance/vsigma_raw_candidate_trust_gate.csv,LOCAL_RAW_DISCOVERY,existing local row has fixture identity and is not blocked,NO,NO
2026-07-04,2026-07-04T21:28:49+01:00,1567797,Serie D,Brazil,CRAC,Treze,2026-07-04T20:00:00+01:00,data/processed/governance/vsigma_raw_candidate_trust_gate.csv,LOCAL_RAW_DISCOVERY,existing local row has fixture identity and is not blocked,NO,NO
2026-07-04,2026-07-04T21:28:49+01:00,1567796,Serie D,Brazil,Cianorte,XV de Piracicaba,2026-07-04T20:00:00+01:00,data/processed/governance/vsigma_raw_candidate_trust_gate.csv,LOCAL_RAW_DISCOVERY,existing local row has fixture identity and is not blocked,NO,NO
2026-07-04,2026-07-04T21:28:49+01:00,1567799,Serie D,Brazil,Goiatuba EC,Manauara,2026-07-04T22:30:00+01:00,data/processed/governance/vsigma_raw_candidate_trust_gate.csv,LOCAL_RAW_DISCOVERY,existing local row has fixture identity and is not blocked,NO,NO
2026-07-04,2026-07-04T21:28:49+01:00,1567800,Serie D,Brazil,Imperatriz,Ferroviario,2026-07-04T20:00:00+01:00,data/processed/governance/vsigma_raw_candidate_trust_gate.csv,LOCAL_RAW_DISCOVERY,existing local row has fixture identity and is not blocked,NO,NO
2026-07-04,2026-07-04T21:28:49+01:00,1567795,Serie D,Brazil,Ipatinga,CSA,2026-07-04T21:00:00+01:00,data/processed/governance/vsigma_raw_candidate_trust_gate.csv,LOCAL_RAW_DISCOVERY,existing local row has fixture identity and is not blocked,NO,NO
2026-07-04,2026-07-04T21:28:49+01:00,1567801,Serie D,Brazil,Luverdense,Guaporé,2026-07-04T22:00:00+01:00,data/processed/governance/vsigma_raw_candidate_trust_gate.csv,LOCAL_RAW_DISCOVERY,existing local row has fixture identity and is not blocked,NO,NO
2026-07-04,2026-07-04T21:28:49+01:00,1567802,Serie D,Brazil,Maguary PE,Iguatu,2026-07-04T20:00:00+01:00,data/processed/governance/vsigma_raw_candidate_trust_gate.csv,LOCAL_RAW_DISCOVERY,existing local row has fixture identity and is not blocked,NO,NO
2026-07-04,2026-07-04T21:28:49+01:00,1567803,Serie D,Brazil,Marcílio Dias,Portuguesa,2026-07-04T22:00:00+01:00,data/processed/governance/vsigma_raw_candidate_trust_gate.csv,LOCAL_RAW_DISCOVERY,existing local row has fixture identity and is not blocked,NO,NO
2026-07-04,2026-07-04T21:28:49+01:00,1567804,Serie D,Brazil,Nacional AM,Capital Brasilia,2026-07-04T20:00:00+01:00,data/processed/governance/vsigma_raw_candidate_trust_gate.csv,LOCAL_RAW_DISCOVERY,existing local row has fixture identity and is not blocked,NO,NO
2026-07-04,2026-07-04T21:28:49+01:00,1567805,Serie D,Brazil,Porto Velho,Gama,2026-07-04T20:00:00+01:00,data/processed/governance/vsigma_raw_candidate_trust_gate.csv,LOCAL_RAW_DISCOVERY,existing local row has fixture identity and is not blocked,NO,NO
2026-07-04,2026-07-04T21:28:49+01:00,1567798,Serie D,Brazil,Sao Jose,Portuguesa RJ,2026-07-04T20:00:00+01:00,data/processed/governance/vsigma_raw_candidate_trust_gate.csv,LOCAL_RAW_DISCOVERY,existing local row has fixture identity and is not blocked,NO,NO
2026-07-04,2026-07-04T21:28:49+01:00,1567806,Serie D,Brazil,Serra Branca,Uberlandia,2026-07-04T20:30:00+01:00,data/processed/governance/vsigma_raw_candidate_trust_gate.csv,LOCAL_RAW_DISCOVERY,existing local row has fixture identity and is not blocked,NO,NO
2026-07-04,2026-07-04T21:28:49+01:00,1567807,Serie D,Brazil,Trem,America-RN,2026-07-04T20:00:00+01:00,data/processed/governance/vsigma_raw_candidate_trust_gate.csv,LOCAL_RAW_DISCOVERY,existing local row has fixture identity and is not blocked,NO,NO
2026-07-04,2026-07-04T21:28:49+01:00,1567808,Serie D,Brazil,Velo Clube,São Luiz,2026-07-04T23:00:00+01:00,data/processed/governance/vsigma_raw_candidate_trust_gate.csv,LOCAL_RAW_DISCOVERY,existing local row has fixture identity and is not blocked,NO,NO
2026-07-04,2026-07-04T21:28:49+01:00,1567794,Serie D,Brazil,Águia de Marabá,ABC,2026-07-04T21:00:00+01:00,data/processed/governance/vsigma_raw_candidate_trust_gate.csv,LOCAL_RAW_DISCOVERY,existing local row has fixture identity and is not blocked,NO,NO
2026-07-04,2026-07-04T21:28:49+01:00,1523190,Super League,China,Beijing Guoan,Shandong Luneng,2026-07-04T12:35:00+01:00,data/processed/governance/vsigma_raw_candidate_trust_gate.csv,LOCAL_RAW_DISCOVERY,existing local row has fixture identity and is not blocked,NO,NO
2026-07-04,2026-07-04T21:28:49+01:00,1538639,Super League,Malawi,Blue Eagles,Moyale Barracks,2026-07-04T13:30:00+01:00,data/processed/governance/vsigma_raw_candidate_trust_gate.csv,LOCAL_RAW_DISCOVERY,existing local row has fixture identity and is not blocked,NO,NO
2026-07-04,2026-07-04T21:28:49+01:00,1523191,Super League,China,Dalian Zhixing,Wuhan Three Towns,2026-07-04T12:35:00+01:00,data/processed/governance/vsigma_raw_candidate_trust_gate.csv,LOCAL_RAW_DISCOVERY,existing local row has fixture identity and is not blocked,NO,NO
2026-07-04,2026-07-04T21:28:49+01:00,1538640,Super League,Malawi,Karonga United,Dedza Dynamos,2026-07-04T13:30:00+01:00,data/processed/governance/vsigma_raw_candidate_trust_gate.csv,LOCAL_RAW_DISCOVERY,existing local row has fixture identity and is not blocked,NO,NO
2026-07-04,2026-07-04T21:28:49+01:00,1538638,Super League,Malawi,Nyasa Big Bullets,Creck,2026-07-04T13:30:00+01:00,data/processed/governance/vsigma_raw_candidate_trust_gate.csv,LOCAL_RAW_DISCOVERY,existing local row has fixture identity and is not blocked,NO,NO
2026-07-04,2026-07-04T21:28:49+01:00,1523189,Super League,China,Qingdao Youth Island,SHANGHAI SIPG,2026-07-04T12:00:00+01:00,data/processed/governance/vsigma_raw_candidate_trust_gate.csv,LOCAL_RAW_DISCOVERY,existing local row has fixture identity and is not blocked,NO,NO
2026-07-04,2026-07-04T21:28:49+01:00,1523188,Super League,China,Shenyang Urban,Chongqing Tongliang Long,2026-07-04T12:00:00+01:00,data/processed/governance/vsigma_raw_candidate_trust_gate.csv,LOCAL_RAW_DISCOVERY,existing local row has fixture identity and is not blocked,NO,NO
2026-07-04,2026-07-04T21:28:49+01:00,1523192,Super League,China,Tianjin Teda,Sichuan Jiuniu,2026-07-04T13:00:00+01:00,data/processed/governance/vsigma_raw_candidate_trust_gate.csv,LOCAL_RAW_DISCOVERY,existing local row has fixture identity and is not blocked,NO,NO
2026-07-04,2026-07-04T21:28:49+01:00,1558482,Super Liga,Moldova,Petrocub,Milsami Orhei,2026-07-04T18:00:00+01:00,data/processed/governance/vsigma_raw_candidate_trust_gate.csv,LOCAL_RAW_DISCOVERY,existing local row has fixture identity and is not blocked,NO,NO
2026-07-04,2026-07-04T21:28:49+01:00,1558481,Super Liga,Moldova,Politehnica UTM,Sheriff Tiraspol,2026-07-04T16:00:00+01:00,data/processed/governance/vsigma_raw_candidate_trust_gate.csv,LOCAL_RAW_DISCOVERY,existing local row has fixture identity and is not blocked,NO,NO
2026-07-04,2026-07-04T21:28:49+01:00,1529267,Tasmania NPL,Australia,Launceston City,Launceston United,2026-07-04T07:45:00+01:00,data/processed/governance/vsigma_raw_candidate_trust_gate.csv,LOCAL_RAW_DISCOVERY,existing local row has fixture identity and is not blocked,NO,NO
2026-07-04,2026-07-04T21:28:49+01:00,1533117,Tasmania Northern Championship,Australia,Devonport U21,Launceston United U21,2026-07-04T07:45:00+01:00,data/processed/governance/vsigma_raw_candidate_trust_gate.csv,LOCAL_RAW_DISCOVERY,existing local row has fixture identity and is not blocked,NO,NO
2026-07-04,2026-07-04T21:28:49+01:00,1533119,Tasmania Northern Championship,Australia,Launceston U21,Somerset,2026-07-04T03:15:00+01:00,data/processed/governance/vsigma_raw_candidate_trust_gate.csv,LOCAL_RAW_DISCOVERY,existing local row has fixture identity and is not blocked,NO,NO
2026-07-04,2026-07-04T21:28:49+01:00,1533118,Tasmania Northern Championship,Australia,Ulverstone U21,Northern Rangers,2026-07-04T07:45:00+01:00,data/processed/governance/vsigma_raw_candidate_trust_gate.csv,LOCAL_RAW_DISCOVERY,existing local row has fixture identity and is not blocked,NO,NO
2026-07-04,2026-07-04T21:28:49+01:00,1530441,Torneo Federal A,Argentina,Defensores de Vilelas,Sarmiento de La Banda,2026-07-04T19:30:00+01:00,data/processed/governance/vsigma_raw_candidate_trust_gate.csv,LOCAL_RAW_DISCOVERY,existing local row has fixture identity and is not blocked,NO,NO
2026-07-04,2026-07-04T21:28:49+01:00,1530445,Torneo Federal A,Argentina,Huracan Las Heras,Costa Brava,2026-07-04T19:30:00+01:00,data/processed/governance/vsigma_raw_candidate_trust_gate.csv,LOCAL_RAW_DISCOVERY,existing local row has fixture identity and is not blocked,NO,NO
2026-07-04,2026-07-04T21:28:49+01:00,1493562,USL Championship,USA,Indy Eleven,Charleston Battery,2026-07-04T21:00:00+01:00,data/processed/governance/vsigma_raw_candidate_trust_gate.csv,LOCAL_RAW_DISCOVERY,existing local row has fixture identity and is not blocked,NO,NO
2026-07-04,2026-07-04T21:28:49+01:00,1493569,USL Championship,USA,Tampa Bay Rowdies,Lexington,2026-07-04T23:00:00+01:00,data/processed/governance/vsigma_raw_candidate_trust_gate.csv,LOCAL_RAW_DISCOVERY,existing local row has fixture identity and is not blocked,NO,NO
2026-07-04,2026-07-04T21:28:49+01:00,1493889,USL League One,USA,Forward Madison,Tormenta,2026-07-04T21:00:00+01:00,data/processed/governance/vsigma_raw_candidate_trust_gate.csv,LOCAL_RAW_DISCOVERY,existing local row has fixture identity and is not blocked,NO,NO
2026-07-04,2026-07-04T21:28:49+01:00,1541320,Victoria Premier League 2,Australia,Goulburn Valley Suns,Moreland City,2026-07-04T08:00:00+01:00,data/processed/governance/vsigma_raw_candidate_trust_gate.csv,LOCAL_RAW_DISCOVERY,existing local row has fixture identity and is not blocked,NO,NO
2026-07-04,2026-07-04T21:28:49+01:00,1541443,Victoria Premier League 2,Australia,Malvern,Eastern Lions,2026-07-04T08:00:00+01:00,data/processed/governance/vsigma_raw_candidate_trust_gate.csv,LOCAL_RAW_DISCOVERY,existing local row has fixture identity and is not blocked,NO,NO
2026-07-04,2026-07-04T21:28:49+01:00,1515880,Virsliga,Latvia,BFC Daugavpils,FK Liepaja,2026-07-04T14:00:00+01:00,data/processed/governance/vsigma_raw_candidate_trust_gate.csv,LOCAL_RAW_DISCOVERY,existing local row has fixture identity and is not blocked,NO,NO
2026-07-04,2026-07-04T21:28:49+01:00,1515881,Virsliga,Latvia,Rīgas FS,Auda,2026-07-04T16:00:00+01:00,data/processed/governance/vsigma_raw_candidate_trust_gate.csv,LOCAL_RAW_DISCOVERY,existing local row has fixture identity and is not blocked,NO,NO
2026-07-04,2026-07-04T21:28:49+01:00,1535516,Western Australia State League 1,Australia,Kingsley Westside,UWA Nedlands,2026-07-04T08:00:00+01:00,data/processed/governance/vsigma_raw_candidate_trust_gate.csv,LOCAL_RAW_DISCOVERY,existing local row has fixture identity and is not blocked,NO,NO
2026-07-04,2026-07-04T21:28:49+01:00,1535513,Western Australia State League 1,Australia,Murdoch Melville,Floreat Athena,2026-07-04T08:00:00+01:00,data/processed/governance/vsigma_raw_candidate_trust_gate.csv,LOCAL_RAW_DISCOVERY,existing local row has fixture identity and is not blocked,NO,NO
2026-07-04,2026-07-04T21:28:49+01:00,1567824,World Cup,World,Canada,Morocco,2026-07-04T18:00:00+01:00,data/processed/governance/vsigma_raw_candidate_trust_gate.csv,LOCAL_RAW_DISCOVERY,existing local row has fixture identity and is not blocked,NO,NO
2026-07-04,2026-07-04T21:28:49+01:00,1569870,World Cup,World,Paraguay,France,2026-07-04T22:00:00+01:00,data/processed/governance/vsigma_raw_candidate_trust_gate.csv,LOCAL_RAW_DISCOVERY,existing local row has fixture identity and is not blocked,NO,NO
2026-07-04,2026-07-04T21:28:49+01:00,1517204,Ykkönen,Finland,KuPS Akatemia,Tampere United,2026-07-04T15:00:00+01:00,data/processed/governance/vsigma_raw_candidate_trust_gate.csv,LOCAL_RAW_DISCOVERY,existing local row has fixture identity and is not blocked,NO,NO
2026-07-04,2026-07-04T21:28:49+01:00,1517206,Ykkönen,Finland,OLS,Inter Turku II,2026-07-04T16:00:00+01:00,data/processed/governance/vsigma_raw_candidate_trust_gate.csv,LOCAL_RAW_DISCOVERY,existing local row has fixture identity and is not blocked,NO,NO
2026-07-04,2026-07-04T21:28:49+01:00,1517203,Ykkönen,Finland,SalPa,VJS,2026-07-04T14:00:00+01:00,data/processed/governance/vsigma_raw_candidate_trust_gate.csv,LOCAL_RAW_DISCOVERY,existing local row has fixture identity and is not blocked,NO,NO
2026-07-04,2026-07-04T21:28:49+01:00,1504254,Ykkösliiga,Finland,EIF,PK-35,2026-07-04T14:00:00+01:00,data/processed/governance/vsigma_raw_candidate_trust_gate.csv,LOCAL_RAW_DISCOVERY,existing local row has fixture identity and is not blocked,NO,NO
2026-07-04,2026-07-04T21:28:49+01:00,1508797,Úrvalsdeild,Iceland,IA Akranes,Breidablik,2026-07-04T15:00:00+01:00,data/processed/governance/vsigma_raw_candidate_trust_gate.csv,LOCAL_RAW_DISCOVERY,existing local row has fixture identity and is not blocked,NO,NO
2026-07-04,2026-07-04T21:28:49+01:00,1508800,Úrvalsdeild,Iceland,IBV Vestmannaeyjar,Valur Reykjavik,2026-07-04T17:00:00+01:00,data/processed/governance/vsigma_raw_candidate_trust_gate.csv,LOCAL_RAW_DISCOVERY,existing local row has fixture identity and is not blocked,NO,NO
2026-07-04,2026-07-04T21:28:49+01:00,1554458,Baiano U20,Brazil,Bahia U20,Jacobina U20,2026-07-04T19:00:00+01:00,data/processed/governance/vsigma_raw_candidate_trust_gate.csv,LOCAL_RAW_DISCOVERY,existing local row has fixture identity and is not blocked,NO,NO
2026-07-04,2026-07-04T21:28:49+01:00,1554459,Baiano U20,Brazil,Camaçariense U20,SSA U20,2026-07-04T19:00:00+01:00,data/processed/governance/vsigma_raw_candidate_trust_gate.csv,LOCAL_RAW_DISCOVERY,existing local row has fixture identity and is not blocked,NO,NO
2026-07-04,2026-07-04T21:28:49+01:00,1554460,Baiano U20,Brazil,Fluminense de Feira U20,Jacuipense U20,2026-07-04T19:00:00+01:00,data/processed/governance/vsigma_raw_candidate_trust_gate.csv,LOCAL_RAW_DISCOVERY,existing local row has fixture identity and is not blocked,NO,NO
2026-07-04,2026-07-04T21:28:49+01:00,1554457,Baiano U20,Brazil,Vitória U20,Barcelona BA U20,2026-07-04T13:00:00+01:00,data/processed/governance/vsigma_raw_candidate_trust_gate.csv,LOCAL_RAW_DISCOVERY,existing local row has fixture identity and is not blocked,NO,NO
2026-07-04,2026-07-04T21:28:49+01:00,1546259,Brasiliense U20,Brazil,CFZ Brasilia U20,Sobradinho U20,2026-07-04T19:30:00+01:00,data/processed/governance/vsigma_raw_candidate_trust_gate.csv,LOCAL_RAW_DISCOVERY,existing local row has fixture identity and is not blocked,NO,NO
2026-07-04,2026-07-04T21:28:49+01:00,1546256,Brasiliense U20,Brazil,Grêmio Valparaíso U20,Santa Maria U20,2026-07-04T14:00:00+01:00,data/processed/governance/vsigma_raw_candidate_trust_gate.csv,LOCAL_RAW_DISCOVERY,existing local row has fixture identity and is not blocked,NO,NO
2026-07-04,2026-07-04T21:28:49+01:00,1539845,Catarinense U20,Brazil,Avaí U20,Carlos Renaux U20,2026-07-04T19:00:00+01:00,data/processed/governance/vsigma_raw_candidate_trust_gate.csv,LOCAL_RAW_DISCOVERY,existing local row has fixture identity and is not blocked,NO,NO
2026-07-04,2026-07-04T21:28:49+01:00,1539846,Catarinense U20,Brazil,Barra SC U20,Brusque U20,2026-07-04T19:00:00+01:00,data/processed/governance/vsigma_raw_candidate_trust_gate.csv,LOCAL_RAW_DISCOVERY,existing local row has fixture identity and is not blocked,NO,NO
2026-07-04,2026-07-04T21:28:49+01:00,1539844,Catarinense U20,Brazil,Chapecoense U20,Joinville U20,2026-07-04T19:00:00+01:00,data/processed/governance/vsigma_raw_candidate_trust_gate.csv,LOCAL_RAW_DISCOVERY,existing local row has fixture identity and is not blocked,NO,NO
2026-07-04,2026-07-04T21:28:49+01:00,1539847,Catarinense U20,Brazil,Concórdia U20,Figueirense U20,2026-07-04T19:00:00+01:00,data/processed/governance/vsigma_raw_candidate_trust_gate.csv,LOCAL_RAW_DISCOVERY,existing local row has fixture identity and is not blocked,NO,NO
2026-07-04,2026-07-04T21:28:49+01:00,1539843,Catarinense U20,Brazil,Nação U20,Criciuma U20,2026-07-04T19:00:00+01:00,data/processed/governance/vsigma_raw_candidate_trust_gate.csv,LOCAL_RAW_DISCOVERY,existing local row has fixture identity and is not blocked,NO,NO
2026-07-04,2026-07-04T21:28:49+01:00,1540222,Cearense U20,Brazil,Alianca U20,Vila Real FC U20,2026-07-04T21:00:00+01:00,data/processed/governance/vsigma_raw_candidate_trust_gate.csv,LOCAL_RAW_DISCOVERY,existing local row has fixture identity and is not blocked,NO,NO
2026-07-04,2026-07-04T21:28:49+01:00,1567320,Cearense U20,Brazil,Anjos do Céu U20,Floresta CE U20,2026-07-04T13:30:00+01:00,data/processed/governance/vsigma_raw_candidate_trust_gate.csv,LOCAL_RAW_DISCOVERY,existing local row has fixture identity and is not blocked,NO,NO
2026-07-04,2026-07-04T21:28:49+01:00,1540203,Cearense U20,Brazil,Atlético Cearense U20,Anjos do Céu U20,2026-07-04T21:00:00+01:00,data/processed/governance/vsigma_raw_candidate_trust_gate.csv,LOCAL_RAW_DISCOVERY,existing local row has fixture identity and is not blocked,NO,NO
2026-07-04,2026-07-04T21:28:49+01:00,1540200,Cearense U20,Brazil,Ceará U20,Quixadá U20,2026-07-04T21:00:00+01:00,data/processed/governance/vsigma_raw_candidate_trust_gate.csv,LOCAL_RAW_DISCOVERY,existing local row has fixture identity and is not blocked,NO,NO
2026-07-04,2026-07-04T21:28:49+01:00,1540202,Cearense U20,Brazil,Floresta CE U20,Caucaia U20,2026-07-04T21:00:00+01:00,data/processed/governance/vsigma_raw_candidate_trust_gate.csv,LOCAL_RAW_DISCOVERY,existing local row has fixture identity and is not blocked,NO,NO
2026-07-04,2026-07-04T21:28:49+01:00,1567325,Cearense U20,Brazil,Fortaleza U20,Vila Real FC U20,2026-07-04T19:30:00+01:00,data/processed/governance/vsigma_raw_candidate_trust_gate.csv,LOCAL_RAW_DISCOVERY,existing local row has fixture identity and is not blocked,NO,NO
2026-07-04,2026-07-04T21:28:49+01:00,1540199,Cearense U20,Brazil,Fortaleza U20,Tirol U20,2026-07-04T21:00:00+01:00,data/processed/governance/vsigma_raw_candidate_trust_gate.csv,LOCAL_RAW_DISCOVERY,existing local row has fixture identity and is not blocked,NO,NO
2026-07-04,2026-07-04T21:28:49+01:00,1540201,Cearense U20,Brazil,Horizonte U20,Ferroviario U20,2026-07-04T21:00:00+01:00,data/processed/governance/vsigma_raw_candidate_trust_gate.csv,LOCAL_RAW_DISCOVERY,existing local row has fixture identity and is not blocked,NO,NO
2026-07-04,2026-07-04T21:28:49+01:00,1540221,Cearense U20,Brazil,Juazeiro EC U20,Tiangua CE U20,2026-07-04T21:00:00+01:00,data/processed/governance/vsigma_raw_candidate_trust_gate.csv,LOCAL_RAW_DISCOVERY,existing local row has fixture identity and is not blocked,NO,NO
2026-07-04,2026-07-04T21:28:49+01:00,1573800,Estadual Junior U20,Brazil,Juventude U20,Internacional U20,2026-07-04T15:00:00+01:00,data/processed/governance/vsigma_raw_candidate_trust_gate.csv,LOCAL_RAW_DISCOVERY,existing local row has fixture identity and is not blocked,NO,NO
2026-07-04,2026-07-04T21:28:49+01:00,1548770,Friendlies Clubs,World,Johnstone Burgh,Elgin City,2026-07-04T14:00:00+01:00,data/processed/governance/vsigma_raw_candidate_trust_gate.csv,LOCAL_RAW_DISCOVERY,existing local row has fixture identity and is not blocked,NO,NO
2026-07-04,2026-07-04T21:28:49+01:00,1554667,Friendlies Clubs,World,AC Horsens,Hobro,2026-07-04T12:00:00+01:00,data/processed/governance/vsigma_raw_candidate_trust_gate.csv,LOCAL_RAW_DISCOVERY,existing local row has fixture identity and is not blocked,NO,NO
2026-07-04,2026-07-04T21:28:49+01:00,1554722,Friendlies Clubs,World,AZ Alkmaar,Gent,2026-07-04T15:00:00+01:00,data/processed/governance/vsigma_raw_candidate_trust_gate.csv,LOCAL_RAW_DISCOVERY,existing local row has fixture identity and is not blocked,NO,NO
2026-07-04,2026-07-04T21:28:49+01:00,1560525,Friendlies Clubs,World,Ajax,Panathinaikos,2026-07-04T16:00:00+01:00,data/processed/governance/vsigma_raw_candidate_trust_gate.csv,LOCAL_RAW_DISCOVERY,existing local row has fixture identity and is not blocked,NO,NO
2026-07-04,2026-07-04T21:28:49+01:00,1548772,Friendlies Clubs,World,Alfreton Town,Notts County,2026-07-04T15:00:00+01:00,data/processed/governance/vsigma_raw_candidate_trust_gate.csv,LOCAL_RAW_DISCOVERY,existing local row has fixture identity and is not blocked,NO,NO
2026-07-04,2026-07-04T21:28:49+01:00,1554671,Friendlies Clubs,World,Almere City FC,Telstar,2026-07-04T14:00:00+01:00,data/processed/governance/vsigma_raw_candidate_trust_gate.csv,LOCAL_RAW_DISCOVERY,existing local row has fixture identity and is not blocked,NO,NO
2026-07-04,2026-07-04T21:28:49+01:00,1546610,Friendlies Clubs,World,Amesbury Town,Salisbury,2026-07-04T13:00:00+01:00,data/processed/governance/vsigma_raw_candidate_trust_gate.csv,LOCAL_RAW_DISCOVERY,existing local row has fixture identity and is not blocked,NO,NO
2026-07-04,2026-07-04T21:28:49+01:00,1560509,Friendlies Clubs,World,Anderlecht,Boulogne,2026-07-04T13:00:00+01:00,data/processed/governance/vsigma_raw_candidate_trust_gate.csv,LOCAL_RAW_DISCOVERY,existing local row has fixture identity and is not blocked,NO,NO
2026-07-04,2026-07-04T21:28:49+01:00,1554713,Friendlies Clubs,World,Arbroath,Brechin,2026-07-04T14:00:00+01:00,data/processed/governance/vsigma_raw_candidate_trust_gate.csv,LOCAL_RAW_DISCOVERY,existing local row has fixture identity and is not blocked,NO,NO
2026-07-04,2026-07-04T21:28:49+01:00,1554672,Friendlies Clubs,World,Arka Gdynia,Chojniczanka Chojnice,2026-07-04T13:00:00+01:00,data/processed/governance/vsigma_raw_candidate_trust_gate.csv,LOCAL_RAW_DISCOVERY,existing local row has fixture identity and is not blocked,NO,NO
2026-07-04,2026-07-04T21:28:49+01:00,1560530,Friendlies Clubs,World,Atlante FC,Monterrey,2026-07-04T21:00:00+01:00,data/processed/governance/vsigma_raw_candidate_trust_gate.csv,LOCAL_RAW_DISCOVERY,existing local row has fixture identity and is not blocked,NO,NO
2026-07-04,2026-07-04T21:28:49+01:00,1554744,Friendlies Clubs,World,Atlas,Necaxa,2026-07-04T21:00:00+01:00,data/processed/governance/vsigma_raw_candidate_trust_gate.csv,LOCAL_RAW_DISCOVERY,existing local row has fixture identity and is not blocked,NO,NO
2026-07-04,2026-07-04T21:28:49+01:00,1554721,Friendlies Clubs,World,Auerbach,Bayreuth,2026-07-04T14:30:00+01:00,data/processed/governance/vsigma_raw_candidate_trust_gate.csv,LOCAL_RAW_DISCOVERY,existing local row has fixture identity and is not blocked,NO,NO
2026-07-04,2026-07-04T21:28:49+01:00,1554714,Friendlies Clubs,World,Austria Vienna,Debreceni VSC,2026-07-04T14:00:00+01:00,data/processed/governance/vsigma_raw_candidate_trust_gate.csv,LOCAL_RAW_DISCOVERY,existing local row has fixture identity and is not blocked,NO,NO
2026-07-04,2026-07-04T21:28:49+01:00,1550516,Friendlies Clubs,World,Ayr Utd,Airdrie United,2026-07-04T13:00:00+01:00,data/processed/governance/vsigma_raw_candidate_trust_gate.csv,LOCAL_RAW_DISCOVERY,existing local row has fixture identity and is not blocked,NO,NO
2026-07-04,2026-07-04T21:28:49+01:00,1554673,Friendlies Clubs,World,Badshot Lea,Aldershot Town,2026-07-04T15:00:00+01:00,data/processed/governance/vsigma_raw_candidate_trust_gate.csv,LOCAL_RAW_DISCOVERY,existing local row has fixture identity and is not blocked,NO,NO
2026-07-04,2026-07-04T21:28:49+01:00,1567531,Friendlies Clubs,World,Ballyclare Comrades,Portadown,2026-07-04T15:00:00+01:00,data/processed/governance/vsigma_raw_candidate_trust_gate.csv,LOCAL_RAW_DISCOVERY,existing local row has fixture identity and is not blocked,NO,NO
2026-07-04,2026-07-04T21:28:49+01:00,1548754,Friendlies Clubs,World,Ballymena United,Strabane Athletic,2026-07-04T12:30:00+01:00,data/processed/governance/vsigma_raw_candidate_trust_gate.csv,LOCAL_RAW_DISCOVERY,existing local row has fixture identity and is not blocked,NO,NO
2026-07-04,2026-07-04T21:28:49+01:00,1548773,Friendlies Clubs,World,Ballymena United,Loughgall,2026-07-04T15:00:00+01:00,data/processed/governance/vsigma_raw_candidate_trust_gate.csv,LOCAL_RAW_DISCOVERY,existing local row has fixture identity and is not blocked,NO,NO
2026-07-04,2026-07-04T21:28:49+01:00,1562876,Friendlies Clubs,World,Bangor,Newington Youth,2026-07-04T14:00:00+01:00,data/processed/governance/vsigma_raw_candidate_trust_gate.csv,LOCAL_RAW_DISCOVERY,existing local row has fixture identity and is not blocked,NO,NO
2026-07-04,2026-07-04T21:28:49+01:00,1567525,Friendlies Clubs,World,Baník Lehota p.Vtáčnikom,Třinec,2026-07-04T10:00:00+01:00,data/processed/governance/vsigma_raw_candidate_trust_gate.csv,LOCAL_RAW_DISCOVERY,existing local row has fixture identity and is not blocked,NO,NO
2026-07-04,2026-07-04T21:28:49+01:00,1567524,Friendlies Clubs,World,Barockstadt Fulda-Lehn.,Hünfelder SV,2026-07-04T10:00:00+01:00,data/processed/governance/vsigma_raw_candidate_trust_gate.csv,LOCAL_RAW_DISCOVERY,existing local row has fixture identity and is not blocked,NO,NO
2026-07-04,2026-07-04T21:28:49+01:00,1560520,Friendlies Clubs,World,Bodo/Glimt,Start,2026-07-04T15:00:00+01:00,data/processed/governance/vsigma_raw_candidate_trust_gate.csv,LOCAL_RAW_DISCOVERY,existing local row has fixture identity and is not blocked,NO,NO
2026-07-04,2026-07-04T21:28:49+01:00,1554677,Friendlies Clubs,World,Borussia Dortmund II,Lüner SV,2026-07-04T13:00:00+01:00,data/processed/governance/vsigma_raw_candidate_trust_gate.csv,LOCAL_RAW_DISCOVERY,existing local row has fixture identity and is not blocked,NO,NO
2026-07-04,2026-07-04T21:28:49+01:00,1554601,Friendlies Clubs,World,Botev Plovdiv,Spartak Varna,2026-07-04T17:00:00+01:00,data/processed/governance/vsigma_raw_candidate_trust_gate.csv,LOCAL_RAW_DISCOVERY,existing local row has fixture identity and is not blocked,NO,NO
2026-07-04,2026-07-04T21:28:49+01:00,1546620,Friendlies Clubs,World,Bottrop,Rot-Weiß Essen,2026-07-04T14:00:00+01:00,data/processed/governance/vsigma_raw_candidate_trust_gate.csv,LOCAL_RAW_DISCOVERY,existing local row has fixture identity and is not blocked,NO,NO
2026-07-04,2026-07-04T21:28:49+01:00,1554723,Friendlies Clubs,World,Bristol Manor Farm,Newport County,2026-07-04T13:00:00+01:00,data/processed/governance/vsigma_raw_candidate_trust_gate.csv,LOCAL_RAW_DISCOVERY,existing local row has fixture identity and is not blocked,NO,NO
2026-07-04,2026-07-04T21:28:49+01:00,1554664,Friendlies Clubs,World,Brondby,FC Nordsjaelland,2026-07-04T12:00:00+01:00,data/processed/governance/vsigma_raw_candidate_trust_gate.csv,LOCAL_RAW_DISCOVERY,existing local row has fixture identity and is not blocked,NO,NO
2026-07-04,2026-07-04T21:28:49+01:00,1567550,Friendlies Clubs,World,CF Pachuca,Puebla,2026-07-04T21:00:00+01:00,data/processed/governance/vsigma_raw_candidate_trust_gate.csv,LOCAL_RAW_DISCOVERY,existing local row has fixture identity and is not blocked,NO,NO
2026-07-04,2026-07-04T21:28:49+01:00,1546604,Friendlies Clubs,World,CSKA Moscow,Arsenal Tula,2026-07-04T14:30:00+01:00,data/processed/governance/vsigma_raw_candidate_trust_gate.csv,LOCAL_RAW_DISCOVERY,existing local row has fixture identity and is not blocked,NO,NO
2026-07-04,2026-07-04T21:28:49+01:00,1554676,Friendlies Clubs,World,Celje,Cukaricki,2026-07-04T13:00:00+01:00,data/processed/governance/vsigma_raw_candidate_trust_gate.csv,LOCAL_RAW_DISCOVERY,existing local row has fixture identity and is not blocked,NO,NO
2026-07-04,2026-07-04T21:28:49+01:00,1548756,Friendlies Clubs,World,Cliftonville FC,Hibernian,2026-07-04T15:00:00+01:00,data/processed/governance/vsigma_raw_candidate_trust_gate.csv,LOCAL_RAW_DISCOVERY,existing local row has fixture identity and is not blocked,NO,NO
2026-07-04,2026-07-04T21:28:49+01:00,1550517,Friendlies Clubs,World,Club Brugge KV,Kortrijk,2026-07-04T13:00:00+01:00,data/processed/governance/vsigma_raw_candidate_trust_gate.csv,LOCAL_RAW_DISCOVERY,existing local row has fixture identity and is not blocked,NO,NO
2026-07-04,2026-07-04T21:28:49+01:00,1554724,Friendlies Clubs,World,Cobham,Farnborough,2026-07-04T15:00:00+01:00,data/processed/governance/vsigma_raw_candidate_trust_gate.csv,LOCAL_RAW_DISCOVERY,existing local row has fixture identity and is not blocked,NO,NO
2026-07-04,2026-07-04T21:28:49+01:00,1554711,Friendlies Clubs,World,Coleraine FC,H&W Welders,2026-07-04T13:30:00+01:00,data/processed/governance/vsigma_raw_candidate_trust_gate.csv,LOCAL_RAW_DISCOVERY,existing local row has fixture identity and is not blocked,NO,NO
2026-07-04,2026-07-04T21:28:49+01:00,1548757,Friendlies Clubs,World,Cove Rangers,Huntly,2026-07-04T13:00:00+01:00,data/processed/governance/vsigma_raw_candidate_trust_gate.csv,LOCAL_RAW_DISCOVERY,existing local row has fixture identity and is not blocked,NO,NO
2026-07-04,2026-07-04T21:28:49+01:00,1567549,Friendlies Clubs,World,Cruzeiro,Defensor Sporting,2026-07-04T15:00:00+01:00,data/processed/governance/vsigma_raw_candidate_trust_gate.csv,LOCAL_RAW_DISCOVERY,existing local row has fixture identity and is not blocked,NO,NO
2026-07-04,2026-07-04T21:28:49+01:00,1567532,Friendlies Clubs,World,Dinamo Makhachkala,Leningradets,2026-07-04T09:30:00+01:00,data/processed/governance/vsigma_raw_candidate_trust_gate.csv,LOCAL_RAW_DISCOVERY,existing local row has fixture identity and is not blocked,NO,NO
2026-07-04,2026-07-04T21:28:49+01:00,1547913,Friendlies Clubs,World,Dordrecht,Feyenoord,2026-07-04T13:30:00+01:00,data/processed/governance/vsigma_raw_candidate_trust_gate.csv,LOCAL_RAW_DISCOVERY,existing local row has fixture identity and is not blocked,NO,NO
2026-07-04,2026-07-04T21:28:49+01:00,1548769,Friendlies Clubs,World,Dundela,Glentoran,2026-07-04T14:00:00+01:00,data/processed/governance/vsigma_raw_candidate_trust_gate.csv,LOCAL_RAW_DISCOVERY,existing local row has fixture identity and is not blocked,NO,NO
2026-07-04,2026-07-04T21:28:49+01:00,1560510,Friendlies Clubs,World,Dynamo,Nizhny Novgorod,2026-07-04T14:00:00+01:00,data/processed/governance/vsigma_raw_candidate_trust_gate.csv,LOCAL_RAW_DISCOVERY,existing local row has fixture identity and is not blocked,NO,NO
2026-07-04,2026-07-04T21:28:49+01:00,1567544,Friendlies Clubs,World,Edinburgh City,Bonnyrigg Rose Athletic,2026-07-04T13:30:00+01:00,data/processed/governance/vsigma_raw_candidate_trust_gate.csv,LOCAL_RAW_DISCOVERY,existing local row has fixture identity and is not blocked,NO,NO
2026-07-04,2026-07-04T21:28:49+01:00,1554666,Friendlies Clubs,World,Eendracht Termien,Genk,2026-07-04T12:00:00+01:00,data/processed/governance/vsigma_raw_candidate_trust_gate.csv,LOCAL_RAW_DISCOVERY,existing local row has fixture identity and is not blocked,NO,NO
2026-07-04,2026-07-04T21:28:49+01:00,1554678,Friendlies Clubs,World,Eilenburg,SV Babelsberg 03,2026-07-04T11:00:00+01:00,data/processed/governance/vsigma_raw_candidate_trust_gate.csv,LOCAL_RAW_DISCOVERY,existing local row has fixture identity and is not blocked,NO,NO
2026-07-04,2026-07-04T21:28:49+01:00,1554663,Friendlies Clubs,World,Eintracht Braunschw. II,HSC Hannover,2026-07-04T12:00:00+01:00,data/processed/governance/vsigma_raw_candidate_trust_gate.csv,LOCAL_RAW_DISCOVERY,existing local row has fixture identity and is not blocked,NO,NO
2026-07-04,2026-07-04T21:28:49+01:00,1560519,Friendlies Clubs,World,Eintracht Rheine,Preußen Münster,2026-07-04T14:00:00+01:00,data/processed/governance/vsigma_raw_candidate_trust_gate.csv,LOCAL_RAW_DISCOVERY,existing local row has fixture identity and is not blocked,NO,NO
2026-07-04,2026-07-04T21:28:49+01:00,1560511,Friendlies Clubs,World,Eintracht Trier,Résidence Walferdange,2026-07-04T10:00:00+01:00,data/processed/governance/vsigma_raw_candidate_trust_gate.csv,LOCAL_RAW_DISCOVERY,existing local row has fixture identity and is not blocked,NO,NO
2026-07-04,2026-07-04T21:28:49+01:00,1546611,Friendlies Clubs,World,Energie Cottbus,Hertha BSC II,2026-07-04T13:00:00+01:00,data/processed/governance/vsigma_raw_candidate_trust_gate.csv,LOCAL_RAW_DISCOVERY,existing local row has fixture identity and is not blocked,NO,NO
2026-07-04,2026-07-04T21:28:49+01:00,1567547,Friendlies Clubs,World,Enisey,Andijan,2026-07-04T15:30:00+01:00,data/processed/governance/vsigma_raw_candidate_trust_gate.csv,LOCAL_RAW_DISCOVERY,existing local row has fixture identity and is not blocked,NO,NO
2026-07-04,2026-07-04T21:28:49+01:00,1550514,Friendlies Clubs,World,Esbjerg,Aarhus Fremad,2026-07-04T12:00:00+01:00,data/processed/governance/vsigma_raw_candidate_trust_gate.csv,LOCAL_RAW_DISCOVERY,existing local row has fixture identity and is not blocked,NO,NO
2026-07-04,2026-07-04T21:28:49+01:00,1554725,Friendlies Clubs,World,Excelsior,Cambuur,2026-07-04T15:00:00+01:00,data/processed/governance/vsigma_raw_candidate_trust_gate.csv,LOCAL_RAW_DISCOVERY,existing local row has fixture identity and is not blocked,NO,NO
2026-07-04,2026-07-04T21:28:49+01:00,1550518,Friendlies Clubs,World,FC 08 Homburg,FC Emmelshausen-Karbach,2026-07-04T12:30:00+01:00,data/processed/governance/vsigma_raw_candidate_trust_gate.csv,LOCAL_RAW_DISCOVERY,existing local row has fixture identity and is not blocked,NO,NO
2026-07-04,2026-07-04T21:28:49+01:00,1554737,Friendlies Clubs,World,FC BW Linz,Wiener Viktoria,2026-07-04T15:30:00+01:00,data/processed/governance/vsigma_raw_candidate_trust_gate.csv,LOCAL_RAW_DISCOVERY,existing local row has fixture identity and is not blocked,NO,NO
2026-07-04,2026-07-04T21:28:49+01:00,1562870,Friendlies Clubs,World,FC Carl Zeiss Jena,Germania Halberstadt,2026-07-04T13:00:00+01:00,data/processed/governance/vsigma_raw_candidate_trust_gate.csv,LOCAL_RAW_DISCOVERY,existing local row has fixture identity and is not blocked,NO,NO
2026-07-04,2026-07-04T21:28:49+01:00,1554727,Friendlies Clubs,World,FC Gießen,SV Elversberg,2026-07-04T15:00:00+01:00,data/processed/governance/vsigma_raw_candidate_trust_gate.csv,LOCAL_RAW_DISCOVERY,existing local row has fixture identity and is not blocked,NO,NO
2026-07-04,2026-07-04T21:28:49+01:00,1548774,Friendlies Clubs,World,FC Halifax Town,Sheffield Utd,2026-07-04T15:00:00+01:00,data/processed/governance/vsigma_raw_candidate_trust_gate.csv,LOCAL_RAW_DISCOVERY,existing local row has fixture identity and is not blocked,NO,NO
2026-07-04,2026-07-04T21:28:49+01:00,1550521,Friendlies Clubs,World,FC Ingolstadt 04,Eichstätt,2026-07-04T13:00:00+01:00,data/processed/governance/vsigma_raw_candidate_trust_gate.csv,LOCAL_RAW_DISCOVERY,existing local row has fixture identity and is not blocked,NO,NO
2026-07-04,2026-07-04T21:28:49+01:00,1546615,Friendlies Clubs,World,FC Luzern,FC Winterthur,2026-07-04T15:00:00+01:00,data/processed/governance/vsigma_raw_candidate_trust_gate.csv,LOCAL_RAW_DISCOVERY,existing local row has fixture identity and is not blocked,NO,NO
2026-07-04,2026-07-04T21:28:49+01:00,1546616,Friendlies Clubs,World,FC Midtjylland,Silkeborg,2026-07-04T12:00:00+01:00,data/processed/governance/vsigma_raw_candidate_trust_gate.csv,LOCAL_RAW_DISCOVERY,existing local row has fixture identity and is not blocked,NO,NO
2026-07-04,2026-07-04T21:28:49+01:00,1546612,Friendlies Clubs,World,FC Rot-Weiß Erfurt,Hannover 96 II,2026-07-04T12:00:00+01:00,data/processed/governance/vsigma_raw_candidate_trust_gate.csv,LOCAL_RAW_DISCOVERY,existing local row has fixture identity and is not blocked,NO,NO
2026-07-04,2026-07-04T21:28:49+01:00,1547910,Friendlies Clubs,World,FC Vaduz,Austria Lustenau,2026-07-04T12:45:00+01:00,data/processed/governance/vsigma_raw_candidate_trust_gate.csv,LOCAL_RAW_DISCOVERY,existing local row has fixture identity and is not blocked,NO,NO
2026-07-04,2026-07-04T21:28:49+01:00,1546619,Friendlies Clubs,World,FC Viktoria Köln,Bonner SC,2026-07-04T13:00:00+01:00,data/processed/governance/vsigma_raw_candidate_trust_gate.csv,LOCAL_RAW_DISCOVERY,existing local row has fixture identity and is not blocked,NO,NO
2026-07-04,2026-07-04T21:28:49+01:00,1554709,Friendlies Clubs,World,FC Zurich,SC Kriens,2026-07-04T15:00:00+01:00,data/processed/governance/vsigma_raw_candidate_trust_gate.csv,LOCAL_RAW_DISCOVERY,existing local row has fixture identity and is not blocked,NO,NO
2026-07-04,2026-07-04T21:28:49+01:00,1560512,Friendlies Clubs,World,FSV Frankfurt,Aubstadt,2026-07-04T13:00:00+01:00,data/processed/governance/vsigma_raw_candidate_trust_gate.csv,LOCAL_RAW_DISCOVERY,existing local row has fixture identity and is not blocked,NO,NO
2026-07-04,2026-07-04T21:28:49+01:00,1560515,Friendlies Clubs,World,FSV Mainz 05 II,Progres Niederkorn,2026-07-04T13:00:00+01:00,data/processed/governance/vsigma_raw_candidate_trust_gate.csv,LOCAL_RAW_DISCOVERY,existing local row has fixture identity and is not blocked,NO,NO
2026-07-04,2026-07-04T21:28:49+01:00,1547908,Friendlies Clubs,World,Fernwald,Sportfreunde Siegen,2026-07-04T14:00:00+01:00,data/processed/governance/vsigma_raw_candidate_trust_gate.csv,LOCAL_RAW_DISCOVERY,existing local row has fixture identity and is not blocked,NO,NO
2026-07-04,2026-07-04T21:28:49+01:00,1546625,Friendlies Clubs,World,Folkestone Invicta,Croydon Athletic,2026-07-04T15:00:00+01:00,data/processed/governance/vsigma_raw_candidate_trust_gate.csv,LOCAL_RAW_DISCOVERY,existing local row has fixture identity and is not blocked,NO,NO
2026-07-04,2026-07-04T21:28:49+01:00,1554715,Friendlies Clubs,World,Forfar Athletic,Banks O' Dee,2026-07-04T14:00:00+01:00,data/processed/governance/vsigma_raw_candidate_trust_gate.csv,LOCAL_RAW_DISCOVERY,existing local row has fixture identity and is not blocked,NO,NO
2026-07-04,2026-07-04T21:28:49+01:00,1554679,Friendlies Clubs,World,Fortuna Köln,TuS Koblenz,2026-07-04T13:00:00+01:00,data/processed/governance/vsigma_raw_candidate_trust_gate.csv,LOCAL_RAW_DISCOVERY,existing local row has fixture identity and is not blocked,NO,NO
2026-07-04,2026-07-04T21:28:49+01:00,1548782,Friendlies Clubs,World,Frohnauer,Hertha BSC,2026-07-04T16:00:00+01:00,data/processed/governance/vsigma_raw_candidate_trust_gate.csv,LOCAL_RAW_DISCOVERY,existing local row has fixture identity and is not blocked,NO,NO
2026-07-04,2026-07-04T21:28:49+01:00,1550515,Friendlies Clubs,World,GO Ahead Eagles,FC OSS,2026-07-04T12:00:00+01:00,data/processed/governance/vsigma_raw_candidate_trust_gate.csv,LOCAL_RAW_DISCOVERY,existing local row has fixture identity and is not blocked,NO,NO
2026-07-04,2026-07-04T21:28:49+01:00,1554728,Friendlies Clubs,World,Glossop North End,Radcliffe,2026-07-04T15:00:00+01:00,data/processed/governance/vsigma_raw_candidate_trust_gate.csv,LOCAL_RAW_DISCOVERY,existing local row has fixture identity and is not blocked,NO,NO
2026-07-04,2026-07-04T21:28:49+01:00,1554729,Friendlies Clubs,World,Goytre United,Barry Town,2026-07-04T14:30:00+01:00,data/processed/governance/vsigma_raw_candidate_trust_gate.csv,LOCAL_RAW_DISCOVERY,existing local row has fixture identity and is not blocked,NO,NO
2026-07-04,2026-07-04T21:28:49+01:00,1554680,Friendlies Clubs,World,Greifswalder FC,Hamburger SV II,2026-07-04T13:00:00+01:00,data/processed/governance/vsigma_raw_candidate_trust_gate.csv,LOCAL_RAW_DISCOVERY,existing local row has fixture identity and is not blocked,NO,NO
2026-07-04,2026-07-04T21:28:49+01:00,1554738,Friendlies Clubs,World,Greifswalder FC,Anker Wismar,2026-07-04T15:30:00+01:00,data/processed/governance/vsigma_raw_candidate_trust_gate.csv,LOCAL_RAW_DISCOVERY,existing local row has fixture identity and is not blocked,NO,NO
2026-07-04,2026-07-04T21:28:49+01:00,1548781,Friendlies Clubs,World,Gurten,WSPG Wels,2026-07-04T15:30:00+01:00,data/processed/governance/vsigma_raw_candidate_trust_gate.csv,LOCAL_RAW_DISCOVERY,existing local row has fixture identity and is not blocked,NO,NO
2026-07-04,2026-07-04T21:28:49+01:00,1567548,Friendlies Clubs,World,HNK Gorica,Zorya Luhansk,2026-07-04T17:30:00+01:00,data/processed/governance/vsigma_raw_candidate_trust_gate.csv,LOCAL_RAW_DISCOVERY,existing local row has fixture identity and is not blocked,NO,NO
2026-07-04,2026-07-04T21:28:49+01:00,1554730,Friendlies Clubs,World,Haddington Athletic,Gala Fairydean Rovers,2026-07-04T14:30:00+01:00,data/processed/governance/vsigma_raw_candidate_trust_gate.csv,LOCAL_RAW_DISCOVERY,existing local row has fixture identity and is not blocked,NO,NO
2026-07-04,2026-07-04T21:28:49+01:00,1547914,Friendlies Clubs,World,Haringey Borough,Enfield Town,2026-07-04T15:00:00+01:00,data/processed/governance/vsigma_raw_candidate_trust_gate.csv,LOCAL_RAW_DISCOVERY,existing local row has fixture identity and is not blocked,NO,NO
2026-07-04,2026-07-04T21:28:49+01:00,1546621,Friendlies Clubs,World,Haverfordwest County AFC,Hamilton Academical,2026-07-04T14:00:00+01:00,data/processed/governance/vsigma_raw_candidate_trust_gate.csv,LOCAL_RAW_DISCOVERY,existing local row has fixture identity and is not blocked,NO,NO
2026-07-04,2026-07-04T21:28:49+01:00,1548775,Friendlies Clubs,World,Helmond Sport,AEK Larnaca,2026-07-04T15:00:00+01:00,data/processed/governance/vsigma_raw_candidate_trust_gate.csv,LOCAL_RAW_DISCOVERY,existing local row has fixture identity and is not blocked,NO,NO
2026-07-04,2026-07-04T21:28:49+01:00,1554681,Friendlies Clubs,World,Hollenbach,Ansbach,2026-07-04T13:00:00+01:00,data/processed/governance/vsigma_raw_candidate_trust_gate.csv,LOCAL_RAW_DISCOVERY,existing local row has fixture identity and is not blocked,NO,NO
2026-07-04,2026-07-04T21:28:49+01:00,1550520,Friendlies Clubs,World,Holstein Kiel,FC Fredericia,2026-07-04T13:00:00+01:00,data/processed/governance/vsigma_raw_candidate_trust_gate.csv,LOCAL_RAW_DISCOVERY,existing local row has fixture identity and is not blocked,NO,NO
2026-07-04,2026-07-04T21:28:49+01:00,1554682,Friendlies Clubs,World,Hutnik Kraków,Podhale Nowy Targ,2026-07-04T10:00:00+01:00,data/processed/governance/vsigma_raw_candidate_trust_gate.csv,LOCAL_RAW_DISCOVERY,existing local row has fixture identity and is not blocked,NO,NO
2026-07-04,2026-07-04T21:28:49+01:00,1548776,Friendlies Clubs,World,Hyde United,Macclesfield,2026-07-04T15:00:00+01:00,data/processed/governance/vsigma_raw_candidate_trust_gate.csv,LOCAL_RAW_DISCOVERY,existing local row has fixture identity and is not blocked,NO,NO
2026-07-04,2026-07-04T21:28:49+01:00,1554731,Friendlies Clubs,World,Invergordon,Aberdeen U21,2026-07-04T15:00:00+01:00,data/processed/governance/vsigma_raw_candidate_trust_gate.csv,LOCAL_RAW_DISCOVERY,existing local row has fixture identity and is not blocked,NO,NO
2026-07-04,2026-07-04T21:28:49+01:00,1554716,Friendlies Clubs,World,Inverness CT,Ross County,2026-07-04T13:00:00+01:00,data/processed/governance/vsigma_raw_candidate_trust_gate.csv,LOCAL_RAW_DISCOVERY,existing local row has fixture identity and is not blocked,NO,NO
2026-07-04,2026-07-04T21:28:49+01:00,1554739,Friendlies Clubs,World,Jagiellonia,Pogoń Siedlce,2026-07-04T16:00:00+01:00,data/processed/governance/vsigma_raw_candidate_trust_gate.csv,LOCAL_RAW_DISCOVERY,existing local row has fixture identity and is not blocked,NO,NO
2026-07-04,2026-07-04T21:28:49+01:00,1554743,Friendlies Clubs,World,KAC 1909,Austria Klagenfurt,2026-07-04T17:00:00+01:00,data/processed/governance/vsigma_raw_candidate_trust_gate.csv,LOCAL_RAW_DISCOVERY,existing local row has fixture identity and is not blocked,NO,NO
2026-07-04,2026-07-04T21:28:49+01:00,1560514,Friendlies Clubs,World,KSK Beveren,SK Beveren,2026-07-04T16:00:00+01:00,data/processed/governance/vsigma_raw_candidate_trust_gate.csv,LOCAL_RAW_DISCOVERY,existing local row has fixture identity and is not blocked,NO,NO
2026-07-04,2026-07-04T21:28:49+01:00,1567537,Friendlies Clubs,World,KSZO 1929,Broń Radom,2026-07-04T13:00:00+01:00,data/processed/governance/vsigma_raw_candidate_trust_gate.csv,LOCAL_RAW_DISCOVERY,existing local row has fixture identity and is not blocked,NO,NO
2026-07-04,2026-07-04T21:28:49+01:00,1554717,Friendlies Clubs,World,KV Mechelen,Rupel Boom,2026-07-04T14:00:00+01:00,data/processed/governance/vsigma_raw_candidate_trust_gate.csv,LOCAL_RAW_DISCOVERY,existing local row has fixture identity and is not blocked,NO,NO
2026-07-04,2026-07-04T21:28:49+01:00,1548763,Friendlies Clubs,World,Karlsruhe II,SV Sandhausen,2026-07-04T16:30:00+01:00,data/processed/governance/vsigma_raw_candidate_trust_gate.csv,LOCAL_RAW_DISCOVERY,existing local row has fixture identity and is not blocked,NO,NO
2026-07-04,2026-07-04T21:28:49+01:00,1554732,Friendlies Clubs,World,Kelty Hearts,Dunfermline,2026-07-04T15:00:00+01:00,data/processed/governance/vsigma_raw_candidate_trust_gate.csv,LOCAL_RAW_DISCOVERY,existing local row has fixture identity and is not blocked,NO,NO
2026-07-04,2026-07-04T21:28:49+01:00,1554668,Friendlies Clubs,World,Kempten,Illertissen,2026-07-04T12:00:00+01:00,data/processed/governance/vsigma_raw_candidate_trust_gate.csv,LOCAL_RAW_DISCOVERY,existing local row has fixture identity and is not blocked,NO,NO
2026-07-04,2026-07-04T21:28:49+01:00,1554742,Friendlies Clubs,World,Kickers Emden,FC St. Pauli,2026-07-04T17:00:00+01:00,data/processed/governance/vsigma_raw_candidate_trust_gate.csv,LOCAL_RAW_DISCOVERY,existing local row has fixture identity and is not blocked,NO,NO
2026-07-04,2026-07-04T21:28:49+01:00,1560513,Friendlies Clubs,World,Kisvarda FC,Tatran Prešov,2026-07-04T16:00:00+01:00,data/processed/governance/vsigma_raw_candidate_trust_gate.csv,LOCAL_RAW_DISCOVERY,existing local row has fixture identity and is not blocked,NO,NO
2026-07-04,2026-07-04T21:28:49+01:00,1567533,Friendlies Clubs,World,Kluczbork,Barycz Sułów,2026-07-04T11:00:00+01:00,data/processed/governance/vsigma_raw_candidate_trust_gate.csv,LOCAL_RAW_DISCOVERY,existing local row has fixture identity and is not blocked,NO,NO
2026-07-04,2026-07-04T21:28:49+01:00,1567534,Friendlies Clubs,World,Laakkwartier,ADO Den Haag,2026-07-04T13:00:00+01:00,data/processed/governance/vsigma_raw_candidate_trust_gate.csv,LOCAL_RAW_DISCOVERY,existing local row has fixture identity and is not blocked,NO,NO
2026-07-04,2026-07-04T21:28:49+01:00,1562866,Friendlies Clubs,World,Lausanne,Étoile Carouge,2026-07-04T10:00:00+01:00,data/processed/governance/vsigma_raw_candidate_trust_gate.csv,LOCAL_RAW_DISCOVERY,existing local row has fixture identity and is not blocked,NO,NO
2026-07-04,2026-07-04T21:28:49+01:00,1547912,Friendlies Clubs,World,Lechia Zielona Góra,Miedz Legnica,2026-07-04T17:00:00+01:00,data/processed/governance/vsigma_raw_candidate_trust_gate.csv,LOCAL_RAW_DISCOVERY,existing local row has fixture identity and is not blocked,NO,NO
2026-07-04,2026-07-04T21:28:49+01:00,1554733,Friendlies Clubs,World,Limavady United,Warrenpoint Town,2026-07-04T14:00:00+01:00,data/processed/governance/vsigma_raw_candidate_trust_gate.csv,LOCAL_RAW_DISCOVERY,existing local row has fixture identity and is not blocked,NO,NO
2026-07-04,2026-07-04T21:28:49+01:00,1554683,Friendlies Clubs,World,Linfield,Kilmarnock,2026-07-04T13:00:00+01:00,data/processed/governance/vsigma_raw_candidate_trust_gate.csv,LOCAL_RAW_DISCOVERY,existing local row has fixture identity and is not blocked,NO,NO
2026-07-04,2026-07-04T21:28:49+01:00,1554669,Friendlies Clubs,World,Liptovský Mikuláš,Baník Ostrava II,2026-07-04T12:00:00+01:00,data/processed/governance/vsigma_raw_candidate_trust_gate.csv,LOCAL_RAW_DISCOVERY,existing local row has fixture identity and is not blocked,NO,NO
2026-07-04,2026-07-04T21:28:49+01:00,1560522,Friendlies Clubs,World,Llandudno,Avro,2026-07-04T15:00:00+01:00,data/processed/governance/vsigma_raw_candidate_trust_gate.csv,LOCAL_RAW_DISCOVERY,existing local row has fixture identity and is not blocked,NO,NO
2026-07-04,2026-07-04T21:28:49+01:00,1548760,Friendlies Clubs,World,Lokomotiv Plovdiv,Arda Kardzhali,2026-07-04T16:00:00+01:00,data/processed/governance/vsigma_raw_candidate_trust_gate.csv,LOCAL_RAW_DISCOVERY,existing local row has fixture identity and is not blocked,NO,NO
2026-07-04,2026-07-04T21:28:49+01:00,1567535,Friendlies Clubs,World,Lokomotiv Sofia,Dukagjini,2026-07-04T16:00:00+01:00,data/processed/governance/vsigma_raw_candidate_trust_gate.csv,LOCAL_RAW_DISCOVERY,existing local row has fixture identity and is not blocked,NO,NO
2026-07-04,2026-07-04T21:28:49+01:00,1554734,Friendlies Clubs,World,Lokomotive Leipzig,Kladno,2026-07-04T15:00:00+01:00,data/processed/governance/vsigma_raw_candidate_trust_gate.csv,LOCAL_RAW_DISCOVERY,existing local row has fixture identity and is not blocked,NO,NO
2026-07-04,2026-07-04T21:28:49+01:00,1548761,Friendlies Clubs,World,Ludogorets,FC Botosani,2026-07-04T15:00:00+01:00,data/processed/governance/vsigma_raw_candidate_trust_gate.csv,LOCAL_RAW_DISCOVERY,existing local row has fixture identity and is not blocked,NO,NO
2026-07-04,2026-07-04T21:28:49+01:00,1554658,Friendlies Clubs,World,MTK Budapest,Kecskeméti TE,2026-07-04T09:00:00+01:00,data/processed/governance/vsigma_raw_candidate_trust_gate.csv,LOCAL_RAW_DISCOVERY,existing local row has fixture identity and is not blocked,NO,NO
2026-07-04,2026-07-04T21:28:49+01:00,1567529,Friendlies Clubs,World,Magdeburg II,Borussia Hildesheim,2026-07-04T12:00:00+01:00,data/processed/governance/vsigma_raw_candidate_trust_gate.csv,LOCAL_RAW_DISCOVERY,existing local row has fixture identity and is not blocked,NO,NO
2026-07-04,2026-07-04T21:28:49+01:00,1547915,Friendlies Clubs,World,Margate,Dover,2026-07-04T15:00:00+01:00,data/processed/governance/vsigma_raw_candidate_trust_gate.csv,LOCAL_RAW_DISCOVERY,existing local row has fixture identity and is not blocked,NO,NO
2026-07-04,2026-07-04T21:28:49+01:00,1562872,Friendlies Clubs,World,Maribor,Železničar Pančevo,2026-07-04T16:30:00+01:00,data/processed/governance/vsigma_raw_candidate_trust_gate.csv,LOCAL_RAW_DISCOVERY,existing local row has fixture identity and is not blocked,NO,NO
2026-07-04,2026-07-04T21:28:49+01:00,1554710,Friendlies Clubs,World,Memmingen,Essingen,2026-07-04T13:15:00+01:00,data/processed/governance/vsigma_raw_candidate_trust_gate.csv,LOCAL_RAW_DISCOVERY,existing local row has fixture identity and is not blocked,NO,NO
2026-07-04,2026-07-04T21:28:49+01:00,1567517,Friendlies Clubs,World,Metalul Buzău,FC Bacau,2026-07-04T08:30:00+01:00,data/processed/governance/vsigma_raw_candidate_trust_gate.csv,LOCAL_RAW_DISCOVERY,existing local row has fixture identity and is not blocked,NO,NO
2026-07-04,2026-07-04T21:28:49+01:00,1554735,Friendlies Clubs,World,Metz,FC Differdange 03,2026-07-04T15:00:00+01:00,data/processed/governance/vsigma_raw_candidate_trust_gate.csv,LOCAL_RAW_DISCOVERY,existing local row has fixture identity and is not blocked,NO,NO
2026-07-04,2026-07-04T21:28:49+01:00,1548751,Friendlies Clubs,World,Miedz Legnica,Świt Skolwin,2026-07-04T11:00:00+01:00,data/processed/governance/vsigma_raw_candidate_trust_gate.csv,LOCAL_RAW_DISCOVERY,existing local row has fixture identity and is not blocked,NO,NO
2026-07-04,2026-07-04T21:28:49+01:00,1560528,Friendlies Clubs,World,Mineros de Zacatecas,FC Juarez,2026-07-04T17:00:00+01:00,data/processed/governance/vsigma_raw_candidate_trust_gate.csv,LOCAL_RAW_DISCOVERY,existing local row has fixture identity and is not blocked,NO,NO
2026-07-04,2026-07-04T21:28:49+01:00,1548771,Friendlies Clubs,World,Montrose,ST Johnstone,2026-07-04T14:00:00+01:00,data/processed/governance/vsigma_raw_candidate_trust_gate.csv,LOCAL_RAW_DISCOVERY,existing local row has fixture identity and is not blocked,NO,NO
2026-07-04,2026-07-04T21:28:49+01:00,1554736,Friendlies Clubs,World,Morton,Stranraer,2026-07-04T15:00:00+01:00,data/processed/governance/vsigma_raw_candidate_trust_gate.csv,LOCAL_RAW_DISCOVERY,existing local row has fixture identity and is not blocked,NO,NO
2026-07-04,2026-07-04T21:28:49+01:00,1554686,Friendlies Clubs,World,Mura,FC Noah,2026-07-04T17:00:00+01:00,data/processed/governance/vsigma_raw_candidate_trust_gate.csv,LOCAL_RAW_DISCOVERY,existing local row has fixture identity and is not blocked,NO,NO
2026-07-04,2026-07-04T21:28:49+01:00,1567530,Friendlies Clubs,World,Musselburgh Athletic,Clydebank,2026-07-04T12:30:00+01:00,data/processed/governance/vsigma_raw_candidate_trust_gate.csv,LOCAL_RAW_DISCOVERY,existing local row has fixture identity and is not blocked,NO,NO
2026-07-04,2026-07-04T21:28:49+01:00,1562871,Friendlies Clubs,World,NK Lokomotiva Zagreb,Bravo,2026-07-04T17:30:00+01:00,data/processed/governance/vsigma_raw_candidate_trust_gate.csv,LOCAL_RAW_DISCOVERY,existing local row has fixture identity and is not blocked,NO,NO
2026-07-04,2026-07-04T21:28:49+01:00,1547916,Friendlies Clubs,World,NK Osijek,Paks,2026-07-04T18:00:00+01:00,data/processed/governance/vsigma_raw_candidate_trust_gate.csv,LOCAL_RAW_DISCOVERY,existing local row has fixture identity and is not blocked,NO,NO
2026-07-04,2026-07-04T21:28:49+01:00,1560517,Friendlies Clubs,World,NK Slaven Belupo,Zalaegerszegi TE,2026-07-04T17:30:00+01:00,data/processed/governance/vsigma_raw_candidate_trust_gate.csv,LOCAL_RAW_DISCOVERY,existing local row has fixture identity and is not blocked,NO,NO
2026-07-04,2026-07-04T21:28:49+01:00,1562868,Friendlies Clubs,World,NK Varazdin,CSKA 1948,2026-07-04T17:00:00+01:00,data/processed/governance/vsigma_raw_candidate_trust_gate.csv,LOCAL_RAW_DISCOVERY,existing local row has fixture identity and is not blocked,NO,NO
2026-07-04,2026-07-04T21:28:49+01:00,1560527,Friendlies Clubs,World,Nafta,Budapest Honved,2026-07-04T16:30:00+01:00,data/processed/governance/vsigma_raw_candidate_trust_gate.csv,LOCAL_RAW_DISCOVERY,existing local row has fixture identity and is not blocked,NO,NO
2026-07-04,2026-07-04T21:28:49+01:00,1560516,Friendlies Clubs,World,Nancy,Mamer,2026-07-04T10:00:00+01:00,data/processed/governance/vsigma_raw_candidate_trust_gate.csv,LOCAL_RAW_DISCOVERY,existing local row has fixture identity and is not blocked,NO,NO
2026-07-04,2026-07-04T21:28:49+01:00,1548777,Friendlies Clubs,World,Norwich,King's Lynn Town,2026-07-04T15:00:00+01:00,data/processed/governance/vsigma_raw_candidate_trust_gate.csv,LOCAL_RAW_DISCOVERY,existing local row has fixture identity and is not blocked,NO,NO
2026-07-04,2026-07-04T21:28:49+01:00,1546617,Friendlies Clubs,World,Odense,Hillerød,2026-07-04T14:00:00+01:00,data/processed/governance/vsigma_raw_candidate_trust_gate.csv,LOCAL_RAW_DISCOVERY,existing local row has fixture identity and is not blocked,NO,NO
2026-07-04,2026-07-04T21:28:49+01:00,1554687,Friendlies Clubs,World,Odra Opole,Tychy 71,2026-07-04T10:30:00+01:00,data/processed/governance/vsigma_raw_candidate_trust_gate.csv,LOCAL_RAW_DISCOVERY,existing local row has fixture identity and is not blocked,NO,NO
2026-07-04,2026-07-04T21:28:49+01:00,1567536,Friendlies Clubs,World,Oleksandria,Chornomorets,2026-07-04T11:00:00+01:00,data/processed/governance/vsigma_raw_candidate_trust_gate.csv,LOCAL_RAW_DISCOVERY,existing local row has fixture identity and is not blocked,NO,NO
2026-07-04,2026-07-04T21:28:49+01:00,1554688,Friendlies Clubs,World,Olimpija Ljubljana,CFR 1907 Cluj,2026-07-04T17:00:00+01:00,data/processed/governance/vsigma_raw_candidate_trust_gate.csv,LOCAL_RAW_DISCOVERY,existing local row has fixture identity and is not blocked,NO,NO
2026-07-04,2026-07-04T21:28:49+01:00,1546623,Friendlies Clubs,World,Optik Rathenow,Union Berlin,2026-07-04T14:30:00+01:00,data/processed/governance/vsigma_raw_candidate_trust_gate.csv,LOCAL_RAW_DISCOVERY,existing local row has fixture identity and is not blocked,NO,NO
2026-07-04,2026-07-04T21:28:49+01:00,1567545,Friendlies Clubs,World,PAOK,KVC Westerlo,2026-07-04T13:00:00+01:00,data/processed/governance/vsigma_raw_candidate_trust_gate.csv,LOCAL_RAW_DISCOVERY,existing local row has fixture identity and is not blocked,NO,NO
2026-07-04,2026-07-04T21:28:49+01:00,1546626,Friendlies Clubs,World,Peterhead,Celtic II,2026-07-04T15:00:00+01:00,data/processed/governance/vsigma_raw_candidate_trust_gate.csv,LOCAL_RAW_DISCOVERY,existing local row has fixture identity and is not blocked,NO,NO
2026-07-04,2026-07-04T21:28:49+01:00,1547906,Friendlies Clubs,World,Piast Gliwice,Baník Ostrava,2026-07-04T16:00:00+01:00,data/processed/governance/vsigma_raw_candidate_trust_gate.csv,LOCAL_RAW_DISCOVERY,existing local row has fixture identity and is not blocked,NO,NO
2026-07-04,2026-07-04T21:28:49+01:00,1562873,Friendlies Clubs,World,Prostějov,Sigma Olomouc II,2026-07-04T09:00:00+01:00,data/processed/governance/vsigma_raw_candidate_trust_gate.csv,LOCAL_RAW_DISCOVERY,existing local row has fixture identity and is not blocked,NO,NO
2026-07-04,2026-07-04T21:28:49+01:00,1554690,Friendlies Clubs,World,Prostějov,Sigma Olomouc,2026-07-04T13:00:00+01:00,data/processed/governance/vsigma_raw_candidate_trust_gate.csv,LOCAL_RAW_DISCOVERY,existing local row has fixture identity and is not blocked,NO,NO
2026-07-04,2026-07-04T21:28:49+01:00,1562874,Friendlies Clubs,World,Puskas Academy,Slovan Bratislava,2026-07-04T16:00:00+01:00,data/processed/governance/vsigma_raw_candidate_trust_gate.csv,LOCAL_RAW_DISCOVERY,existing local row has fixture identity and is not blocked,NO,NO
2026-07-04,2026-07-04T21:28:49+01:00,1548778,Friendlies Clubs,World,Queen of the South,Crusaders FC,2026-07-04T15:00:00+01:00,data/processed/governance/vsigma_raw_candidate_trust_gate.csv,LOCAL_RAW_DISCOVERY,existing local row has fixture identity and is not blocked,NO,NO
2026-07-04,2026-07-04T21:28:49+01:00,1567540,Friendlies Clubs,World,Quierschied,FC Saarbrücken,2026-07-04T13:00:00+01:00,data/processed/governance/vsigma_raw_candidate_trust_gate.csv,LOCAL_RAW_DISCOVERY,existing local row has fixture identity and is not blocked,NO,NO
2026-07-04,2026-07-04T21:28:49+01:00,1554718,Friendlies Clubs,World,RAAL La Louvière,Rochefort,2026-07-04T14:00:00+01:00,data/processed/governance/vsigma_raw_candidate_trust_gate.csv,LOCAL_RAW_DISCOVERY,existing local row has fixture identity and is not blocked,NO,NO
2026-07-04,2026-07-04T21:28:49+01:00,1554691,Friendlies Clubs,World,Raków Częstochowa,Puszcza Niepołomice,2026-07-04T15:00:00+01:00,data/processed/governance/vsigma_raw_candidate_trust_gate.csv,LOCAL_RAW_DISCOVERY,existing local row has fixture identity and is not blocked,NO,NO
2026-07-04,2026-07-04T21:28:49+01:00,1554712,Friendlies Clubs,World,Ramlingen / Ehlershausen,Hannover 96,2026-07-04T13:30:00+01:00,data/processed/governance/vsigma_raw_candidate_trust_gate.csv,LOCAL_RAW_DISCOVERY,existing local row has fixture identity and is not blocked,NO,NO
2026-07-04,2026-07-04T21:28:49+01:00,1554692,Friendlies Clubs,World,Rilski Sportist,Vihren,2026-07-04T16:30:00+01:00,data/processed/governance/vsigma_raw_candidate_trust_gate.csv,LOCAL_RAW_DISCOVERY,existing local row has fixture identity and is not blocked,NO,NO
2026-07-04,2026-07-04T21:28:49+01:00,1546622,Friendlies Clubs,World,Rot-weiss Oberhausen,VfL Bochum,2026-07-04T14:30:00+01:00,data/processed/governance/vsigma_raw_candidate_trust_gate.csv,LOCAL_RAW_DISCOVERY,existing local row has fixture identity and is not blocked,NO,NO
2026-07-04,2026-07-04T21:28:49+01:00,1554694,Friendlies Clubs,World,Rotor Volgograd,Torpedo Moskva,2026-07-04T13:00:00+01:00,data/processed/governance/vsigma_raw_candidate_trust_gate.csv,LOCAL_RAW_DISCOVERY,existing local row has fixture identity and is not blocked,NO,NO
2026-07-04,2026-07-04T21:28:49+01:00,1554693,Friendlies Clubs,World,Ruch Chorzów,Śląsk Wrocław II,2026-07-04T09:30:00+01:00,data/processed/governance/vsigma_raw_candidate_trust_gate.csv,LOCAL_RAW_DISCOVERY,existing local row has fixture identity and is not blocked,NO,NO
2026-07-04,2026-07-04T21:28:49+01:00,1550523,Friendlies Clubs,World,Rutherglen Glencairn,Clyde,2026-07-04T14:00:00+01:00,data/processed/governance/vsigma_raw_candidate_trust_gate.csv,LOCAL_RAW_DISCOVERY,existing local row has fixture identity and is not blocked,NO,NO
2026-07-04,2026-07-04T21:28:49+01:00,1546624,Friendlies Clubs,World,SCR Altach,1. FC Heidenheim,2026-07-04T15:00:00+01:00,data/processed/governance/vsigma_raw_candidate_trust_gate.csv,LOCAL_RAW_DISCOVERY,existing local row has fixture identity and is not blocked,NO,NO
2026-07-04,2026-07-04T21:28:49+01:00,1550519,Friendlies Clubs,World,SG Sonnenhof Grossaspach,SGV Freiberg,2026-07-04T13:00:00+01:00,data/processed/governance/vsigma_raw_candidate_trust_gate.csv,LOCAL_RAW_DISCOVERY,existing local row has fixture identity and is not blocked,NO,NO
2026-07-04,2026-07-04T21:28:49+01:00,1560529,Friendlies Clubs,World,SKU Amstetten,SV Horn,2026-07-04T18:00:00+01:00,data/processed/governance/vsigma_raw_candidate_trust_gate.csv,LOCAL_RAW_DISCOVERY,existing local row has fixture identity and is not blocked,NO,NO
2026-07-04,2026-07-04T21:28:49+01:00,1554665,Friendlies Clubs,World,SV Drochtersen/Assel,SV Rodinghausen,2026-07-04T12:00:00+01:00,data/processed/governance/vsigma_raw_candidate_trust_gate.csv,LOCAL_RAW_DISCOVERY,existing local row has fixture identity and is not blocked,NO,NO
2026-07-04,2026-07-04T21:28:49+01:00,1562877,Friendlies Clubs,World,Schalke 04 II,Gievenbeck,2026-07-04T16:00:00+01:00,data/processed/governance/vsigma_raw_candidate_trust_gate.csv,LOCAL_RAW_DISCOVERY,existing local row has fixture identity and is not blocked,NO,NO
2026-07-04,2026-07-04T21:28:49+01:00,1548779,Friendlies Clubs,World,Selsey,Worthing,2026-07-04T15:00:00+01:00,data/processed/governance/vsigma_raw_candidate_trust_gate.csv,LOCAL_RAW_DISCOVERY,existing local row has fixture identity and is not blocked,NO,NO
2026-07-04,2026-07-04T21:28:49+01:00,1554695,Friendlies Clubs,World,Septemvri Sofia,Slavia Sofia,2026-07-04T16:00:00+01:00,data/processed/governance/vsigma_raw_candidate_trust_gate.csv,LOCAL_RAW_DISCOVERY,existing local row has fixture identity and is not blocked,NO,NO
2026-07-04,2026-07-04T21:28:49+01:00,1554696,Friendlies Clubs,World,Servette FC,Stade Nyonnais,2026-07-04T16:00:00+01:00,data/processed/governance/vsigma_raw_candidate_trust_gate.csv,LOCAL_RAW_DISCOVERY,existing local row has fixture identity and is not blocked,NO,NO
2026-07-04,2026-07-04T21:28:49+01:00,1560526,Friendlies Clubs,World,Sigma Olomouc,Hanácká,2026-07-04T14:00:00+01:00,data/processed/governance/vsigma_raw_candidate_trust_gate.csv,LOCAL_RAW_DISCOVERY,existing local row has fixture identity and is not blocked,NO,NO
2026-07-04,2026-07-04T21:28:49+01:00,1567539,Friendlies Clubs,World,Ska-khabarovsk,Veles,2026-07-04T16:00:00+01:00,data/processed/governance/vsigma_raw_candidate_trust_gate.csv,LOCAL_RAW_DISCOVERY,existing local row has fixture identity and is not blocked,NO,NO
2026-07-04,2026-07-04T21:28:49+01:00,1547923,Friendlies Clubs,World,Slask Wroclaw,Chrobry Głogów,2026-07-04T17:00:00+01:00,data/processed/governance/vsigma_raw_candidate_trust_gate.csv,LOCAL_RAW_DISCOVERY,existing local row has fixture identity and is not blocked,NO,NO
2026-07-04,2026-07-04T21:28:49+01:00,1554699,Friendlies Clubs,World,Slovácko,Spartak Trnava,2026-07-04T16:00:00+01:00,data/processed/governance/vsigma_raw_candidate_trust_gate.csv,LOCAL_RAW_DISCOVERY,existing local row has fixture identity and is not blocked,NO,NO
2026-07-04,2026-07-04T21:28:49+01:00,1547903,Friendlies Clubs,World,Sparta Praha,Opava,2026-07-04T12:00:00+01:00,data/processed/governance/vsigma_raw_candidate_trust_gate.csv,LOCAL_RAW_DISCOVERY,existing local row has fixture identity and is not blocked,NO,NO
2026-07-04,2026-07-04T21:28:49+01:00,1548765,Friendlies Clubs,World,Spartak Moscow,Krylia Sovetov,2026-07-04T15:00:00+01:00,data/processed/governance/vsigma_raw_candidate_trust_gate.csv,LOCAL_RAW_DISCOVERY,existing local row has fixture identity and is not blocked,NO,NO
2026-07-04,2026-07-04T21:28:49+01:00,1560521,Friendlies Clubs,World,Sporting Club Jemappes,Francs Borains,2026-07-04T15:00:00+01:00,data/processed/governance/vsigma_raw_candidate_trust_gate.csv,LOCAL_RAW_DISCOVERY,existing local row has fixture identity and is not blocked,NO,NO
2026-07-04,2026-07-04T21:28:49+01:00,1567542,Friendlies Clubs,World,Sportist Svoge,Lokomotiv Mezdra,2026-07-04T13:00:00+01:00,data/processed/governance/vsigma_raw_candidate_trust_gate.csv,LOCAL_RAW_DISCOVERY,existing local row has fixture identity and is not blocked,NO,NO
2026-07-04,2026-07-04T21:28:49+01:00,1567541,Friendlies Clubs,World,Stal Mielec,Sandecja Nowy Sącz,2026-07-04T10:00:00+01:00,data/processed/governance/vsigma_raw_candidate_trust_gate.csv,LOCAL_RAW_DISCOVERY,existing local row has fixture identity and is not blocked,NO,NO
2026-07-04,2026-07-04T21:28:49+01:00,1554670,Friendlies Clubs,World,Swindon Town,Swindon Supermarine,2026-07-04T12:00:00+01:00,data/processed/governance/vsigma_raw_candidate_trust_gate.csv,LOCAL_RAW_DISCOVERY,existing local row has fixture identity and is not blocked,NO,NO
2026-07-04,2026-07-04T21:28:49+01:00,1548767,Friendlies Clubs,World,TSV Hartberg,Ujpest,2026-07-04T16:30:00+01:00,data/processed/governance/vsigma_raw_candidate_trust_gate.csv,LOCAL_RAW_DISCOVERY,existing local row has fixture identity and is not blocked,NO,NO
2026-07-04,2026-07-04T21:28:49+01:00,1567546,Friendlies Clubs,World,Todesfelde,Paloma,2026-07-04T15:00:00+01:00,data/processed/governance/vsigma_raw_candidate_trust_gate.csv,LOCAL_RAW_DISCOVERY,existing local row has fixture identity and is not blocked,NO,NO
2026-07-04,2026-07-04T21:28:49+01:00,1554719,Friendlies Clubs,World,Tranent Juniors,Stirling Albion,2026-07-04T14:00:00+01:00,data/processed/governance/vsigma_raw_candidate_trust_gate.csv,LOCAL_RAW_DISCOVERY,existing local row has fixture identity and is not blocked,NO,NO
2026-07-04,2026-07-04T21:28:49+01:00,1554702,Friendlies Clubs,World,Twente,Aberdeen,2026-07-04T13:00:00+01:00,data/processed/governance/vsigma_raw_candidate_trust_gate.csv,LOCAL_RAW_DISCOVERY,existing local row has fixture identity and is not blocked,NO,NO
2026-07-04,2026-07-04T21:28:49+01:00,1562867,Friendlies Clubs,World,Union Klosterfelde,Krieschow,2026-07-04T12:00:00+01:00,data/processed/governance/vsigma_raw_candidate_trust_gate.csv,LOCAL_RAW_DISCOVERY,existing local row has fixture identity and is not blocked,NO,NO
2026-07-04,2026-07-04T21:28:49+01:00,1554726,Friendlies Clubs,World,United of Manchester,Bradford,2026-07-04T15:00:00+01:00,data/processed/governance/vsigma_raw_candidate_trust_gate.csv,LOCAL_RAW_DISCOVERY,existing local row has fixture identity and is not blocked,NO,NO
2026-07-04,2026-07-04T21:28:49+01:00,1560524,Friendlies Clubs,World,Universitario,Sport Boys,2026-07-04T15:30:00+01:00,data/processed/governance/vsigma_raw_candidate_trust_gate.csv,LOCAL_RAW_DISCOVERY,existing local row has fixture identity and is not blocked,NO,NO
2026-07-04,2026-07-04T21:28:49+01:00,1560518,Friendlies Clubs,World,Ural,Chelyabinsk,2026-07-04T11:00:00+01:00,data/processed/governance/vsigma_raw_candidate_trust_gate.csv,LOCAL_RAW_DISCOVERY,existing local row has fixture identity and is not blocked,NO,NO
2026-07-04,2026-07-04T21:28:49+01:00,1562875,Friendlies Clubs,World,Valerenga,Fredrikstad,2026-07-04T13:00:00+01:00,data/processed/governance/vsigma_raw_candidate_trust_gate.csv,LOCAL_RAW_DISCOVERY,existing local row has fixture identity and is not blocked,NO,NO
2026-07-04,2026-07-04T21:28:49+01:00,1554703,Friendlies Clubs,World,Veres Rivne,UCSA,2026-07-04T13:00:00+01:00,data/processed/governance/vsigma_raw_candidate_trust_gate.csv,LOCAL_RAW_DISCOVERY,existing local row has fixture identity and is not blocked,NO,NO
2026-07-04,2026-07-04T21:28:49+01:00,1548780,Friendlies Clubs,World,Verlaine,Standard Liege,2026-07-04T15:00:00+01:00,data/processed/governance/vsigma_raw_candidate_trust_gate.csv,LOCAL_RAW_DISCOVERY,existing local row has fixture identity and is not blocked,NO,NO
2026-07-04,2026-07-04T21:28:49+01:00,1546614,Friendlies Clubs,World,VfB Lübeck,SSV Jeddeloh,2026-07-04T13:00:00+01:00,data/processed/governance/vsigma_raw_candidate_trust_gate.csv,LOCAL_RAW_DISCOVERY,existing local row has fixture identity and is not blocked,NO,NO
2026-07-04,2026-07-04T21:28:49+01:00,1554741,Friendlies Clubs,World,WSG Wattens,Gornik Zabrze,2026-07-04T16:30:00+01:00,data/processed/governance/vsigma_raw_candidate_trust_gate.csv,LOCAL_RAW_DISCOVERY,existing local row has fixture identity and is not blocked,NO,NO
2026-07-04,2026-07-04T21:28:49+01:00,1554720,Friendlies Clubs,World,Waalwijk,Jong AZ,2026-07-04T14:00:00+01:00,data/processed/governance/vsigma_raw_candidate_trust_gate.csv,LOCAL_RAW_DISCOVERY,existing local row has fixture identity and is not blocked,NO,NO
2026-07-04,2026-07-04T21:28:49+01:00,1567543,Friendlies Clubs,World,Wacker Innsbruck,Bayern München II,2026-07-04T12:00:00+01:00,data/processed/governance/vsigma_raw_candidate_trust_gate.csv,LOCAL_RAW_DISCOVERY,existing local row has fixture identity and is not blocked,NO,NO
2026-07-04,2026-07-04T21:28:49+01:00,1546605,Friendlies Clubs,World,Widzew Łódź,Dunajska Streda,2026-07-04T16:30:00+01:00,data/processed/governance/vsigma_raw_candidate_trust_gate.csv,LOCAL_RAW_DISCOVERY,existing local row has fixture identity and is not blocked,NO,NO
2026-07-04,2026-07-04T21:28:49+01:00,1554704,Friendlies Clubs,World,Wiedenbrück,BSG Chemie Leipzig,2026-07-04T13:00:00+01:00,data/processed/governance/vsigma_raw_candidate_trust_gate.csv,LOCAL_RAW_DISCOVERY,existing local row has fixture identity and is not blocked,NO,NO
2026-07-04,2026-07-04T21:28:49+01:00,1554705,Friendlies Clubs,World,Willem II,Quick Boys,2026-07-04T13:00:00+01:00,data/processed/governance/vsigma_raw_candidate_trust_gate.csv,LOCAL_RAW_DISCOVERY,existing local row has fixture identity and is not blocked,NO,NO
2026-07-04,2026-07-04T21:28:49+01:00,1554706,Friendlies Clubs,World,Yantra 2019,Ludogorets II,2026-07-04T16:00:00+01:00,data/processed/governance/vsigma_raw_candidate_trust_gate.csv,LOCAL_RAW_DISCOVERY,existing local row has fixture identity and is not blocked,NO,NO
2026-07-04,2026-07-04T21:28:49+01:00,1554707,Friendlies Clubs,World,Zaglebie Lubin,Pogon Szczecin,2026-07-04T10:00:00+01:00,data/processed/governance/vsigma_raw_candidate_trust_gate.csv,LOCAL_RAW_DISCOVERY,existing local row has fixture identity and is not blocked,NO,NO
2026-07-04,2026-07-04T21:28:49+01:00,1554708,Friendlies Clubs,World,Zawisza Bydgoszcz,Legia Warszawa II,2026-07-04T11:00:00+01:00,data/processed/governance/vsigma_raw_candidate_trust_gate.csv,LOCAL_RAW_DISCOVERY,existing local row has fixture identity and is not blocked,NO,NO
2026-07-04,2026-07-04T21:28:49+01:00,1554675,Friendlies Clubs,World,Zbrojovka Brno,Csikszereda,2026-07-04T16:00:00+01:00,data/processed/governance/vsigma_raw_candidate_trust_gate.csv,LOCAL_RAW_DISCOVERY,existing local row has fixture identity and is not blocked,NO,NO
2026-07-04,2026-07-04T21:28:49+01:00,1550524,Friendlies Clubs,World,Zelzate,Zulte Waregem,2026-07-04T15:00:00+01:00,data/processed/governance/vsigma_raw_candidate_trust_gate.csv,LOCAL_RAW_DISCOVERY,existing local row has fixture identity and is not blocked,NO,NO
2026-07-04,2026-07-04T21:28:49+01:00,1554740,Friendlies Clubs,World,Zepperen-Brustem,St. Truiden,2026-07-04T16:00:00+01:00,data/processed/governance/vsigma_raw_candidate_trust_gate.csv,LOCAL_RAW_DISCOVERY,existing local row has fixture identity and is not blocked,NO,NO
2026-07-04,2026-07-04T21:28:49+01:00,1567523,Friendlies Clubs,World,České Budějovice,Slavia Praha II,2026-07-04T09:00:00+01:00,data/processed/governance/vsigma_raw_candidate_trust_gate.csv,LOCAL_RAW_DISCOVERY,existing local row has fixture identity and is not blocked,NO,NO
2026-07-04,2026-07-04T21:28:49+01:00,1548759,Friendlies Clubs,World,ŁKS Łódź,Radomiak Radom,2026-07-04T12:00:00+01:00,data/processed/governance/vsigma_raw_candidate_trust_gate.csv,LOCAL_RAW_DISCOVERY,existing local row has fixture identity and is not blocked,NO,NO
2026-07-04,2026-07-04T21:28:49+01:00,1560401,Liga Women,Peru,Atl. Andahuaylas W,Sporting Cristal W,2026-07-04T19:00:00+01:00,data/processed/governance/vsigma_raw_candidate_trust_gate.csv,LOCAL_RAW_DISCOVERY,existing local row has fixture identity and is not blocked,NO,NO
2026-07-04,2026-07-04T21:28:49+01:00,1549317,Npl Nsw U20,Australia,Manly Utd U20,SD Raiders U20,2026-07-04T10:00:00+01:00,data/processed/governance/vsigma_raw_candidate_trust_gate.csv,LOCAL_RAW_DISCOVERY,existing local row has fixture identity and is not blocked,NO,NO
2026-07-04,2026-07-04T21:28:49+01:00,1576755,Paraibano U20,Brazil,Cruzeiro Itaporanga U20,Treze U20,2026-07-04T20:00:00+01:00,data/processed/governance/vsigma_raw_candidate_trust_gate.csv,LOCAL_RAW_DISCOVERY,existing local row has fixture identity and is not blocked,NO,NO
2026-07-04,2026-07-04T21:28:49+01:00,1547302,Paulista - U20,Brazil,Aguai U20,Botafogo SP U20,2026-07-04T19:00:00+01:00,data/processed/governance/vsigma_raw_candidate_trust_gate.csv,LOCAL_RAW_DISCOVERY,existing local row has fixture identity and is not blocked,NO,NO
2026-07-04,2026-07-04T21:28:49+01:00,1547304,Paulista - U20,Brazil,Ponte Preta U20,Santos U20,2026-07-04T19:00:00+01:00,data/processed/governance/vsigma_raw_candidate_trust_gate.csv,LOCAL_RAW_DISCOVERY,existing local row has fixture identity and is not blocked,NO,NO
2026-07-04,2026-07-04T21:28:49+01:00,1547305,Paulista - U20,Brazil,São Paulo U20,XV de Piracicaba U20,2026-07-04T19:00:00+01:00,data/processed/governance/vsigma_raw_candidate_trust_gate.csv,LOCAL_RAW_DISCOVERY,existing local row has fixture identity and is not blocked,NO,NO
2026-07-04,2026-07-04T21:28:49+01:00,1549964,Torneo Promocional Amateur,Argentina,Barrancas UMET,Buenos Aires City,2026-07-04T14:00:00+01:00,data/processed/governance/vsigma_raw_candidate_trust_gate.csv,LOCAL_RAW_DISCOVERY,existing local row has fixture identity and is not blocked,NO,NO
2026-07-04,2026-07-04T21:28:49+01:00,1549953,Torneo Promocional Amateur,Argentina,Deportivo Metalurgico,SAT Moreno,2026-07-04T19:00:00+01:00,data/processed/governance/vsigma_raw_candidate_trust_gate.csv,LOCAL_RAW_DISCOVERY,existing local row has fixture identity and is not blocked,NO,NO
2026-07-04,2026-07-04T21:28:49+01:00,1549967,Torneo Promocional Amateur,Argentina,Las Mandarinas,Uribelarrea,2026-07-04T19:00:00+01:00,data/processed/governance/vsigma_raw_candidate_trust_gate.csv,LOCAL_RAW_DISCOVERY,existing local row has fixture identity and is not blocked,NO,NO
2026-07-04,2026-07-04T21:28:49+01:00,1543338,UEFA U19 Championship,World,Denmark U19,Wales U19,2026-07-04T14:00:00+01:00,data/processed/governance/vsigma_raw_candidate_trust_gate.csv,LOCAL_RAW_DISCOVERY,existing local row has fixture identity and is not blocked,NO,NO
2026-07-04,2026-07-04T21:28:49+01:00,1543339,UEFA U19 Championship,World,Spain U19,Germany U19,2026-07-04T14:00:00+01:00,data/processed/governance/vsigma_raw_candidate_trust_gate.csv,LOCAL_RAW_DISCOVERY,existing local row has fixture identity and is not blocked,NO,NO
2026-07-04,2026-07-04T21:28:49+01:00,1561067,UEFA U19 Championship - Women,World,Iceland U19 W,Switzerland U19 W,2026-07-04T16:00:00+01:00,data/processed/governance/vsigma_raw_candidate_trust_gate.csv,LOCAL_RAW_DISCOVERY,existing local row has fixture identity and is not blocked,NO,NO
2026-07-04,2026-07-04T21:28:49+01:00,1561068,UEFA U19 Championship - Women,World,Spain U19 W,Austria U19 W,2026-07-04T16:00:00+01:00,data/processed/governance/vsigma_raw_candidate_trust_gate.csv,LOCAL_RAW_DISCOVERY,existing local row has fixture identity and is not blocked,NO,NO
