date,fixture_datetime_utc,fixture_timestamp,league,league_id,season,fixture_id,status,home_team,home_team_id,away_team,away_team_id,country,fixture_status_short,fixture_status_long,fixture_status_elapsed,goals_home,goals_away,score_fulltime_home,score_fulltime_away,score_halftime_home,score_halftime_away,score_extratime_home,score_extratime_away,score_penalty_home,score_penalty_away,home_xg_for,home_xg_against,away_xg_for,away_xg_against,home_sot_for,away_sot_for,home_big_for,away_big_for,home_motivation,away_motivation,home_absences,away_absences,today_pipeline_fetched_at,league_coverage_class,league_has_odds_coverage,league_has_fixture_stats_coverage,league_has_injuries_coverage,league_has_lineups_coverage,league_has_predictions_coverage,league_coverage_rich_flag,league_data_reliability_score,league_coverage_source_status,league_coverage_note,home_recent_matches,away_recent_matches,home_form_pts,away_form_pts,home_goals_for_pg,away_goals_for_pg,home_goals_against_pg,away_goals_against_pg,home_scored_rate,away_scored_rate,home_clean_sheet_rate,away_clean_sheet_rate,home_btts_rate,away_btts_rate,home_over15_rate,away_over15_rate,home_over25_rate,away_over25_rate,home_stats_season_used,away_stats_season_used,data_enrichment_level,home_recent_stats_matches_requested,home_recent_stats_matches_used,home_recent_stats_coverage_ratio,home_recent_stats_available_flag,home_recent_shots_for_pg,home_recent_shots_against_pg,home_recent_sot_for_pg,home_recent_sot_against_pg,home_recent_possession_pct,home_recent_corners_for_pg,home_recent_corners_against_pg,home_recent_fouls_pg,home_recent_yellow_pg,home_recent_offsides_pg,home_recent_blocked_shots_pg,away_recent_stats_matches_requested,away_recent_stats_matches_used,away_recent_stats_coverage_ratio,away_recent_stats_available_flag,away_recent_shots_for_pg,away_recent_shots_against_pg,away_recent_sot_for_pg,away_recent_sot_against_pg,away_recent_possession_pct,away_recent_corners_for_pg,away_recent_corners_against_pg,away_recent_fouls_pg,away_recent_yellow_pg,away_recent_offsides_pg,away_recent_blocked_shots_pg,recent_stats_quality_flag,recent_fixture_statistics_updated_at,home_injuries_count,away_injuries_count,home_injuries_available_flag,away_injuries_available_flag,home_absence_risk_score,away_absence_risk_score,home_injuries_coverage_flag,away_injuries_coverage_flag,home_absence_severity_flag,away_absence_severity_flag,injuries_quality_flag,injuries_availability_updated_at,home_lineup_available_flag,away_lineup_available_flag,home_lineup_known_starters_count,away_lineup_known_starters_count,home_lineup_bench_known_flag,away_lineup_bench_known_flag,home_lineup_attacker_count,away_lineup_attacker_count,home_lineup_defender_count,away_lineup_defender_count,home_lineup_midfielder_count,away_lineup_midfielder_count,home_lineup_goalkeeper_known_flag,away_lineup_goalkeeper_known_flag,home_lineup_attack_continuity_score,away_lineup_attack_continuity_score,home_lineup_defense_continuity_score,away_lineup_defense_continuity_score,lineup_confirmation_score,lineup_uncertainty_penalty,lineup_activation_window_minutes,lineup_minutes_to_kickoff,lineup_timing_eligible_flag,lineup_structural_confidence_flag,home_lineup_quality_flag,away_lineup_quality_flag,lineup_quality_flag,lineup_activation_state,fixture_lineups_updated_at,home_rank,home_points,home_goals_diff,home_played,home_table_goals_for,home_table_goals_against,home_urgency_score,away_rank,away_points,away_goals_diff,away_played,away_table_goals_for,away_table_goals_against,away_urgency_score,league_team_count,standings_context_updated_at,odds_1_home_v3,odds_1_draw_v3,odds_1_away_v3,odds_btts_yes_v3,odds_btts_no_v3,odds_over_1_5_v3,odds_under_1_5_v3,odds_over_2_5_v3,odds_under_2_5_v3,odds_over_3_5_v3,odds_under_3_5_v3,odds_dc_1x_v3,odds_dc_x2_v3,odds_dc_12_v3,odds_home_dnb_v3,odds_away_dnb_v3,odds_bookmakers_count_v3,odds_market_count_v3,odds_values_count_v3,imp_1_home,imp_1_draw,imp_1_away,imp_btts_yes,imp_btts_no,imp_over_1_5,imp_under_1_5,imp_over_2_5,imp_under_2_5,imp_over_3_5,imp_under_3_5,imp_dc_1x,imp_dc_x2,imp_dc_12,imp_home_dnb,imp_away_dnb,odds_context_v3_updated_at,odds_context_v3_status,league_tier,league_tier_rank,league_filter_reason
2026-07-11,2026-07-11T15:00:00+01:00,1783778400,1. Deild,165,2026,1514229,NS,Völsungur,4166,Afturelding,3514,Iceland,NS,Not Started,,,,,,,,,,,,0.0,0.0,0.0,0.0,0.0,0.0,0.0,0.0,0.0,0.0,,,2026-07-11T09:39:32.201669+00:00,COVERAGE_UNKNOWN,,,,,,0,1.0,COVERAGE_NOT_LOADED,,,,,,,,,,,,,,,,,,,,,,,,,,,,,,,,,,,,,,,,,,,,,,,,,,,,,NONE,,,,,,,,,,,,,,,,,,,,,,,,,,,,,,,,,,,,,,,,,,,,,,,,,,,,,,,,,,,,,,,,,,,,,,,,,,,,,,,,,,,,,,,,,,,,,,,,REJECT,99,country_league_not_allowlisted
2026-07-11,2026-07-11T15:30:00+01:00,1783780200,1. Division,117,2026,1534362,NS,BATE II,23272,Lida,3387,Belarus,NS,Not Started,,,,,,,,,,,,0.0,0.0,0.0,0.0,0.0,0.0,0.0,0.0,0.0,0.0,,,2026-07-11T09:39:32.202136+00:00,COVERAGE_UNKNOWN,,,,,,0,1.0,COVERAGE_NOT_LOADED,,,,,,,,,,,,,,,,,,,,,,,,,,,,,,,,,,,,,,,,,,,,,,,,,,,,,NONE,,,,,,,,,,,,,,,,,,,,,,,,,,,,,,,,,,,,,,,,,,,,,,,,,,,,,,,,,,,,,,,,,,,,,,,,,,,,,,,,,,,,,,,,,,,,,,,,REJECT,99,country_league_not_allowlisted
2026-07-11,2026-07-11T13:30:00+01:00,1783773000,1. Division,117,2026,1534363,NS,Dinamo Minsk II,11266,FC Slutsk,379,Belarus,NS,Not Started,,,,,,,,,,,,0.0,0.0,0.0,0.0,0.0,0.0,0.0,0.0,0.0,0.0,,,2026-07-11T09:39:32.201310+00:00,COVERAGE_UNKNOWN,,,,,,0,1.0,COVERAGE_NOT_LOADED,,,,,,,,,,,,,,,,,,,,,,,,,,,,,,,,,,,,,,,,,,,,,,,,,,,,,NONE,,,,,,,,,,,,,,,,,,,,,,,,,,,,,,,,,,,,,,,,,,,,,,,,,,,,,,,,,,,,,,,,,,,,,,,,,,,,,,,,,,,,,,,,,,,,,,,,REJECT,99,country_league_not_allowlisted
2026-07-11,2026-07-11T14:30:00+01:00,1783776600,1. Division,117,2026,1534366,NS,Molodechno-DYuSSh 4,7798,Minsk II,11249,Belarus,NS,Not Started,,,,,,,,,,,,0.0,0.0,0.0,0.0,0.0,0.0,0.0,0.0,0.0,0.0,,,2026-07-11T09:39:32.201616+00:00,COVERAGE_UNKNOWN,,,,,,0,1.0,COVERAGE_NOT_LOADED,,,,,,,,,,,,,,,,,,,,,,,,,,,,,,,,,,,,,,,,,,,,,,,,,,,,,NONE,,,,,,,,,,,,,,,,,,,,,,,,,,,,,,,,,,,,,,,,,,,,,,,,,,,,,,,,,,,,,,,,,,,,,,,,,,,,,,,,,,,,,,,,,,,,,,,,REJECT,99,country_league_not_allowlisted
2026-07-11,2026-07-11T12:30:00+01:00,1783769400,1. Division,117,2026,1534367,NS,Orsha,3390,Smorgon,3393,Belarus,NS,Not Started,,,,,,,,,,,,0.0,0.0,0.0,0.0,0.0,0.0,0.0,0.0,0.0,0.0,,,2026-07-11T09:39:32.200877+00:00,COVERAGE_UNKNOWN,,,,,,0,1.0,COVERAGE_NOT_LOADED,,,,,,,,,,,,,,,,,,,,,,,,,,,,,,,,,,,,,,,,,,,,,,,,,,,,,NONE,,,,,,,,,,,,,,,,,,,,,,,,,,,,,,,,,,,,,,,,,,,,,,,,,,,,,,,,,,,,,,,,,,,,,,,,,,,,,,,,,,,,,,,,,,,,,,,,REJECT,99,country_league_not_allowlisted
2026-07-11,2026-07-11T17:30:00+01:00,1783787400,1. Division,117,2026,1534369,NS,Uni Minsk,18857,Osipovichy,4273,Belarus,NS,Not Started,,,,,,,,,,,,0.0,0.0,0.0,0.0,0.0,0.0,0.0,0.0,0.0,0.0,,,2026-07-11T09:39:32.202655+00:00,COVERAGE_UNKNOWN,,,,,,0,1.0,COVERAGE_NOT_LOADED,,,,,,,,,,,,,,,,,,,,,,,,,,,,,,,,,,,,,,,,,,,,,,,,,,,,,NONE,,,,,,,,,,,,,,,,,,,,,,,,,,,,,,,,,,,,,,,,,,,,,,,,,,,,,,,,,,,,,,,,,,,,,,,,,,,,,,,,,,,,,,,,,,,,,,,,REJECT,99,country_league_not_allowlisted
2026-07-11,2026-07-11T16:00:00+01:00,1783782000,1. Liga,364,2026,1529539,NS,Skanste,16835,JFK Ventspils,21202,Latvia,NS,Not Started,,,,,,,,,,,,0.0,0.0,0.0,0.0,0.0,0.0,0.0,0.0,0.0,0.0,,,2026-07-11T09:39:32.202172+00:00,COVERAGE_UNKNOWN,,,,,,0,1.0,COVERAGE_NOT_LOADED,,,,,,,,,,,,,,,,,,,,,,,,,,,,,,,,,,,,,,,,,,,,,,,,,,,,,NONE,,,,,,,,,,,,,,,,,,,,,,,,,,,,,,,,,,,,,,,,,,,,,,,,,,,,,,,,,,,,,,,,,,,,,,,,,,,,,,,,,,,,,,,,,,,,,,,,REJECT,99,country_league_not_allowlisted
2026-07-11,2026-07-11T17:00:00+01:00,1783785600,2. Deild,166,2026,1543421,NS,Selfoss,2115,Hvíti riddarinn,6085,Iceland,NS,Not Started,,,,,,,,,,,,0.0,0.0,0.0,0.0,0.0,0.0,0.0,0.0,0.0,0.0,,,2026-07-11T09:39:32.202404+00:00,COVERAGE_UNKNOWN,,,,,,0,1.0,COVERAGE_NOT_LOADED,,,,,,,,,,,,,,,,,,,,,,,,,,,,,,,,,,,,,,,,,,,,,,,,,,,,,NONE,,,,,,,,,,,,,,,,,,,,,,,,,,,,,,,,,,,,,,,,,,,,,,,,,,,,,,,,,,,,,,,,,,,,,,,,,,,,,,,,,,,,,,,,,,,,,,,,REJECT,99,country_league_not_allowlisted
2026-07-11,2026-07-11T17:00:00+01:00,1783785600,Azadegan League,291,2025,1554078,NS,Ario Eslamshahr,20801,Shenavarsazi Qeshm,22890,Iran,NS,Not Started,,,,,,,,,,,,0.0,0.0,0.0,0.0,0.0,0.0,0.0,0.0,0.0,0.0,,,2026-07-11T09:39:32.202435+00:00,COVERAGE_UNKNOWN,,,,,,0,1.0,COVERAGE_NOT_LOADED,,,,,,,,,,,,,,,,,,,,,,,,,,,,,,,,,,,,,,,,,,,,,,,,,,,,,NONE,,,,,,,,,,,,,,,,,,,,,,,,,,,,,,,,,,,,,,,,,,,,,,,,,,,,,,,,,,,,,,,,,,,,,,,,,,,,,,,,,,,,,,,,,,,,,,,,REJECT,99,country_league_not_allowlisted
2026-07-11,2026-07-11T17:00:00+01:00,1783785600,Azadegan League,291,2025,1554079,NS,Fard Alborz,25364,Nassaji Mazandaran,2719,Iran,NS,Not Started,,,,,,,,,,,,0.0,0.0,0.0,0.0,0.0,0.0,0.0,0.0,0.0,0.0,,,2026-07-11T09:39:32.202439+00:00,COVERAGE_UNKNOWN,,,,,,0,1.0,COVERAGE_NOT_LOADED,,,,,,,,,,,,,,,,,,,,,,,,,,,,,,,,,,,,,,,,,,,,,,,,,,,,,NONE,,,,,,,,,,,,,,,,,,,,,,,,,,,,,,,,,,,,,,,,,,,,,,,,,,,,,,,,,,,,,,,,,,,,,,,,,,,,,,,,,,,,,,,,,,,,,,,,REJECT,99,country_league_not_allowlisted
2026-07-11,2026-07-11T17:00:00+01:00,1783785600,Azadegan League,291,2025,1554080,NS,Havadar,15541,Naft Gachsaran,10399,Iran,NS,Not Started,,,,,,,,,,,,0.0,0.0,0.0,0.0,0.0,0.0,0.0,0.0,0.0,0.0,,,2026-07-11T09:39:32.202444+00:00,COVERAGE_UNKNOWN,,,,,,0,1.0,COVERAGE_NOT_LOADED,,,,,,,,,,,,,,,,,,,,,,,,,,,,,,,,,,,,,,,,,,,,,,,,,,,,,NONE,,,,,,,,,,,,,,,,,,,,,,,,,,,,,,,,,,,,,,,,,,,,,,,,,,,,,,,,,,,,,,,,,,,,,,,,,,,,,,,,,,,,,,,,,,,,,,,,REJECT,99,country_league_not_allowlisted
2026-07-11,2026-07-11T17:00:00+01:00,1783785600,Azadegan League,291,2025,1554081,NS,Mes Shahr-e Babak,10388,Mes Soongoun,22236,Iran,NS,Not Started,,,,,,,,,,,,0.0,0.0,0.0,0.0,0.0,0.0,0.0,0.0,0.0,0.0,,,2026-07-11T09:39:32.202560+00:00,COVERAGE_UNKNOWN,,,,,,0,1.0,COVERAGE_NOT_LOADED,,,,,,,,,,,,,,,,,,,,,,,,,,,,,,,,,,,,,,,,,,,,,,,,,,,,,NONE,,,,,,,,,,,,,,,,,,,,,,,,,,,,,,,,,,,,,,,,,,,,,,,,,,,,,,,,,,,,,,,,,,,,,,,,,,,,,,,,,,,,,,,,,,,,,,,,REJECT,99,country_league_not_allowlisted
2026-07-11,2026-07-11T17:00:00+01:00,1783785600,Azadegan League,291,2025,1554082,NS,Naft Bandar Abbas,24800,Be'sat Kermanshah,20802,Iran,NS,Not Started,,,,,,,,,,,,0.0,0.0,0.0,0.0,0.0,0.0,0.0,0.0,0.0,0.0,,,2026-07-11T09:39:32.202566+00:00,COVERAGE_UNKNOWN,,,,,,0,1.0,COVERAGE_NOT_LOADED,,,,,,,,,,,,,,,,,,,,,,,,,,,,,,,,,,,,,,,,,,,,,,,,,,,,,NONE,,,,,,,,,,,,,,,,,,,,,,,,,,,,,,,,,,,,,,,,,,,,,,,,,,,,,,,,,,,,,,,,,,,,,,,,,,,,,,,,,,,,,,,,,,,,,,,,REJECT,99,country_league_not_allowlisted
2026-07-11,2026-07-11T17:00:00+01:00,1783785600,Azadegan League,291,2025,1554083,NS,Navad Urmia,2726,Saipa,2736,Iran,NS,Not Started,,,,,,,,,,,,0.0,0.0,0.0,0.0,0.0,0.0,0.0,0.0,0.0,0.0,,,2026-07-11T09:39:32.202572+00:00,COVERAGE_UNKNOWN,,,,,,0,1.0,COVERAGE_NOT_LOADED,,,,,,,,,,,,,,,,,,,,,,,,,,,,,,,,,,,,,,,,,,,,,,,,,,,,,NONE,,,,,,,,,,,,,,,,,,,,,,,,,,,,,,,,,,,,,,,,,,,,,,,,,,,,,,,,,,,,,,,,,,,,,,,,,,,,,,,,,,,,,,,,,,,,,,,,REJECT,99,country_league_not_allowlisted
2026-07-11,2026-07-11T17:00:00+01:00,1783785600,Azadegan League,291,2025,1554084,NS,Pars Jonoubi JAM,2702,Damash Gilanian,7500,Iran,NS,Not Started,,,,,,,,,,,,0.0,0.0,0.0,0.0,0.0,0.0,0.0,0.0,0.0,0.0,,,2026-07-11T09:39:32.202577+00:00,COVERAGE_UNKNOWN,,,,,,0,1.0,COVERAGE_NOT_LOADED,,,,,,,,,,,,,,,,,,,,,,,,,,,,,,,,,,,,,,,,,,,,,,,,,,,,,NONE,,,,,,,,,,,,,,,,,,,,,,,,,,,,,,,,,,,,,,,,,,,,,,,,,,,,,,,,,,,,,,,,,,,,,,,,,,,,,,,,,,,,,,,,,,,,,,,,REJECT,99,country_league_not_allowlisted
2026-07-11,2026-07-11T17:00:00+01:00,1783785600,Azadegan League,291,2025,1554085,NS,Sanat Naft,2743,Mes Kerman,2718,Iran,NS,Not Started,,,,,,,,,,,,0.0,0.0,0.0,0.0,0.0,0.0,0.0,0.0,0.0,0.0,,,2026-07-11T09:39:32.202582+00:00,COVERAGE_UNKNOWN,,,,,,0,1.0,COVERAGE_NOT_LOADED,,,,,,,,,,,,,,,,,,,,,,,,,,,,,,,,,,,,,,,,,,,,,,,,,,,,,NONE,,,,,,,,,,,,,,,,,,,,,,,,,,,,,,,,,,,,,,,,,,,,,,,,,,,,,,,,,,,,,,,,,,,,,,,,,,,,,,,,,,,,,,,,,,,,,,,,REJECT,99,country_league_not_allowlisted
2026-07-11,2026-07-11T17:00:00+01:00,1783785600,Azadegan League,291,2025,1554086,NS,Shahrdari Noshahr,18302,Niroye Zamini,7502,Iran,NS,Not Started,,,,,,,,,,,,0.0,0.0,0.0,0.0,0.0,0.0,0.0,0.0,0.0,0.0,,,2026-07-11T09:39:32.202587+00:00,COVERAGE_UNKNOWN,,,,,,0,1.0,COVERAGE_NOT_LOADED,,,,,,,,,,,,,,,,,,,,,,,,,,,,,,,,,,,,,,,,,,,,,,,,,,,,,NONE,,,,,,,,,,,,,,,,,,,,,,,,,,,,,,,,,,,,,,,,,,,,,,,,,,,,,,,,,,,,,,,,,,,,,,,,,,,,,,,,,,,,,,,,,,,,,,,,REJECT,99,country_league_not_allowlisted
2026-07-11,2026-07-11T20:00:00+01:00,1783796400,Baiano - 2,613,2026,1582677,NS,Barreiras FC,27726,SSA,23592,Brazil,NS,Not Started,,,,,,,,,,,,0.0,0.0,0.0,0.0,0.0,0.0,0.0,0.0,0.0,0.0,,,2026-07-11T09:39:32.203032+00:00,COVERAGE_UNKNOWN,,,,,,0,1.0,COVERAGE_NOT_LOADED,,,,,,,,,,,,,,,,,,,,,,,,,,,,,,,,,,,,,,,,,,,,,,,,,,,,,NONE,,,,,,,,,,,,,,,,,,,,,,,,,,,,,,,,,,,,,,,,,,,,,,,,,,,,,,,,,,,,,,,,,,,,,,,,,,,,,,,,,,,,,,,,,,,,,,,,REJECT,99,country_league_not_allowlisted
2026-07-11,2026-07-11T19:00:00+01:00,1783792800,Capixaba B,1147,2027,1548246,NS,Tupy,25011,Pinheiros,15608,Brazil,NS,Not Started,,,,,,,,,,,,0.0,0.0,0.0,0.0,0.0,0.0,0.0,0.0,0.0,0.0,,,2026-07-11T09:39:32.202831+00:00,COVERAGE_UNKNOWN,,,,,,0,1.0,COVERAGE_NOT_LOADED,,,,,,,,,,,,,,,,,,,,,,,,,,,,,,,,,,,,,,,,,,,,,,,,,,,,,NONE,,,,,,,,,,,,,,,,,,,,,,,,,,,,,,,,,,,,,,,,,,,,,,,,,,,,,,,,,,,,,,,,,,,,,,,,,,,,,,,,,,,,,,,,,,,,,,,,REJECT,99,country_league_not_allowlisted
2026-07-11,2026-07-11T19:00:00+01:00,1783792800,Catarinense - 2,936,2026,1541997,NS,Blumenau,19635,Hercílio Luz,7828,Brazil,NS,Not Started,,,,,,,,,,,,0.0,0.0,0.0,0.0,0.0,0.0,0.0,0.0,0.0,0.0,,,2026-07-11T09:39:32.202826+00:00,COVERAGE_UNKNOWN,,,,,,0,1.0,COVERAGE_NOT_LOADED,,,,,,,,,,,,,,,,,,,,,,,,,,,,,,,,,,,,,,,,,,,,,,,,,,,,,NONE,,,,,,,,,,,,,,,,,,,,,,,,,,,,,,,,,,,,,,,,,,,,,,,,,,,,,,,,,,,,,,,,,,,,,,,,,,,,,,,,,,,,,,,,,,,,,,,,REJECT,99,country_league_not_allowlisted
2026-07-11,2026-07-11T22:30:00+01:00,1783805400,Copa Chile,267,2026,1567338,NS,Deportes Copiapo,2343,Everton de Vina,2325,Chile,NS,Not Started,,,,,,,,,,,,0.0,0.0,0.0,0.0,0.0,0.0,0.0,0.0,0.0,0.0,,,2026-07-11T09:39:32.203129+00:00,COVERAGE_UNKNOWN,,,,,,0,1.0,COVERAGE_NOT_LOADED,,,,,,,,,,,,,,,,,,,,,,,,,,,,,,,,,,,,,,,,,,,,,,,,,,,,,NONE,,,,,,,,,,,,,,,,,,,,,,,,,,,,,,,,,,,,,,,,,,,,,,,,,,,,,,,,,,,,,,,,,,,,,,,,,,,,,,,,,,,,,,,,,,,,,,,,REJECT,99,country_league_not_allowlisted
2026-07-11,2026-07-11T20:00:00+01:00,1783796400,Copa Chile,267,2026,1567336,NS,Magallanes,2336,A. Italiano,2329,Chile,NS,Not Started,,,,,,,,,,,,0.0,0.0,0.0,0.0,0.0,0.0,0.0,0.0,0.0,0.0,,,2026-07-11T09:39:32.203016+00:00,COVERAGE_UNKNOWN,,,,,,0,1.0,COVERAGE_NOT_LOADED,,,,,,,,,,,,,,,,,,,,,,,,,,,,,,,,,,,,,,,,,,,,,,,,,,,,,NONE,,,,,,,,,,,,,,,,,,,,,,,,,,,,,,,,,,,,,,,,,,,,,,,,,,,,,,,,,,,,,,,,,,,,,,,,,,,,,,,,,,,,,,,,,,,,,,,,REJECT,99,country_league_not_allowlisted
2026-07-11,2026-07-11T20:00:00+01:00,1783796400,Copa Chile,267,2026,1567337,NS,Palestino,2318,Deportes Santa Cruz,2346,Chile,NS,Not Started,,,,,,,,,,,,0.0,0.0,0.0,0.0,0.0,0.0,0.0,0.0,0.0,0.0,,,2026-07-11T09:39:32.203021+00:00,COVERAGE_UNKNOWN,,,,,,0,1.0,COVERAGE_NOT_LOADED,,,,,,,,,,,,,,,,,,,,,,,,,,,,,,,,,,,,,,,,,,,,,,,,,,,,,NONE,,,,,,,,,,,,,,,,,,,,,,,,,,,,,,,,,,,,,,,,,,,,,,,,,,,,,,,,,,,,,,,,,,,,,,,,,,,,,,,,,,,,,,,,,,,,,,,,REJECT,99,country_league_not_allowlisted
2026-07-11,2026-07-11T22:30:00+01:00,1783805400,Copa Chile,267,2026,1567339,NS,San Luis,2322,U. Catolica,2994,Chile,NS,Not Started,,,,,,,,,,,,0.0,0.0,0.0,0.0,0.0,0.0,0.0,0.0,0.0,0.0,,,2026-07-11T09:39:32.203134+00:00,COVERAGE_UNKNOWN,,,,,,0,1.0,COVERAGE_NOT_LOADED,,,,,,,,,,,,,,,,,,,,,,,,,,,,,,,,,,,,,,,,,,,,,,,,,,,,,NONE,,,,,,,,,,,,,,,,,,,,,,,,,,,,,,,,,,,,,,,,,,,,,,,,,,,,,,,,,,,,,,,,,,,,,,,,,,,,,,,,,,,,,,,,,,,,,,,,REJECT,99,country_league_not_allowlisted
2026-07-11,2026-07-11T19:00:00+01:00,1783792800,Copa De La Liga,1232,2026,1568107,NS,Sport Huancayo,2555,Club Deportivo Los Chankas,2572,Peru,NS,Not Started,,,,,,,,,,,,0.0,0.0,0.0,0.0,0.0,0.0,0.0,0.0,0.0,0.0,,,2026-07-11T09:39:32.202856+00:00,COVERAGE_UNKNOWN,,,,,,0,1.0,COVERAGE_NOT_LOADED,,,,,,,,,,,,,,,,,,,,,,,,,,,,,,,,,,,,,,,,,,,,,,,,,,,,,NONE,,,,,,,,,,,,,,,,,,,,,,,,,,,,,,,,,,,,,,,,,,,,,,,,,,,,,,,,,,,,,,,,,,,,,,,,,,,,,,,,,,,,,,,,,,,,,,,,REJECT,99,country_league_not_allowlisted
2026-07-11,2026-07-11T21:30:00+01:00,1783801800,Copa De La Liga,1232,2026,1568108,NS,Sporting Cristal,2546,Bentín Tacna Heroica,22462,Peru,NS,Not Started,,,,,,,,,,,,0.0,0.0,0.0,0.0,0.0,0.0,0.0,0.0,0.0,0.0,,,2026-07-11T09:39:32.203099+00:00,COVERAGE_UNKNOWN,,,,,,0,1.0,COVERAGE_NOT_LOADED,,,,,,,,,,,,,,,,,,,,,,,,,,,,,,,,,,,,,,,,,,,,,,,,,,,,,NONE,,,,,,,,,,,,,,,,,,,,,,,,,,,,,,,,,,,,,,,,,,,,,,,,,,,,,,,,,,,,,,,,,,,,,,,,,,,,,,,,,,,,,,,,,,,,,,,,REJECT,99,country_league_not_allowlisted
2026-07-11,2026-07-11T16:00:00+01:00,1783782000,Cup,658,2026,1567365,NS,Auda,4135,FK Liepaja,661,Latvia,NS,Not Started,,,,,,,,,,,,0.0,0.0,0.0,0.0,0.0,0.0,0.0,0.0,0.0,0.0,,,2026-07-11T09:39:32.202289+00:00,COVERAGE_UNKNOWN,,,,,,0,1.0,COVERAGE_NOT_LOADED,,,,,,,,,,,,,,,,,,,,,,,,,,,,,,,,,,,,,,,,,,,,,,,,,,,,,NONE,,,,,,,,,,,,,,,,,,,,,,,,,,,,,,,,,,,,,,,,,,,,,,,,,,,,,,,,,,,,,,,,,,,,,,,,,,,,,,,,,,,,,,,,,,,,,,,,REJECT,99,country_league_not_allowlisted
2026-07-11,2026-07-11T16:00:00+01:00,1783782000,Cup,658,2026,1567368,NS,Riga Mariners,25785,BFC Daugavpils,4149,Latvia,NS,Not Started,,,,,,,,,,,,0.0,0.0,0.0,0.0,0.0,0.0,0.0,0.0,0.0,0.0,,,2026-07-11T09:39:32.202294+00:00,COVERAGE_UNKNOWN,,,,,,0,1.0,COVERAGE_NOT_LOADED,,,,,,,,,,,,,,,,,,,,,,,,,,,,,,,,,,,,,,,,,,,,,,,,,,,,,NONE,,,,,,,,,,,,,,,,,,,,,,,,,,,,,,,,,,,,,,,,,,,,,,,,,,,,,,,,,,,,,,,,,,,,,,,,,,,,,,,,,,,,,,,,,,,,,,,,REJECT,99,country_league_not_allowlisted
2026-07-11,2026-07-11T16:00:00+01:00,1783782000,Cup,658,2026,1567369,NS,Tukums,4144,Super Nova,4143,Latvia,NS,Not Started,,,,,,,,,,,,0.0,0.0,0.0,0.0,0.0,0.0,0.0,0.0,0.0,0.0,,,2026-07-11T09:39:32.202300+00:00,COVERAGE_UNKNOWN,,,,,,0,1.0,COVERAGE_NOT_LOADED,,,,,,,,,,,,,,,,,,,,,,,,,,,,,,,,,,,,,,,,,,,,,,,,,,,,,NONE,,,,,,,,,,,,,,,,,,,,,,,,,,,,,,,,,,,,,,,,,,,,,,,,,,,,,,,,,,,,,,,,,,,,,,,,,,,,,,,,,,,,,,,,,,,,,,,,REJECT,99,country_league_not_allowlisted
2026-07-11,2026-07-11T14:00:00+01:00,1783774800,Division Intermedia,251,2026,1582685,NS,3 de Noviembre,21374,Deportivo Santani,1189,Paraguay,NS,Not Started,,,,,,,,,,,,0.0,0.0,0.0,0.0,0.0,0.0,0.0,0.0,0.0,0.0,,,2026-07-11T09:39:32.201586+00:00,COVERAGE_UNKNOWN,,,,,,0,1.0,COVERAGE_NOT_LOADED,,,,,,,,,,,,,,,,,,,,,,,,,,,,,,,,,,,,,,,,,,,,,,,,,,,,,NONE,,,,,,,,,,,,,,,,,,,,,,,,,,,,,,,,,,,,,,,,,,,,,,,,,,,,,,,,,,,,,,,,,,,,,,,,,,,,,,,,,,,,,,,,,,,,,,,,REJECT,99,country_league_not_allowlisted
2026-07-11,2026-07-11T19:00:00+01:00,1783792800,Division Intermedia,251,2026,1582686,NS,General Caballero,1181,Encarnación,23155,Paraguay,NS,Not Started,,,,,,,,,,,,0.0,0.0,0.0,0.0,0.0,0.0,0.0,0.0,0.0,0.0,,,2026-07-11T09:39:32.202909+00:00,COVERAGE_UNKNOWN,,,,,,0,1.0,COVERAGE_NOT_LOADED,,,,,,,,,,,,,,,,,,,,,,,,,,,,,,,,,,,,,,,,,,,,,,,,,,,,,NONE,,,,,,,,,,,,,,,,,,,,,,,,,,,,,,,,,,,,,,,,,,,,,,,,,,,,,,,,,,,,,,,,,,,,,,,,,,,,,,,,,,,,,,,,,,,,,,,,REJECT,99,country_league_not_allowlisted
2026-07-11,2026-07-11T17:00:00+01:00,1783785600,Esiliiga A,328,2026,1519592,NS,FC Tallinn,14287,Elva,3516,Estonia,NS,Not Started,,,,,,,,,,,,0.0,0.0,0.0,0.0,0.0,0.0,0.0,0.0,0.0,0.0,,,2026-07-11T09:39:32.202378+00:00,COVERAGE_UNKNOWN,,,,,,0,1.0,COVERAGE_NOT_LOADED,,,,,,,,,,,,,,,,,,,,,,,,,,,,,,,,,,,,,,,,,,,,,,,,,,,,,NONE,,,,,,,,,,,,,,,,,,,,,,,,,,,,,,,,,,,,,,,,,,,,,,,,,,,,,,,,,,,,,,,,,,,,,,,,,,,,,,,,,,,,,,,,,,,,,,,,REJECT,99,country_league_not_allowlisted
2026-07-11,2026-07-11T17:00:00+01:00,1783785600,Esiliiga A,328,2026,1519593,NS,FCI Levadia II,3517,Tallinna Kalev,3529,Estonia,NS,Not Started,,,,,,,,,,,,0.0,0.0,0.0,0.0,0.0,0.0,0.0,0.0,0.0,0.0,,,2026-07-11T09:39:32.202384+00:00,COVERAGE_UNKNOWN,,,,,,0,1.0,COVERAGE_NOT_LOADED,,,,,,,,,,,,,,,,,,,,,,,,,,,,,,,,,,,,,,,,,,,,,,,,,,,,,NONE,,,,,,,,,,,,,,,,,,,,,,,,,,,,,,,,,,,,,,,,,,,,,,,,,,,,,,,,,,,,,,,,,,,,,,,,,,,,,,,,,,,,,,,,,,,,,,,,REJECT,99,country_league_not_allowlisted
2026-07-11,2026-07-11T17:00:00+01:00,1783785600,Esiliiga A,328,2026,1519594,NS,Viimsi,14340,Nõmme Kalju II,13826,Estonia,NS,Not Started,,,,,,,,,,,,0.0,0.0,0.0,0.0,0.0,0.0,0.0,0.0,0.0,0.0,,,2026-07-11T09:39:32.202388+00:00,COVERAGE_UNKNOWN,,,,,,0,1.0,COVERAGE_NOT_LOADED,,,,,,,,,,,,,,,,,,,,,,,,,,,,,,,,,,,,,,,,,,,,,,,,,,,,,NONE,,,,,,,,,,,,,,,,,,,,,,,,,,,,,,,,,,,,,,,,,,,,,,,,,,,,,,,,,,,,,,,,,,,,,,,,,,,,,,,,,,,,,,,,,,,,,,,,REJECT,99,country_league_not_allowlisted
2026-07-11,2026-07-11T17:00:00+01:00,1783785600,Esiliiga B,1126,2026,1521639,NS,JK Tabasalu,16718,Tulevik,3531,Estonia,NS,Not Started,,,,,,,,,,,,0.0,0.0,0.0,0.0,0.0,0.0,0.0,0.0,0.0,0.0,,,2026-07-11T09:39:32.202394+00:00,COVERAGE_UNKNOWN,,,,,,0,1.0,COVERAGE_NOT_LOADED,,,,,,,,,,,,,,,,,,,,,,,,,,,,,,,,,,,,,,,,,,,,,,,,,,,,,NONE,,,,,,,,,,,,,,,,,,,,,,,,,,,,,,,,,,,,,,,,,,,,,,,,,,,,,,,,,,,,,,,,,,,,,,,,,,,,,,,,,,,,,,,,,,,,,,,,REJECT,99,country_league_not_allowlisted
2026-07-11,2026-07-11T13:00:00+01:00,1783771200,First League,236,2026,1563072,NS,FC UFA,1078,Leningradets,6811,Russia,NS,Not Started,,,,,,,,,,,,0.0,0.0,0.0,0.0,0.0,0.0,0.0,0.0,0.0,0.0,,,2026-07-11T09:39:32.201167+00:00,COVERAGE_UNKNOWN,,,,,,0,1.0,COVERAGE_NOT_LOADED,,,,,,,,,,,,,,,,,,,,,,,,,,,,,,,,,,,,,,,,,,,,,,,,,,,,,NONE,,,,,,,,,,,,,,,,,,,,,,,,,,,,,,,,,,,,,,,,,,,,,,,,,,,,,,,,,,,,,,,,,,,,,,,,,,,,,,,,,,,,,,,,,,,,,,,,REJECT,99,country_league_not_allowlisted
2026-07-11,2026-07-11T16:00:00+01:00,1783782000,First League,236,2026,1563068,NS,FK Neftekhimik,2001,Veles,6833,Russia,NS,Not Started,,,,,,,,,,,,0.0,0.0,0.0,0.0,0.0,0.0,0.0,0.0,0.0,0.0,,,2026-07-11T09:39:32.202283+00:00,COVERAGE_UNKNOWN,,,,,,0,1.0,COVERAGE_NOT_LOADED,,,,,,,,,,,,,,,,,,,,,,,,,,,,,,,,,,,,,,,,,,,,,,,,,,,,,NONE,,,,,,,,,,,,,,,,,,,,,,,,,,,,,,,,,,,,,,,,,,,,,,,,,,,,,,,,,,,,,,,,,,,,,,,,,,,,,,,,,,,,,,,,,,,,,,,,REJECT,99,country_league_not_allowlisted
2026-07-11,2026-07-11T14:00:00+01:00,1783774800,First League,236,2026,1563073,NS,Volga Ulyanovsk,6834,Enisey,1089,Russia,NS,Not Started,,,,,,,,,,,,0.0,0.0,0.0,0.0,0.0,0.0,0.0,0.0,0.0,0.0,,,2026-07-11T09:39:32.201529+00:00,COVERAGE_UNKNOWN,,,,,,0,1.0,COVERAGE_NOT_LOADED,,,,,,,,,,,,,,,,,,,,,,,,,,,,,,,,,,,,,,,,,,,,,,,,,,,,,NONE,,,,,,,,,,,,,,,,,,,,,,,,,,,,,,,,,,,,,,,,,,,,,,,,,,,,,,,,,,,,,,,,,,,,,,,,,,,,,,,,,,,,,,,,,,,,,,,,REJECT,99,country_league_not_allowlisted
2026-07-11,2026-07-11T11:30:00+01:00,1783765800,K League 2,293,2026,1510373,NS,Ansan Greeners,2758,Suwon Bluewings,2765,South-Korea,NS,Not Started,,,,,,,,,,,,0.0,0.0,0.0,0.0,0.0,0.0,0.0,0.0,0.0,0.0,,,2026-07-11T09:39:32.200623+00:00,COVERAGE_UNKNOWN,,,,,,0,1.0,COVERAGE_NOT_LOADED,,,,,,,,,,,,,,,,,,,,,,,,,,,,,,,,,,,,,,,,,,,,,,,,,,,,,NONE,,,,,,,,,,,,,,,,,,,,,,,,,,,,,,,,,,,,,,,,,,,,,,,,,,,,,,,,,,,,,,,,,,,,,,,,,,,,,,,,,,,,,,,,,,,,,,,,REJECT,99,country_league_not_allowlisted
2026-07-11,2026-07-11T11:30:00+01:00,1783765800,K League 2,293,2026,1510374,NS,Daegu FC,2747,Seongnam FC,2757,South-Korea,NS,Not Started,,,,,,,,,,,,0.0,0.0,0.0,0.0,0.0,0.0,0.0,0.0,0.0,0.0,,,2026-07-11T09:39:32.200629+00:00,COVERAGE_UNKNOWN,,,,,,0,1.0,COVERAGE_NOT_LOADED,,,,,,,,,,,,,,,,,,,,,,,,,,,,,,,,,,,,,,,,,,,,,,,,,,,,,NONE,,,,,,,,,,,,,,,,,,,,,,,,,,,,,,,,,,,,,,,,,,,,,,,,,,,,,,,,,,,,,,,,,,,,,,,,,,,,,,,,,,,,,,,,,,,,,,,,REJECT,99,country_league_not_allowlisted
2026-07-11,2026-07-11T11:30:00+01:00,1783765800,K League 2,293,2026,1510375,NS,Hwaseong,7087,Paju Citizen,7098,South-Korea,NS,Not Started,,,,,,,,,,,,0.0,0.0,0.0,0.0,0.0,0.0,0.0,0.0,0.0,0.0,,,2026-07-11T09:39:32.200634+00:00,COVERAGE_UNKNOWN,,,,,,0,1.0,COVERAGE_NOT_LOADED,,,,,,,,,,,,,,,,,,,,,,,,,,,,,,,,,,,,,,,,,,,,,,,,,,,,,NONE,,,,,,,,,,,,,,,,,,,,,,,,,,,,,,,,,,,,,,,,,,,,,,,,,,,,,,,,,,,,,,,,,,,,,,,,,,,,,,,,,,,,,,,,,,,,,,,,REJECT,99,country_league_not_allowlisted
2026-07-11,2026-07-11T11:30:00+01:00,1783765800,K League 2,293,2026,1510376,NS,Yongin City,9171,Cheongju,7061,South-Korea,NS,Not Started,,,,,,,,,,,,0.0,0.0,0.0,0.0,0.0,0.0,0.0,0.0,0.0,0.0,,,2026-07-11T09:39:32.200639+00:00,COVERAGE_UNKNOWN,,,,,,0,1.0,COVERAGE_NOT_LOADED,,,,,,,,,,,,,,,,,,,,,,,,,,,,,,,,,,,,,,,,,,,,,,,,,,,,,NONE,,,,,,,,,,,,,,,,,,,,,,,,,,,,,,,,,,,,,,,,,,,,,,,,,,,,,,,,,,,,,,,,,,,,,,,,,,,,,,,,,,,,,,,,,,,,,,,,REJECT,99,country_league_not_allowlisted
2026-07-11,2026-07-11T11:00:00+01:00,1783764000,K3 League,295,2026,1520521,NS,Daejeon Korail,7068,Gyeongju HNP,7083,South-Korea,NS,Not Started,,,,,,,,,,,,0.0,0.0,0.0,0.0,0.0,0.0,0.0,0.0,0.0,0.0,,,2026-07-11T09:39:32.200483+00:00,COVERAGE_UNKNOWN,,,,,,0,1.0,COVERAGE_NOT_LOADED,,,,,,,,,,,,,,,,,,,,,,,,,,,,,,,,,,,,,,,,,,,,,,,,,,,,,NONE,,,,,,,,,,,,,,,,,,,,,,,,,,,,,,,,,,,,,,,,,,,,,,,,,,,,,,,,,,,,,,,,,,,,,,,,,,,,,,,,,,,,,,,,,,,,,,,,REJECT,99,country_league_not_allowlisted
2026-07-11,2026-07-11T11:00:00+01:00,1783764000,K3 League,295,2026,1520522,NS,Mokpo City,7096,Gangneung City,7075,South-Korea,NS,Not Started,,,,,,,,,,,,0.0,0.0,0.0,0.0,0.0,0.0,0.0,0.0,0.0,0.0,,,2026-07-11T09:39:32.200488+00:00,COVERAGE_UNKNOWN,,,,,,0,1.0,COVERAGE_NOT_LOADED,,,,,,,,,,,,,,,,,,,,,,,,,,,,,,,,,,,,,,,,,,,,,,,,,,,,,NONE,,,,,,,,,,,,,,,,,,,,,,,,,,,,,,,,,,,,,,,,,,,,,,,,,,,,,,,,,,,,,,,,,,,,,,,,,,,,,,,,,,,,,,,,,,,,,,,,REJECT,99,country_league_not_allowlisted
2026-07-11,2026-07-11T11:00:00+01:00,1783764000,K4 League,1234,2026,1569813,NS,Sejong SA,25720,Jincheon,27863,South-Korea,NS,Not Started,,,,,,,,,,,,0.0,0.0,0.0,0.0,0.0,0.0,0.0,0.0,0.0,0.0,,,2026-07-11T09:39:32.200567+00:00,COVERAGE_UNKNOWN,,,,,,0,1.0,COVERAGE_NOT_LOADED,,,,,,,,,,,,,,,,,,,,,,,,,,,,,,,,,,,,,,,,,,,,,,,,,,,,,NONE,,,,,,,,,,,,,,,,,,,,,,,,,,,,,,,,,,,,,,,,,,,,,,,,,,,,,,,,,,,,,,,,,,,,,,,,,,,,,,,,,,,,,,,,,,,,,,,,REJECT,99,country_league_not_allowlisted
2026-07-11,2026-07-11T15:00:00+01:00,1783778400,Kakkonen - Lohko A,247,2026,1541636,NS,MyPa,2243,Union Plaani,18667,Finland,NS,Not Started,,,,,,,,,,,,0.0,0.0,0.0,0.0,0.0,0.0,0.0,0.0,0.0,0.0,,,2026-07-11T09:39:32.201709+00:00,COVERAGE_UNKNOWN,,,,,,0,1.0,COVERAGE_NOT_LOADED,,,,,,,,,,,,,,,,,,,,,,,,,,,,,,,,,,,,,,,,,,,,,,,,,,,,,NONE,,,,,,,,,,,,,,,,,,,,,,,,,,,,,,,,,,,,,,,,,,,,,,,,,,,,,,,,,,,,,,,,,,,,,,,,,,,,,,,,,,,,,,,,,,,,,,,,REJECT,99,country_league_not_allowlisted
2026-07-11,2026-07-11T15:00:00+01:00,1783778400,Kakkonen - Lohko A,247,2026,1541637,NS,PEPO,9178,HPS,13517,Finland,NS,Not Started,,,,,,,,,,,,0.0,0.0,0.0,0.0,0.0,0.0,0.0,0.0,0.0,0.0,,,2026-07-11T09:39:32.201714+00:00,COVERAGE_UNKNOWN,,,,,,0,1.0,COVERAGE_NOT_LOADED,,,,,,,,,,,,,,,,,,,,,,,,,,,,,,,,,,,,,,,,,,,,,,,,,,,,,NONE,,,,,,,,,,,,,,,,,,,,,,,,,,,,,,,,,,,,,,,,,,,,,,,,,,,,,,,,,,,,,,,,,,,,,,,,,,,,,,,,,,,,,,,,,,,,,,,,REJECT,99,country_league_not_allowlisted
2026-07-11,2026-07-11T15:00:00+01:00,1783778400,Kakkonen - Lohko A,247,2026,1541638,NS,PuiU Helsinki,18596,PPJ,13508,Finland,NS,Not Started,,,,,,,,,,,,0.0,0.0,0.0,0.0,0.0,0.0,0.0,0.0,0.0,0.0,,,2026-07-11T09:39:32.201720+00:00,COVERAGE_UNKNOWN,,,,,,0,1.0,COVERAGE_NOT_LOADED,,,,,,,,,,,,,,,,,,,,,,,,,,,,,,,,,,,,,,,,,,,,,,,,,,,,,NONE,,,,,,,,,,,,,,,,,,,,,,,,,,,,,,,,,,,,,,,,,,,,,,,,,,,,,,,,,,,,,,,,,,,,,,,,,,,,,,,,,,,,,,,,,,,,,,,,REJECT,99,country_league_not_allowlisted
2026-07-11,2026-07-11T15:00:00+01:00,1783778400,Kakkonen - Lohko B,248,2026,1541523,NS,EPS,9182,P-Iirot,9188,Finland,NS,Not Started,,,,,,,,,,,,0.0,0.0,0.0,0.0,0.0,0.0,0.0,0.0,0.0,0.0,,,2026-07-11T09:39:32.201700+00:00,COVERAGE_UNKNOWN,,,,,,0,1.0,COVERAGE_NOT_LOADED,,,,,,,,,,,,,,,,,,,,,,,,,,,,,,,,,,,,,,,,,,,,,,,,,,,,,NONE,,,,,,,,,,,,,,,,,,,,,,,,,,,,,,,,,,,,,,,,,,,,,,,,,,,,,,,,,,,,,,,,,,,,,,,,,,,,,,,,,,,,,,,,,,,,,,,,REJECT,99,country_league_not_allowlisted
2026-07-11,2026-07-11T15:00:00+01:00,1783778400,Kakkonen - Lohko B,248,2026,1541524,NS,NJS,9177,EBK,13552,Finland,NS,Not Started,,,,,,,,,,,,0.0,0.0,0.0,0.0,0.0,0.0,0.0,0.0,0.0,0.0,,,2026-07-11T09:39:32.201704+00:00,COVERAGE_UNKNOWN,,,,,,0,1.0,COVERAGE_NOT_LOADED,,,,,,,,,,,,,,,,,,,,,,,,,,,,,,,,,,,,,,,,,,,,,,,,,,,,,NONE,,,,,,,,,,,,,,,,,,,,,,,,,,,,,,,,,,,,,,,,,,,,,,,,,,,,,,,,,,,,,,,,,,,,,,,,,,,,,,,,,,,,,,,,,,,,,,,,REJECT,99,country_league_not_allowlisted
2026-07-11,2026-07-11T14:00:00+01:00,1783774800,Kakkonen - Lohko C,249,2026,1541712,NS,Huima / Urho,22980,JS Hercules,6073,Finland,NS,Not Started,,,,,,,,,,,,0.0,0.0,0.0,0.0,0.0,0.0,0.0,0.0,0.0,0.0,,,2026-07-11T09:39:32.201393+00:00,COVERAGE_UNKNOWN,,,,,,0,1.0,COVERAGE_NOT_LOADED,,,,,,,,,,,,,,,,,,,,,,,,,,,,,,,,,,,,,,,,,,,,,,,,,,,,,NONE,,,,,,,,,,,,,,,,,,,,,,,,,,,,,,,,,,,,,,,,,,,,,,,,,,,,,,,,,,,,,,,,,,,,,,,,,,,,,,,,,,,,,,,,,,,,,,,,REJECT,99,country_league_not_allowlisted
2026-07-11,2026-07-11T15:00:00+01:00,1783778400,League Cup,185,2026,1548104,NS,Annan Athletic,6757,Ross County,902,Scotland,NS,Not Started,,,,,,,,,,,,0.0,0.0,0.0,0.0,0.0,0.0,0.0,0.0,0.0,0.0,,,2026-07-11T09:39:32.201803+00:00,COVERAGE_UNKNOWN,,,,,,0,1.0,COVERAGE_NOT_LOADED,,,,,,,,,,,,,,,,,,,,,,,,,,,,,,,,,,,,,,,,,,,,,,,,,,,,,NONE,,,,,,,,,,,,,,,,,,,,,,,,,,,,,,,,,,,,,,,,,,,,,,,,,,,,,,,,,,,,,,,,,,,,,,,,,,,,,,,,,,,,,,,,,,,,,,,,REJECT,99,country_league_not_allowlisted
2026-07-11,2026-07-11T15:00:00+01:00,1783778400,League Cup,185,2026,1548105,NS,Dumbarton,1382,ST Mirren,251,Scotland,NS,Not Started,,,,,,,,,,,,0.0,0.0,0.0,0.0,0.0,0.0,0.0,0.0,0.0,0.0,,,2026-07-11T09:39:32.201808+00:00,COVERAGE_UNKNOWN,,,,,,0,1.0,COVERAGE_NOT_LOADED,,,,,,,,,,,,,,,,,,,,,,,,,,,,,,,,,,,,,,,,,,,,,,,,,,,,,NONE,,,,,,,,,,,,,,,,,,,,,,,,,,,,,,,,,,,,,,,,,,,,,,,,,,,,,,,,,,,,,,,,,,,,,,,,,,,,,,,,,,,,,,,,,,,,,,,,REJECT,99,country_league_not_allowlisted
2026-07-11,2026-07-11T15:00:00+01:00,1783778400,League Cup,185,2026,1548106,NS,Dundee,253,Airdrie United,4668,Scotland,NS,Not Started,,,,,,,,,,,,0.0,0.0,0.0,0.0,0.0,0.0,0.0,0.0,0.0,0.0,,,2026-07-11T09:39:32.201813+00:00,COVERAGE_UNKNOWN,,,,,,0,1.0,COVERAGE_NOT_LOADED,,,,,,,,,,,,,,,,,,,,,,,,,,,,,,,,,,,,,,,,,,,,,,,,,,,,,NONE,,,,,,,,,,,,,,,,,,,,,,,,,,,,,,,,,,,,,,,,,,,,,,,,,,,,,,,,,,,,,,,,,,,,,,,,,,,,,,,,,,,,,,,,,,,,,,,,REJECT,99,country_league_not_allowlisted
2026-07-11,2026-07-11T15:00:00+01:00,1783778400,League Cup,185,2026,1548107,NS,East Kilbride,6765,Dunfermline,1388,Scotland,NS,Not Started,,,,,,,,,,,,0.0,0.0,0.0,0.0,0.0,0.0,0.0,0.0,0.0,0.0,,,2026-07-11T09:39:32.201817+00:00,COVERAGE_UNKNOWN,,,,,,0,1.0,COVERAGE_NOT_LOADED,,,,,,,,,,,,,,,,,,,,,,,,,,,,,,,,,,,,,,,,,,,,,,,,,,,,,NONE,,,,,,,,,,,,,,,,,,,,,,,,,,,,,,,,,,,,,,,,,,,,,,,,,,,,,,,,,,,,,,,,,,,,,,,,,,,,,,,,,,,,,,,,,,,,,,,,REJECT,99,country_league_not_allowlisted
2026-07-11,2026-07-11T15:00:00+01:00,1783778400,League Cup,185,2026,1548108,NS,Edinburgh City,6766,Falkirk,1389,Scotland,NS,Not Started,,,,,,,,,,,,0.0,0.0,0.0,0.0,0.0,0.0,0.0,0.0,0.0,0.0,,,2026-07-11T09:39:32.201822+00:00,COVERAGE_UNKNOWN,,,,,,0,1.0,COVERAGE_NOT_LOADED,,,,,,,,,,,,,,,,,,,,,,,,,,,,,,,,,,,,,,,,,,,,,,,,,,,,,NONE,,,,,,,,,,,,,,,,,,,,,,,,,,,,,,,,,,,,,,,,,,,,,,,,,,,,,,,,,,,,,,,,,,,,,,,,,,,,,,,,,,,,,,,,,,,,,,,,REJECT,99,country_league_not_allowlisted
2026-07-11,2026-07-11T15:00:00+01:00,1783778400,League Cup,185,2026,1548109,NS,Inverness CT,903,East Fife,6764,Scotland,NS,Not Started,,,,,,,,,,,,0.0,0.0,0.0,0.0,0.0,0.0,0.0,0.0,0.0,0.0,,,2026-07-11T09:39:32.201828+00:00,COVERAGE_UNKNOWN,,,,,,0,1.0,COVERAGE_NOT_LOADED,,,,,,,,,,,,,,,,,,,,,,,,,,,,,,,,,,,,,,,,,,,,,,,,,,,,,NONE,,,,,,,,,,,,,,,,,,,,,,,,,,,,,,,,,,,,,,,,,,,,,,,,,,,,,,,,,,,,,,,,,,,,,,,,,,,,,,,,,,,,,,,,,,,,,,,,REJECT,99,country_league_not_allowlisted
2026-07-11,2026-07-11T15:00:00+01:00,1783778400,League Cup,185,2026,1548110,NS,Morton,1383,Linlithgow Rose,6744,Scotland,NS,Not Started,,,,,,,,,,,,0.0,0.0,0.0,0.0,0.0,0.0,0.0,0.0,0.0,0.0,,,2026-07-11T09:39:32.201832+00:00,COVERAGE_UNKNOWN,,,,,,0,1.0,COVERAGE_NOT_LOADED,,,,,,,,,,,,,,,,,,,,,,,,,,,,,,,,,,,,,,,,,,,,,,,,,,,,,NONE,,,,,,,,,,,,,,,,,,,,,,,,,,,,,,,,,,,,,,,,,,,,,,,,,,,,,,,,,,,,,,,,,,,,,,,,,,,,,,,,,,,,,,,,,,,,,,,,REJECT,99,country_league_not_allowlisted
2026-07-11,2026-07-11T15:00:00+01:00,1783778400,League Cup,185,2026,1548111,NS,Partick,901,Brechin,1390,Scotland,NS,Not Started,,,,,,,,,,,,0.0,0.0,0.0,0.0,0.0,0.0,0.0,0.0,0.0,0.0,,,2026-07-11T09:39:32.201838+00:00,COVERAGE_UNKNOWN,,,,,,0,1.0,COVERAGE_NOT_LOADED,,,,,,,,,,,,,,,,,,,,,,,,,,,,,,,,,,,,,,,,,,,,,,,,,,,,,NONE,,,,,,,,,,,,,,,,,,,,,,,,,,,,,,,,,,,,,,,,,,,,,,,,,,,,,,,,,,,,,,,,,,,,,,,,,,,,,,,,,,,,,,,,,,,,,,,,REJECT,99,country_league_not_allowlisted
2026-07-11,2026-07-11T15:00:00+01:00,1783778400,League Cup,185,2026,1548112,NS,Peterhead,6777,Hamilton Academical,248,Scotland,NS,Not Started,,,,,,,,,,,,0.0,0.0,0.0,0.0,0.0,0.0,0.0,0.0,0.0,0.0,,,2026-07-11T09:39:32.201843+00:00,COVERAGE_UNKNOWN,,,,,,0,1.0,COVERAGE_NOT_LOADED,,,,,,,,,,,,,,,,,,,,,,,,,,,,,,,,,,,,,,,,,,,,,,,,,,,,,NONE,,,,,,,,,,,,,,,,,,,,,,,,,,,,,,,,,,,,,,,,,,,,,,,,,,,,,,,,,,,,,,,,,,,,,,,,,,,,,,,,,,,,,,,,,,,,,,,,REJECT,99,country_league_not_allowlisted
2026-07-11,2026-07-11T15:00:00+01:00,1783778400,League Cup,185,2026,1548113,NS,Queen of the South,1384,Kelty Hearts,6773,Scotland,NS,Not Started,,,,,,,,,,,,0.0,0.0,0.0,0.0,0.0,0.0,0.0,0.0,0.0,0.0,,,2026-07-11T09:39:32.201848+00:00,COVERAGE_UNKNOWN,,,,,,0,1.0,COVERAGE_NOT_LOADED,,,,,,,,,,,,,,,,,,,,,,,,,,,,,,,,,,,,,,,,,,,,,,,,,,,,,NONE,,,,,,,,,,,,,,,,,,,,,,,,,,,,,,,,,,,,,,,,,,,,,,,,,,,,,,,,,,,,,,,,,,,,,,,,,,,,,,,,,,,,,,,,,,,,,,,,REJECT,99,country_league_not_allowlisted
2026-07-11,2026-07-11T15:00:00+01:00,1783778400,League Cup,185,2026,1548114,NS,Queen's Park,6778,Brora Rangers,6760,Scotland,NS,Not Started,,,,,,,,,,,,0.0,0.0,0.0,0.0,0.0,0.0,0.0,0.0,0.0,0.0,,,2026-07-11T09:39:32.201852+00:00,COVERAGE_UNKNOWN,,,,,,0,1.0,COVERAGE_NOT_LOADED,,,,,,,,,,,,,,,,,,,,,,,,,,,,,,,,,,,,,,,,,,,,,,,,,,,,,NONE,,,,,,,,,,,,,,,,,,,,,,,,,,,,,,,,,,,,,,,,,,,,,,,,,,,,,,,,,,,,,,,,,,,,,,,,,,,,,,,,,,,,,,,,,,,,,,,,REJECT,99,country_league_not_allowlisted
2026-07-11,2026-07-11T15:00:00+01:00,1783778400,League Cup,185,2026,1548115,NS,Raith Rovers,1385,Elgin City,6767,Scotland,NS,Not Started,,,,,,,,,,,,0.0,0.0,0.0,0.0,0.0,0.0,0.0,0.0,0.0,0.0,,,2026-07-11T09:39:32.201857+00:00,COVERAGE_UNKNOWN,,,,,,0,1.0,COVERAGE_NOT_LOADED,,,,,,,,,,,,,,,,,,,,,,,,,,,,,,,,,,,,,,,,,,,,,,,,,,,,,NONE,,,,,,,,,,,,,,,,,,,,,,,,,,,,,,,,,,,,,,,,,,,,,,,,,,,,,,,,,,,,,,,,,,,,,,,,,,,,,,,,,,,,,,,,,,,,,,,,REJECT,99,country_league_not_allowlisted
2026-07-11,2026-07-11T15:00:00+01:00,1783778400,League Cup,185,2026,1548116,NS,Spartans,6781,Arbroath,4249,Scotland,NS,Not Started,,,,,,,,,,,,0.0,0.0,0.0,0.0,0.0,0.0,0.0,0.0,0.0,0.0,,,2026-07-11T09:39:32.201862+00:00,COVERAGE_UNKNOWN,,,,,,0,1.0,COVERAGE_NOT_LOADED,,,,,,,,,,,,,,,,,,,,,,,,,,,,,,,,,,,,,,,,,,,,,,,,,,,,,NONE,,,,,,,,,,,,,,,,,,,,,,,,,,,,,,,,,,,,,,,,,,,,,,,,,,,,,,,,,,,,,,,,,,,,,,,,,,,,,,,,,,,,,,,,,,,,,,,,REJECT,99,country_league_not_allowlisted
2026-07-11,2026-07-11T15:00:00+01:00,1783778400,League Cup,185,2026,1548117,NS,Stenhousemuir,6784,Forfar Athletic,4250,Scotland,NS,Not Started,,,,,,,,,,,,0.0,0.0,0.0,0.0,0.0,0.0,0.0,0.0,0.0,0.0,,,2026-07-11T09:39:32.201867+00:00,COVERAGE_UNKNOWN,,,,,,0,1.0,COVERAGE_NOT_LOADED,,,,,,,,,,,,,,,,,,,,,,,,,,,,,,,,,,,,,,,,,,,,,,,,,,,,,NONE,,,,,,,,,,,,,,,,,,,,,,,,,,,,,,,,,,,,,,,,,,,,,,,,,,,,,,,,,,,,,,,,,,,,,,,,,,,,,,,,,,,,,,,,,,,,,,,,REJECT,99,country_league_not_allowlisted
2026-07-11,2026-07-11T17:30:00+01:00,1783787400,League Cup,185,2026,1548119,NS,Stirling Albion,4669,Dundee Utd,1386,Scotland,NS,Not Started,,,,,,,,,,,,0.0,0.0,0.0,0.0,0.0,0.0,0.0,0.0,0.0,0.0,,,2026-07-11T09:39:32.202661+00:00,COVERAGE_UNKNOWN,,,,,,0,1.0,COVERAGE_NOT_LOADED,,,,,,,,,,,,,,,,,,,,,,,,,,,,,,,,,,,,,,,,,,,,,,,,,,,,,NONE,,,,,,,,,,,,,,,,,,,,,,,,,,,,,,,,,,,,,,,,,,,,,,,,,,,,,,,,,,,,,,,,,,,,,,,,,,,,,,,,,,,,,,,,,,,,,,,,REJECT,99,country_league_not_allowlisted
2026-07-11,2026-07-11T15:00:00+01:00,1783778400,League Cup,185,2026,1548118,NS,Stranraer,6785,Ayr Utd,1387,Scotland,NS,Not Started,,,,,,,,,,,,0.0,0.0,0.0,0.0,0.0,0.0,0.0,0.0,0.0,0.0,,,2026-07-11T09:39:32.201872+00:00,COVERAGE_UNKNOWN,,,,,,0,1.0,COVERAGE_NOT_LOADED,,,,,,,,,,,,,,,,,,,,,,,,,,,,,,,,,,,,,,,,,,,,,,,,,,,,,NONE,,,,,,,,,,,,,,,,,,,,,,,,,,,,,,,,,,,,,,,,,,,,,,,,,,,,,,,,,,,,,,,,,,,,,,,,,,,,,,,,,,,,,,,,,,,,,,,,REJECT,99,country_league_not_allowlisted
2026-07-11,2026-07-11T12:00:00+01:00,1783767600,League One,170,2026,1528645,NS,Dalian Huayi,5652,Nanjing City,16619,China,NS,Not Started,,,,,,,,,,,,0.0,0.0,0.0,0.0,0.0,0.0,0.0,0.0,0.0,0.0,,,2026-07-11T09:39:32.200679+00:00,COVERAGE_UNKNOWN,,,,,,0,1.0,COVERAGE_NOT_LOADED,,,,,,,,,,,,,,,,,,,,,,,,,,,,,,,,,,,,,,,,,,,,,,,,,,,,,NONE,,,,,,,,,,,,,,,,,,,,,,,,,,,,,,,,,,,,,,,,,,,,,,,,,,,,,,,,,,,,,,,,,,,,,,,,,,,,,,,,,,,,,,,,,,,,,,,,REJECT,99,country_league_not_allowlisted
2026-07-11,2026-07-11T12:30:00+01:00,1783769400,League One,170,2026,1528648,NS,Guangzhou E-Power,23269,Hebei Kungfu,17264,China,NS,Not Started,,,,,,,,,,,,0.0,0.0,0.0,0.0,0.0,0.0,0.0,0.0,0.0,0.0,,,2026-07-11T09:39:32.200844+00:00,COVERAGE_UNKNOWN,,,,,,0,1.0,COVERAGE_NOT_LOADED,,,,,,,,,,,,,,,,,,,,,,,,,,,,,,,,,,,,,,,,,,,,,,,,,,,,,NONE,,,,,,,,,,,,,,,,,,,,,,,,,,,,,,,,,,,,,,,,,,,,,,,,,,,,,,,,,,,,,,,,,,,,,,,,,,,,,,,,,,,,,,,,,,,,,,,,REJECT,99,country_league_not_allowlisted
2026-07-11,2026-07-11T12:00:00+01:00,1783767600,League One,170,2026,1528646,NS,Shaanxi Union,23286,Meizhou Kejia,1439,China,NS,Not Started,,,,,,,,,,,,0.0,0.0,0.0,0.0,0.0,0.0,0.0,0.0,0.0,0.0,,,2026-07-11T09:39:32.200685+00:00,COVERAGE_UNKNOWN,,,,,,0,1.0,COVERAGE_NOT_LOADED,,,,,,,,,,,,,,,,,,,,,,,,,,,,,,,,,,,,,,,,,,,,,,,,,,,,,NONE,,,,,,,,,,,,,,,,,,,,,,,,,,,,,,,,,,,,,,,,,,,,,,,,,,,,,,,,,,,,,,,,,,,,,,,,,,,,,,,,,,,,,,,,,,,,,,,,REJECT,99,country_league_not_allowlisted
2026-07-11,2026-07-11T12:00:00+01:00,1783767600,League One,170,2026,1528647,PST,Wuxi Wugou,17269,Guangxi Hengchen,23268,China,PST,Match Postponed,,,,,,,,,,,,0.0,0.0,0.0,0.0,0.0,0.0,0.0,0.0,0.0,0.0,,,2026-07-11T09:39:32.200690+00:00,COVERAGE_UNKNOWN,,,,,,0,1.0,COVERAGE_NOT_LOADED,,,,,,,,,,,,,,,,,,,,,,,,,,,,,,,,,,,,,,,,,,,,,,,,,,,,,NONE,,,,,,,,,,,,,,,,,,,,,,,,,,,,,,,,,,,,,,,,,,,,,,,,,,,,,,,,,,,,,,,,,,,,,,,,,,,,,,,,,,,,,,,,,,,,,,,,REJECT,99,country_league_not_allowlisted
2026-07-11,2026-07-11T11:00:00+01:00,1783764000,League One,170,2026,1528644,NS,Yanbian Longding,17271,Suzhou Dongwu,5688,China,NS,Not Started,,,,,,,,,,,,0.0,0.0,0.0,0.0,0.0,0.0,0.0,0.0,0.0,0.0,,,2026-07-11T09:39:32.200493+00:00,COVERAGE_UNKNOWN,,,,,,0,1.0,COVERAGE_NOT_LOADED,,,,,,,,,,,,,,,,,,,,,,,,,,,,,,,,,,,,,,,,,,,,,,,,,,,,,NONE,,,,,,,,,,,,,,,,,,,,,,,,,,,,,,,,,,,,,,,,,,,,,,,,,,,,,,,,,,,,,,,,,,,,,,,,,,,,,,,,,,,,,,,,,,,,,,,,REJECT,99,country_league_not_allowlisted
2026-07-11,2026-07-11T12:00:00+01:00,1783767600,League Two,929,2026,1532808,PST,BIT,5647,Nantong Haimen Codion,19319,China,PST,Match Postponed,,,,,,,,,,,,0.0,0.0,0.0,0.0,0.0,0.0,0.0,0.0,0.0,0.0,,,2026-07-11T09:39:32.200696+00:00,COVERAGE_UNKNOWN,,,,,,0,1.0,COVERAGE_NOT_LOADED,,,,,,,,,,,,,,,,,,,,,,,,,,,,,,,,,,,,,,,,,,,,,,,,,,,,,NONE,,,,,,,,,,,,,,,,,,,,,,,,,,,,,,,,,,,,,,,,,,,,,,,,,,,,,,,,,,,,,,,,,,,,,,,,,,,,,,,,,,,,,,,,,,,,,,,,REJECT,99,country_league_not_allowlisted
2026-07-11,2026-07-11T12:30:00+01:00,1783769400,League Two,929,2026,1532810,NS,Guangdong Mingtu,25773,Shenzhen 2028,25779,China,NS,Not Started,,,,,,,,,,,,0.0,0.0,0.0,0.0,0.0,0.0,0.0,0.0,0.0,0.0,,,2026-07-11T09:39:32.200855+00:00,COVERAGE_UNKNOWN,,,,,,0,1.0,COVERAGE_NOT_LOADED,,,,,,,,,,,,,,,,,,,,,,,,,,,,,,,,,,,,,,,,,,,,,,,,,,,,,NONE,,,,,,,,,,,,,,,,,,,,,,,,,,,,,,,,,,,,,,,,,,,,,,,,,,,,,,,,,,,,,,,,,,,,,,,,,,,,,,,,,,,,,,,,,,,,,,,,REJECT,99,country_league_not_allowlisted
2026-07-11,2026-07-11T12:30:00+01:00,1783769400,League Two,929,2026,1532811,PST,Hubei Chufeng Heli,5660,Jiangxi Liansheng,5665,China,PST,Match Postponed,,,,,,,,,,,,0.0,0.0,0.0,0.0,0.0,0.0,0.0,0.0,0.0,0.0,,,2026-07-11T09:39:32.200860+00:00,COVERAGE_UNKNOWN,,,,,,0,1.0,COVERAGE_NOT_LOADED,,,,,,,,,,,,,,,,,,,,,,,,,,,,,,,,,,,,,,,,,,,,,,,,,,,,,NONE,,,,,,,,,,,,,,,,,,,,,,,,,,,,,,,,,,,,,,,,,,,,,,,,,,,,,,,,,,,,,,,,,,,,,,,,,,,,,,,,,,,,,,,,,,,,,,,,REJECT,99,country_league_not_allowlisted
2026-07-11,2026-07-11T12:30:00+01:00,1783769400,League Two,929,2026,1532812,NS,Rizhao Yuqi,21328,Tai'an Tiankuang,19321,China,NS,Not Started,,,,,,,,,,,,0.0,0.0,0.0,0.0,0.0,0.0,0.0,0.0,0.0,0.0,,,2026-07-11T09:39:32.200866+00:00,COVERAGE_UNKNOWN,,,,,,0,1.0,COVERAGE_NOT_LOADED,,,,,,,,,,,,,,,,,,,,,,,,,,,,,,,,,,,,,,,,,,,,,,,,,,,,,NONE,,,,,,,,,,,,,,,,,,,,,,,,,,,,,,,,,,,,,,,,,,,,,,,,,,,,,,,,,,,,,,,,,,,,,,,,,,,,,,,,,,,,,,,,,,,,,,,,REJECT,99,country_league_not_allowlisted
2026-07-11,2026-07-11T09:30:00+01:00,1783758600,League Two,929,2026,1532807,PST,Shanghai Port II,23289,Xi'an Ronghai,20674,China,PST,Match Postponed,,,,,,,,,,,,0.0,0.0,0.0,0.0,0.0,0.0,0.0,0.0,0.0,0.0,,,2026-07-11T09:39:32.200108+00:00,COVERAGE_UNKNOWN,,,,,,0,1.0,COVERAGE_NOT_LOADED,,,,,,,,,,,,,,,,,,,,,,,,,,,,,,,,,,,,,,,,,,,,,,,,,,,,,NONE,,,,,,,,,,,,,,,,,,,,,,,,,,,,,,,,,,,,,,,,,,,,,,,,,,,,,,,,,,,,,,,,,,,,,,,,,,,,,,,,,,,,,,,,,,,,,,,,REJECT,99,country_league_not_allowlisted
2026-07-11,2026-07-11T12:30:00+01:00,1783769400,League Two,929,2026,1532809,NS,Shangyu Pterosaur,19320,Chengdu Rongcheng II,25839,China,NS,Not Started,,,,,,,,,,,,0.0,0.0,0.0,0.0,0.0,0.0,0.0,0.0,0.0,0.0,,,2026-07-11T09:39:32.200849+00:00,COVERAGE_UNKNOWN,,,,,,0,1.0,COVERAGE_NOT_LOADED,,,,,,,,,,,,,,,,,,,,,,,,,,,,,,,,,,,,,,,,,,,,,,,,,,,,,NONE,,,,,,,,,,,,,,,,,,,,,,,,,,,,,,,,,,,,,,,,,,,,,,,,,,,,,,,,,,,,,,,,,,,,,,,,,,,,,,,,,,,,,,,,,,,,,,,,REJECT,99,country_league_not_allowlisted
2026-07-11,2026-07-11T12:30:00+01:00,1783769400,League Two,929,2026,1532813,PST,Yichun Grand Tiger,17272,Guizhou Zhucheng,25775,China,PST,Match Postponed,,,,,,,,,,,,0.0,0.0,0.0,0.0,0.0,0.0,0.0,0.0,0.0,0.0,,,2026-07-11T09:39:32.200871+00:00,COVERAGE_UNKNOWN,,,,,,0,1.0,COVERAGE_NOT_LOADED,,,,,,,,,,,,,,,,,,,,,,,,,,,,,,,,,,,,,,,,,,,,,,,,,,,,,NONE,,,,,,,,,,,,,,,,,,,,,,,,,,,,,,,,,,,,,,,,,,,,,,,,,,,,,,,,,,,,,,,,,,,,,,,,,,,,,,,,,,,,,,,,,,,,,,,,REJECT,99,country_league_not_allowlisted
2026-07-11,2026-07-11T18:00:00+01:00,1783789200,Liga Pro,242,2026,1519397,NS,Manta FC,1980,Orense SC,1992,Ecuador,NS,Not Started,,,,,,,,,,,,0.0,0.0,0.0,0.0,0.0,0.0,0.0,0.0,0.0,0.0,,,2026-07-11T09:39:32.202709+00:00,COVERAGE_UNKNOWN,,,,,,0,1.0,COVERAGE_NOT_LOADED,,,,,,,,,,,,,,,,,,,,,,,,,,,,,,,,,,,,,,,,,,,,,,,,,,,,,NONE,,,,,,,,,,,,,,,,,,,,,,,,,,,,,,,,,,,,,,,,,,,,,,,,,,,,,,,,,,,,,,,,,,,,,,,,,,,,,,,,,,,,,,,,,,,,,,,,REJECT,99,country_league_not_allowlisted
2026-07-11,2026-07-11T20:10:00+01:00,1783797000,Liga Pro,242,2026,1519398,NS,Mushuc Runa SC,1162,Independiente del Valle,1153,Ecuador,NS,Not Started,,,,,,,,,,,,0.0,0.0,0.0,0.0,0.0,0.0,0.0,0.0,0.0,0.0,,,2026-07-11T09:39:32.203047+00:00,COVERAGE_UNKNOWN,,,,,,0,1.0,COVERAGE_NOT_LOADED,,,,,,,,,,,,,,,,,,,,,,,,,,,,,,,,,,,,,,,,,,,,,,,,,,,,,NONE,,,,,,,,,,,,,,,,,,,,,,,,,,,,,,,,,,,,,,,,,,,,,,,,,,,,,,,,,,,,,,,,,,,,,,,,,,,,,,,,,,,,,,,,,,,,,,,,REJECT,99,country_league_not_allowlisted
2026-07-11,2026-07-11T21:30:00+01:00,1783801800,Liga Pro Serie B,243,2026,1526565,NS,22 de Julio,25736,Cuniburo,21103,Ecuador,NS,Not Started,,,,,,,,,,,,0.0,0.0,0.0,0.0,0.0,0.0,0.0,0.0,0.0,0.0,,,2026-07-11T09:39:32.203089+00:00,COVERAGE_UNKNOWN,,,,,,0,1.0,COVERAGE_NOT_LOADED,,,,,,,,,,,,,,,,,,,,,,,,,,,,,,,,,,,,,,,,,,,,,,,,,,,,,NONE,,,,,,,,,,,,,,,,,,,,,,,,,,,,,,,,,,,,,,,,,,,,,,,,,,,,,,,,,,,,,,,,,,,,,,,,,,,,,,,,,,,,,,,,,,,,,,,,REJECT,99,country_league_not_allowlisted
2026-07-11,2026-07-11T22:00:00+01:00,1783803600,Liga Pro Serie B,243,2026,1526569,NS,9 de Octubre,10111,Gualaceo SC,1986,Ecuador,NS,Not Started,,,,,,,,,,,,0.0,0.0,0.0,0.0,0.0,0.0,0.0,0.0,0.0,0.0,,,2026-07-11T09:39:32.203104+00:00,COVERAGE_UNKNOWN,,,,,,0,1.0,COVERAGE_NOT_LOADED,,,,,,,,,,,,,,,,,,,,,,,,,,,,,,,,,,,,,,,,,,,,,,,,,,,,,NONE,,,,,,,,,,,,,,,,,,,,,,,,,,,,,,,,,,,,,,,,,,,,,,,,,,,,,,,,,,,,,,,,,,,,,,,,,,,,,,,,,,,,,,,,,,,,,,,,REJECT,99,country_league_not_allowlisted
2026-07-11,2026-07-11T17:45:00+01:00,1783788300,Liga Pro Serie B,243,2026,1526568,NS,Ind. Juniors,2238,Atletico FC,27548,Ecuador,NS,Not Started,,,,,,,,,,,,0.0,0.0,0.0,0.0,0.0,0.0,0.0,0.0,0.0,0.0,,,2026-07-11T09:39:32.202694+00:00,COVERAGE_UNKNOWN,,,,,,0,1.0,COVERAGE_NOT_LOADED,,,,,,,,,,,,,,,,,,,,,,,,,,,,,,,,,,,,,,,,,,,,,,,,,,,,,NONE,,,,,,,,,,,,,,,,,,,,,,,,,,,,,,,,,,,,,,,,,,,,,,,,,,,,,,,,,,,,,,,,,,,,,,,,,,,,,,,,,,,,,,,,,,,,,,,,REJECT,99,country_league_not_allowlisted
2026-07-11,2026-07-11T21:00:00+01:00,1783800000,Liga Pro Serie B,243,2026,1526570,NS,San Antonio,23310,Santo Domingo,19414,Ecuador,NS,Not Started,,,,,,,,,,,,0.0,0.0,0.0,0.0,0.0,0.0,0.0,0.0,0.0,0.0,,,2026-07-11T09:39:32.203057+00:00,COVERAGE_UNKNOWN,,,,,,0,1.0,COVERAGE_NOT_LOADED,,,,,,,,,,,,,,,,,,,,,,,,,,,,,,,,,,,,,,,,,,,,,,,,,,,,,NONE,,,,,,,,,,,,,,,,,,,,,,,,,,,,,,,,,,,,,,,,,,,,,,,,,,,,,,,,,,,,,,,,,,,,,,,,,,,,,,,,,,,,,,,,,,,,,,,,REJECT,99,country_league_not_allowlisted
2026-07-11,2026-07-11T21:00:00+01:00,1783800000,Maranhense - 2,1148,2026,1582691,NS,Cordino,7773,Araioses,27738,Brazil,NS,Not Started,,,,,,,,,,,,0.0,0.0,0.0,0.0,0.0,0.0,0.0,0.0,0.0,0.0,,,2026-07-11T09:39:32.203084+00:00,COVERAGE_UNKNOWN,,,,,,0,1.0,COVERAGE_NOT_LOADED,,,,,,,,,,,,,,,,,,,,,,,,,,,,,,,,,,,,,,,,,,,,,,,,,,,,,NONE,,,,,,,,,,,,,,,,,,,,,,,,,,,,,,,,,,,,,,,,,,,,,,,,,,,,,,,,,,,,,,,,,,,,,,,,,,,,,,,,,,,,,,,,,,,,,,,,REJECT,99,country_league_not_allowlisted
2026-07-11,2026-07-11T19:30:00+01:00,1783794600,Maranhense - 2,1148,2026,1582692,NS,Expressinho,25044,Lago Verde,26642,Brazil,NS,Not Started,,,,,,,,,,,,0.0,0.0,0.0,0.0,0.0,0.0,0.0,0.0,0.0,0.0,,,2026-07-11T09:39:32.202946+00:00,COVERAGE_UNKNOWN,,,,,,0,1.0,COVERAGE_NOT_LOADED,,,,,,,,,,,,,,,,,,,,,,,,,,,,,,,,,,,,,,,,,,,,,,,,,,,,,NONE,,,,,,,,,,,,,,,,,,,,,,,,,,,,,,,,,,,,,,,,,,,,,,,,,,,,,,,,,,,,,,,,,,,,,,,,,,,,,,,,,,,,,,,,,,,,,,,,REJECT,99,country_league_not_allowlisted
2026-07-11,2026-07-11T20:00:00+01:00,1783796400,Maranhense - 2,1148,2026,1582693,NS,Pinheiro,12918,Sao Luis,25045,Brazil,NS,Not Started,,,,,,,,,,,,0.0,0.0,0.0,0.0,0.0,0.0,0.0,0.0,0.0,0.0,,,2026-07-11T09:39:32.203037+00:00,COVERAGE_UNKNOWN,,,,,,0,1.0,COVERAGE_NOT_LOADED,,,,,,,,,,,,,,,,,,,,,,,,,,,,,,,,,,,,,,,,,,,,,,,,,,,,,NONE,,,,,,,,,,,,,,,,,,,,,,,,,,,,,,,,,,,,,,,,,,,,,,,,,,,,,,,,,,,,,,,,,,,,,,,,,,,,,,,,,,,,,,,,,,,,,,,,REJECT,99,country_league_not_allowlisted
2026-07-11,2026-07-11T20:00:00+01:00,1783796400,Maranhense - 2,1148,2026,1582694,NS,Tupan,25129,Timon MA,15607,Brazil,NS,Not Started,,,,,,,,,,,,0.0,0.0,0.0,0.0,0.0,0.0,0.0,0.0,0.0,0.0,,,2026-07-11T09:39:32.203042+00:00,COVERAGE_UNKNOWN,,,,,,0,1.0,COVERAGE_NOT_LOADED,,,,,,,,,,,,,,,,,,,,,,,,,,,,,,,,,,,,,,,,,,,,,,,,,,,,,NONE,,,,,,,,,,,,,,,,,,,,,,,,,,,,,,,,,,,,,,,,,,,,,,,,,,,,,,,,,,,,,,,,,,,,,,,,,,,,,,,,,,,,,,,,,,,,,,,,REJECT,99,country_league_not_allowlisted
2026-07-11,2026-07-11T15:00:00+01:00,1783778400,Meistriliiga,329,2026,1513587,NS,Nõmme United,10059,Kuressaare,3526,Estonia,NS,Not Started,,,,,,,,,,,,0.0,0.0,0.0,0.0,0.0,0.0,0.0,0.0,0.0,0.0,,,2026-07-11T09:39:32.201663+00:00,COVERAGE_UNKNOWN,,,,,,0,1.0,COVERAGE_NOT_LOADED,,,,,,,,,,,,,,,,,,,,,,,,,,,,,,,,,,,,,,,,,,,,,,,,,,,,,NONE,,,,,,,,,,,,,,,,,,,,,,,,,,,,,,,,,,,,,,,,,,,,,,,,,,,,,,,,,,,,,,,,,,,,,,,,,,,,,,,,,,,,,,,,,,,,,,,,REJECT,99,country_league_not_allowlisted
2026-07-11,2026-07-11T12:30:00+01:00,1783769400,Meistriliiga,329,2026,1513588,NS,Vaprus,3525,Tammeka,3530,Estonia,NS,Not Started,,,,,,,,,,,,0.0,0.0,0.0,0.0,0.0,0.0,0.0,0.0,0.0,0.0,,,2026-07-11T09:39:32.200838+00:00,COVERAGE_UNKNOWN,,,,,,0,1.0,COVERAGE_NOT_LOADED,,,,,,,,,,,,,,,,,,,,,,,,,,,,,,,,,,,,,,,,,,,,,,,,,,,,,NONE,,,,,,,,,,,,,,,,,,,,,,,,,,,,,,,,,,,,,,,,,,,,,,,,,,,,,,,,,,,,,,,,,,,,,,,,,,,,,,,,,,,,,,,,,,,,,,,,REJECT,99,country_league_not_allowlisted
2026-07-11,2026-07-11T05:00:00+01:00,1783742400,Northern NSW NPL,481,2026,1523781,PST,Edgeworth Eagles,10204,Belmont Swansea,23500,Australia,PST,Match Postponed,,,,,,,,,,,,0.0,0.0,0.0,0.0,0.0,0.0,0.0,0.0,0.0,0.0,,,2026-07-11T09:39:32.199664+00:00,COVERAGE_UNKNOWN,,,,,,0,1.0,COVERAGE_NOT_LOADED,,,,,,,,,,,,,,,,,,,,,,,,,,,,,,,,,,,,,,,,,,,,,,,,,,,,,NONE,,,,,,,,,,,,,,,,,,,,,,,,,,,,,,,,,,,,,,,,,,,,,,,,,,,,,,,,,,,,,,,,,,,,,,,,,,,,,,,,,,,,,,,,,,,,,,,,REJECT,99,country_league_not_allowlisted
2026-07-11,2026-07-11T21:00:00+01:00,1783800000,Northern Super League,1182,2026,1534062,NS,AFC Toronto W,25896,Ottawa Rapid W,25900,Canada,NS,Not Started,,,,,,,,,,,,0.0,0.0,0.0,0.0,0.0,0.0,0.0,0.0,0.0,0.0,,,2026-07-11T09:39:32.203073+00:00,COVERAGE_UNKNOWN,,,,,,0,1.0,COVERAGE_NOT_LOADED,,,,,,,,,,,,,,,,,,,,,,,,,,,,,,,,,,,,,,,,,,,,,,,,,,,,,NONE,,,,,,,,,,,,,,,,,,,,,,,,,,,,,,,,,,,,,,,,,,,,,,,,,,,,,,,,,,,,,,,,,,,,,,,,,,,,,,,,,,,,,,,,,,,,,,,,REJECT,99,country_league_not_allowlisted
2026-07-11,2026-07-11T19:00:00+01:00,1783792800,Paulista Série B,1098,2026,1581347,NS,America SP,22945,José Bonifácio,27687,Brazil,NS,Not Started,,,,,,,,,,,,0.0,0.0,0.0,0.0,0.0,0.0,0.0,0.0,0.0,0.0,,,2026-07-11T09:39:32.202884+00:00,COVERAGE_UNKNOWN,,,,,,0,1.0,COVERAGE_NOT_LOADED,,,,,,,,,,,,,,,,,,,,,,,,,,,,,,,,,,,,,,,,,,,,,,,,,,,,,NONE,,,,,,,,,,,,,,,,,,,,,,,,,,,,,,,,,,,,,,,,,,,,,,,,,,,,,,,,,,,,,,,,,,,,,,,,,,,,,,,,,,,,,,,,,,,,,,,,REJECT,99,country_league_not_allowlisted
2026-07-11,2026-07-11T19:00:00+01:00,1783792800,Paulista Série B,1098,2026,1581348,NS,Matonense,18303,Flamengo SP,23575,Brazil,NS,Not Started,,,,,,,,,,,,0.0,0.0,0.0,0.0,0.0,0.0,0.0,0.0,0.0,0.0,,,2026-07-11T09:39:32.202889+00:00,COVERAGE_UNKNOWN,,,,,,0,1.0,COVERAGE_NOT_LOADED,,,,,,,,,,,,,,,,,,,,,,,,,,,,,,,,,,,,,,,,,,,,,,,,,,,,,NONE,,,,,,,,,,,,,,,,,,,,,,,,,,,,,,,,,,,,,,,,,,,,,,,,,,,,,,,,,,,,,,,,,,,,,,,,,,,,,,,,,,,,,,,,,,,,,,,,REJECT,99,country_league_not_allowlisted
2026-07-11,2026-07-11T19:00:00+01:00,1783792800,Paulista Série B,1098,2026,1581350,NS,Uniao Mogi,23583,Itaquá Athletico Clube,27686,Brazil,NS,Not Started,,,,,,,,,,,,0.0,0.0,0.0,0.0,0.0,0.0,0.0,0.0,0.0,0.0,,,2026-07-11T09:39:32.202894+00:00,COVERAGE_UNKNOWN,,,,,,0,1.0,COVERAGE_NOT_LOADED,,,,,,,,,,,,,,,,,,,,,,,,,,,,,,,,,,,,,,,,,,,,,,,,,,,,,NONE,,,,,,,,,,,,,,,,,,,,,,,,,,,,,,,,,,,,,,,,,,,,,,,,,,,,,,,,,,,,,,,,,,,,,,,,,,,,,,,,,,,,,,,,,,,,,,,,REJECT,99,country_league_not_allowlisted
2026-07-11,2026-07-11T17:00:00+01:00,1783785600,Premier Division,357,2026,1492734,NS,Galway United,3851,Sligo Rovers,3842,Ireland,NS,Not Started,,,,,,,,,,,,0.0,0.0,0.0,0.0,0.0,0.0,0.0,0.0,0.0,0.0,,,2026-07-11T09:39:32.202356+00:00,COVERAGE_UNKNOWN,,,,,,0,1.0,COVERAGE_NOT_LOADED,,,,,,,,,,,,,,,,,,,,,,,,,,,,,,,,,,,,,,,,,,,,,,,,,,,,,NONE,,,,,,,,,,,,,,,,,,,,,,,,,,,,,,,,,,,,,,,,,,,,,,,,,,,,,,,,,,,,,,,,,,,,,,,,,,,,,,,,,,,,,,,,,,,,,,,,REJECT,99,country_league_not_allowlisted
2026-07-11,2026-07-11T14:00:00+01:00,1783774800,Premier League,116,2026,1525920,NS,Baranovichi,3383,Torpedo Zhodino,385,Belarus,NS,Not Started,,,,,,,,,,,,0.0,0.0,0.0,0.0,0.0,0.0,0.0,0.0,0.0,0.0,,,2026-07-11T09:39:32.201366+00:00,COVERAGE_UNKNOWN,,,,,,0,1.0,COVERAGE_NOT_LOADED,,,,,,,,,,,,,,,,,,,,,,,,,,,,,,,,,,,,,,,,,,,,,,,,,,,,,NONE,,,,,,,,,,,,,,,,,,,,,,,,,,,,,,,,,,,,,,,,,,,,,,,,,,,,,,,,,,,,,,,,,,,,,,,,,,,,,,,,,,,,,,,,,,,,,,,,REJECT,99,country_league_not_allowlisted
2026-07-11,2026-07-11T16:45:00+01:00,1783784700,Premier League,116,2026,1525923,NS,Dinamo Brest,386,Slavia Mozyr,751,Belarus,NS,Not Started,,,,,,,,,,,,0.0,0.0,0.0,0.0,0.0,0.0,0.0,0.0,0.0,0.0,,,2026-07-11T09:39:32.202351+00:00,COVERAGE_UNKNOWN,,,,,,0,1.0,COVERAGE_NOT_LOADED,,,,,,,,,,,,,,,,,,,,,,,,,,,,,,,,,,,,,,,,,,,,,,,,,,,,,NONE,,,,,,,,,,,,,,,,,,,,,,,,,,,,,,,,,,,,,,,,,,,,,,,,,,,,,,,,,,,,,,,,,,,,,,,,,,,,,,,,,,,,,,,,,,,,,,,,REJECT,99,country_league_not_allowlisted
2026-07-11,2026-07-11T16:00:00+01:00,1783782000,Premier League,116,2026,1525921,PST,Dinamo Minsk,394,Naftan,750,Belarus,PST,Match Postponed,,,,,,,,,,,,0.0,0.0,0.0,0.0,0.0,0.0,0.0,0.0,0.0,0.0,,,2026-07-11T09:39:32.202152+00:00,COVERAGE_UNKNOWN,,,,,,0,1.0,COVERAGE_NOT_LOADED,,,,,,,,,,,,,,,,,,,,,,,,,,,,,,,,,,,,,,,,,,,,,,,,,,,,,NONE,,,,,,,,,,,,,,,,,,,,,,,,,,,,,,,,,,,,,,,,,,,,,,,,,,,,,,,,,,,,,,,,,,,,,,,,,,,,,,,,,,,,,,,,,,,,,,,,REJECT,99,country_league_not_allowlisted
2026-07-11,2026-07-11T18:45:00+01:00,1783791900,Premier League,116,2026,1525924,NS,FC Gomel,389,Neman,387,Belarus,NS,Not Started,,,,,,,,,,,,0.0,0.0,0.0,0.0,0.0,0.0,0.0,0.0,0.0,0.0,,,2026-07-11T09:39:32.202739+00:00,COVERAGE_UNKNOWN,,,,,,0,1.0,COVERAGE_NOT_LOADED,,,,,,,,,,,,,,,,,,,,,,,,,,,,,,,,,,,,,,,,,,,,,,,,,,,,,NONE,,,,,,,,,,,,,,,,,,,,,,,,,,,,,,,,,,,,,,,,,,,,,,,,,,,,,,,,,,,,,,,,,,,,,,,,,,,,,,,,,,,,,,,,,,,,,,,,REJECT,99,country_league_not_allowlisted
2026-07-11,2026-07-11T16:00:00+01:00,1783782000,Premier League,116,2026,1525925,PST,FC Isloch Minsk R.,391,Bate Borisov,388,Belarus,PST,Match Postponed,,,,,,,,,,,,0.0,0.0,0.0,0.0,0.0,0.0,0.0,0.0,0.0,0.0,,,2026-07-11T09:39:32.202157+00:00,COVERAGE_UNKNOWN,,,,,,0,1.0,COVERAGE_NOT_LOADED,,,,,,,,,,,,,,,,,,,,,,,,,,,,,,,,,,,,,,,,,,,,,,,,,,,,,NONE,,,,,,,,,,,,,,,,,,,,,,,,,,,,,,,,,,,,,,,,,,,,,,,,,,,,,,,,,,,,,,,,,,,,,,,,,,,,,,,,,,,,,,,,,,,,,,,,REJECT,99,country_league_not_allowlisted
2026-07-11,2026-07-11T13:00:00+01:00,1783771200,Premier League,389,2026,1528020,NS,Irtysh,4565,Zhenys,16611,Kazakhstan,NS,Not Started,,,,,,,,,,,,0.0,0.0,0.0,0.0,0.0,0.0,0.0,0.0,0.0,0.0,,,2026-07-11T09:39:32.200935+00:00,COVERAGE_UNKNOWN,,,,,,0,1.0,COVERAGE_NOT_LOADED,,,,,,,,,,,,,,,,,,,,,,,,,,,,,,,,,,,,,,,,,,,,,,,,,,,,,NONE,,,,,,,,,,,,,,,,,,,,,,,,,,,,,,,,,,,,,,,,,,,,,,,,,,,,,,,,,,,,,,,,,,,,,,,,,,,,,,,,,,,,,,,,,,,,,,,,REJECT,99,country_league_not_allowlisted
2026-07-11,2026-07-11T16:00:00+01:00,1783782000,Premier League,389,2026,1528023,NS,Kaspiy,4552,Ordabasy,692,Kazakhstan,NS,Not Started,,,,,,,,,,,,0.0,0.0,0.0,0.0,0.0,0.0,0.0,0.0,0.0,0.0,,,2026-07-11T09:39:32.202167+00:00,COVERAGE_UNKNOWN,,,,,,0,1.0,COVERAGE_NOT_LOADED,,,,,,,,,,,,,,,,,,,,,,,,,,,,,,,,,,,,,,,,,,,,,,,,,,,,,NONE,,,,,,,,,,,,,,,,,,,,,,,,,,,,,,,,,,,,,,,,,,,,,,,,,,,,,,,,,,,,,,,,,,,,,,,,,,,,,,,,,,,,,,,,,,,,,,,,REJECT,99,country_league_not_allowlisted
2026-07-11,2026-07-11T16:00:00+01:00,1783782000,Premier League,116,2026,1525926,PST,ML Vitebsk,7808,Belshina,3384,Belarus,PST,Match Postponed,,,,,,,,,,,,0.0,0.0,0.0,0.0,0.0,0.0,0.0,0.0,0.0,0.0,,,2026-07-11T09:39:32.202162+00:00,COVERAGE_UNKNOWN,,,,,,0,1.0,COVERAGE_NOT_LOADED,,,,,,,,,,,,,,,,,,,,,,,,,,,,,,,,,,,,,,,,,,,,,,,,,,,,,NONE,,,,,,,,,,,,,,,,,,,,,,,,,,,,,,,,,,,,,,,,,,,,,,,,,,,,,,,,,,,,,,,,,,,,,,,,,,,,,,,,,,,,,,,,,,,,,,,,REJECT,99,country_league_not_allowlisted
2026-07-11,2026-07-11T11:00:00+01:00,1783764000,Premier League,1031,2026,1543596,NS,Tsirang,21277,RTC,19005,Bhutan,NS,Not Started,,,,,,,,,,,,0.0,0.0,0.0,0.0,0.0,0.0,0.0,0.0,0.0,0.0,,,2026-07-11T09:39:32.200509+00:00,COVERAGE_UNKNOWN,,,,,,0,1.0,COVERAGE_NOT_LOADED,,,,,,,,,,,,,,,,,,,,,,,,,,,,,,,,,,,,,,,,,,,,,,,,,,,,,NONE,,,,,,,,,,,,,,,,,,,,,,,,,,,,,,,,,,,,,,,,,,,,,,,,,,,,,,,,,,,,,,,,,,,,,,,,,,,,,,,,,,,,,,,,,,,,,,,,REJECT,99,country_league_not_allowlisted
2026-07-11,2026-07-11T14:00:00+01:00,1783774800,Premier League,389,2026,1528025,NS,Ulytau,21010,Kaisar,4562,Kazakhstan,NS,Not Started,,,,,,,,,,,,0.0,0.0,0.0,0.0,0.0,0.0,0.0,0.0,0.0,0.0,,,2026-07-11T09:39:32.201372+00:00,COVERAGE_UNKNOWN,,,,,,0,1.0,COVERAGE_NOT_LOADED,,,,,,,,,,,,,,,,,,,,,,,,,,,,,,,,,,,,,,,,,,,,,,,,,,,,,NONE,,,,,,,,,,,,,,,,,,,,,,,,,,,,,,,,,,,,,,,,,,,,,,,,,,,,,,,,,,,,,,,,,,,,,,,,,,,,,,,,,,,,,,,,,,,,,,,,REJECT,99,country_league_not_allowlisted
2026-07-11,2026-07-11T14:00:00+01:00,1783774800,Premier League,389,2026,1528027,NS,Zhetysu,4560,Altay,4544,Kazakhstan,NS,Not Started,,,,,,,,,,,,0.0,0.0,0.0,0.0,0.0,0.0,0.0,0.0,0.0,0.0,,,2026-07-11T09:39:32.201377+00:00,COVERAGE_UNKNOWN,,,,,,0,1.0,COVERAGE_NOT_LOADED,,,,,,,,,,,,,,,,,,,,,,,,,,,,,,,,,,,,,,,,,,,,,,,,,,,,,NONE,,,,,,,,,,,,,,,,,,,,,,,,,,,,,,,,,,,,,,,,,,,,,,,,,,,,,,,,,,,,,,,,,,,,,,,,,,,,,,,,,,,,,,,,,,,,,,,,REJECT,99,country_league_not_allowlisted
2026-07-11,2026-07-11T14:00:00+01:00,1783774800,Premier Soccer League,401,2026,1581825,NS,CAPS United,5218,Ngezi Platinum,5229,Zimbabwe,NS,Not Started,,,,,,,,,,,,0.0,0.0,0.0,0.0,0.0,0.0,0.0,0.0,0.0,0.0,,,2026-07-11T09:39:32.201559+00:00,COVERAGE_UNKNOWN,,,,,,0,1.0,COVERAGE_NOT_LOADED,,,,,,,,,,,,,,,,,,,,,,,,,,,,,,,,,,,,,,,,,,,,,,,,,,,,,NONE,,,,,,,,,,,,,,,,,,,,,,,,,,,,,,,,,,,,,,,,,,,,,,,,,,,,,,,,,,,,,,,,,,,,,,,,,,,,,,,,,,,,,,,,,,,,,,,,REJECT,99,country_league_not_allowlisted
2026-07-11,2026-07-11T14:00:00+01:00,1783774800,Premier Soccer League,401,2026,1581826,NS,Chicken Inn,5220,Manica Diamonds,5227,Zimbabwe,NS,Not Started,,,,,,,,,,,,0.0,0.0,0.0,0.0,0.0,0.0,0.0,0.0,0.0,0.0,,,2026-07-11T09:39:32.201565+00:00,COVERAGE_UNKNOWN,,,,,,0,1.0,COVERAGE_NOT_LOADED,,,,,,,,,,,,,,,,,,,,,,,,,,,,,,,,,,,,,,,,,,,,,,,,,,,,,NONE,,,,,,,,,,,,,,,,,,,,,,,,,,,,,,,,,,,,,,,,,,,,,,,,,,,,,,,,,,,,,,,,,,,,,,,,,,,,,,,,,,,,,,,,,,,,,,,,REJECT,99,country_league_not_allowlisted
2026-07-11,2026-07-11T14:00:00+01:00,1783774800,Premier Soccer League,401,2026,1581829,NS,Kariba,5226,Hunters,27275,Zimbabwe,NS,Not Started,,,,,,,,,,,,0.0,0.0,0.0,0.0,0.0,0.0,0.0,0.0,0.0,0.0,,,2026-07-11T09:39:32.201581+00:00,COVERAGE_UNKNOWN,,,,,,0,1.0,COVERAGE_NOT_LOADED,,,,,,,,,,,,,,,,,,,,,,,,,,,,,,,,,,,,,,,,,,,,,,,,,,,,,NONE,,,,,,,,,,,,,,,,,,,,,,,,,,,,,,,,,,,,,,,,,,,,,,,,,,,,,,,,,,,,,,,,,,,,,,,,,,,,,,,,,,,,,,,,,,,,,,,,REJECT,99,country_league_not_allowlisted
2026-07-11,2026-07-11T14:00:00+01:00,1783774800,Premier Soccer League,401,2026,1581827,NS,Platinum,5230,Highlanders,5224,Zimbabwe,NS,Not Started,,,,,,,,,,,,0.0,0.0,0.0,0.0,0.0,0.0,0.0,0.0,0.0,0.0,,,2026-07-11T09:39:32.201570+00:00,COVERAGE_UNKNOWN,,,,,,0,1.0,COVERAGE_NOT_LOADED,,,,,,,,,,,,,,,,,,,,,,,,,,,,,,,,,,,,,,,,,,,,,,,,,,,,,NONE,,,,,,,,,,,,,,,,,,,,,,,,,,,,,,,,,,,,,,,,,,,,,,,,,,,,,,,,,,,,,,,,,,,,,,,,,,,,,,,,,,,,,,,,,,,,,,,,REJECT,99,country_league_not_allowlisted
2026-07-11,2026-07-11T14:00:00+01:00,1783774800,Premier Soccer League,401,2026,1581828,NS,Simba Bhora,21055,Bulawayo Chiefs,5217,Zimbabwe,NS,Not Started,,,,,,,,,,,,0.0,0.0,0.0,0.0,0.0,0.0,0.0,0.0,0.0,0.0,,,2026-07-11T09:39:32.201576+00:00,COVERAGE_UNKNOWN,,,,,,0,1.0,COVERAGE_NOT_LOADED,,,,,,,,,,,,,,,,,,,,,,,,,,,,,,,,,,,,,,,,,,,,,,,,,,,,,NONE,,,,,,,,,,,,,,,,,,,,,,,,,,,,,,,,,,,,,,,,,,,,,,,,,,,,,,,,,,,,,,,,,,,,,,,,,,,,,,,,,,,,,,,,,,,,,,,,REJECT,99,country_league_not_allowlisted
2026-07-11,2026-07-11T18:00:00+01:00,1783789200,Primera C,132,2026,1499981,NS,Central Cordoba,790,Atletico Atlas,1937,Argentina,NS,Not Started,,,,,,,,,,,,0.0,0.0,0.0,0.0,0.0,0.0,0.0,0.0,0.0,0.0,,,2026-07-11T09:39:32.202699+00:00,COVERAGE_UNKNOWN,,,,,,0,1.0,COVERAGE_NOT_LOADED,,,,,,,,,,,,,,,,,,,,,,,,,,,,,,,,,,,,,,,,,,,,,,,,,,,,,NONE,,,,,,,,,,,,,,,,,,,,,,,,,,,,,,,,,,,,,,,,,,,,,,,,,,,,,,,,,,,,,,,,,,,,,,,,,,,,,,,,,,,,,,,,,,,,,,,,REJECT,99,country_league_not_allowlisted
2026-07-11,2026-07-11T19:00:00+01:00,1783792800,Primera C,132,2026,1499982,NS,Defensores de Cambaceres,8392,Sacachispas,1942,Argentina,NS,Not Started,,,,,,,,,,,,0.0,0.0,0.0,0.0,0.0,0.0,0.0,0.0,0.0,0.0,,,2026-07-11T09:39:32.202785+00:00,COVERAGE_UNKNOWN,,,,,,0,1.0,COVERAGE_NOT_LOADED,,,,,,,,,,,,,,,,,,,,,,,,,,,,,,,,,,,,,,,,,,,,,,,,,,,,,NONE,,,,,,,,,,,,,,,,,,,,,,,,,,,,,,,,,,,,,,,,,,,,,,,,,,,,,,,,,,,,,,,,,,,,,,,,,,,,,,,,,,,,,,,,,,,,,,,,REJECT,99,country_league_not_allowlisted
2026-07-11,2026-07-11T17:00:00+01:00,1783785600,Primera C,132,2026,1499983,NS,Deportivo Español,8381,Canuelas,1947,Argentina,NS,Not Started,,,,,,,,,,,,0.0,0.0,0.0,0.0,0.0,0.0,0.0,0.0,0.0,0.0,,,2026-07-11T09:39:32.202368+00:00,COVERAGE_UNKNOWN,,,,,,0,1.0,COVERAGE_NOT_LOADED,,,,,,,,,,,,,,,,,,,,,,,,,,,,,,,,,,,,,,,,,,,,,,,,,,,,,NONE,,,,,,,,,,,,,,,,,,,,,,,,,,,,,,,,,,,,,,,,,,,,,,,,,,,,,,,,,,,,,,,,,,,,,,,,,,,,,,,,,,,,,,,,,,,,,,,,REJECT,99,country_league_not_allowlisted
2026-07-11,2026-07-11T18:00:00+01:00,1783789200,Primera C,132,2026,1499984,NS,Deportivo Paraguayo,8394,Berazategui,8382,Argentina,NS,Not Started,,,,,,,,,,,,0.0,0.0,0.0,0.0,0.0,0.0,0.0,0.0,0.0,0.0,,,2026-07-11T09:39:32.202704+00:00,COVERAGE_UNKNOWN,,,,,,0,1.0,COVERAGE_NOT_LOADED,,,,,,,,,,,,,,,,,,,,,,,,,,,,,,,,,,,,,,,,,,,,,,,,,,,,,NONE,,,,,,,,,,,,,,,,,,,,,,,,,,,,,,,,,,,,,,,,,,,,,,,,,,,,,,,,,,,,,,,,,,,,,,,,,,,,,,,,,,,,,,,,,,,,,,,,REJECT,99,country_league_not_allowlisted
2026-07-11,2026-07-11T19:00:00+01:00,1783792800,Primera C,132,2026,1499985,NS,El Porvenir,8384,Lujan,1958,Argentina,NS,Not Started,,,,,,,,,,,,0.0,0.0,0.0,0.0,0.0,0.0,0.0,0.0,0.0,0.0,,,2026-07-11T09:39:32.202789+00:00,COVERAGE_UNKNOWN,,,,,,0,1.0,COVERAGE_NOT_LOADED,,,,,,,,,,,,,,,,,,,,,,,,,,,,,,,,,,,,,,,,,,,,,,,,,,,,,NONE,,,,,,,,,,,,,,,,,,,,,,,,,,,,,,,,,,,,,,,,,,,,,,,,,,,,,,,,,,,,,,,,,,,,,,,,,,,,,,,,,,,,,,,,,,,,,,,,REJECT,99,country_league_not_allowlisted
2026-07-11,2026-07-11T19:00:00+01:00,1783792800,Primera C,132,2026,1499992,NS,Yupanqui,8398,Deportivo Muñiz,8393,Argentina,NS,Not Started,,,,,,,,,,,,0.0,0.0,0.0,0.0,0.0,0.0,0.0,0.0,0.0,0.0,,,2026-07-11T09:39:32.202794+00:00,COVERAGE_UNKNOWN,,,,,,0,1.0,COVERAGE_NOT_LOADED,,,,,,,,,,,,,,,,,,,,,,,,,,,,,,,,,,,,,,,,,,,,,,,,,,,,,NONE,,,,,,,,,,,,,,,,,,,,,,,,,,,,,,,,,,,,,,,,,,,,,,,,,,,,,,,,,,,,,,,,,,,,,,,,,,,,,,,,,,,,,,,,,,,,,,,,REJECT,99,country_league_not_allowlisted
2026-07-11,2026-07-11T20:00:00+01:00,1783796400,Primera División,344,2026,1538399,NS,Real Oruro,20252,Gualberto Villarroel SJ,22266,Bolivia,NS,Not Started,,,,,,,,,,,,0.0,0.0,0.0,0.0,0.0,0.0,0.0,0.0,0.0,0.0,,,2026-07-11T09:39:32.203005+00:00,COVERAGE_UNKNOWN,,,,,,0,1.0,COVERAGE_NOT_LOADED,,,,,,,,,,,,,,,,,,,,,,,,,,,,,,,,,,,,,,,,,,,,,,,,,,,,,NONE,,,,,,,,,,,,,,,,,,,,,,,,,,,,,,,,,,,,,,,,,,,,,,,,,,,,,,,,,,,,,,,,,,,,,,,,,,,,,,,,,,,,,,,,,,,,,,,,REJECT,99,country_league_not_allowlisted
2026-07-11,2026-07-11T19:00:00+01:00,1783792800,Primera División - Apertura,268,2026,1576789,NS,Danubio,2352,Club Nacional,2356,Uruguay,NS,Not Started,,,,,,,,,,,,0.0,0.0,0.0,0.0,0.0,0.0,0.0,0.0,0.0,0.0,,,2026-07-11T09:39:32.202862+00:00,COVERAGE_UNKNOWN,,,,,,0,1.0,COVERAGE_NOT_LOADED,,,,,,,,,,,,,,,,,,,,,,,,,,,,,,,,,,,,,,,,,,,,,,,,,,,,,NONE,,,,,,,,,,,,,,,,,,,,,,,,,,,,,,,,,,,,,,,,,,,,,,,,,,,,,,,,,,,,,,,,,,,,,,,,,,,,,,,,,,,,,,,,,,,,,,,,REJECT,99,country_league_not_allowlisted
2026-07-11,2026-07-11T14:00:00+01:00,1783774800,Primera División - Apertura,268,2026,1576788,NS,Juventud,2353,Atletico Torque,2365,Uruguay,NS,Not Started,,,,,,,,,,,,0.0,0.0,0.0,0.0,0.0,0.0,0.0,0.0,0.0,0.0,,,2026-07-11T09:39:32.201549+00:00,COVERAGE_UNKNOWN,,,,,,0,1.0,COVERAGE_NOT_LOADED,,,,,,,,,,,,,,,,,,,,,,,,,,,,,,,,,,,,,,,,,,,,,,,,,,,,,NONE,,,,,,,,,,,,,,,,,,,,,,,,,,,,,,,,,,,,,,,,,,,,,,,,,,,,,,,,,,,,,,,,,,,,,,,,,,,,,,,,,,,,,,,,,,,,,,,,REJECT,99,country_league_not_allowlisted
2026-07-11,2026-07-11T22:00:00+01:00,1783803600,Primera División - Apertura,268,2026,1576790,NS,Wanderers,2360,Progreso,2363,Uruguay,NS,Not Started,,,,,,,,,,,,0.0,0.0,0.0,0.0,0.0,0.0,0.0,0.0,0.0,0.0,,,2026-07-11T09:39:32.203114+00:00,COVERAGE_UNKNOWN,,,,,,0,1.0,COVERAGE_NOT_LOADED,,,,,,,,,,,,,,,,,,,,,,,,,,,,,,,,,,,,,,,,,,,,,,,,,,,,,NONE,,,,,,,,,,,,,,,,,,,,,,,,,,,,,,,,,,,,,,,,,,,,,,,,,,,,,,,,,,,,,,,,,,,,,,,,,,,,,,,,,,,,,,,,,,,,,,,,REJECT,99,country_league_not_allowlisted
2026-07-11,2026-07-11T19:00:00+01:00,1783792800,Primera Nacional,129,2026,1498632,NS,All Boys,464,Almirante Brown,8375,Argentina,NS,Not Started,,,,,,,,,,,,0.0,0.0,0.0,0.0,0.0,0.0,0.0,0.0,0.0,0.0,,,2026-07-11T09:39:32.202744+00:00,COVERAGE_UNKNOWN,,,,,,0,1.0,COVERAGE_NOT_LOADED,,,,,,,,,,,,,,,,,,,,,,,,,,,,,,,,,,,,,,,,,,,,,,,,,,,,,NONE,,,,,,,,,,,,,,,,,,,,,,,,,,,,,,,,,,,,,,,,,,,,,,,,,,,,,,,,,,,,,,,,,,,,,,,,,,,,,,,,,,,,,,,,,,,,,,,,REJECT,99,country_league_not_allowlisted
2026-07-11,2026-07-11T19:00:00+01:00,1783792800,Primera Nacional,129,2026,1498634,NS,Atletico DE Rafaela,465,Deportivo Maipu,1954,Argentina,NS,Not Started,,,,,,,,,,,,0.0,0.0,0.0,0.0,0.0,0.0,0.0,0.0,0.0,0.0,,,2026-07-11T09:39:32.202749+00:00,COVERAGE_UNKNOWN,,,,,,0,1.0,COVERAGE_NOT_LOADED,,,,,,,,,,,,,,,,,,,,,,,,,,,,,,,,,,,,,,,,,,,,,,,,,,,,,NONE,,,,,,,,,,,,,,,,,,,,,,,,,,,,,,,,,,,,,,,,,,,,,,,,,,,,,,,,,,,,,,,,,,,,,,,,,,,,,,,,,,,,,,,,,,,,,,,,REJECT,99,country_league_not_allowlisted
2026-07-11,2026-07-11T19:00:00+01:00,1783792800,Primera Nacional,129,2026,1498635,NS,CA Estudiantes,1936,Atletico Mitre,466,Argentina,NS,Not Started,,,,,,,,,,,,0.0,0.0,0.0,0.0,0.0,0.0,0.0,0.0,0.0,0.0,,,2026-07-11T09:39:32.202755+00:00,COVERAGE_UNKNOWN,,,,,,0,1.0,COVERAGE_NOT_LOADED,,,,,,,,,,,,,,,,,,,,,,,,,,,,,,,,,,,,,,,,,,,,,,,,,,,,,NONE,,,,,,,,,,,,,,,,,,,,,,,,,,,,,,,,,,,,,,,,,,,,,,,,,,,,,,,,,,,,,,,,,,,,,,,,,,,,,,,,,,,,,,,,,,,,,,,,REJECT,99,country_league_not_allowlisted
2026-07-11,2026-07-11T19:00:00+01:00,1783792800,Primera Nacional,129,2026,1498638,NS,Deportivo Moron,469,Deportivo Madryn,1929,Argentina,NS,Not Started,,,,,,,,,,,,0.0,0.0,0.0,0.0,0.0,0.0,0.0,0.0,0.0,0.0,,,2026-07-11T09:39:32.202760+00:00,COVERAGE_UNKNOWN,,,,,,0,1.0,COVERAGE_NOT_LOADED,,,,,,,,,,,,,,,,,,,,,,,,,,,,,,,,,,,,,,,,,,,,,,,,,,,,,NONE,,,,,,,,,,,,,,,,,,,,,,,,,,,,,,,,,,,,,,,,,,,,,,,,,,,,,,,,,,,,,,,,,,,,,,,,,,,,,,,,,,,,,,,,,,,,,,,,REJECT,99,country_league_not_allowlisted
2026-07-11,2026-07-11T19:00:00+01:00,1783792800,Primera Nacional,129,2026,1498642,NS,Los Andes,483,Ciudad de Bolívar,16612,Argentina,NS,Not Started,,,,,,,,,,,,0.0,0.0,0.0,0.0,0.0,0.0,0.0,0.0,0.0,0.0,,,2026-07-11T09:39:32.202765+00:00,COVERAGE_UNKNOWN,,,,,,0,1.0,COVERAGE_NOT_LOADED,,,,,,,,,,,,,,,,,,,,,,,,,,,,,,,,,,,,,,,,,,,,,,,,,,,,,NONE,,,,,,,,,,,,,,,,,,,,,,,,,,,,,,,,,,,,,,,,,,,,,,,,,,,,,,,,,,,,,,,,,,,,,,,,,,,,,,,,,,,,,,,,,,,,,,,,REJECT,99,country_league_not_allowlisted
2026-07-11,2026-07-11T19:00:00+01:00,1783792800,Primera Nacional,129,2026,1498646,NS,San Miguel,8379,Ferro Carril Oeste,470,Argentina,NS,Not Started,,,,,,,,,,,,0.0,0.0,0.0,0.0,0.0,0.0,0.0,0.0,0.0,0.0,,,2026-07-11T09:39:32.202770+00:00,COVERAGE_UNKNOWN,,,,,,0,1.0,COVERAGE_NOT_LOADED,,,,,,,,,,,,,,,,,,,,,,,,,,,,,,,,,,,,,,,,,,,,,,,,,,,,,NONE,,,,,,,,,,,,,,,,,,,,,,,,,,,,,,,,,,,,,,,,,,,,,,,,,,,,,,,,,,,,,,,,,,,,,,,,,,,,,,,,,,,,,,,,,,,,,,,,REJECT,99,country_league_not_allowlisted
2026-07-11,2026-07-11T19:00:00+01:00,1783792800,Primera Nacional,129,2026,1498647,NS,San Telmo,1932,Chaco For Ever,1946,Argentina,NS,Not Started,,,,,,,,,,,,0.0,0.0,0.0,0.0,0.0,0.0,0.0,0.0,0.0,0.0,,,2026-07-11T09:39:32.202775+00:00,COVERAGE_UNKNOWN,,,,,,0,1.0,COVERAGE_NOT_LOADED,,,,,,,,,,,,,,,,,,,,,,,,,,,,,,,,,,,,,,,,,,,,,,,,,,,,,NONE,,,,,,,,,,,,,,,,,,,,,,,,,,,,,,,,,,,,,,,,,,,,,,,,,,,,,,,,,,,,,,,,,,,,,,,,,,,,,,,,,,,,,,,,,,,,,,,,REJECT,99,country_league_not_allowlisted
2026-07-11,2026-07-11T19:00:00+01:00,1783792800,Primera Nacional,129,2026,1498648,NS,Tristan Suarez,1965,Nueva Chicago,484,Argentina,NS,Not Started,,,,,,,,,,,,0.0,0.0,0.0,0.0,0.0,0.0,0.0,0.0,0.0,0.0,,,2026-07-11T09:39:32.202780+00:00,COVERAGE_UNKNOWN,,,,,,0,1.0,COVERAGE_NOT_LOADED,,,,,,,,,,,,,,,,,,,,,,,,,,,,,,,,,,,,,,,,,,,,,,,,,,,,,NONE,,,,,,,,,,,,,,,,,,,,,,,,,,,,,,,,,,,,,,,,,,,,,,,,,,,,,,,,,,,,,,,,,,,,,,,,,,,,,,,,,,,,,,,,,,,,,,,,REJECT,99,country_league_not_allowlisted
2026-07-11,2026-07-11T17:30:00+01:00,1783787400,Segunda División,269,2026,1584324,NS,CA River Plate,2351,Plaza Colonia,2355,Uruguay,NS,Not Started,,,,,,,,,,,,0.0,0.0,0.0,0.0,0.0,0.0,0.0,0.0,0.0,0.0,,,2026-07-11T09:39:32.202689+00:00,COVERAGE_UNKNOWN,,,,,,0,1.0,COVERAGE_NOT_LOADED,,,,,,,,,,,,,,,,,,,,,,,,,,,,,,,,,,,,,,,,,,,,,,,,,,,,,NONE,,,,,,,,,,,,,,,,,,,,,,,,,,,,,,,,,,,,,,,,,,,,,,,,,,,,,,,,,,,,,,,,,,,,,,,,,,,,,,,,,,,,,,,,,,,,,,,,REJECT,99,country_league_not_allowlisted
2026-07-11,2026-07-11T21:00:00+01:00,1783800000,Segunda División,711,2026,1529129,NS,Concón National,21114,Santiago City,21117,Chile,NS,Not Started,,,,,,,,,,,,0.0,0.0,0.0,0.0,0.0,0.0,0.0,0.0,0.0,0.0,,,2026-07-11T09:39:32.203063+00:00,COVERAGE_UNKNOWN,,,,,,0,1.0,COVERAGE_NOT_LOADED,,,,,,,,,,,,,,,,,,,,,,,,,,,,,,,,,,,,,,,,,,,,,,,,,,,,,NONE,,,,,,,,,,,,,,,,,,,,,,,,,,,,,,,,,,,,,,,,,,,,,,,,,,,,,,,,,,,,,,,,,,,,,,,,,,,,,,,,,,,,,,,,,,,,,,,,REJECT,99,country_league_not_allowlisted
2026-07-11,2026-07-11T22:00:00+01:00,1783803600,Segunda División,269,2026,1584325,NS,Sportivo Huracan,2377,Colón,15628,Uruguay,NS,Not Started,,,,,,,,,,,,0.0,0.0,0.0,0.0,0.0,0.0,0.0,0.0,0.0,0.0,,,2026-07-11T09:39:32.203124+00:00,COVERAGE_UNKNOWN,,,,,,0,1.0,COVERAGE_NOT_LOADED,,,,,,,,,,,,,,,,,,,,,,,,,,,,,,,,,,,,,,,,,,,,,,,,,,,,,NONE,,,,,,,,,,,,,,,,,,,,,,,,,,,,,,,,,,,,,,,,,,,,,,,,,,,,,,,,,,,,,,,,,,,,,,,,,,,,,,,,,,,,,,,,,,,,,,,,REJECT,99,country_league_not_allowlisted
2026-07-11,2026-07-11T21:00:00+01:00,1783800000,Segunda División,711,2026,1529132,NS,Trasandino,5646,Municipal Salamanca,18775,Chile,NS,Not Started,,,,,,,,,,,,0.0,0.0,0.0,0.0,0.0,0.0,0.0,0.0,0.0,0.0,,,2026-07-11T09:39:32.203068+00:00,COVERAGE_UNKNOWN,,,,,,0,1.0,COVERAGE_NOT_LOADED,,,,,,,,,,,,,,,,,,,,,,,,,,,,,,,,,,,,,,,,,,,,,,,,,,,,,NONE,,,,,,,,,,,,,,,,,,,,,,,,,,,,,,,,,,,,,,,,,,,,,,,,,,,,,,,,,,,,,,,,,,,,,,,,,,,,,,,,,,,,,,,,,,,,,,,,REJECT,99,country_league_not_allowlisted
2026-07-11,2026-07-11T20:00:00+01:00,1783796400,Serie D,76,2026,1567819,NS,Portuguesa,1214,Marcílio Dias,10677,Brazil,NS,Not Started,,,,,,,,,,,,0.0,0.0,0.0,0.0,0.0,0.0,0.0,0.0,0.0,0.0,,,2026-07-11T09:39:32.203026+00:00,COVERAGE_UNKNOWN,,,,,,0,1.0,COVERAGE_NOT_LOADED,,,,,,,,,,,,,,,,,,,,,,,,,,,,,,,,,,,,,,,,,,,,,,,,,,,,,NONE,,,,,,,,,,,,,,,,,,,,,,,,,,,,,,,,,,,,,,,,,,,,,,,,,,,,,,,,,,,,,,,,,,,,,,,,,,,,,,,,,,,,,,,,,,,,,,,,REJECT,99,country_league_not_allowlisted
2026-07-11,2026-07-11T22:00:00+01:00,1783803600,Serie D,76,2026,1567818,NS,XV de Piracicaba,7870,Cianorte,1194,Brazil,NS,Not Started,,,,,,,,,,,,0.0,0.0,0.0,0.0,0.0,0.0,0.0,0.0,0.0,0.0,,,2026-07-11T09:39:32.203109+00:00,COVERAGE_UNKNOWN,,,,,,0,1.0,COVERAGE_NOT_LOADED,,,,,,,,,,,,,,,,,,,,,,,,,,,,,,,,,,,,,,,,,,,,,,,,,,,,,NONE,,,,,,,,,,,,,,,,,,,,,,,,,,,,,,,,,,,,,,,,,,,,,,,,,,,,,,,,,,,,,,,,,,,,,,,,,,,,,,,,,,,,,,,,,,,,,,,,REJECT,99,country_league_not_allowlisted
2026-07-11,2026-07-11T13:00:00+01:00,1783771200,Super League,169,2026,1523200,NS,Chengdu Better City,5648,Chongqing Tongliang Long,21262,China,NS,Not Started,,,,,,,,,,,,0.0,0.0,0.0,0.0,0.0,0.0,0.0,0.0,0.0,0.0,,,2026-07-11T09:39:32.200930+00:00,COVERAGE_UNKNOWN,,,,,,0,1.0,COVERAGE_NOT_LOADED,,,,,,,,,,,,,,,,,,,,,,,,,,,,,,,,,,,,,,,,,,,,,,,,,,,,,NONE,,,,,,,,,,,,,,,,,,,,,,,,,,,,,,,,,,,,,,,,,,,,,,,,,,,,,,,,,,,,,,,,,,,,,,,,,,,,,,,,,,,,,,,,,,,,,,,,REJECT,99,country_league_not_allowlisted
2026-07-11,2026-07-11T12:00:00+01:00,1783767600,Super League,169,2026,1523197,NS,Hangzhou Greentown,848,Qingdao Jonoon,1431,China,NS,Not Started,,,,,,,,,,,,0.0,0.0,0.0,0.0,0.0,0.0,0.0,0.0,0.0,0.0,,,2026-07-11T09:39:32.200675+00:00,COVERAGE_UNKNOWN,,,,,,0,1.0,COVERAGE_NOT_LOADED,,,,,,,,,,,,,,,,,,,,,,,,,,,,,,,,,,,,,,,,,,,,,,,,,,,,,NONE,,,,,,,,,,,,,,,,,,,,,,,,,,,,,,,,,,,,,,,,,,,,,,,,,,,,,,,,,,,,,,,,,,,,,,,,,,,,,,,,,,,,,,,,,,,,,,,,REJECT,99,country_league_not_allowlisted
2026-07-11,2026-07-11T12:35:00+01:00,1783769700,Super League,169,2026,1523198,NS,Shanghai Shenhua,833,Beijing Guoan,830,China,NS,Not Started,,,,,,,,,,,,0.0,0.0,0.0,0.0,0.0,0.0,0.0,0.0,0.0,0.0,,,2026-07-11T09:39:32.200904+00:00,COVERAGE_UNKNOWN,,,,,,0,1.0,COVERAGE_NOT_LOADED,,,,,,,,,,,,,,,,,,,,,,,,,,,,,,,,,,,,,,,,,,,,,,,,,,,,,NONE,,,,,,,,,,,,,,,,,,,,,,,,,,,,,,,,,,,,,,,,,,,,,,,,,,,,,,,,,,,,,,,,,,,,,,,,,,,,,,,,,,,,,,,,,,,,,,,,REJECT,99,country_league_not_allowlisted
2026-07-11,2026-07-11T12:35:00+01:00,1783769700,Super League,169,2026,1523199,NS,Sichuan Jiuniu,5686,Qingdao Youth Island,17265,China,NS,Not Started,,,,,,,,,,,,0.0,0.0,0.0,0.0,0.0,0.0,0.0,0.0,0.0,0.0,,,2026-07-11T09:39:32.200909+00:00,COVERAGE_UNKNOWN,,,,,,0,1.0,COVERAGE_NOT_LOADED,,,,,,,,,,,,,,,,,,,,,,,,,,,,,,,,,,,,,,,,,,,,,,,,,,,,,NONE,,,,,,,,,,,,,,,,,,,,,,,,,,,,,,,,,,,,,,,,,,,,,,,,,,,,,,,,,,,,,,,,,,,,,,,,,,,,,,,,,,,,,,,,,,,,,,,,REJECT,99,country_league_not_allowlisted
2026-07-11,2026-07-11T12:00:00+01:00,1783767600,Super League,169,2026,1523196,NS,Wuhan Three Towns,5695,Henan Jianye,840,China,NS,Not Started,,,,,,,,,,,,0.0,0.0,0.0,0.0,0.0,0.0,0.0,0.0,0.0,0.0,,,2026-07-11T09:39:32.200670+00:00,COVERAGE_UNKNOWN,,,,,,0,1.0,COVERAGE_NOT_LOADED,,,,,,,,,,,,,,,,,,,,,,,,,,,,,,,,,,,,,,,,,,,,,,,,,,,,,NONE,,,,,,,,,,,,,,,,,,,,,,,,,,,,,,,,,,,,,,,,,,,,,,,,,,,,,,,,,,,,,,,,,,,,,,,,,,,,,,,,,,,,,,,,,,,,,,,,REJECT,99,country_league_not_allowlisted
2026-07-11,2026-07-11T18:00:00+01:00,1783789200,Super Liga,394,2026,1567857,NS,CSF Bălți,14008,Petrocub,2271,Moldova,NS,Not Started,,,,,,,,,,,,0.0,0.0,0.0,0.0,0.0,0.0,0.0,0.0,0.0,0.0,,,2026-07-11T09:39:32.202719+00:00,COVERAGE_UNKNOWN,,,,,,0,1.0,COVERAGE_NOT_LOADED,,,,,,,,,,,,,,,,,,,,,,,,,,,,,,,,,,,,,,,,,,,,,,,,,,,,,NONE,,,,,,,,,,,,,,,,,,,,,,,,,,,,,,,,,,,,,,,,,,,,,,,,,,,,,,,,,,,,,,,,,,,,,,,,,,,,,,,,,,,,,,,,,,,,,,,,REJECT,99,country_league_not_allowlisted
2026-07-11,2026-07-11T16:00:00+01:00,1783782000,Super Liga,394,2026,1567856,NS,Sireți,5379,Politehnica UTM,26115,Moldova,NS,Not Started,,,,,,,,,,,,0.0,0.0,0.0,0.0,0.0,0.0,0.0,0.0,0.0,0.0,,,2026-07-11T09:39:32.202310+00:00,COVERAGE_UNKNOWN,,,,,,0,1.0,COVERAGE_NOT_LOADED,,,,,,,,,,,,,,,,,,,,,,,,,,,,,,,,,,,,,,,,,,,,,,,,,,,,,NONE,,,,,,,,,,,,,,,,,,,,,,,,,,,,,,,,,,,,,,,,,,,,,,,,,,,,,,,,,,,,,,,,,,,,,,,,,,,,,,,,,,,,,,,,,,,,,,,,REJECT,99,country_league_not_allowlisted
2026-07-11,2026-07-11T07:45:00+01:00,1783752300,Tasmania Northern Championship,1091,2026,1533123,NS,Devonport U21,23508,Ulverstone U21,27750,Australia,NS,Not Started,,,,,,,,,,,,0.0,0.0,0.0,0.0,0.0,0.0,0.0,0.0,0.0,0.0,,,2026-07-11T09:39:32.199826+00:00,COVERAGE_UNKNOWN,,,,,,0,1.0,COVERAGE_NOT_LOADED,,,,,,,,,,,,,,,,,,,,,,,,,,,,,,,,,,,,,,,,,,,,,,,,,,,,,NONE,,,,,,,,,,,,,,,,,,,,,,,,,,,,,,,,,,,,,,,,,,,,,,,,,,,,,,,,,,,,,,,,,,,,,,,,,,,,,,,,,,,,,,,,,,,,,,,,REJECT,99,country_league_not_allowlisted
2026-07-11,2026-07-11T07:45:00+01:00,1783752300,Tasmania Southern Championship,1093,2026,1533048,NS,Clarence Zebras II,23521,Taroona,23528,Australia,NS,Not Started,,,,,,,,,,,,0.0,0.0,0.0,0.0,0.0,0.0,0.0,0.0,0.0,0.0,,,2026-07-11T09:39:32.199820+00:00,COVERAGE_UNKNOWN,,,,,,0,1.0,COVERAGE_NOT_LOADED,,,,,,,,,,,,,,,,,,,,,,,,,,,,,,,,,,,,,,,,,,,,,,,,,,,,,NONE,,,,,,,,,,,,,,,,,,,,,,,,,,,,,,,,,,,,,,,,,,,,,,,,,,,,,,,,,,,,,,,,,,,,,,,,,,,,,,,,,,,,,,,,,,,,,,,,REJECT,99,country_league_not_allowlisted
2026-07-11,2026-07-11T19:30:00+01:00,1783794600,Torneo Federal A,134,2026,1530454,NS,Atletico Escobar,27571,Douglas Haig,789,Argentina,NS,Not Started,,,,,,,,,,,,0.0,0.0,0.0,0.0,0.0,0.0,0.0,0.0,0.0,0.0,,,2026-07-11T09:39:32.202919+00:00,COVERAGE_UNKNOWN,,,,,,0,1.0,COVERAGE_NOT_LOADED,,,,,,,,,,,,,,,,,,,,,,,,,,,,,,,,,,,,,,,,,,,,,,,,,,,,,NONE,,,,,,,,,,,,,,,,,,,,,,,,,,,,,,,,,,,,,,,,,,,,,,,,,,,,,,,,,,,,,,,,,,,,,,,,,,,,,,,,,,,,,,,,,,,,,,,,REJECT,99,country_league_not_allowlisted
2026-07-11,2026-07-11T19:00:00+01:00,1783792800,Torneo Federal A,134,2026,1530463,NS,Juventud Unida Univ.,3947,Cipolletti,1949,Argentina,NS,Not Started,,,,,,,,,,,,0.0,0.0,0.0,0.0,0.0,0.0,0.0,0.0,0.0,0.0,,,2026-07-11T09:39:32.202805+00:00,COVERAGE_UNKNOWN,,,,,,0,1.0,COVERAGE_NOT_LOADED,,,,,,,,,,,,,,,,,,,,,,,,,,,,,,,,,,,,,,,,,,,,,,,,,,,,,NONE,,,,,,,,,,,,,,,,,,,,,,,,,,,,,,,,,,,,,,,,,,,,,,,,,,,,,,,,,,,,,,,,,,,,,,,,,,,,,,,,,,,,,,,,,,,,,,,,REJECT,99,country_league_not_allowlisted
2026-07-11,2026-07-11T19:30:00+01:00,1783794600,Torneo Federal A,134,2026,1530464,NS,Santamarina,475,Alvarado,1962,Argentina,NS,Not Started,,,,,,,,,,,,0.0,0.0,0.0,0.0,0.0,0.0,0.0,0.0,0.0,0.0,,,2026-07-11T09:39:32.202925+00:00,COVERAGE_UNKNOWN,,,,,,0,1.0,COVERAGE_NOT_LOADED,,,,,,,,,,,,,,,,,,,,,,,,,,,,,,,,,,,,,,,,,,,,,,,,,,,,,NONE,,,,,,,,,,,,,,,,,,,,,,,,,,,,,,,,,,,,,,,,,,,,,,,,,,,,,,,,,,,,,,,,,,,,,,,,,,,,,,,,,,,,,,,,,,,,,,,,REJECT,99,country_league_not_allowlisted
2026-07-11,2026-07-11T20:00:00+01:00,1783796400,USL League One Cup,1095,2026,1531219,NS,Oakland Roots,10874,Spokane Velocity,22785,USA,NS,Not Started,,,,,,,,,,,,0.0,0.0,0.0,0.0,0.0,0.0,0.0,0.0,0.0,0.0,,,2026-07-11T09:39:32.203000+00:00,COVERAGE_UNKNOWN,,,,,,0,1.0,COVERAGE_NOT_LOADED,,,,,,,,,,,,,,,,,,,,,,,,,,,,,,,,,,,,,,,,,,,,,,,,,,,,,NONE,,,,,,,,,,,,,,,,,,,,,,,,,,,,,,,,,,,,,,,,,,,,,,,,,,,,,,,,,,,,,,,,,,,,,,,,,,,,,,,,,,,,,,,,,,,,,,,,REJECT,99,country_league_not_allowlisted
2026-07-11,2026-07-11T20:00:00+01:00,1783796400,USL League Two,256,2026,1525322,NS,Birmingham Legion II,23111,Montgomery United,25944,USA,NS,Not Started,,,,,,,,,,,,0.0,0.0,0.0,0.0,0.0,0.0,0.0,0.0,0.0,0.0,,,2026-07-11T09:39:32.202966+00:00,COVERAGE_UNKNOWN,,,,,,0,1.0,COVERAGE_NOT_LOADED,,,,,,,,,,,,,,,,,,,,,,,,,,,,,,,,,,,,,,,,,,,,,,,,,,,,,NONE,,,,,,,,,,,,,,,,,,,,,,,,,,,,,,,,,,,,,,,,,,,,,,,,,,,,,,,,,,,,,,,,,,,,,,,,,,,,,,,,,,,,,,,,,,,,,,,,REJECT,99,country_league_not_allowlisted
2026-07-11,2026-07-11T23:00:00+01:00,1783807200,USL League Two,256,2026,1525329,NS,Boston Bolts,4035,Blackwatch Rush,18884,USA,NS,Not Started,,,,,,,,,,,,0.0,0.0,0.0,0.0,0.0,0.0,0.0,0.0,0.0,0.0,,,2026-07-11T09:39:32.203139+00:00,COVERAGE_UNKNOWN,,,,,,0,1.0,COVERAGE_NOT_LOADED,,,,,,,,,,,,,,,,,,,,,,,,,,,,,,,,,,,,,,,,,,,,,,,,,,,,,NONE,,,,,,,,,,,,,,,,,,,,,,,,,,,,,,,,,,,,,,,,,,,,,,,,,,,,,,,,,,,,,,,,,,,,,,,,,,,,,,,,,,,,,,,,,,,,,,,,REJECT,99,country_league_not_allowlisted
2026-07-11,2026-07-11T20:00:00+01:00,1783796400,USL League Two,256,2026,1525325,NS,Buffalo,17019,Akron City,23970,USA,NS,Not Started,,,,,,,,,,,,0.0,0.0,0.0,0.0,0.0,0.0,0.0,0.0,0.0,0.0,,,2026-07-11T09:39:32.202989+00:00,COVERAGE_UNKNOWN,,,,,,0,1.0,COVERAGE_NOT_LOADED,,,,,,,,,,,,,,,,,,,,,,,,,,,,,,,,,,,,,,,,,,,,,,,,,,,,,NONE,,,,,,,,,,,,,,,,,,,,,,,,,,,,,,,,,,,,,,,,,,,,,,,,,,,,,,,,,,,,,,,,,,,,,,,,,,,,,,,,,,,,,,,,,,,,,,,,REJECT,99,country_league_not_allowlisted
2026-07-11,2026-07-11T19:00:00+01:00,1783792800,USL League Two,256,2026,1525323,NS,Lone Star II,16728,Real Central New Jersey,16686,USA,NS,Not Started,,,,,,,,,,,,0.0,0.0,0.0,0.0,0.0,0.0,0.0,0.0,0.0,0.0,,,2026-07-11T09:39:32.202800+00:00,COVERAGE_UNKNOWN,,,,,,0,1.0,COVERAGE_NOT_LOADED,,,,,,,,,,,,,,,,,,,,,,,,,,,,,,,,,,,,,,,,,,,,,,,,,,,,,NONE,,,,,,,,,,,,,,,,,,,,,,,,,,,,,,,,,,,,,,,,,,,,,,,,,,,,,,,,,,,,,,,,,,,,,,,,,,,,,,,,,,,,,,,,,,,,,,,,REJECT,99,country_league_not_allowlisted
2026-07-11,2026-07-11T16:00:00+01:00,1783782000,USL League Two,256,2026,1525321,NS,New Jersey Copa,9086,Westchester Flames,4099,USA,NS,Not Started,,,,,,,,,,,,0.0,0.0,0.0,0.0,0.0,0.0,0.0,0.0,0.0,0.0,,,2026-07-11T09:39:32.202147+00:00,COVERAGE_UNKNOWN,,,,,,0,1.0,COVERAGE_NOT_LOADED,,,,,,,,,,,,,,,,,,,,,,,,,,,,,,,,,,,,,,,,,,,,,,,,,,,,,NONE,,,,,,,,,,,,,,,,,,,,,,,,,,,,,,,,,,,,,,,,,,,,,,,,,,,,,,,,,,,,,,,,,,,,,,,,,,,,,,,,,,,,,,,,,,,,,,,,REJECT,99,country_league_not_allowlisted
2026-07-11,2026-07-11T20:00:00+01:00,1783796400,USL League Two,256,2026,1525367,NS,San Francisco City,4079,Project 51O,18908,USA,NS,Not Started,,,,,,,,,,,,0.0,0.0,0.0,0.0,0.0,0.0,0.0,0.0,0.0,0.0,,,2026-07-11T09:39:32.202994+00:00,COVERAGE_UNKNOWN,,,,,,0,1.0,COVERAGE_NOT_LOADED,,,,,,,,,,,,,,,,,,,,,,,,,,,,,,,,,,,,,,,,,,,,,,,,,,,,,NONE,,,,,,,,,,,,,,,,,,,,,,,,,,,,,,,,,,,,,,,,,,,,,,,,,,,,,,,,,,,,,,,,,,,,,,,,,,,,,,,,,,,,,,,,,,,,,,,,REJECT,99,country_league_not_allowlisted
2026-07-11,2026-07-11T21:00:00+01:00,1783800000,USL League Two,256,2026,1525326,NS,Seacoast United Phantoms,4082,AC Connecticut,4031,USA,NS,Not Started,,,,,,,,,,,,0.0,0.0,0.0,0.0,0.0,0.0,0.0,0.0,0.0,0.0,,,2026-07-11T09:39:32.203052+00:00,COVERAGE_UNKNOWN,,,,,,0,1.0,COVERAGE_NOT_LOADED,,,,,,,,,,,,,,,,,,,,,,,,,,,,,,,,,,,,,,,,,,,,,,,,,,,,,NONE,,,,,,,,,,,,,,,,,,,,,,,,,,,,,,,,,,,,,,,,,,,,,,,,,,,,,,,,,,,,,,,,,,,,,,,,,,,,,,,,,,,,,,,,,,,,,,,,REJECT,99,country_league_not_allowlisted
2026-07-11,2026-07-11T23:00:00+01:00,1783807200,USL League Two,256,2026,1525331,NS,Staten Island Athletic,23122,Morris Elite,16682,USA,NS,Not Started,,,,,,,,,,,,0.0,0.0,0.0,0.0,0.0,0.0,0.0,0.0,0.0,0.0,,,2026-07-11T09:39:32.203144+00:00,COVERAGE_UNKNOWN,,,,,,0,1.0,COVERAGE_NOT_LOADED,,,,,,,,,,,,,,,,,,,,,,,,,,,,,,,,,,,,,,,,,,,,,,,,,,,,,NONE,,,,,,,,,,,,,,,,,,,,,,,,,,,,,,,,,,,,,,,,,,,,,,,,,,,,,,,,,,,,,,,,,,,,,,,,,,,,,,,,,,,,,,,,,,,,,,,,REJECT,99,country_league_not_allowlisted
2026-07-11,2026-07-11T20:00:00+01:00,1783796400,USL League Two,256,2026,1525324,NS,Sueno,23123,Chicago Dutch Lions,18889,USA,NS,Not Started,,,,,,,,,,,,0.0,0.0,0.0,0.0,0.0,0.0,0.0,0.0,0.0,0.0,,,2026-07-11T09:39:32.202971+00:00,COVERAGE_UNKNOWN,,,,,,0,1.0,COVERAGE_NOT_LOADED,,,,,,,,,,,,,,,,,,,,,,,,,,,,,,,,,,,,,,,,,,,,,,,,,,,,,NONE,,,,,,,,,,,,,,,,,,,,,,,,,,,,,,,,,,,,,,,,,,,,,,,,,,,,,,,,,,,,,,,,,,,,,,,,,,,,,,,,,,,,,,,,,,,,,,,,REJECT,99,country_league_not_allowlisted
2026-07-11,2026-07-11T11:00:00+01:00,1783764000,WK-League,660,2026,1533743,NS,Gyeongju W,14375,Incheon Red Angels W,14377,South-Korea,NS,Not Started,,,,,,,,,,,,0.0,0.0,0.0,0.0,0.0,0.0,0.0,0.0,0.0,0.0,,,2026-07-11T09:39:32.200498+00:00,COVERAGE_UNKNOWN,,,,,,0,1.0,COVERAGE_NOT_LOADED,,,,,,,,,,,,,,,,,,,,,,,,,,,,,,,,,,,,,,,,,,,,,,,,,,,,,NONE,,,,,,,,,,,,,,,,,,,,,,,,,,,,,,,,,,,,,,,,,,,,,,,,,,,,,,,,,,,,,,,,,,,,,,,,,,,,,,,,,,,,,,,,,,,,,,,,REJECT,99,country_league_not_allowlisted
2026-07-11,2026-07-11T11:00:00+01:00,1783764000,WK-League,660,2026,1533744,NS,Hwacheon KSPO W,14376,Changnyeong W,14373,South-Korea,NS,Not Started,,,,,,,,,,,,0.0,0.0,0.0,0.0,0.0,0.0,0.0,0.0,0.0,0.0,,,2026-07-11T09:39:32.200504+00:00,COVERAGE_UNKNOWN,,,,,,0,1.0,COVERAGE_NOT_LOADED,,,,,,,,,,,,,,,,,,,,,,,,,,,,,,,,,,,,,,,,,,,,,,,,,,,,,NONE,,,,,,,,,,,,,,,,,,,,,,,,,,,,,,,,,,,,,,,,,,,,,,,,,,,,,,,,,,,,,,,,,,,,,,,,,,,,,,,,,,,,,,,,,,,,,,,,REJECT,99,country_league_not_allowlisted
2026-07-11,2026-07-11T08:00:00+01:00,1783753200,Western Australia NPL,196,2026,1527244,NS,Sorrento,3823,Fremantle City,21025,Australia,NS,Not Started,,,,,,,,,,,,0.0,0.0,0.0,0.0,0.0,0.0,0.0,0.0,0.0,0.0,,,2026-07-11T09:39:32.199892+00:00,COVERAGE_UNKNOWN,,,,,,0,1.0,COVERAGE_NOT_LOADED,,,,,,,,,,,,,,,,,,,,,,,,,,,,,,,,,,,,,,,,,,,,,,,,,,,,,NONE,,,,,,,,,,,,,,,,,,,,,,,,,,,,,,,,,,,,,,,,,,,,,,,,,,,,,,,,,,,,,,,,,,,,,,,,,,,,,,,,,,,,,,,,,,,,,,,,REJECT,99,country_league_not_allowlisted
2026-07-11,2026-07-11T08:00:00+01:00,1783753200,Western Australia State League 1,1094,2026,1535523,NS,Cockburn City,3815,Kingsley Westside,23531,Australia,NS,Not Started,,,,,,,,,,,,0.0,0.0,0.0,0.0,0.0,0.0,0.0,0.0,0.0,0.0,,,2026-07-11T09:39:32.199924+00:00,COVERAGE_UNKNOWN,,,,,,0,1.0,COVERAGE_NOT_LOADED,,,,,,,,,,,,,,,,,,,,,,,,,,,,,,,,,,,,,,,,,,,,,,,,,,,,,NONE,,,,,,,,,,,,,,,,,,,,,,,,,,,,,,,,,,,,,,,,,,,,,,,,,,,,,,,,,,,,,,,,,,,,,,,,,,,,,,,,,,,,,,,,,,,,,,,,REJECT,99,country_league_not_allowlisted
2026-07-11,2026-07-11T08:00:00+01:00,1783753200,Western Australia State League 1,1094,2026,1535519,NS,Curtin University,25700,Floreat Athena,3817,Australia,NS,Not Started,,,,,,,,,,,,0.0,0.0,0.0,0.0,0.0,0.0,0.0,0.0,0.0,0.0,,,2026-07-11T09:39:32.199899+00:00,COVERAGE_UNKNOWN,,,,,,0,1.0,COVERAGE_NOT_LOADED,,,,,,,,,,,,,,,,,,,,,,,,,,,,,,,,,,,,,,,,,,,,,,,,,,,,,NONE,,,,,,,,,,,,,,,,,,,,,,,,,,,,,,,,,,,,,,,,,,,,,,,,,,,,,,,,,,,,,,,,,,,,,,,,,,,,,,,,,,,,,,,,,,,,,,,,REJECT,99,country_league_not_allowlisted
2026-07-11,2026-07-11T08:00:00+01:00,1783753200,Western Australia State League 1,1094,2026,1535521,NS,Joondalup City,25701,Mandurah City,22493,Australia,NS,Not Started,,,,,,,,,,,,0.0,0.0,0.0,0.0,0.0,0.0,0.0,0.0,0.0,0.0,,,2026-07-11T09:39:32.199911+00:00,COVERAGE_UNKNOWN,,,,,,0,1.0,COVERAGE_NOT_LOADED,,,,,,,,,,,,,,,,,,,,,,,,,,,,,,,,,,,,,,,,,,,,,,,,,,,,,NONE,,,,,,,,,,,,,,,,,,,,,,,,,,,,,,,,,,,,,,,,,,,,,,,,,,,,,,,,,,,,,,,,,,,,,,,,,,,,,,,,,,,,,,,,,,,,,,,,REJECT,99,country_league_not_allowlisted
2026-07-11,2026-07-11T08:00:00+01:00,1783753200,Western Australia State League 1,1094,2026,1535524,NS,Quinns FC,27636,UWA Nedlands,23533,Australia,NS,Not Started,,,,,,,,,,,,0.0,0.0,0.0,0.0,0.0,0.0,0.0,0.0,0.0,0.0,,,2026-07-11T09:39:32.199929+00:00,COVERAGE_UNKNOWN,,,,,,0,1.0,COVERAGE_NOT_LOADED,,,,,,,,,,,,,,,,,,,,,,,,,,,,,,,,,,,,,,,,,,,,,,,,,,,,,NONE,,,,,,,,,,,,,,,,,,,,,,,,,,,,,,,,,,,,,,,,,,,,,,,,,,,,,,,,,,,,,,,,,,,,,,,,,,,,,,,,,,,,,,,,,,,,,,,,REJECT,99,country_league_not_allowlisted
2026-07-11,2026-07-11T22:00:00+01:00,1783803600,World Cup,1,2026,1581037,NS,Norway,1090,England,10,World,NS,Not Started,,,,,,,,,,,,0.0,0.0,0.0,0.0,0.0,0.0,0.0,0.0,0.0,0.0,,,2026-07-11T09:39:32.203119+00:00,COVERAGE_UNKNOWN,,,,,,0,1.0,COVERAGE_NOT_LOADED,,,,,,,,,,,,,,,,,,,,,,,,,,,,,,,,,,,,,,,,,,,,,,,,,,,,,NONE,,,,,,,,,,,,,,,,,,,,,,,,,,,,,,,,,,,,,,,,,,,,,,,,,,,,,,,,,,,,,,,,,,,,,,,,,,,,,,,,,,,,,,,,,,,,,,,,REJECT,99,country_league_not_allowlisted
2026-07-11,2026-07-11T15:00:00+01:00,1783778400,Ykkönen,245,2026,1517211,NS,JJK,1171,KuPS Akatemia,18758,Finland,NS,Not Started,,,,,,,,,,,,0.0,0.0,0.0,0.0,0.0,0.0,0.0,0.0,0.0,0.0,,,2026-07-11T09:39:32.201674+00:00,COVERAGE_UNKNOWN,,,,,,0,1.0,COVERAGE_NOT_LOADED,,,,,,,,,,,,,,,,,,,,,,,,,,,,,,,,,,,,,,,,,,,,,,,,,,,,,NONE,,,,,,,,,,,,,,,,,,,,,,,,,,,,,,,,,,,,,,,,,,,,,,,,,,,,,,,,,,,,,,,,,,,,,,,,,,,,,,,,,,,,,,,,,,,,,,,,REJECT,99,country_league_not_allowlisted
2026-07-11,2026-07-11T15:00:00+01:00,1783778400,Ykkönen,245,2026,1517212,NS,KPV-j,10199,TPV,2244,Finland,NS,Not Started,,,,,,,,,,,,0.0,0.0,0.0,0.0,0.0,0.0,0.0,0.0,0.0,0.0,,,2026-07-11T09:39:32.201679+00:00,COVERAGE_UNKNOWN,,,,,,0,1.0,COVERAGE_NOT_LOADED,,,,,,,,,,,,,,,,,,,,,,,,,,,,,,,,,,,,,,,,,,,,,,,,,,,,,NONE,,,,,,,,,,,,,,,,,,,,,,,,,,,,,,,,,,,,,,,,,,,,,,,,,,,,,,,,,,,,,,,,,,,,,,,,,,,,,,,,,,,,,,,,,,,,,,,,REJECT,99,country_league_not_allowlisted
2026-07-11,2026-07-11T14:00:00+01:00,1783774800,Ykkönen,245,2026,1517210,NS,PKKU,9203,FC jazz,2074,Finland,NS,Not Started,,,,,,,,,,,,0.0,0.0,0.0,0.0,0.0,0.0,0.0,0.0,0.0,0.0,,,2026-07-11T09:39:32.201361+00:00,COVERAGE_UNKNOWN,,,,,,0,1.0,COVERAGE_NOT_LOADED,,,,,,,,,,,,,,,,,,,,,,,,,,,,,,,,,,,,,,,,,,,,,,,,,,,,,NONE,,,,,,,,,,,,,,,,,,,,,,,,,,,,,,,,,,,,,,,,,,,,,,,,,,,,,,,,,,,,,,,,,,,,,,,,,,,,,,,,,,,,,,,,,,,,,,,,REJECT,99,country_league_not_allowlisted
2026-07-11,2026-07-11T15:00:00+01:00,1783778400,Ykkönen,245,2026,1517213,NS,VJS,6075,OLS,9195,Finland,NS,Not Started,,,,,,,,,,,,0.0,0.0,0.0,0.0,0.0,0.0,0.0,0.0,0.0,0.0,,,2026-07-11T09:39:32.201684+00:00,COVERAGE_UNKNOWN,,,,,,0,1.0,COVERAGE_NOT_LOADED,,,,,,,,,,,,,,,,,,,,,,,,,,,,,,,,,,,,,,,,,,,,,,,,,,,,,NONE,,,,,,,,,,,,,,,,,,,,,,,,,,,,,,,,,,,,,,,,,,,,,,,,,,,,,,,,,,,,,,,,,,,,,,,,,,,,,,,,,,,,,,,,,,,,,,,,REJECT,99,country_league_not_allowlisted
2026-07-11,2026-07-11T14:00:00+01:00,1783774800,Ykkösliiga,1087,2026,1504258,NS,Haka,2080,EIF,2078,Finland,NS,Not Started,,,,,,,,,,,,0.0,0.0,0.0,0.0,0.0,0.0,0.0,0.0,0.0,0.0,,,2026-07-11T09:39:32.201351+00:00,COVERAGE_UNKNOWN,,,,,,0,1.0,COVERAGE_NOT_LOADED,,,,,,,,,,,,,,,,,,,,,,,,,,,,,,,,,,,,,,,,,,,,,,,,,,,,,NONE,,,,,,,,,,,,,,,,,,,,,,,,,,,,,,,,,,,,,,,,,,,,,,,,,,,,,,,,,,,,,,,,,,,,,,,,,,,,,,,,,,,,,,,,,,,,,,,,REJECT,99,country_league_not_allowlisted
2026-07-11,2026-07-11T17:00:00+01:00,1783785600,Ykkösliiga,1087,2026,1504260,NS,Klubi-04,2085,JIPPO,9172,Finland,NS,Not Started,,,,,,,,,,,,0.0,0.0,0.0,0.0,0.0,0.0,0.0,0.0,0.0,0.0,,,2026-07-11T09:39:32.202373+00:00,COVERAGE_UNKNOWN,,,,,,0,1.0,COVERAGE_NOT_LOADED,,,,,,,,,,,,,,,,,,,,,,,,,,,,,,,,,,,,,,,,,,,,,,,,,,,,,NONE,,,,,,,,,,,,,,,,,,,,,,,,,,,,,,,,,,,,,,,,,,,,,,,,,,,,,,,,,,,,,,,,,,,,,,,,,,,,,,,,,,,,,,,,,,,,,,,,REJECT,99,country_league_not_allowlisted
2026-07-11,2026-07-11T14:00:00+01:00,1783774800,Ykkösliiga,1087,2026,1504259,NS,SJK Akatemia,9198,MP,9175,Finland,NS,Not Started,,,,,,,,,,,,0.0,0.0,0.0,0.0,0.0,0.0,0.0,0.0,0.0,0.0,,,2026-07-11T09:39:32.201356+00:00,COVERAGE_UNKNOWN,,,,,,0,1.0,COVERAGE_NOT_LOADED,,,,,,,,,,,,,,,,,,,,,,,,,,,,,,,,,,,,,,,,,,,,,,,,,,,,,NONE,,,,,,,,,,,,,,,,,,,,,,,,,,,,,,,,,,,,,,,,,,,,,,,,,,,,,,,,,,,,,,,,,,,,,,,,,,,,,,,,,,,,,,,,,,,,,,,,REJECT,99,country_league_not_allowlisted
2026-07-11,2026-07-11T19:00:00+01:00,1783792800,Baiano U20,1073,2026,1582673,NS,Camaçariense U20,18326,Bahia U20,12954,Brazil,NS,Not Started,,,,,,,,,,,,0.0,0.0,0.0,0.0,0.0,0.0,0.0,0.0,0.0,0.0,,,2026-07-11T09:39:32.202899+00:00,COVERAGE_UNKNOWN,,,,,,0,1.0,COVERAGE_NOT_LOADED,,,,,,,,,,,,,,,,,,,,,,,,,,,,,,,,,,,,,,,,,,,,,,,,,,,,,NONE,,,,,,,,,,,,,,,,,,,,,,,,,,,,,,,,,,,,,,,,,,,,,,,,,,,,,,,,,,,,,,,,,,,,,,,,,,,,,,,,,,,,,,,,,,,,,,,,REJECT,99,hard_reject_noise_league
2026-07-11,2026-07-11T19:00:00+01:00,1783792800,Baiano U20,1073,2026,1582674,NS,Fluminense de Feira U20,25813,Vitória U20,13072,Brazil,NS,Not Started,,,,,,,,,,,,0.0,0.0,0.0,0.0,0.0,0.0,0.0,0.0,0.0,0.0,,,2026-07-11T09:39:32.202904+00:00,COVERAGE_UNKNOWN,,,,,,0,1.0,COVERAGE_NOT_LOADED,,,,,,,,,,,,,,,,,,,,,,,,,,,,,,,,,,,,,,,,,,,,,,,,,,,,,NONE,,,,,,,,,,,,,,,,,,,,,,,,,,,,,,,,,,,,,,,,,,,,,,,,,,,,,,,,,,,,,,,,,,,,,,,,,,,,,,,,,,,,,,,,,,,,,,,,REJECT,99,hard_reject_noise_league
2026-07-11,2026-07-11T19:30:00+01:00,1783794600,Brasiliense U20,1100,2026,1585098,NS,Canaã U20,12991,Paranoa U20,23615,Brazil,NS,Not Started,,,,,,,,,,,,0.0,0.0,0.0,0.0,0.0,0.0,0.0,0.0,0.0,0.0,,,2026-07-11T09:39:32.202961+00:00,COVERAGE_UNKNOWN,,,,,,0,1.0,COVERAGE_NOT_LOADED,,,,,,,,,,,,,,,,,,,,,,,,,,,,,,,,,,,,,,,,,,,,,,,,,,,,,NONE,,,,,,,,,,,,,,,,,,,,,,,,,,,,,,,,,,,,,,,,,,,,,,,,,,,,,,,,,,,,,,,,,,,,,,,,,,,,,,,,,,,,,,,,,,,,,,,,REJECT,99,hard_reject_noise_league
2026-07-11,2026-07-11T19:30:00+01:00,1783794600,Brasiliense U20,1100,2026,1585097,NS,Capital TO U20,12992,Brazlândia FC SAF U20,27753,Brazil,NS,Not Started,,,,,,,,,,,,0.0,0.0,0.0,0.0,0.0,0.0,0.0,0.0,0.0,0.0,,,2026-07-11T09:39:32.202956+00:00,COVERAGE_UNKNOWN,,,,,,0,1.0,COVERAGE_NOT_LOADED,,,,,,,,,,,,,,,,,,,,,,,,,,,,,,,,,,,,,,,,,,,,,,,,,,,,,NONE,,,,,,,,,,,,,,,,,,,,,,,,,,,,,,,,,,,,,,,,,,,,,,,,,,,,,,,,,,,,,,,,,,,,,,,,,,,,,,,,,,,,,,,,,,,,,,,,REJECT,99,hard_reject_noise_league
2026-07-11,2026-07-11T14:00:00+01:00,1783774800,Brasiliense U20,1100,2026,1546261,NS,Grêmio Valparaíso U20,23612,Cruzeiro U20,13000,Brazil,NS,Not Started,,,,,,,,,,,,0.0,0.0,0.0,0.0,0.0,0.0,0.0,0.0,0.0,0.0,,,2026-07-11T09:39:32.201410+00:00,COVERAGE_UNKNOWN,,,,,,0,1.0,COVERAGE_NOT_LOADED,,,,,,,,,,,,,,,,,,,,,,,,,,,,,,,,,,,,,,,,,,,,,,,,,,,,,NONE,,,,,,,,,,,,,,,,,,,,,,,,,,,,,,,,,,,,,,,,,,,,,,,,,,,,,,,,,,,,,,,,,,,,,,,,,,,,,,,,,,,,,,,,,,,,,,,,REJECT,99,hard_reject_noise_league
2026-07-11,2026-07-11T19:30:00+01:00,1783794600,Brasiliense U20,1100,2026,1585096,NS,Planaltina U20,16472,Gama U20,12960,Brazil,NS,Not Started,,,,,,,,,,,,0.0,0.0,0.0,0.0,0.0,0.0,0.0,0.0,0.0,0.0,,,2026-07-11T09:39:32.202951+00:00,COVERAGE_UNKNOWN,,,,,,0,1.0,COVERAGE_NOT_LOADED,,,,,,,,,,,,,,,,,,,,,,,,,,,,,,,,,,,,,,,,,,,,,,,,,,,,,NONE,,,,,,,,,,,,,,,,,,,,,,,,,,,,,,,,,,,,,,,,,,,,,,,,,,,,,,,,,,,,,,,,,,,,,,,,,,,,,,,,,,,,,,,,,,,,,,,,REJECT,99,hard_reject_noise_league
2026-07-11,2026-07-11T19:30:00+01:00,1783794600,Brasiliense U20,1100,2026,1576774,NS,Real Brasília U20,18346,Planaltina DF U20,16737,Brazil,NS,Not Started,,,,,,,,,,,,0.0,0.0,0.0,0.0,0.0,0.0,0.0,0.0,0.0,0.0,,,2026-07-11T09:39:32.202940+00:00,COVERAGE_UNKNOWN,,,,,,0,1.0,COVERAGE_NOT_LOADED,,,,,,,,,,,,,,,,,,,,,,,,,,,,,,,,,,,,,,,,,,,,,,,,,,,,,NONE,,,,,,,,,,,,,,,,,,,,,,,,,,,,,,,,,,,,,,,,,,,,,,,,,,,,,,,,,,,,,,,,,,,,,,,,,,,,,,,,,,,,,,,,,,,,,,,,REJECT,99,hard_reject_noise_league
2026-07-11,2026-07-11T14:00:00+01:00,1783774800,Brasiliense U20,1100,2026,1585095,NS,Samambaia U20,23616,CFZ Brasilia U20,23610,Brazil,NS,Not Started,,,,,,,,,,,,0.0,0.0,0.0,0.0,0.0,0.0,0.0,0.0,0.0,0.0,,,2026-07-11T09:39:32.201611+00:00,COVERAGE_UNKNOWN,,,,,,0,1.0,COVERAGE_NOT_LOADED,,,,,,,,,,,,,,,,,,,,,,,,,,,,,,,,,,,,,,,,,,,,,,,,,,,,,NONE,,,,,,,,,,,,,,,,,,,,,,,,,,,,,,,,,,,,,,,,,,,,,,,,,,,,,,,,,,,,,,,,,,,,,,,,,,,,,,,,,,,,,,,,,,,,,,,,REJECT,99,hard_reject_noise_league
2026-07-11,2026-07-11T14:00:00+01:00,1783774800,Brasiliense U20,1100,2026,1546260,NS,Sobradinho U20,25933,Legiao U20,23613,Brazil,NS,Not Started,,,,,,,,,,,,0.0,0.0,0.0,0.0,0.0,0.0,0.0,0.0,0.0,0.0,,,2026-07-11T09:39:32.201405+00:00,COVERAGE_UNKNOWN,,,,,,0,1.0,COVERAGE_NOT_LOADED,,,,,,,,,,,,,,,,,,,,,,,,,,,,,,,,,,,,,,,,,,,,,,,,,,,,,NONE,,,,,,,,,,,,,,,,,,,,,,,,,,,,,,,,,,,,,,,,,,,,,,,,,,,,,,,,,,,,,,,,,,,,,,,,,,,,,,,,,,,,,,,,,,,,,,,,REJECT,99,hard_reject_noise_league
2026-07-11,2026-07-11T19:00:00+01:00,1783792800,Catarinense U20,1076,2026,1539848,NS,Avaí U20,12953,Criciuma U20,12999,Brazil,NS,Not Started,,,,,,,,,,,,0.0,0.0,0.0,0.0,0.0,0.0,0.0,0.0,0.0,0.0,,,2026-07-11T09:39:32.202810+00:00,COVERAGE_UNKNOWN,,,,,,0,1.0,COVERAGE_NOT_LOADED,,,,,,,,,,,,,,,,,,,,,,,,,,,,,,,,,,,,,,,,,,,,,,,,,,,,,NONE,,,,,,,,,,,,,,,,,,,,,,,,,,,,,,,,,,,,,,,,,,,,,,,,,,,,,,,,,,,,,,,,,,,,,,,,,,,,,,,,,,,,,,,,,,,,,,,,REJECT,99,hard_reject_noise_league
2026-07-11,2026-07-11T19:00:00+01:00,1783792800,Catarinense U20,1076,2026,1539851,NS,Barra SC U20,23321,Carlos Renaux U20,27672,Brazil,NS,Not Started,,,,,,,,,,,,0.0,0.0,0.0,0.0,0.0,0.0,0.0,0.0,0.0,0.0,,,2026-07-11T09:39:32.202815+00:00,COVERAGE_UNKNOWN,,,,,,0,1.0,COVERAGE_NOT_LOADED,,,,,,,,,,,,,,,,,,,,,,,,,,,,,,,,,,,,,,,,,,,,,,,,,,,,,NONE,,,,,,,,,,,,,,,,,,,,,,,,,,,,,,,,,,,,,,,,,,,,,,,,,,,,,,,,,,,,,,,,,,,,,,,,,,,,,,,,,,,,,,,,,,,,,,,,REJECT,99,hard_reject_noise_league
2026-07-11,2026-07-11T13:00:00+01:00,1783771200,Catarinense U20,1076,2026,1539850,NS,Brusque U20,23322,Joinville U20,13019,Brazil,NS,Not Started,,,,,,,,,,,,0.0,0.0,0.0,0.0,0.0,0.0,0.0,0.0,0.0,0.0,,,2026-07-11T09:39:32.200940+00:00,COVERAGE_UNKNOWN,,,,,,0,1.0,COVERAGE_NOT_LOADED,,,,,,,,,,,,,,,,,,,,,,,,,,,,,,,,,,,,,,,,,,,,,,,,,,,,,NONE,,,,,,,,,,,,,,,,,,,,,,,,,,,,,,,,,,,,,,,,,,,,,,,,,,,,,,,,,,,,,,,,,,,,,,,,,,,,,,,,,,,,,,,,,,,,,,,,REJECT,99,hard_reject_noise_league
2026-07-11,2026-07-11T14:00:00+01:00,1783774800,Catarinense U20,1076,2026,1539849,NS,Chapecoense U20,12995,Figueirense U20,20755,Brazil,NS,Not Started,,,,,,,,,,,,0.0,0.0,0.0,0.0,0.0,0.0,0.0,0.0,0.0,0.0,,,2026-07-11T09:39:32.201388+00:00,COVERAGE_UNKNOWN,,,,,,0,1.0,COVERAGE_NOT_LOADED,,,,,,,,,,,,,,,,,,,,,,,,,,,,,,,,,,,,,,,,,,,,,,,,,,,,,NONE,,,,,,,,,,,,,,,,,,,,,,,,,,,,,,,,,,,,,,,,,,,,,,,,,,,,,,,,,,,,,,,,,,,,,,,,,,,,,,,,,,,,,,,,,,,,,,,,REJECT,99,hard_reject_noise_league
2026-07-11,2026-07-11T19:00:00+01:00,1783792800,Catarinense U20,1076,2026,1539852,NS,Nação U20,23325,Concórdia U20,18329,Brazil,NS,Not Started,,,,,,,,,,,,0.0,0.0,0.0,0.0,0.0,0.0,0.0,0.0,0.0,0.0,,,2026-07-11T09:39:32.202821+00:00,COVERAGE_UNKNOWN,,,,,,0,1.0,COVERAGE_NOT_LOADED,,,,,,,,,,,,,,,,,,,,,,,,,,,,,,,,,,,,,,,,,,,,,,,,,,,,,NONE,,,,,,,,,,,,,,,,,,,,,,,,,,,,,,,,,,,,,,,,,,,,,,,,,,,,,,,,,,,,,,,,,,,,,,,,,,,,,,,,,,,,,,,,,,,,,,,,REJECT,99,hard_reject_noise_league
2026-07-11,2026-07-11T19:30:00+01:00,1783794600,Cearense U20,1112,2026,1567324,NS,Tiangua CE U20,27677,Fortaleza U20,13009,Brazil,NS,Not Started,,,,,,,,,,,,0.0,0.0,0.0,0.0,0.0,0.0,0.0,0.0,0.0,0.0,,,2026-07-11T09:39:32.202935+00:00,COVERAGE_UNKNOWN,,,,,,0,1.0,COVERAGE_NOT_LOADED,,,,,,,,,,,,,,,,,,,,,,,,,,,,,,,,,,,,,,,,,,,,,,,,,,,,,NONE,,,,,,,,,,,,,,,,,,,,,,,,,,,,,,,,,,,,,,,,,,,,,,,,,,,,,,,,,,,,,,,,,,,,,,,,,,,,,,,,,,,,,,,,,,,,,,,,REJECT,99,hard_reject_noise_league
2026-07-11,2026-07-11T15:00:00+01:00,1783778400,Estadual Junior U20,1143,2026,1573801,NS,Internacional U20,12962,Juventude U20,13020,Brazil,NS,Not Started,,,,,,,,,,,,0.0,0.0,0.0,0.0,0.0,0.0,0.0,0.0,0.0,0.0,,,2026-07-11T09:39:32.202033+00:00,COVERAGE_UNKNOWN,,,,,,0,1.0,COVERAGE_NOT_LOADED,,,,,,,,,,,,,,,,,,,,,,,,,,,,,,,,,,,,,,,,,,,,,,,,,,,,,NONE,,,,,,,,,,,,,,,,,,,,,,,,,,,,,,,,,,,,,,,,,,,,,,,,,,,,,,,,,,,,,,,,,,,,,,,,,,,,,,,,,,,,,,,,,,,,,,,,REJECT,99,hard_reject_noise_league
2026-07-11,2026-07-11T12:35:00+01:00,1783769700,Friendlies,10,2026,1583650,NS,China PR U17,21449,Nigeria U17,12516,World,NS,Not Started,,,,,,,,,,,,0.0,0.0,0.0,0.0,0.0,0.0,0.0,0.0,0.0,0.0,,,2026-07-11T09:39:32.200914+00:00,COVERAGE_UNKNOWN,,,,,,0,1.0,COVERAGE_NOT_LOADED,,,,,,,,,,,,,,,,,,,,,,,,,,,,,,,,,,,,,,,,,,,,,,,,,,,,,NONE,,,,,,,,,,,,,,,,,,,,,,,,,,,,,,,,,,,,,,,,,,,,,,,,,,,,,,,,,,,,,,,,,,,,,,,,,,,,,,,,,,,,,,,,,,,,,,,,REJECT,99,hard_reject_noise_league
2026-07-11,2026-07-11T09:00:00+01:00,1783756800,Friendlies,10,2026,1583649,NS,Tanzania U17,25822,Australia U17,12501,World,NS,Not Started,,,,,,,,,,,,0.0,0.0,0.0,0.0,0.0,0.0,0.0,0.0,0.0,0.0,,,2026-07-11T09:39:32.200061+00:00,COVERAGE_UNKNOWN,,,,,,0,1.0,COVERAGE_NOT_LOADED,,,,,,,,,,,,,,,,,,,,,,,,,,,,,,,,,,,,,,,,,,,,,,,,,,,,,NONE,,,,,,,,,,,,,,,,,,,,,,,,,,,,,,,,,,,,,,,,,,,,,,,,,,,,,,,,,,,,,,,,,,,,,,,,,,,,,,,,,,,,,,,,,,,,,,,,REJECT,99,hard_reject_noise_league
2026-07-11,2026-07-11T15:00:00+01:00,1783778400,Friendlies Clubs,667,2026,1554894,NS,AFC Fylde,1839,Blackpool,1356,World,NS,Not Started,,,,,,,,,,,,0.0,0.0,0.0,0.0,0.0,0.0,0.0,0.0,0.0,0.0,,,2026-07-11T09:39:32.201920+00:00,COVERAGE_UNKNOWN,,,,,,0,1.0,COVERAGE_NOT_LOADED,,,,,,,,,,,,,,,,,,,,,,,,,,,,,,,,,,,,,,,,,,,,,,,,,,,,,NONE,,,,,,,,,,,,,,,,,,,,,,,,,,,,,,,,,,,,,,,,,,,,,,,,,,,,,,,,,,,,,,,,,,,,,,,,,,,,,,,,,,,,,,,,,,,,,,,,REJECT,99,hard_reject_noise_league
2026-07-11,2026-07-11T15:00:00+01:00,1783778400,Friendlies Clubs,667,2026,1546657,NS,AFC Totton,7612,Sutton Utd,1835,World,NS,Not Started,,,,,,,,,,,,0.0,0.0,0.0,0.0,0.0,0.0,0.0,0.0,0.0,0.0,,,2026-07-11T09:39:32.201740+00:00,COVERAGE_UNKNOWN,,,,,,0,1.0,COVERAGE_NOT_LOADED,,,,,,,,,,,,,,,,,,,,,,,,,,,,,,,,,,,,,,,,,,,,,,,,,,,,,NONE,,,,,,,,,,,,,,,,,,,,,,,,,,,,,,,,,,,,,,,,,,,,,,,,,,,,,,,,,,,,,,,,,,,,,,,,,,,,,,,,,,,,,,,,,,,,,,,,REJECT,99,hard_reject_noise_league
2026-07-11,2026-07-11T10:30:00+01:00,1783762200,Friendlies Clubs,667,2026,1583251,NS,AVS,21595,Chaves,223,World,NS,Not Started,,,,,,,,,,,,0.0,0.0,0.0,0.0,0.0,0.0,0.0,0.0,0.0,0.0,,,2026-07-11T09:39:32.200456+00:00,COVERAGE_UNKNOWN,,,,,,0,1.0,COVERAGE_NOT_LOADED,,,,,,,,,,,,,,,,,,,,,,,,,,,,,,,,,,,,,,,,,,,,,,,,,,,,,NONE,,,,,,,,,,,,,,,,,,,,,,,,,,,,,,,,,,,,,,,,,,,,,,,,,,,,,,,,,,,,,,,,,,,,,,,,,,,,,,,,,,,,,,,,,,,,,,,,REJECT,99,hard_reject_noise_league
2026-07-11,2026-07-11T12:00:00+01:00,1783767600,Friendlies Clubs,667,2026,1554854,NS,AZ Alkmaar,201,Almere City FC,419,World,NS,Not Started,,,,,,,,,,,,0.0,0.0,0.0,0.0,0.0,0.0,0.0,0.0,0.0,0.0,,,2026-07-11T09:39:32.200754+00:00,COVERAGE_UNKNOWN,,,,,,0,1.0,COVERAGE_NOT_LOADED,,,,,,,,,,,,,,,,,,,,,,,,,,,,,,,,,,,,,,,,,,,,,,,,,,,,,NONE,,,,,,,,,,,,,,,,,,,,,,,,,,,,,,,,,,,,,,,,,,,,,,,,,,,,,,,,,,,,,,,,,,,,,,,,,,,,,,,,,,,,,,,,,,,,,,,,REJECT,99,hard_reject_noise_league
2026-07-11,2026-07-11T15:00:00+01:00,1783778400,Friendlies Clubs,667,2026,1546656,NS,Accrington ST,1360,Blackburn,67,World,NS,Not Started,,,,,,,,,,,,0.0,0.0,0.0,0.0,0.0,0.0,0.0,0.0,0.0,0.0,,,2026-07-11T09:39:32.201735+00:00,COVERAGE_UNKNOWN,,,,,,0,1.0,COVERAGE_NOT_LOADED,,,,,,,,,,,,,,,,,,,,,,,,,,,,,,,,,,,,,,,,,,,,,,,,,,,,,NONE,,,,,,,,,,,,,,,,,,,,,,,,,,,,,,,,,,,,,,,,,,,,,,,,,,,,,,,,,,,,,,,,,,,,,,,,,,,,,,,,,,,,,,,,,,,,,,,,REJECT,99,hard_reject_noise_league
2026-07-11,2026-07-11T15:30:00+01:00,1783780200,Friendlies Clubs,667,2026,1554853,NS,Akron,6786,Fakel,1993,World,NS,Not Started,,,,,,,,,,,,0.0,0.0,0.0,0.0,0.0,0.0,0.0,0.0,0.0,0.0,,,2026-07-11T09:39:32.202141+00:00,COVERAGE_UNKNOWN,,,,,,0,1.0,COVERAGE_NOT_LOADED,,,,,,,,,,,,,,,,,,,,,,,,,,,,,,,,,,,,,,,,,,,,,,,,,,,,,NONE,,,,,,,,,,,,,,,,,,,,,,,,,,,,,,,,,,,,,,,,,,,,,,,,,,,,,,,,,,,,,,,,,,,,,,,,,,,,,,,,,,,,,,,,,,,,,,,,REJECT,99,hard_reject_noise_league
2026-07-11,2026-07-11T14:00:00+01:00,1783774800,Friendlies Clubs,667,2026,1548824,NS,Alfreton Town,4677,Burton Albion,748,World,NS,Not Started,,,,,,,,,,,,0.0,0.0,0.0,0.0,0.0,0.0,0.0,0.0,0.0,0.0,,,2026-07-11T09:39:32.201481+00:00,COVERAGE_UNKNOWN,,,,,,0,1.0,COVERAGE_NOT_LOADED,,,,,,,,,,,,,,,,,,,,,,,,,,,,,,,,,,,,,,,,,,,,,,,,,,,,,NONE,,,,,,,,,,,,,,,,,,,,,,,,,,,,,,,,,,,,,,,,,,,,,,,,,,,,,,,,,,,,,,,,,,,,,,,,,,,,,,,,,,,,,,,,,,,,,,,,REJECT,99,hard_reject_noise_league
2026-07-11,2026-07-11T13:00:00+01:00,1783771200,Friendlies Clubs,667,2026,1584802,NS,Altglienicke,9349,Phönix Lübeck,12831,World,NS,Not Started,,,,,,,,,,,,0.0,0.0,0.0,0.0,0.0,0.0,0.0,0.0,0.0,0.0,,,2026-07-11T09:39:32.201270+00:00,COVERAGE_UNKNOWN,,,,,,0,1.0,COVERAGE_NOT_LOADED,,,,,,,,,,,,,,,,,,,,,,,,,,,,,,,,,,,,,,,,,,,,,,,,,,,,,NONE,,,,,,,,,,,,,,,,,,,,,,,,,,,,,,,,,,,,,,,,,,,,,,,,,,,,,,,,,,,,,,,,,,,,,,,,,,,,,,,,,,,,,,,,,,,,,,,,REJECT,99,hard_reject_noise_league
2026-07-11,2026-07-11T12:00:00+01:00,1783767600,Friendlies Clubs,667,2026,1546658,NS,Alvechurch,7692,Solihull Moors,1834,World,NS,Not Started,,,,,,,,,,,,0.0,0.0,0.0,0.0,0.0,0.0,0.0,0.0,0.0,0.0,,,2026-07-11T09:39:32.200706+00:00,COVERAGE_UNKNOWN,,,,,,0,1.0,COVERAGE_NOT_LOADED,,,,,,,,,,,,,,,,,,,,,,,,,,,,,,,,,,,,,,,,,,,,,,,,,,,,,NONE,,,,,,,,,,,,,,,,,,,,,,,,,,,,,,,,,,,,,,,,,,,,,,,,,,,,,,,,,,,,,,,,,,,,,,,,,,,,,,,,,,,,,,,,,,,,,,,,REJECT,99,hard_reject_noise_league
2026-07-11,2026-07-11T17:00:00+01:00,1783785600,Friendlies Clubs,667,2026,1554916,NS,Amiens,87,Gobelins,9238,World,NS,Not Started,,,,,,,,,,,,0.0,0.0,0.0,0.0,0.0,0.0,0.0,0.0,0.0,0.0,,,2026-07-11T09:39:32.202603+00:00,COVERAGE_UNKNOWN,,,,,,0,1.0,COVERAGE_NOT_LOADED,,,,,,,,,,,,,,,,,,,,,,,,,,,,,,,,,,,,,,,,,,,,,,,,,,,,,NONE,,,,,,,,,,,,,,,,,,,,,,,,,,,,,,,,,,,,,,,,,,,,,,,,,,,,,,,,,,,,,,,,,,,,,,,,,,,,,,,,,,,,,,,,,,,,,,,,REJECT,99,hard_reject_noise_league
2026-07-11,2026-07-11T13:00:00+01:00,1783771200,Friendlies Clubs,667,2026,1548810,NS,Ammerthal,14619,Bayreuth,9325,World,NS,Not Started,,,,,,,,,,,,0.0,0.0,0.0,0.0,0.0,0.0,0.0,0.0,0.0,0.0,,,2026-07-11T09:39:32.201005+00:00,COVERAGE_UNKNOWN,,,,,,0,1.0,COVERAGE_NOT_LOADED,,,,,,,,,,,,,,,,,,,,,,,,,,,,,,,,,,,,,,,,,,,,,,,,,,,,,NONE,,,,,,,,,,,,,,,,,,,,,,,,,,,,,,,,,,,,,,,,,,,,,,,,,,,,,,,,,,,,,,,,,,,,,,,,,,,,,,,,,,,,,,,,,,,,,,,,REJECT,99,hard_reject_noise_league
2026-07-11,2026-07-11T17:00:00+01:00,1783785600,Friendlies Clubs,667,2026,1546665,NS,Ansbach,14621,1. FC Nürnberg,171,World,NS,Not Started,,,,,,,,,,,,0.0,0.0,0.0,0.0,0.0,0.0,0.0,0.0,0.0,0.0,,,2026-07-11T09:39:32.202409+00:00,COVERAGE_UNKNOWN,,,,,,0,1.0,COVERAGE_NOT_LOADED,,,,,,,,,,,,,,,,,,,,,,,,,,,,,,,,,,,,,,,,,,,,,,,,,,,,,NONE,,,,,,,,,,,,,,,,,,,,,,,,,,,,,,,,,,,,,,,,,,,,,,,,,,,,,,,,,,,,,,,,,,,,,,,,,,,,,,,,,,,,,,,,,,,,,,,,REJECT,99,hard_reject_noise_league
2026-07-11,2026-07-11T08:00:00+01:00,1783753200,Friendlies Clubs,667,2026,1584779,NS,Ararat,3682,Van,6286,World,NS,Not Started,,,,,,,,,,,,0.0,0.0,0.0,0.0,0.0,0.0,0.0,0.0,0.0,0.0,,,2026-07-11T09:39:32.199941+00:00,COVERAGE_UNKNOWN,,,,,,0,1.0,COVERAGE_NOT_LOADED,,,,,,,,,,,,,,,,,,,,,,,,,,,,,,,,,,,,,,,,,,,,,,,,,,,,,NONE,,,,,,,,,,,,,,,,,,,,,,,,,,,,,,,,,,,,,,,,,,,,,,,,,,,,,,,,,,,,,,,,,,,,,,,,,,,,,,,,,,,,,,,,,,,,,,,,REJECT,99,hard_reject_noise_league
2026-07-11,2026-07-11T11:00:00+01:00,1783764000,Friendlies Clubs,667,2026,1560571,NS,Arka Gdynia,344,Olimpia Grudziądz,4247,World,NS,Not Started,,,,,,,,,,,,0.0,0.0,0.0,0.0,0.0,0.0,0.0,0.0,0.0,0.0,,,2026-07-11T09:39:32.200545+00:00,COVERAGE_UNKNOWN,,,,,,0,1.0,COVERAGE_NOT_LOADED,,,,,,,,,,,,,,,,,,,,,,,,,,,,,,,,,,,,,,,,,,,,,,,,,,,,,NONE,,,,,,,,,,,,,,,,,,,,,,,,,,,,,,,,,,,,,,,,,,,,,,,,,,,,,,,,,,,,,,,,,,,,,,,,,,,,,,,,,,,,,,,,,,,,,,,,REJECT,99,hard_reject_noise_league
2026-07-11,2026-07-11T15:00:00+01:00,1783778400,Friendlies Clubs,667,2026,1583283,NS,Ashford Town (Middlesex),7613,Chertsey Town,7627,World,NS,Not Started,,,,,,,,,,,,0.0,0.0,0.0,0.0,0.0,0.0,0.0,0.0,0.0,0.0,,,2026-07-11T09:39:32.202038+00:00,COVERAGE_UNKNOWN,,,,,,0,1.0,COVERAGE_NOT_LOADED,,,,,,,,,,,,,,,,,,,,,,,,,,,,,,,,,,,,,,,,,,,,,,,,,,,,,NONE,,,,,,,,,,,,,,,,,,,,,,,,,,,,,,,,,,,,,,,,,,,,,,,,,,,,,,,,,,,,,,,,,,,,,,,,,,,,,,,,,,,,,,,,,,,,,,,,REJECT,99,hard_reject_noise_league
2026-07-11,2026-07-11T14:00:00+01:00,1783774800,Friendlies Clubs,667,2026,1562910,NS,Atlas Delmenhorst,4260,Havelse,9342,World,NS,Not Started,,,,,,,,,,,,0.0,0.0,0.0,0.0,0.0,0.0,0.0,0.0,0.0,0.0,,,2026-07-11T09:39:32.201523+00:00,COVERAGE_UNKNOWN,,,,,,0,1.0,COVERAGE_NOT_LOADED,,,,,,,,,,,,,,,,,,,,,,,,,,,,,,,,,,,,,,,,,,,,,,,,,,,,,NONE,,,,,,,,,,,,,,,,,,,,,,,,,,,,,,,,,,,,,,,,,,,,,,,,,,,,,,,,,,,,,,,,,,,,,,,,,,,,,,,,,,,,,,,,,,,,,,,,REJECT,99,hard_reject_noise_league
2026-07-11,2026-07-11T13:00:00+01:00,1783771200,Friendlies Clubs,667,2026,1583260,NS,Aubstadt,9323,Barockstadt Fulda-Lehn.,12735,World,NS,Not Started,,,,,,,,,,,,0.0,0.0,0.0,0.0,0.0,0.0,0.0,0.0,0.0,0.0,,,2026-07-11T09:39:32.201202+00:00,COVERAGE_UNKNOWN,,,,,,0,1.0,COVERAGE_NOT_LOADED,,,,,,,,,,,,,,,,,,,,,,,,,,,,,,,,,,,,,,,,,,,,,,,,,,,,,NONE,,,,,,,,,,,,,,,,,,,,,,,,,,,,,,,,,,,,,,,,,,,,,,,,,,,,,,,,,,,,,,,,,,,,,,,,,,,,,,,,,,,,,,,,,,,,,,,,REJECT,99,hard_reject_noise_league
2026-07-11,2026-07-11T09:30:00+01:00,1783758600,Friendlies Clubs,667,2026,1584786,TBD,Austria Klagenfurt,1405,Voitsberg,8332,World,TBD,Time To Be Defined,,,,,,,,,,,,0.0,0.0,0.0,0.0,0.0,0.0,0.0,0.0,0.0,0.0,,,2026-07-11T09:39:32.200167+00:00,COVERAGE_UNKNOWN,,,,,,0,1.0,COVERAGE_NOT_LOADED,,,,,,,,,,,,,,,,,,,,,,,,,,,,,,,,,,,,,,,,,,,,,,,,,,,,,NONE,,,,,,,,,,,,,,,,,,,,,,,,,,,,,,,,,,,,,,,,,,,,,,,,,,,,,,,,,,,,,,,,,,,,,,,,,,,,,,,,,,,,,,,,,,,,,,,,REJECT,99,hard_reject_noise_league
2026-07-11,2026-07-11T14:30:00+01:00,1783776600,Friendlies Clubs,667,2026,1560592,NS,Austria Salzburg,5000,Wacker Burghausen,9337,World,NS,Not Started,,,,,,,,,,,,0.0,0.0,0.0,0.0,0.0,0.0,0.0,0.0,0.0,0.0,,,2026-07-11T09:39:32.201637+00:00,COVERAGE_UNKNOWN,,,,,,0,1.0,COVERAGE_NOT_LOADED,,,,,,,,,,,,,,,,,,,,,,,,,,,,,,,,,,,,,,,,,,,,,,,,,,,,,NONE,,,,,,,,,,,,,,,,,,,,,,,,,,,,,,,,,,,,,,,,,,,,,,,,,,,,,,,,,,,,,,,,,,,,,,,,,,,,,,,,,,,,,,,,,,,,,,,,REJECT,99,hard_reject_noise_league
2026-07-11,2026-07-11T11:30:00+01:00,1783765800,Friendlies Clubs,667,2026,1583256,NS,Baden,12699,Rotkreuz,6640,World,NS,Not Started,,,,,,,,,,,,0.0,0.0,0.0,0.0,0.0,0.0,0.0,0.0,0.0,0.0,,,2026-07-11T09:39:32.200649+00:00,COVERAGE_UNKNOWN,,,,,,0,1.0,COVERAGE_NOT_LOADED,,,,,,,,,,,,,,,,,,,,,,,,,,,,,,,,,,,,,,,,,,,,,,,,,,,,,NONE,,,,,,,,,,,,,,,,,,,,,,,,,,,,,,,,,,,,,,,,,,,,,,,,,,,,,,,,,,,,,,,,,,,,,,,,,,,,,,,,,,,,,,,,,,,,,,,,REJECT,99,hard_reject_noise_league
2026-07-11,2026-07-11T13:30:00+01:00,1783773000,Friendlies Clubs,667,2026,1548827,NS,Ballyclare Comrades,5340,Ballymena United,668,World,NS,Not Started,,,,,,,,,,,,0.0,0.0,0.0,0.0,0.0,0.0,0.0,0.0,0.0,0.0,,,2026-07-11T09:39:32.201315+00:00,COVERAGE_UNKNOWN,,,,,,0,1.0,COVERAGE_NOT_LOADED,,,,,,,,,,,,,,,,,,,,,,,,,,,,,,,,,,,,,,,,,,,,,,,,,,,,,NONE,,,,,,,,,,,,,,,,,,,,,,,,,,,,,,,,,,,,,,,,,,,,,,,,,,,,,,,,,,,,,,,,,,,,,,,,,,,,,,,,,,,,,,,,,,,,,,,,REJECT,99,hard_reject_noise_league
2026-07-11,2026-07-11T15:00:00+01:00,1783778400,Friendlies Clubs,667,2026,1584819,NS,Ballymacash Rangers,19025,Newington Youth,11118,World,NS,Not Started,,,,,,,,,,,,0.0,0.0,0.0,0.0,0.0,0.0,0.0,0.0,0.0,0.0,,,2026-07-11T09:39:32.202085+00:00,COVERAGE_UNKNOWN,,,,,,0,1.0,COVERAGE_NOT_LOADED,,,,,,,,,,,,,,,,,,,,,,,,,,,,,,,,,,,,,,,,,,,,,,,,,,,,,NONE,,,,,,,,,,,,,,,,,,,,,,,,,,,,,,,,,,,,,,,,,,,,,,,,,,,,,,,,,,,,,,,,,,,,,,,,,,,,,,,,,,,,,,,,,,,,,,,,REJECT,99,hard_reject_noise_league
2026-07-11,2026-07-11T12:00:00+01:00,1783767600,Friendlies Clubs,667,2026,1554855,NS,Bamber Bridge,7695,Fleetwood Town,1336,World,NS,Not Started,,,,,,,,,,,,0.0,0.0,0.0,0.0,0.0,0.0,0.0,0.0,0.0,0.0,,,2026-07-11T09:39:32.200759+00:00,COVERAGE_UNKNOWN,,,,,,0,1.0,COVERAGE_NOT_LOADED,,,,,,,,,,,,,,,,,,,,,,,,,,,,,,,,,,,,,,,,,,,,,,,,,,,,,NONE,,,,,,,,,,,,,,,,,,,,,,,,,,,,,,,,,,,,,,,,,,,,,,,,,,,,,,,,,,,,,,,,,,,,,,,,,,,,,,,,,,,,,,,,,,,,,,,,REJECT,99,hard_reject_noise_league
2026-07-11,2026-07-11T10:00:00+01:00,1783760400,Friendlies Clubs,667,2026,1560567,NS,Baník Lehota p.Vtáčnikom,14942,Hanácká,7291,World,NS,Not Started,,,,,,,,,,,,0.0,0.0,0.0,0.0,0.0,0.0,0.0,0.0,0.0,0.0,,,2026-07-11T09:39:32.200314+00:00,COVERAGE_UNKNOWN,,,,,,0,1.0,COVERAGE_NOT_LOADED,,,,,,,,,,,,,,,,,,,,,,,,,,,,,,,,,,,,,,,,,,,,,,,,,,,,,NONE,,,,,,,,,,,,,,,,,,,,,,,,,,,,,,,,,,,,,,,,,,,,,,,,,,,,,,,,,,,,,,,,,,,,,,,,,,,,,,,,,,,,,,,,,,,,,,,,REJECT,99,hard_reject_noise_league
2026-07-11,2026-07-11T15:00:00+01:00,1783778400,Friendlies Clubs,667,2026,1550559,NS,Barrow,1819,Workington,7265,World,NS,Not Started,,,,,,,,,,,,0.0,0.0,0.0,0.0,0.0,0.0,0.0,0.0,0.0,0.0,,,2026-07-11T09:39:32.201899+00:00,COVERAGE_UNKNOWN,,,,,,0,1.0,COVERAGE_NOT_LOADED,,,,,,,,,,,,,,,,,,,,,,,,,,,,,,,,,,,,,,,,,,,,,,,,,,,,,NONE,,,,,,,,,,,,,,,,,,,,,,,,,,,,,,,,,,,,,,,,,,,,,,,,,,,,,,,,,,,,,,,,,,,,,,,,,,,,,,,,,,,,,,,,,,,,,,,,REJECT,99,hard_reject_noise_league
2026-07-11,2026-07-11T11:00:00+01:00,1783764000,Friendlies Clubs,667,2026,1567603,NS,Barycz Sułów,24785,Lechia Zielona Góra,14143,World,NS,Not Started,,,,,,,,,,,,0.0,0.0,0.0,0.0,0.0,0.0,0.0,0.0,0.0,0.0,,,2026-07-11T09:39:32.200562+00:00,COVERAGE_UNKNOWN,,,,,,0,1.0,COVERAGE_NOT_LOADED,,,,,,,,,,,,,,,,,,,,,,,,,,,,,,,,,,,,,,,,,,,,,,,,,,,,,NONE,,,,,,,,,,,,,,,,,,,,,,,,,,,,,,,,,,,,,,,,,,,,,,,,,,,,,,,,,,,,,,,,,,,,,,,,,,,,,,,,,,,,,,,,,,,,,,,,REJECT,99,hard_reject_noise_league
2026-07-11,2026-07-11T15:00:00+01:00,1783778400,Friendlies Clubs,667,2026,1560593,NS,Bedford Town,7616,Berkhamsted,7214,World,NS,Not Started,,,,,,,,,,,,0.0,0.0,0.0,0.0,0.0,0.0,0.0,0.0,0.0,0.0,,,2026-07-11T09:39:32.202008+00:00,COVERAGE_UNKNOWN,,,,,,0,1.0,COVERAGE_NOT_LOADED,,,,,,,,,,,,,,,,,,,,,,,,,,,,,,,,,,,,,,,,,,,,,,,,,,,,,NONE,,,,,,,,,,,,,,,,,,,,,,,,,,,,,,,,,,,,,,,,,,,,,,,,,,,,,,,,,,,,,,,,,,,,,,,,,,,,,,,,,,,,,,,,,,,,,,,,REJECT,99,hard_reject_noise_league
2026-07-11,2026-07-11T19:30:00+01:00,1783794600,Friendlies Clubs,667,2026,1560598,NS,Benfica,211,Flamengo,127,World,NS,Not Started,,,,,,,,,,,,0.0,0.0,0.0,0.0,0.0,0.0,0.0,0.0,0.0,0.0,,,2026-07-11T09:39:32.202930+00:00,COVERAGE_UNKNOWN,,,,,,0,1.0,COVERAGE_NOT_LOADED,,,,,,,,,,,,,,,,,,,,,,,,,,,,,,,,,,,,,,,,,,,,,,,,,,,,,NONE,,,,,,,,,,,,,,,,,,,,,,,,,,,,,,,,,,,,,,,,,,,,,,,,,,,,,,,,,,,,,,,,,,,,,,,,,,,,,,,,,,,,,,,,,,,,,,,,REJECT,99,hard_reject_noise_league
2026-07-11,2026-07-11T10:30:00+01:00,1783762200,Friendlies Clubs,667,2026,1584795,NS,Benfica B,229,Sintrense,4796,World,NS,Not Started,,,,,,,,,,,,0.0,0.0,0.0,0.0,0.0,0.0,0.0,0.0,0.0,0.0,,,2026-07-11T09:39:32.200466+00:00,COVERAGE_UNKNOWN,,,,,,0,1.0,COVERAGE_NOT_LOADED,,,,,,,,,,,,,,,,,,,,,,,,,,,,,,,,,,,,,,,,,,,,,,,,,,,,,NONE,,,,,,,,,,,,,,,,,,,,,,,,,,,,,,,,,,,,,,,,,,,,,,,,,,,,,,,,,,,,,,,,,,,,,,,,,,,,,,,,,,,,,,,,,,,,,,,,REJECT,99,hard_reject_noise_league
2026-07-11,2026-07-11T12:00:00+01:00,1783767600,Friendlies Clubs,667,2026,1584806,NS,Bełchatów,4246,Polonia Nysa,14145,World,NS,Not Started,,,,,,,,,,,,0.0,0.0,0.0,0.0,0.0,0.0,0.0,0.0,0.0,0.0,,,2026-07-11T09:39:32.200828+00:00,COVERAGE_UNKNOWN,,,,,,0,1.0,COVERAGE_NOT_LOADED,,,,,,,,,,,,,,,,,,,,,,,,,,,,,,,,,,,,,,,,,,,,,,,,,,,,,NONE,,,,,,,,,,,,,,,,,,,,,,,,,,,,,,,,,,,,,,,,,,,,,,,,,,,,,,,,,,,,,,,,,,,,,,,,,,,,,,,,,,,,,,,,,,,,,,,,REJECT,99,hard_reject_noise_league
2026-07-11,2026-07-11T13:00:00+01:00,1783771200,Friendlies Clubs,667,2026,1583278,NS,Biemenhorst,24426,FC Bocholt,12764,World,NS,Not Started,,,,,,,,,,,,0.0,0.0,0.0,0.0,0.0,0.0,0.0,0.0,0.0,0.0,,,2026-07-11T09:39:32.201254+00:00,COVERAGE_UNKNOWN,,,,,,0,1.0,COVERAGE_NOT_LOADED,,,,,,,,,,,,,,,,,,,,,,,,,,,,,,,,,,,,,,,,,,,,,,,,,,,,,NONE,,,,,,,,,,,,,,,,,,,,,,,,,,,,,,,,,,,,,,,,,,,,,,,,,,,,,,,,,,,,,,,,,,,,,,,,,,,,,,,,,,,,,,,,,,,,,,,,REJECT,99,hard_reject_noise_league
2026-07-11,2026-07-11T17:00:00+01:00,1783785600,Friendlies Clubs,667,2026,1567595,NS,Bihor Oradea,20033,NK Varazdin,1483,World,NS,Not Started,,,,,,,,,,,,0.0,0.0,0.0,0.0,0.0,0.0,0.0,0.0,0.0,0.0,,,2026-07-11T09:39:32.202634+00:00,COVERAGE_UNKNOWN,,,,,,0,1.0,COVERAGE_NOT_LOADED,,,,,,,,,,,,,,,,,,,,,,,,,,,,,,,,,,,,,,,,,,,,,,,,,,,,,NONE,,,,,,,,,,,,,,,,,,,,,,,,,,,,,,,,,,,,,,,,,,,,,,,,,,,,,,,,,,,,,,,,,,,,,,,,,,,,,,,,,,,,,,,,,,,,,,,,REJECT,99,hard_reject_noise_league
2026-07-11,2026-07-11T15:00:00+01:00,1783778400,Friendlies Clubs,667,2026,1584820,NS,Bishop's Stortford,7701,Chelmsford City,4689,World,NS,Not Started,,,,,,,,,,,,0.0,0.0,0.0,0.0,0.0,0.0,0.0,0.0,0.0,0.0,,,2026-07-11T09:39:32.202090+00:00,COVERAGE_UNKNOWN,,,,,,0,1.0,COVERAGE_NOT_LOADED,,,,,,,,,,,,,,,,,,,,,,,,,,,,,,,,,,,,,,,,,,,,,,,,,,,,,NONE,,,,,,,,,,,,,,,,,,,,,,,,,,,,,,,,,,,,,,,,,,,,,,,,,,,,,,,,,,,,,,,,,,,,,,,,,,,,,,,,,,,,,,,,,,,,,,,,REJECT,99,hard_reject_noise_league
2026-07-11,2026-07-11T16:00:00+01:00,1783782000,Friendlies Clubs,667,2026,1550553,NS,Bissingen,16114,SG Sonnenhof Grossaspach,1317,World,NS,Not Started,,,,,,,,,,,,0.0,0.0,0.0,0.0,0.0,0.0,0.0,0.0,0.0,0.0,,,2026-07-11T09:39:32.202205+00:00,COVERAGE_UNKNOWN,,,,,,0,1.0,COVERAGE_NOT_LOADED,,,,,,,,,,,,,,,,,,,,,,,,,,,,,,,,,,,,,,,,,,,,,,,,,,,,,NONE,,,,,,,,,,,,,,,,,,,,,,,,,,,,,,,,,,,,,,,,,,,,,,,,,,,,,,,,,,,,,,,,,,,,,,,,,,,,,,,,,,,,,,,,,,,,,,,,REJECT,99,hard_reject_noise_league
2026-07-11,2026-07-11T15:00:00+01:00,1783778400,Friendlies Clubs,667,2026,1546659,NS,Boreham Wood,1830,Watford,38,World,NS,Not Started,,,,,,,,,,,,0.0,0.0,0.0,0.0,0.0,0.0,0.0,0.0,0.0,0.0,,,2026-07-11T09:39:32.201746+00:00,COVERAGE_UNKNOWN,,,,,,0,1.0,COVERAGE_NOT_LOADED,,,,,,,,,,,,,,,,,,,,,,,,,,,,,,,,,,,,,,,,,,,,,,,,,,,,,NONE,,,,,,,,,,,,,,,,,,,,,,,,,,,,,,,,,,,,,,,,,,,,,,,,,,,,,,,,,,,,,,,,,,,,,,,,,,,,,,,,,,,,,,,,,,,,,,,,REJECT,99,hard_reject_noise_league
2026-07-11,2026-07-11T15:00:00+01:00,1783778400,Friendlies Clubs,667,2026,1547948,NS,Boston United,8146,Lincoln,1379,World,NS,Not Started,,,,,,,,,,,,0.0,0.0,0.0,0.0,0.0,0.0,0.0,0.0,0.0,0.0,,,2026-07-11T09:39:32.201777+00:00,COVERAGE_UNKNOWN,,,,,,0,1.0,COVERAGE_NOT_LOADED,,,,,,,,,,,,,,,,,,,,,,,,,,,,,,,,,,,,,,,,,,,,,,,,,,,,,NONE,,,,,,,,,,,,,,,,,,,,,,,,,,,,,,,,,,,,,,,,,,,,,,,,,,,,,,,,,,,,,,,,,,,,,,,,,,,,,,,,,,,,,,,,,,,,,,,,REJECT,99,hard_reject_noise_league
2026-07-11,2026-07-11T17:30:00+01:00,1783787400,Friendlies Clubs,667,2026,1554895,NS,Bravo,4359,Karpaty,3617,World,NS,Not Started,,,,,,,,,,,,0.0,0.0,0.0,0.0,0.0,0.0,0.0,0.0,0.0,0.0,,,2026-07-11T09:39:32.202678+00:00,COVERAGE_UNKNOWN,,,,,,0,1.0,COVERAGE_NOT_LOADED,,,,,,,,,,,,,,,,,,,,,,,,,,,,,,,,,,,,,,,,,,,,,,,,,,,,,NONE,,,,,,,,,,,,,,,,,,,,,,,,,,,,,,,,,,,,,,,,,,,,,,,,,,,,,,,,,,,,,,,,,,,,,,,,,,,,,,,,,,,,,,,,,,,,,,,,REJECT,99,hard_reject_noise_league
2026-07-11,2026-07-11T13:00:00+01:00,1783771200,Friendlies Clubs,667,2026,1554856,NS,Bremer SV,1630,Altona 93,9338,World,NS,Not Started,,,,,,,,,,,,0.0,0.0,0.0,0.0,0.0,0.0,0.0,0.0,0.0,0.0,,,2026-07-11T09:39:32.201037+00:00,COVERAGE_UNKNOWN,,,,,,0,1.0,COVERAGE_NOT_LOADED,,,,,,,,,,,,,,,,,,,,,,,,,,,,,,,,,,,,,,,,,,,,,,,,,,,,,NONE,,,,,,,,,,,,,,,,,,,,,,,,,,,,,,,,,,,,,,,,,,,,,,,,,,,,,,,,,,,,,,,,,,,,,,,,,,,,,,,,,,,,,,,,,,,,,,,,REJECT,99,hard_reject_noise_league
2026-07-11,2026-07-11T15:00:00+01:00,1783778400,Friendlies Clubs,667,2026,1554896,NS,Brightlingsea Regent,7704,Braintree,1831,World,NS,Not Started,,,,,,,,,,,,0.0,0.0,0.0,0.0,0.0,0.0,0.0,0.0,0.0,0.0,,,2026-07-11T09:39:32.201926+00:00,COVERAGE_UNKNOWN,,,,,,0,1.0,COVERAGE_NOT_LOADED,,,,,,,,,,,,,,,,,,,,,,,,,,,,,,,,,,,,,,,,,,,,,,,,,,,,,NONE,,,,,,,,,,,,,,,,,,,,,,,,,,,,,,,,,,,,,,,,,,,,,,,,,,,,,,,,,,,,,,,,,,,,,,,,,,,,,,,,,,,,,,,,,,,,,,,,REJECT,99,hard_reject_noise_league
2026-07-11,2026-07-11T14:00:00+01:00,1783774800,Friendlies Clubs,667,2026,1546640,NS,Brondby,407,Odense,405,World,NS,Not Started,,,,,,,,,,,,0.0,0.0,0.0,0.0,0.0,0.0,0.0,0.0,0.0,0.0,,,2026-07-11T09:39:32.201415+00:00,COVERAGE_UNKNOWN,,,,,,0,1.0,COVERAGE_NOT_LOADED,,,,,,,,,,,,,,,,,,,,,,,,,,,,,,,,,,,,,,,,,,,,,,,,,,,,,NONE,,,,,,,,,,,,,,,,,,,,,,,,,,,,,,,,,,,,,,,,,,,,,,,,,,,,,,,,,,,,,,,,,,,,,,,,,,,,,,,,,,,,,,,,,,,,,,,,REJECT,99,hard_reject_noise_league
2026-07-11,2026-07-11T15:00:00+01:00,1783778400,Friendlies Clubs,667,2026,1546641,NS,Broxburn Athletic,6731,Clydebank,17025,World,NS,Not Started,,,,,,,,,,,,0.0,0.0,0.0,0.0,0.0,0.0,0.0,0.0,0.0,0.0,,,2026-07-11T09:39:32.201725+00:00,COVERAGE_UNKNOWN,,,,,,0,1.0,COVERAGE_NOT_LOADED,,,,,,,,,,,,,,,,,,,,,,,,,,,,,,,,,,,,,,,,,,,,,,,,,,,,,NONE,,,,,,,,,,,,,,,,,,,,,,,,,,,,,,,,,,,,,,,,,,,,,,,,,,,,,,,,,,,,,,,,,,,,,,,,,,,,,,,,,,,,,,,,,,,,,,,,REJECT,99,hard_reject_noise_league
2026-07-11,2026-07-11T12:00:00+01:00,1783767600,Friendlies Clubs,667,2026,1560569,NS,Brønshøj,6012,Fremad Amager,2065,World,NS,Not Started,,,,,,,,,,,,0.0,0.0,0.0,0.0,0.0,0.0,0.0,0.0,0.0,0.0,,,2026-07-11T09:39:32.200769+00:00,COVERAGE_UNKNOWN,,,,,,0,1.0,COVERAGE_NOT_LOADED,,,,,,,,,,,,,,,,,,,,,,,,,,,,,,,,,,,,,,,,,,,,,,,,,,,,,NONE,,,,,,,,,,,,,,,,,,,,,,,,,,,,,,,,,,,,,,,,,,,,,,,,,,,,,,,,,,,,,,,,,,,,,,,,,,,,,,,,,,,,,,,,,,,,,,,,REJECT,99,hard_reject_noise_league
2026-07-11,2026-07-11T13:00:00+01:00,1783771200,Friendlies Clubs,667,2026,1583262,NS,Buducnost Podgorica,579,Mladost Lucani,699,World,NS,Not Started,,,,,,,,,,,,0.0,0.0,0.0,0.0,0.0,0.0,0.0,0.0,0.0,0.0,,,2026-07-11T09:39:32.201207+00:00,COVERAGE_UNKNOWN,,,,,,0,1.0,COVERAGE_NOT_LOADED,,,,,,,,,,,,,,,,,,,,,,,,,,,,,,,,,,,,,,,,,,,,,,,,,,,,,NONE,,,,,,,,,,,,,,,,,,,,,,,,,,,,,,,,,,,,,,,,,,,,,,,,,,,,,,,,,,,,,,,,,,,,,,,,,,,,,,,,,,,,,,,,,,,,,,,,REJECT,99,hard_reject_noise_league
2026-07-11,2026-07-11T16:00:00+01:00,1783782000,Friendlies Clubs,667,2026,1567610,NS,Büderich,19657,Hilden,12790,World,NS,Not Started,,,,,,,,,,,,0.0,0.0,0.0,0.0,0.0,0.0,0.0,0.0,0.0,0.0,,,2026-07-11T09:39:32.202305+00:00,COVERAGE_UNKNOWN,,,,,,0,1.0,COVERAGE_NOT_LOADED,,,,,,,,,,,,,,,,,,,,,,,,,,,,,,,,,,,,,,,,,,,,,,,,,,,,,NONE,,,,,,,,,,,,,,,,,,,,,,,,,,,,,,,,,,,,,,,,,,,,,,,,,,,,,,,,,,,,,,,,,,,,,,,,,,,,,,,,,,,,,,,,,,,,,,,,REJECT,99,hard_reject_noise_league
2026-07-11,2026-07-11T09:00:00+01:00,1783756800,Friendlies Clubs,667,2026,1584801,NS,CS Afumati,2608,CSA Steaua Bucureşti,7466,World,NS,Not Started,,,,,,,,,,,,0.0,0.0,0.0,0.0,0.0,0.0,0.0,0.0,0.0,0.0,,,2026-07-11T09:39:32.200085+00:00,COVERAGE_UNKNOWN,,,,,,0,1.0,COVERAGE_NOT_LOADED,,,,,,,,,,,,,,,,,,,,,,,,,,,,,,,,,,,,,,,,,,,,,,,,,,,,,NONE,,,,,,,,,,,,,,,,,,,,,,,,,,,,,,,,,,,,,,,,,,,,,,,,,,,,,,,,,,,,,,,,,,,,,,,,,,,,,,,,,,,,,,,,,,,,,,,,REJECT,99,hard_reject_noise_league
2026-07-11,2026-07-11T13:00:00+01:00,1783771200,Friendlies Clubs,667,2026,1546642,NS,Cambridge City,7218,Cambridge United,1370,World,NS,Not Started,,,,,,,,,,,,0.0,0.0,0.0,0.0,0.0,0.0,0.0,0.0,0.0,0.0,,,2026-07-11T09:39:32.200945+00:00,COVERAGE_UNKNOWN,,,,,,0,1.0,COVERAGE_NOT_LOADED,,,,,,,,,,,,,,,,,,,,,,,,,,,,,,,,,,,,,,,,,,,,,,,,,,,,,NONE,,,,,,,,,,,,,,,,,,,,,,,,,,,,,,,,,,,,,,,,,,,,,,,,,,,,,,,,,,,,,,,,,,,,,,,,,,,,,,,,,,,,,,,,,,,,,,,,REJECT,99,hard_reject_noise_league
2026-07-11,2026-07-11T12:30:00+01:00,1783769400,Friendlies Clubs,667,2026,1546639,NS,Cardiff,43,FC Midtjylland,397,World,NS,Not Started,,,,,,,,,,,,0.0,0.0,0.0,0.0,0.0,0.0,0.0,0.0,0.0,0.0,,,2026-07-11T09:39:32.200882+00:00,COVERAGE_UNKNOWN,,,,,,0,1.0,COVERAGE_NOT_LOADED,,,,,,,,,,,,,,,,,,,,,,,,,,,,,,,,,,,,,,,,,,,,,,,,,,,,,NONE,,,,,,,,,,,,,,,,,,,,,,,,,,,,,,,,,,,,,,,,,,,,,,,,,,,,,,,,,,,,,,,,,,,,,,,,,,,,,,,,,,,,,,,,,,,,,,,,REJECT,99,hard_reject_noise_league
2026-07-11,2026-07-11T14:00:00+01:00,1783774800,Friendlies Clubs,667,2026,1547945,NS,Cardiff City U21,20016,Poole Town,7738,World,NS,Not Started,,,,,,,,,,,,0.0,0.0,0.0,0.0,0.0,0.0,0.0,0.0,0.0,0.0,,,2026-07-11T09:39:32.201466+00:00,COVERAGE_UNKNOWN,,,,,,0,1.0,COVERAGE_NOT_LOADED,,,,,,,,,,,,,,,,,,,,,,,,,,,,,,,,,,,,,,,,,,,,,,,,,,,,,NONE,,,,,,,,,,,,,,,,,,,,,,,,,,,,,,,,,,,,,,,,,,,,,,,,,,,,,,,,,,,,,,,,,,,,,,,,,,,,,,,,,,,,,,,,,,,,,,,,REJECT,99,hard_reject_noise_league
2026-07-11,2026-07-11T15:00:00+01:00,1783778400,Friendlies Clubs,667,2026,1584821,NS,Carshalton Athletic,7707,Hampton & Richmond,4680,World,NS,Not Started,,,,,,,,,,,,0.0,0.0,0.0,0.0,0.0,0.0,0.0,0.0,0.0,0.0,,,2026-07-11T09:39:32.202095+00:00,COVERAGE_UNKNOWN,,,,,,0,1.0,COVERAGE_NOT_LOADED,,,,,,,,,,,,,,,,,,,,,,,,,,,,,,,,,,,,,,,,,,,,,,,,,,,,,NONE,,,,,,,,,,,,,,,,,,,,,,,,,,,,,,,,,,,,,,,,,,,,,,,,,,,,,,,,,,,,,,,,,,,,,,,,,,,,,,,,,,,,,,,,,,,,,,,,REJECT,99,hard_reject_noise_league
2026-07-11,2026-07-11T12:00:00+01:00,1783767600,Friendlies Clubs,667,2026,1567589,NS,Cercle Brugge,741,Lommel United,259,World,NS,Not Started,,,,,,,,,,,,0.0,0.0,0.0,0.0,0.0,0.0,0.0,0.0,0.0,0.0,,,2026-07-11T09:39:32.200785+00:00,COVERAGE_UNKNOWN,,,,,,0,1.0,COVERAGE_NOT_LOADED,,,,,,,,,,,,,,,,,,,,,,,,,,,,,,,,,,,,,,,,,,,,,,,,,,,,,NONE,,,,,,,,,,,,,,,,,,,,,,,,,,,,,,,,,,,,,,,,,,,,,,,,,,,,,,,,,,,,,,,,,,,,,,,,,,,,,,,,,,,,,,,,,,,,,,,,REJECT,99,hard_reject_noise_league
2026-07-11,2026-07-11T13:00:00+01:00,1783771200,Friendlies Clubs,667,2026,1562902,NS,Charleroi,736,Reims,93,World,NS,Not Started,,,,,,,,,,,,0.0,0.0,0.0,0.0,0.0,0.0,0.0,0.0,0.0,0.0,,,2026-07-11T09:39:32.201146+00:00,COVERAGE_UNKNOWN,,,,,,0,1.0,COVERAGE_NOT_LOADED,,,,,,,,,,,,,,,,,,,,,,,,,,,,,,,,,,,,,,,,,,,,,,,,,,,,,NONE,,,,,,,,,,,,,,,,,,,,,,,,,,,,,,,,,,,,,,,,,,,,,,,,,,,,,,,,,,,,,,,,,,,,,,,,,,,,,,,,,,,,,,,,,,,,,,,,REJECT,99,hard_reject_noise_league
2026-07-11,2026-07-11T13:00:00+01:00,1783771200,Friendlies Clubs,667,2026,1554857,NS,Chemnitzer FC,1328,FC Schweinfurt 05,1635,World,NS,Not Started,,,,,,,,,,,,0.0,0.0,0.0,0.0,0.0,0.0,0.0,0.0,0.0,0.0,,,2026-07-11T09:39:32.201042+00:00,COVERAGE_UNKNOWN,,,,,,0,1.0,COVERAGE_NOT_LOADED,,,,,,,,,,,,,,,,,,,,,,,,,,,,,,,,,,,,,,,,,,,,,,,,,,,,,NONE,,,,,,,,,,,,,,,,,,,,,,,,,,,,,,,,,,,,,,,,,,,,,,,,,,,,,,,,,,,,,,,,,,,,,,,,,,,,,,,,,,,,,,,,,,,,,,,,REJECT,99,hard_reject_noise_league
2026-07-11,2026-07-11T17:00:00+01:00,1783785600,Friendlies Clubs,667,2026,1560573,NS,Cherno More Varna,851,Dunav Ruse,683,World,NS,Not Started,,,,,,,,,,,,0.0,0.0,0.0,0.0,0.0,0.0,0.0,0.0,0.0,0.0,,,2026-07-11T09:39:32.202613+00:00,COVERAGE_UNKNOWN,,,,,,0,1.0,COVERAGE_NOT_LOADED,,,,,,,,,,,,,,,,,,,,,,,,,,,,,,,,,,,,,,,,,,,,,,,,,,,,,NONE,,,,,,,,,,,,,,,,,,,,,,,,,,,,,,,,,,,,,,,,,,,,,,,,,,,,,,,,,,,,,,,,,,,,,,,,,,,,,,,,,,,,,,,,,,,,,,,,REJECT,99,hard_reject_noise_league
2026-07-11,2026-07-11T15:00:00+01:00,1783778400,Friendlies Clubs,667,2026,1548828,NS,Chesterfield,1345,Sheffield Utd,62,World,NS,Not Started,,,,,,,,,,,,0.0,0.0,0.0,0.0,0.0,0.0,0.0,0.0,0.0,0.0,,,2026-07-11T09:39:32.201883+00:00,COVERAGE_UNKNOWN,,,,,,0,1.0,COVERAGE_NOT_LOADED,,,,,,,,,,,,,,,,,,,,,,,,,,,,,,,,,,,,,,,,,,,,,,,,,,,,,NONE,,,,,,,,,,,,,,,,,,,,,,,,,,,,,,,,,,,,,,,,,,,,,,,,,,,,,,,,,,,,,,,,,,,,,,,,,,,,,,,,,,,,,,,,,,,,,,,,REJECT,99,hard_reject_noise_league
2026-07-11,2026-07-11T15:00:00+01:00,1783778400,Friendlies Clubs,667,2026,1547949,NS,Chorley,4679,Bury,1344,World,NS,Not Started,,,,,,,,,,,,0.0,0.0,0.0,0.0,0.0,0.0,0.0,0.0,0.0,0.0,,,2026-07-11T09:39:32.201782+00:00,COVERAGE_UNKNOWN,,,,,,0,1.0,COVERAGE_NOT_LOADED,,,,,,,,,,,,,,,,,,,,,,,,,,,,,,,,,,,,,,,,,,,,,,,,,,,,,NONE,,,,,,,,,,,,,,,,,,,,,,,,,,,,,,,,,,,,,,,,,,,,,,,,,,,,,,,,,,,,,,,,,,,,,,,,,,,,,,,,,,,,,,,,,,,,,,,,REJECT,99,hard_reject_noise_league
2026-07-11,2026-07-11T11:00:00+01:00,1783764000,Friendlies Clubs,667,2026,1554858,NS,Chrobry Głogów,3483,Warta Poznań,3496,World,NS,Not Started,,,,,,,,,,,,0.0,0.0,0.0,0.0,0.0,0.0,0.0,0.0,0.0,0.0,,,2026-07-11T09:39:32.200529+00:00,COVERAGE_UNKNOWN,,,,,,0,1.0,COVERAGE_NOT_LOADED,,,,,,,,,,,,,,,,,,,,,,,,,,,,,,,,,,,,,,,,,,,,,,,,,,,,,NONE,,,,,,,,,,,,,,,,,,,,,,,,,,,,,,,,,,,,,,,,,,,,,,,,,,,,,,,,,,,,,,,,,,,,,,,,,,,,,,,,,,,,,,,,,,,,,,,,REJECT,99,hard_reject_noise_league
2026-07-11,2026-07-11T14:00:00+01:00,1783774800,Friendlies Clubs,667,2026,1548825,NS,Cleethorpes Town,7631,Grimsby,1365,World,NS,Not Started,,,,,,,,,,,,0.0,0.0,0.0,0.0,0.0,0.0,0.0,0.0,0.0,0.0,,,2026-07-11T09:39:32.201487+00:00,COVERAGE_UNKNOWN,,,,,,0,1.0,COVERAGE_NOT_LOADED,,,,,,,,,,,,,,,,,,,,,,,,,,,,,,,,,,,,,,,,,,,,,,,,,,,,,NONE,,,,,,,,,,,,,,,,,,,,,,,,,,,,,,,,,,,,,,,,,,,,,,,,,,,,,,,,,,,,,,,,,,,,,,,,,,,,,,,,,,,,,,,,,,,,,,,,REJECT,99,hard_reject_noise_league
2026-07-11,2026-07-11T16:00:00+01:00,1783782000,Friendlies Clubs,667,2026,1583263,NS,Clermont Foot,99,Orleans,103,World,NS,Not Started,,,,,,,,,,,,0.0,0.0,0.0,0.0,0.0,0.0,0.0,0.0,0.0,0.0,,,2026-07-11T09:39:32.202315+00:00,COVERAGE_UNKNOWN,,,,,,0,1.0,COVERAGE_NOT_LOADED,,,,,,,,,,,,,,,,,,,,,,,,,,,,,,,,,,,,,,,,,,,,,,,,,,,,,NONE,,,,,,,,,,,,,,,,,,,,,,,,,,,,,,,,,,,,,,,,,,,,,,,,,,,,,,,,,,,,,,,,,,,,,,,,,,,,,,,,,,,,,,,,,,,,,,,,REJECT,99,hard_reject_noise_league
2026-07-11,2026-07-11T12:00:00+01:00,1783767600,Friendlies Clubs,667,2026,1584799,NS,Coleraine FC,669,Portstewart,11119,World,NS,Not Started,,,,,,,,,,,,0.0,0.0,0.0,0.0,0.0,0.0,0.0,0.0,0.0,0.0,,,2026-07-11T09:39:32.200817+00:00,COVERAGE_UNKNOWN,,,,,,0,1.0,COVERAGE_NOT_LOADED,,,,,,,,,,,,,,,,,,,,,,,,,,,,,,,,,,,,,,,,,,,,,,,,,,,,,NONE,,,,,,,,,,,,,,,,,,,,,,,,,,,,,,,,,,,,,,,,,,,,,,,,,,,,,,,,,,,,,,,,,,,,,,,,,,,,,,,,,,,,,,,,,,,,,,,,REJECT,99,hard_reject_noise_league
2026-07-11,2026-07-11T15:00:00+01:00,1783778400,Friendlies Clubs,667,2026,1547950,NS,Colwyn Bay,5611,Altrincham,4700,World,NS,Not Started,,,,,,,,,,,,0.0,0.0,0.0,0.0,0.0,0.0,0.0,0.0,0.0,0.0,,,2026-07-11T09:39:32.201788+00:00,COVERAGE_UNKNOWN,,,,,,0,1.0,COVERAGE_NOT_LOADED,,,,,,,,,,,,,,,,,,,,,,,,,,,,,,,,,,,,,,,,,,,,,,,,,,,,,NONE,,,,,,,,,,,,,,,,,,,,,,,,,,,,,,,,,,,,,,,,,,,,,,,,,,,,,,,,,,,,,,,,,,,,,,,,,,,,,,,,,,,,,,,,,,,,,,,,REJECT,99,hard_reject_noise_league
2026-07-11,2026-07-11T14:00:00+01:00,1783774800,Friendlies Clubs,667,2026,1550557,NS,Cove Rangers,6763,ST Johnstone,258,World,NS,Not Started,,,,,,,,,,,,0.0,0.0,0.0,0.0,0.0,0.0,0.0,0.0,0.0,0.0,,,2026-07-11T09:39:32.201498+00:00,COVERAGE_UNKNOWN,,,,,,0,1.0,COVERAGE_NOT_LOADED,,,,,,,,,,,,,,,,,,,,,,,,,,,,,,,,,,,,,,,,,,,,,,,,,,,,,NONE,,,,,,,,,,,,,,,,,,,,,,,,,,,,,,,,,,,,,,,,,,,,,,,,,,,,,,,,,,,,,,,,,,,,,,,,,,,,,,,,,,,,,,,,,,,,,,,,REJECT,99,hard_reject_noise_league
2026-07-11,2026-07-11T15:00:00+01:00,1783778400,Friendlies Clubs,667,2026,1548829,NS,Crusaders FC,697,Warrenpoint Town,5355,World,NS,Not Started,,,,,,,,,,,,0.0,0.0,0.0,0.0,0.0,0.0,0.0,0.0,0.0,0.0,,,2026-07-11T09:39:32.201888+00:00,COVERAGE_UNKNOWN,,,,,,0,1.0,COVERAGE_NOT_LOADED,,,,,,,,,,,,,,,,,,,,,,,,,,,,,,,,,,,,,,,,,,,,,,,,,,,,,NONE,,,,,,,,,,,,,,,,,,,,,,,,,,,,,,,,,,,,,,,,,,,,,,,,,,,,,,,,,,,,,,,,,,,,,,,,,,,,,,,,,,,,,,,,,,,,,,,,REJECT,99,hard_reject_noise_league
2026-07-11,2026-07-11T11:00:00+01:00,1783764000,Friendlies Clubs,667,2026,1560589,NS,De Treffers,1277,VVV Venlo,204,World,NS,Not Started,,,,,,,,,,,,0.0,0.0,0.0,0.0,0.0,0.0,0.0,0.0,0.0,0.0,,,2026-07-11T09:39:32.200550+00:00,COVERAGE_UNKNOWN,,,,,,0,1.0,COVERAGE_NOT_LOADED,,,,,,,,,,,,,,,,,,,,,,,,,,,,,,,,,,,,,,,,,,,,,,,,,,,,,NONE,,,,,,,,,,,,,,,,,,,,,,,,,,,,,,,,,,,,,,,,,,,,,,,,,,,,,,,,,,,,,,,,,,,,,,,,,,,,,,,,,,,,,,,,,,,,,,,,REJECT,99,hard_reject_noise_league
2026-07-11,2026-07-11T13:30:00+01:00,1783773000,Friendlies Clubs,667,2026,1560586,NS,Den Bosch,421,Quick Boys,1272,World,NS,Not Started,,,,,,,,,,,,0.0,0.0,0.0,0.0,0.0,0.0,0.0,0.0,0.0,0.0,,,2026-07-11T09:39:32.201330+00:00,COVERAGE_UNKNOWN,,,,,,0,1.0,COVERAGE_NOT_LOADED,,,,,,,,,,,,,,,,,,,,,,,,,,,,,,,,,,,,,,,,,,,,,,,,,,,,,NONE,,,,,,,,,,,,,,,,,,,,,,,,,,,,,,,,,,,,,,,,,,,,,,,,,,,,,,,,,,,,,,,,,,,,,,,,,,,,,,,,,,,,,,,,,,,,,,,,REJECT,99,hard_reject_noise_league
2026-07-11,2026-07-11T17:30:00+01:00,1783787400,Friendlies Clubs,667,2026,1554836,NS,Dinamo Bucuresti,635,Farul Constanta,2596,World,NS,Not Started,,,,,,,,,,,,0.0,0.0,0.0,0.0,0.0,0.0,0.0,0.0,0.0,0.0,,,2026-07-11T09:39:32.202673+00:00,COVERAGE_UNKNOWN,,,,,,0,1.0,COVERAGE_NOT_LOADED,,,,,,,,,,,,,,,,,,,,,,,,,,,,,,,,,,,,,,,,,,,,,,,,,,,,,NONE,,,,,,,,,,,,,,,,,,,,,,,,,,,,,,,,,,,,,,,,,,,,,,,,,,,,,,,,,,,,,,,,,,,,,,,,,,,,,,,,,,,,,,,,,,,,,,,,REJECT,99,hard_reject_noise_league
2026-07-11,2026-07-11T17:00:00+01:00,1783785600,Friendlies Clubs,667,2026,1548811,NS,Diosgyori VTK,2393,Ujpest,2255,World,NS,Not Started,,,,,,,,,,,,0.0,0.0,0.0,0.0,0.0,0.0,0.0,0.0,0.0,0.0,,,2026-07-11T09:39:32.202425+00:00,COVERAGE_UNKNOWN,,,,,,0,1.0,COVERAGE_NOT_LOADED,,,,,,,,,,,,,,,,,,,,,,,,,,,,,,,,,,,,,,,,,,,,,,,,,,,,,NONE,,,,,,,,,,,,,,,,,,,,,,,,,,,,,,,,,,,,,,,,,,,,,,,,,,,,,,,,,,,,,,,,,,,,,,,,,,,,,,,,,,,,,,,,,,,,,,,,REJECT,99,hard_reject_noise_league
2026-07-11,2026-07-11T13:30:00+01:00,1783773000,Friendlies Clubs,667,2026,1554890,NS,Dordrecht,409,Excelsior,196,World,NS,Not Started,,,,,,,,,,,,0.0,0.0,0.0,0.0,0.0,0.0,0.0,0.0,0.0,0.0,,,2026-07-11T09:39:32.201326+00:00,COVERAGE_UNKNOWN,,,,,,0,1.0,COVERAGE_NOT_LOADED,,,,,,,,,,,,,,,,,,,,,,,,,,,,,,,,,,,,,,,,,,,,,,,,,,,,,NONE,,,,,,,,,,,,,,,,,,,,,,,,,,,,,,,,,,,,,,,,,,,,,,,,,,,,,,,,,,,,,,,,,,,,,,,,,,,,,,,,,,,,,,,,,,,,,,,,REJECT,99,hard_reject_noise_league
2026-07-11,2026-07-11T16:00:00+01:00,1783782000,Friendlies Clubs,667,2026,1554910,NS,Dukla Banská Bystrica,10533,Liptovský Mikuláš,10536,World,NS,Not Started,,,,,,,,,,,,0.0,0.0,0.0,0.0,0.0,0.0,0.0,0.0,0.0,0.0,,,2026-07-11T09:39:32.202225+00:00,COVERAGE_UNKNOWN,,,,,,0,1.0,COVERAGE_NOT_LOADED,,,,,,,,,,,,,,,,,,,,,,,,,,,,,,,,,,,,,,,,,,,,,,,,,,,,,NONE,,,,,,,,,,,,,,,,,,,,,,,,,,,,,,,,,,,,,,,,,,,,,,,,,,,,,,,,,,,,,,,,,,,,,,,,,,,,,,,,,,,,,,,,,,,,,,,,REJECT,99,hard_reject_noise_league
2026-07-11,2026-07-11T10:00:00+01:00,1783760400,Friendlies Clubs,667,2026,1548807,NS,Dukla Praha,3715,Sparta Praha II,8619,World,NS,Not Started,,,,,,,,,,,,0.0,0.0,0.0,0.0,0.0,0.0,0.0,0.0,0.0,0.0,,,2026-07-11T09:39:32.200220+00:00,COVERAGE_UNKNOWN,,,,,,0,1.0,COVERAGE_NOT_LOADED,,,,,,,,,,,,,,,,,,,,,,,,,,,,,,,,,,,,,,,,,,,,,,,,,,,,,NONE,,,,,,,,,,,,,,,,,,,,,,,,,,,,,,,,,,,,,,,,,,,,,,,,,,,,,,,,,,,,,,,,,,,,,,,,,,,,,,,,,,,,,,,,,,,,,,,,REJECT,99,hard_reject_noise_league
2026-07-11,2026-07-11T17:00:00+01:00,1783785600,Friendlies Clubs,667,2026,1554917,NS,Dunajska Streda,2257,Hapoel Tel Aviv,4501,World,NS,Not Started,,,,,,,,,,,,0.0,0.0,0.0,0.0,0.0,0.0,0.0,0.0,0.0,0.0,,,2026-07-11T09:39:32.202608+00:00,COVERAGE_UNKNOWN,,,,,,0,1.0,COVERAGE_NOT_LOADED,,,,,,,,,,,,,,,,,,,,,,,,,,,,,,,,,,,,,,,,,,,,,,,,,,,,,NONE,,,,,,,,,,,,,,,,,,,,,,,,,,,,,,,,,,,,,,,,,,,,,,,,,,,,,,,,,,,,,,,,,,,,,,,,,,,,,,,,,,,,,,,,,,,,,,,,REJECT,99,hard_reject_noise_league
2026-07-11,2026-07-11T15:00:00+01:00,1783778400,Friendlies Clubs,667,2026,1550560,NS,Dungannon Swifts,5351,Institute,5353,World,NS,Not Started,,,,,,,,,,,,0.0,0.0,0.0,0.0,0.0,0.0,0.0,0.0,0.0,0.0,,,2026-07-11T09:39:32.201904+00:00,COVERAGE_UNKNOWN,,,,,,0,1.0,COVERAGE_NOT_LOADED,,,,,,,,,,,,,,,,,,,,,,,,,,,,,,,,,,,,,,,,,,,,,,,,,,,,,NONE,,,,,,,,,,,,,,,,,,,,,,,,,,,,,,,,,,,,,,,,,,,,,,,,,,,,,,,,,,,,,,,,,,,,,,,,,,,,,,,,,,,,,,,,,,,,,,,,REJECT,99,hard_reject_noise_league
2026-07-11,2026-07-11T11:00:00+01:00,1783764000,Friendlies Clubs,667,2026,1583264,NS,Dunkerque,1304,Olympic Charleroi,6221,World,NS,Not Started,,,,,,,,,,,,0.0,0.0,0.0,0.0,0.0,0.0,0.0,0.0,0.0,0.0,,,2026-07-11T09:39:32.200587+00:00,COVERAGE_UNKNOWN,,,,,,0,1.0,COVERAGE_NOT_LOADED,,,,,,,,,,,,,,,,,,,,,,,,,,,,,,,,,,,,,,,,,,,,,,,,,,,,,NONE,,,,,,,,,,,,,,,,,,,,,,,,,,,,,,,,,,,,,,,,,,,,,,,,,,,,,,,,,,,,,,,,,,,,,,,,,,,,,,,,,,,,,,,,,,,,,,,,REJECT,99,hard_reject_noise_league
2026-07-11,2026-07-11T14:30:00+01:00,1783776600,Friendlies Clubs,667,2026,1547947,NS,Dynamo Dresden,183,Hessen Kassel,12788,World,NS,Not Started,,,,,,,,,,,,0.0,0.0,0.0,0.0,0.0,0.0,0.0,0.0,0.0,0.0,,,2026-07-11T09:39:32.201632+00:00,COVERAGE_UNKNOWN,,,,,,0,1.0,COVERAGE_NOT_LOADED,,,,,,,,,,,,,,,,,,,,,,,,,,,,,,,,,,,,,,,,,,,,,,,,,,,,,NONE,,,,,,,,,,,,,,,,,,,,,,,,,,,,,,,,,,,,,,,,,,,,,,,,,,,,,,,,,,,,,,,,,,,,,,,,,,,,,,,,,,,,,,,,,,,,,,,,REJECT,99,hard_reject_noise_league
2026-07-11,2026-07-11T12:00:00+01:00,1783767600,Friendlies Clubs,667,2026,1562901,NS,Einheit Rudolstadt,14548,Coburg,21511,World,NS,Not Started,,,,,,,,,,,,0.0,0.0,0.0,0.0,0.0,0.0,0.0,0.0,0.0,0.0,,,2026-07-11T09:39:32.200774+00:00,COVERAGE_UNKNOWN,,,,,,0,1.0,COVERAGE_NOT_LOADED,,,,,,,,,,,,,,,,,,,,,,,,,,,,,,,,,,,,,,,,,,,,,,,,,,,,,NONE,,,,,,,,,,,,,,,,,,,,,,,,,,,,,,,,,,,,,,,,,,,,,,,,,,,,,,,,,,,,,,,,,,,,,,,,,,,,,,,,,,,,,,,,,,,,,,,,REJECT,99,hard_reject_noise_league
2026-07-11,2026-07-11T16:00:00+01:00,1783782000,Friendlies Clubs,667,2026,1554918,NS,Eintracht Bamberg,12757,SpVgg Greuther Fürth,178,World,NS,Not Started,,,,,,,,,,,,0.0,0.0,0.0,0.0,0.0,0.0,0.0,0.0,0.0,0.0,,,2026-07-11T09:39:32.202252+00:00,COVERAGE_UNKNOWN,,,,,,0,1.0,COVERAGE_NOT_LOADED,,,,,,,,,,,,,,,,,,,,,,,,,,,,,,,,,,,,,,,,,,,,,,,,,,,,,NONE,,,,,,,,,,,,,,,,,,,,,,,,,,,,,,,,,,,,,,,,,,,,,,,,,,,,,,,,,,,,,,,,,,,,,,,,,,,,,,,,,,,,,,,,,,,,,,,,REJECT,99,hard_reject_noise_league
2026-07-11,2026-07-11T14:00:00+01:00,1783774800,Friendlies Clubs,667,2026,1546644,NS,Eintracht Trier,1627,Bonner SC,1637,World,NS,Not Started,,,,,,,,,,,,0.0,0.0,0.0,0.0,0.0,0.0,0.0,0.0,0.0,0.0,,,2026-07-11T09:39:32.201420+00:00,COVERAGE_UNKNOWN,,,,,,0,1.0,COVERAGE_NOT_LOADED,,,,,,,,,,,,,,,,,,,,,,,,,,,,,,,,,,,,,,,,,,,,,,,,,,,,,NONE,,,,,,,,,,,,,,,,,,,,,,,,,,,,,,,,,,,,,,,,,,,,,,,,,,,,,,,,,,,,,,,,,,,,,,,,,,,,,,,,,,,,,,,,,,,,,,,,REJECT,99,hard_reject_noise_league
2026-07-11,2026-07-11T15:00:00+01:00,1783778400,Friendlies Clubs,667,2026,1547951,NS,Eisbachtal,16108,FSV Mainz 05,164,World,NS,Not Started,,,,,,,,,,,,0.0,0.0,0.0,0.0,0.0,0.0,0.0,0.0,0.0,0.0,,,2026-07-11T09:39:32.201792+00:00,COVERAGE_UNKNOWN,,,,,,0,1.0,COVERAGE_NOT_LOADED,,,,,,,,,,,,,,,,,,,,,,,,,,,,,,,,,,,,,,,,,,,,,,,,,,,,,NONE,,,,,,,,,,,,,,,,,,,,,,,,,,,,,,,,,,,,,,,,,,,,,,,,,,,,,,,,,,,,,,,,,,,,,,,,,,,,,,,,,,,,,,,,,,,,,,,,REJECT,99,hard_reject_noise_league
2026-07-11,2026-07-11T12:00:00+01:00,1783767600,Friendlies Clubs,667,2026,1546638,NS,Energie Cottbus,1320,Hallescher FC,1316,World,NS,Not Started,,,,,,,,,,,,0.0,0.0,0.0,0.0,0.0,0.0,0.0,0.0,0.0,0.0,,,2026-07-11T09:39:32.200701+00:00,COVERAGE_UNKNOWN,,,,,,0,1.0,COVERAGE_NOT_LOADED,,,,,,,,,,,,,,,,,,,,,,,,,,,,,,,,,,,,,,,,,,,,,,,,,,,,,NONE,,,,,,,,,,,,,,,,,,,,,,,,,,,,,,,,,,,,,,,,,,,,,,,,,,,,,,,,,,,,,,,,,,,,,,,,,,,,,,,,,,,,,,,,,,,,,,,,REJECT,99,hard_reject_noise_league
2026-07-11,2026-07-11T13:30:00+01:00,1783773000,Friendlies Clubs,667,2026,1550552,NS,Erzgebirge Aue,190,Kladno,7307,World,NS,Not Started,,,,,,,,,,,,0.0,0.0,0.0,0.0,0.0,0.0,0.0,0.0,0.0,0.0,,,2026-07-11T09:39:32.201321+00:00,COVERAGE_UNKNOWN,,,,,,0,1.0,COVERAGE_NOT_LOADED,,,,,,,,,,,,,,,,,,,,,,,,,,,,,,,,,,,,,,,,,,,,,,,,,,,,,NONE,,,,,,,,,,,,,,,,,,,,,,,,,,,,,,,,,,,,,,,,,,,,,,,,,,,,,,,,,,,,,,,,,,,,,,,,,,,,,,,,,,,,,,,,,,,,,,,,REJECT,99,hard_reject_noise_league
2026-07-11,2026-07-11T12:00:00+01:00,1783767600,Friendlies Clubs,667,2026,1550551,NS,Esbjerg,403,Mafra,245,World,NS,Not Started,,,,,,,,,,,,0.0,0.0,0.0,0.0,0.0,0.0,0.0,0.0,0.0,0.0,,,2026-07-11T09:39:32.200722+00:00,COVERAGE_UNKNOWN,,,,,,0,1.0,COVERAGE_NOT_LOADED,,,,,,,,,,,,,,,,,,,,,,,,,,,,,,,,,,,,,,,,,,,,,,,,,,,,,NONE,,,,,,,,,,,,,,,,,,,,,,,,,,,,,,,,,,,,,,,,,,,,,,,,,,,,,,,,,,,,,,,,,,,,,,,,,,,,,,,,,,,,,,,,,,,,,,,,REJECT,99,hard_reject_noise_league
2026-07-11,2026-07-11T13:00:00+01:00,1783771200,Friendlies Clubs,667,2026,1583265,NS,Estoril,230,Atlético CP,4872,World,NS,Not Started,,,,,,,,,,,,0.0,0.0,0.0,0.0,0.0,0.0,0.0,0.0,0.0,0.0,,,2026-07-11T09:39:32.201212+00:00,COVERAGE_UNKNOWN,,,,,,0,1.0,COVERAGE_NOT_LOADED,,,,,,,,,,,,,,,,,,,,,,,,,,,,,,,,,,,,,,,,,,,,,,,,,,,,,NONE,,,,,,,,,,,,,,,,,,,,,,,,,,,,,,,,,,,,,,,,,,,,,,,,,,,,,,,,,,,,,,,,,,,,,,,,,,,,,,,,,,,,,,,,,,,,,,,,REJECT,99,hard_reject_noise_league
2026-07-11,2026-07-11T15:00:00+01:00,1783778400,Friendlies Clubs,667,2026,1547952,NS,Evesham United,7640,Caerau (Ely),5610,World,NS,Not Started,,,,,,,,,,,,0.0,0.0,0.0,0.0,0.0,0.0,0.0,0.0,0.0,0.0,,,2026-07-11T09:39:32.201797+00:00,COVERAGE_UNKNOWN,,,,,,0,1.0,COVERAGE_NOT_LOADED,,,,,,,,,,,,,,,,,,,,,,,,,,,,,,,,,,,,,,,,,,,,,,,,,,,,,NONE,,,,,,,,,,,,,,,,,,,,,,,,,,,,,,,,,,,,,,,,,,,,,,,,,,,,,,,,,,,,,,,,,,,,,,,,,,,,,,,,,,,,,,,,,,,,,,,,REJECT,99,hard_reject_noise_league
2026-07-11,2026-07-11T12:00:00+01:00,1783767600,Friendlies Clubs,667,2026,1554846,NS,FC Basel 1893,551,FC Winterthur,2180,World,NS,Not Started,,,,,,,,,,,,0.0,0.0,0.0,0.0,0.0,0.0,0.0,0.0,0.0,0.0,,,2026-07-11T09:39:32.200727+00:00,COVERAGE_UNKNOWN,,,,,,0,1.0,COVERAGE_NOT_LOADED,,,,,,,,,,,,,,,,,,,,,,,,,,,,,,,,,,,,,,,,,,,,,,,,,,,,,NONE,,,,,,,,,,,,,,,,,,,,,,,,,,,,,,,,,,,,,,,,,,,,,,,,,,,,,,,,,,,,,,,,,,,,,,,,,,,,,,,,,,,,,,,,,,,,,,,,REJECT,99,hard_reject_noise_league
2026-07-11,2026-07-11T13:00:00+01:00,1783771200,Friendlies Clubs,667,2026,1560574,NS,FC Copenhagen,400,AC Horsens,404,World,NS,Not Started,,,,,,,,,,,,0.0,0.0,0.0,0.0,0.0,0.0,0.0,0.0,0.0,0.0,,,2026-07-11T09:39:32.201119+00:00,COVERAGE_UNKNOWN,,,,,,0,1.0,COVERAGE_NOT_LOADED,,,,,,,,,,,,,,,,,,,,,,,,,,,,,,,,,,,,,,,,,,,,,,,,,,,,,NONE,,,,,,,,,,,,,,,,,,,,,,,,,,,,,,,,,,,,,,,,,,,,,,,,,,,,,,,,,,,,,,,,,,,,,,,,,,,,,,,,,,,,,,,,,,,,,,,,REJECT,99,hard_reject_noise_league
2026-07-11,2026-07-11T13:00:00+01:00,1783771200,Friendlies Clubs,667,2026,1548831,NS,FC Gutersloh,14485,FC Schalke 04,174,World,NS,Not Started,,,,,,,,,,,,0.0,0.0,0.0,0.0,0.0,0.0,0.0,0.0,0.0,0.0,,,2026-07-11T09:39:32.201027+00:00,COVERAGE_UNKNOWN,,,,,,0,1.0,COVERAGE_NOT_LOADED,,,,,,,,,,,,,,,,,,,,,,,,,,,,,,,,,,,,,,,,,,,,,,,,,,,,,NONE,,,,,,,,,,,,,,,,,,,,,,,,,,,,,,,,,,,,,,,,,,,,,,,,,,,,,,,,,,,,,,,,,,,,,,,,,,,,,,,,,,,,,,,,,,,,,,,,REJECT,99,hard_reject_noise_league
2026-07-11,2026-07-11T12:30:00+01:00,1783769400,Friendlies Clubs,667,2026,1554852,NS,FC Halifax Town,1841,Bradford,1343,World,NS,Not Started,,,,,,,,,,,,0.0,0.0,0.0,0.0,0.0,0.0,0.0,0.0,0.0,0.0,,,2026-07-11T09:39:32.200888+00:00,COVERAGE_UNKNOWN,,,,,,0,1.0,COVERAGE_NOT_LOADED,,,,,,,,,,,,,,,,,,,,,,,,,,,,,,,,,,,,,,,,,,,,,,,,,,,,,NONE,,,,,,,,,,,,,,,,,,,,,,,,,,,,,,,,,,,,,,,,,,,,,,,,,,,,,,,,,,,,,,,,,,,,,,,,,,,,,,,,,,,,,,,,,,,,,,,,REJECT,99,hard_reject_noise_league
2026-07-11,2026-07-11T11:00:00+01:00,1783764000,Friendlies Clubs,667,2026,1583253,NS,FC Helsingor,2062,FA 2000,8634,World,NS,Not Started,,,,,,,,,,,,0.0,0.0,0.0,0.0,0.0,0.0,0.0,0.0,0.0,0.0,,,2026-07-11T09:39:32.200571+00:00,COVERAGE_UNKNOWN,,,,,,0,1.0,COVERAGE_NOT_LOADED,,,,,,,,,,,,,,,,,,,,,,,,,,,,,,,,,,,,,,,,,,,,,,,,,,,,,NONE,,,,,,,,,,,,,,,,,,,,,,,,,,,,,,,,,,,,,,,,,,,,,,,,,,,,,,,,,,,,,,,,,,,,,,,,,,,,,,,,,,,,,,,,,,,,,,,,REJECT,99,hard_reject_noise_league
2026-07-11,2026-07-11T16:00:00+01:00,1783782000,Friendlies Clubs,667,2026,1560579,NS,FC Krasnodar,621,FC Rostov,779,World,NS,Not Started,,,,,,,,,,,,0.0,0.0,0.0,0.0,0.0,0.0,0.0,0.0,0.0,0.0,,,2026-07-11T09:39:32.202262+00:00,COVERAGE_UNKNOWN,,,,,,0,1.0,COVERAGE_NOT_LOADED,,,,,,,,,,,,,,,,,,,,,,,,,,,,,,,,,,,,,,,,,,,,,,,,,,,,,NONE,,,,,,,,,,,,,,,,,,,,,,,,,,,,,,,,,,,,,,,,,,,,,,,,,,,,,,,,,,,,,,,,,,,,,,,,,,,,,,,,,,,,,,,,,,,,,,,,REJECT,99,hard_reject_noise_league
2026-07-11,2026-07-11T12:00:00+01:00,1783767600,Friendlies Clubs,667,2026,1562906,NS,FC Liefering,1400,FK Jablonec,1122,World,NS,Not Started,,,,,,,,,,,,0.0,0.0,0.0,0.0,0.0,0.0,0.0,0.0,0.0,0.0,,,2026-07-11T09:39:32.200779+00:00,COVERAGE_UNKNOWN,,,,,,0,1.0,COVERAGE_NOT_LOADED,,,,,,,,,,,,,,,,,,,,,,,,,,,,,,,,,,,,,,,,,,,,,,,,,,,,,NONE,,,,,,,,,,,,,,,,,,,,,,,,,,,,,,,,,,,,,,,,,,,,,,,,,,,,,,,,,,,,,,,,,,,,,,,,,,,,,,,,,,,,,,,,,,,,,,,,REJECT,99,hard_reject_noise_league
2026-07-11,2026-07-11T13:00:00+01:00,1783771200,Friendlies Clubs,667,2026,1560582,NS,FC Orenburg,1080,CSKA Moscow,555,World,NS,Not Started,,,,,,,,,,,,0.0,0.0,0.0,0.0,0.0,0.0,0.0,0.0,0.0,0.0,,,2026-07-11T09:39:32.201130+00:00,COVERAGE_UNKNOWN,,,,,,0,1.0,COVERAGE_NOT_LOADED,,,,,,,,,,,,,,,,,,,,,,,,,,,,,,,,,,,,,,,,,,,,,,,,,,,,,NONE,,,,,,,,,,,,,,,,,,,,,,,,,,,,,,,,,,,,,,,,,,,,,,,,,,,,,,,,,,,,,,,,,,,,,,,,,,,,,,,,,,,,,,,,,,,,,,,,REJECT,99,hard_reject_noise_league
2026-07-11,2026-07-11T13:00:00+01:00,1783771200,Friendlies Clubs,667,2026,1546645,NS,FC Rot-Weiß Erfurt,1329,FSV Mainz 05 II,1331,World,NS,Not Started,,,,,,,,,,,,0.0,0.0,0.0,0.0,0.0,0.0,0.0,0.0,0.0,0.0,,,2026-07-11T09:39:32.200955+00:00,COVERAGE_UNKNOWN,,,,,,0,1.0,COVERAGE_NOT_LOADED,,,,,,,,,,,,,,,,,,,,,,,,,,,,,,,,,,,,,,,,,,,,,,,,,,,,,NONE,,,,,,,,,,,,,,,,,,,,,,,,,,,,,,,,,,,,,,,,,,,,,,,,,,,,,,,,,,,,,,,,,,,,,,,,,,,,,,,,,,,,,,,,,,,,,,,,REJECT,99,hard_reject_noise_league
2026-07-11,2026-07-11T11:30:00+01:00,1783765800,Friendlies Clubs,667,2026,1546637,NS,FC Thun,1012,SV Elversberg,1660,World,NS,Not Started,,,,,,,,,,,,0.0,0.0,0.0,0.0,0.0,0.0,0.0,0.0,0.0,0.0,,,2026-07-11T09:39:32.200644+00:00,COVERAGE_UNKNOWN,,,,,,0,1.0,COVERAGE_NOT_LOADED,,,,,,,,,,,,,,,,,,,,,,,,,,,,,,,,,,,,,,,,,,,,,,,,,,,,,NONE,,,,,,,,,,,,,,,,,,,,,,,,,,,,,,,,,,,,,,,,,,,,,,,,,,,,,,,,,,,,,,,,,,,,,,,,,,,,,,,,,,,,,,,,,,,,,,,,REJECT,99,hard_reject_noise_league
2026-07-11,2026-07-11T14:00:00+01:00,1783774800,Friendlies Clubs,667,2026,1546650,NS,FC Thun,1012,Waldhof Mannheim,4268,World,NS,Not Started,,,,,,,,,,,,0.0,0.0,0.0,0.0,0.0,0.0,0.0,0.0,0.0,0.0,,,2026-07-11T09:39:32.201425+00:00,COVERAGE_UNKNOWN,,,,,,0,1.0,COVERAGE_NOT_LOADED,,,,,,,,,,,,,,,,,,,,,,,,,,,,,,,,,,,,,,,,,,,,,,,,,,,,,NONE,,,,,,,,,,,,,,,,,,,,,,,,,,,,,,,,,,,,,,,,,,,,,,,,,,,,,,,,,,,,,,,,,,,,,,,,,,,,,,,,,,,,,,,,,,,,,,,,REJECT,99,hard_reject_noise_league
2026-07-11,2026-07-11T13:00:00+01:00,1783771200,Friendlies Clubs,667,2026,1554889,NS,FC Zurich,783,Stade Lausanne-Ouchy,4269,World,NS,Not Started,,,,,,,,,,,,0.0,0.0,0.0,0.0,0.0,0.0,0.0,0.0,0.0,0.0,,,2026-07-11T09:39:32.201104+00:00,COVERAGE_UNKNOWN,,,,,,0,1.0,COVERAGE_NOT_LOADED,,,,,,,,,,,,,,,,,,,,,,,,,,,,,,,,,,,,,,,,,,,,,,,,,,,,,NONE,,,,,,,,,,,,,,,,,,,,,,,,,,,,,,,,,,,,,,,,,,,,,,,,,,,,,,,,,,,,,,,,,,,,,,,,,,,,,,,,,,,,,,,,,,,,,,,,REJECT,99,hard_reject_noise_league
2026-07-11,2026-07-11T13:00:00+01:00,1783771200,Friendlies Clubs,667,2026,1547944,NS,FSV Zwickau,1315,Ústí nad Labem,3735,World,NS,Not Started,,,,,,,,,,,,0.0,0.0,0.0,0.0,0.0,0.0,0.0,0.0,0.0,0.0,,,2026-07-11T09:39:32.200999+00:00,COVERAGE_UNKNOWN,,,,,,0,1.0,COVERAGE_NOT_LOADED,,,,,,,,,,,,,,,,,,,,,,,,,,,,,,,,,,,,,,,,,,,,,,,,,,,,,NONE,,,,,,,,,,,,,,,,,,,,,,,,,,,,,,,,,,,,,,,,,,,,,,,,,,,,,,,,,,,,,,,,,,,,,,,,,,,,,,,,,,,,,,,,,,,,,,,,REJECT,99,hard_reject_noise_league
2026-07-11,2026-07-11T13:00:00+01:00,1783771200,Friendlies Clubs,667,2026,1584813,NS,FV Ravensburg,1624,Freiburg II,9363,World,NS,Not Started,,,,,,,,,,,,0.0,0.0,0.0,0.0,0.0,0.0,0.0,0.0,0.0,0.0,,,2026-07-11T09:39:32.201300+00:00,COVERAGE_UNKNOWN,,,,,,0,1.0,COVERAGE_NOT_LOADED,,,,,,,,,,,,,,,,,,,,,,,,,,,,,,,,,,,,,,,,,,,,,,,,,,,,,NONE,,,,,,,,,,,,,,,,,,,,,,,,,,,,,,,,,,,,,,,,,,,,,,,,,,,,,,,,,,,,,,,,,,,,,,,,,,,,,,,,,,,,,,,,,,,,,,,,REJECT,99,hard_reject_noise_league
2026-07-11,2026-07-11T14:00:00+01:00,1783774800,Friendlies Clubs,667,2026,1542336,NS,Falkenbergs FF,812,Landskrona BoIS,2176,World,NS,Not Started,,,,,,,,,,,,0.0,0.0,0.0,0.0,0.0,0.0,0.0,0.0,0.0,0.0,,,2026-07-11T09:39:32.201398+00:00,COVERAGE_UNKNOWN,,,,,,0,1.0,COVERAGE_NOT_LOADED,,,,,,,,,,,,,,,,,,,,,,,,,,,,,,,,,,,,,,,,,,,,,,,,,,,,,NONE,,,,,,,,,,,,,,,,,,,,,,,,,,,,,,,,,,,,,,,,,,,,,,,,,,,,,,,,,,,,,,,,,,,,,,,,,,,,,,,,,,,,,,,,,,,,,,,,REJECT,99,hard_reject_noise_league
2026-07-11,2026-07-11T13:00:00+01:00,1783771200,Friendlies Clubs,667,2026,1567594,NS,Famalicao,242,Famalicão U23,15464,World,NS,Not Started,,,,,,,,,,,,0.0,0.0,0.0,0.0,0.0,0.0,0.0,0.0,0.0,0.0,,,2026-07-11T09:39:32.201177+00:00,COVERAGE_UNKNOWN,,,,,,0,1.0,COVERAGE_NOT_LOADED,,,,,,,,,,,,,,,,,,,,,,,,,,,,,,,,,,,,,,,,,,,,,,,,,,,,,NONE,,,,,,,,,,,,,,,,,,,,,,,,,,,,,,,,,,,,,,,,,,,,,,,,,,,,,,,,,,,,,,,,,,,,,,,,,,,,,,,,,,,,,,,,,,,,,,,,REJECT,99,hard_reject_noise_league
2026-07-11,2026-07-11T15:00:00+01:00,1783778400,Friendlies Clubs,667,2026,1546660,NS,Farnborough,7715,Reading,53,World,NS,Not Started,,,,,,,,,,,,0.0,0.0,0.0,0.0,0.0,0.0,0.0,0.0,0.0,0.0,,,2026-07-11T09:39:32.201751+00:00,COVERAGE_UNKNOWN,,,,,,0,1.0,COVERAGE_NOT_LOADED,,,,,,,,,,,,,,,,,,,,,,,,,,,,,,,,,,,,,,,,,,,,,,,,,,,,,NONE,,,,,,,,,,,,,,,,,,,,,,,,,,,,,,,,,,,,,,,,,,,,,,,,,,,,,,,,,,,,,,,,,,,,,,,,,,,,,,,,,,,,,,,,,,,,,,,,REJECT,99,hard_reject_noise_league
2026-07-11,2026-07-11T18:30:00+01:00,1783791000,Friendlies Clubs,667,2026,1554860,NS,Fenerbahçe,611,Pogon Szczecin,348,World,NS,Not Started,,,,,,,,,,,,0.0,0.0,0.0,0.0,0.0,0.0,0.0,0.0,0.0,0.0,,,2026-07-11T09:39:32.202729+00:00,COVERAGE_UNKNOWN,,,,,,0,1.0,COVERAGE_NOT_LOADED,,,,,,,,,,,,,,,,,,,,,,,,,,,,,,,,,,,,,,,,,,,,,,,,,,,,,NONE,,,,,,,,,,,,,,,,,,,,,,,,,,,,,,,,,,,,,,,,,,,,,,,,,,,,,,,,,,,,,,,,,,,,,,,,,,,,,,,,,,,,,,,,,,,,,,,,REJECT,99,hard_reject_noise_league
2026-07-11,2026-07-11T11:00:00+01:00,1783764000,Friendlies Clubs,667,2026,1547937,NS,Feyenoord,209,Club Brugge KV,569,World,NS,Not Started,,,,,,,,,,,,0.0,0.0,0.0,0.0,0.0,0.0,0.0,0.0,0.0,0.0,,,2026-07-11T09:39:32.200514+00:00,COVERAGE_UNKNOWN,,,,,,0,1.0,COVERAGE_NOT_LOADED,,,,,,,,,,,,,,,,,,,,,,,,,,,,,,,,,,,,,,,,,,,,,,,,,,,,,NONE,,,,,,,,,,,,,,,,,,,,,,,,,,,,,,,,,,,,,,,,,,,,,,,,,,,,,,,,,,,,,,,,,,,,,,,,,,,,,,,,,,,,,,,,,,,,,,,,REJECT,99,hard_reject_noise_league
2026-07-11,2026-07-11T17:30:00+01:00,1783787400,Friendlies Clubs,667,2026,1550562,NS,First Vienna,4990,QPR,72,World,NS,Not Started,,,,,,,,,,,,0.0,0.0,0.0,0.0,0.0,0.0,0.0,0.0,0.0,0.0,,,2026-07-11T09:39:32.202668+00:00,COVERAGE_UNKNOWN,,,,,,0,1.0,COVERAGE_NOT_LOADED,,,,,,,,,,,,,,,,,,,,,,,,,,,,,,,,,,,,,,,,,,,,,,,,,,,,,NONE,,,,,,,,,,,,,,,,,,,,,,,,,,,,,,,,,,,,,,,,,,,,,,,,,,,,,,,,,,,,,,,,,,,,,,,,,,,,,,,,,,,,,,,,,,,,,,,,REJECT,99,hard_reject_noise_league
2026-07-11,2026-07-11T13:00:00+01:00,1783771200,Friendlies Clubs,667,2026,1562904,NS,Fleet Town,8786,Aldershot Town,1818,World,NS,Not Started,,,,,,,,,,,,0.0,0.0,0.0,0.0,0.0,0.0,0.0,0.0,0.0,0.0,,,2026-07-11T09:39:32.201151+00:00,COVERAGE_UNKNOWN,,,,,,0,1.0,COVERAGE_NOT_LOADED,,,,,,,,,,,,,,,,,,,,,,,,,,,,,,,,,,,,,,,,,,,,,,,,,,,,,NONE,,,,,,,,,,,,,,,,,,,,,,,,,,,,,,,,,,,,,,,,,,,,,,,,,,,,,,,,,,,,,,,,,,,,,,,,,,,,,,,,,,,,,,,,,,,,,,,,REJECT,99,hard_reject_noise_league
2026-07-11,2026-07-11T19:00:00+01:00,1783792800,Friendlies Clubs,667,2026,1567611,NS,Fleury 91,3179,Nantes,83,World,NS,Not Started,,,,,,,,,,,,0.0,0.0,0.0,0.0,0.0,0.0,0.0,0.0,0.0,0.0,,,2026-07-11T09:39:32.202851+00:00,COVERAGE_UNKNOWN,,,,,,0,1.0,COVERAGE_NOT_LOADED,,,,,,,,,,,,,,,,,,,,,,,,,,,,,,,,,,,,,,,,,,,,,,,,,,,,,NONE,,,,,,,,,,,,,,,,,,,,,,,,,,,,,,,,,,,,,,,,,,,,,,,,,,,,,,,,,,,,,,,,,,,,,,,,,,,,,,,,,,,,,,,,,,,,,,,,REJECT,99,hard_reject_noise_league
2026-07-11,2026-07-11T15:00:00+01:00,1783778400,Friendlies Clubs,667,2026,1546661,NS,Folkestone Invicta,7716,Dartford,4690,World,NS,Not Started,,,,,,,,,,,,0.0,0.0,0.0,0.0,0.0,0.0,0.0,0.0,0.0,0.0,,,2026-07-11T09:39:32.201757+00:00,COVERAGE_UNKNOWN,,,,,,0,1.0,COVERAGE_NOT_LOADED,,,,,,,,,,,,,,,,,,,,,,,,,,,,,,,,,,,,,,,,,,,,,,,,,,,,,NONE,,,,,,,,,,,,,,,,,,,,,,,,,,,,,,,,,,,,,,,,,,,,,,,,,,,,,,,,,,,,,,,,,,,,,,,,,,,,,,,,,,,,,,,,,,,,,,,,REJECT,99,hard_reject_noise_league
2026-07-11,2026-07-11T11:00:00+01:00,1783764000,Friendlies Clubs,667,2026,1554879,NS,Fortuna Sittard,205,Genk,742,World,NS,Not Started,,,,,,,,,,,,0.0,0.0,0.0,0.0,0.0,0.0,0.0,0.0,0.0,0.0,,,2026-07-11T09:39:32.200540+00:00,COVERAGE_UNKNOWN,,,,,,0,1.0,COVERAGE_NOT_LOADED,,,,,,,,,,,,,,,,,,,,,,,,,,,,,,,,,,,,,,,,,,,,,,,,,,,,,NONE,,,,,,,,,,,,,,,,,,,,,,,,,,,,,,,,,,,,,,,,,,,,,,,,,,,,,,,,,,,,,,,,,,,,,,,,,,,,,,,,,,,,,,,,,,,,,,,,REJECT,99,hard_reject_noise_league
2026-07-11,2026-07-11T15:00:00+01:00,1783778400,Friendlies Clubs,667,2026,1550556,NS,GKS Katowice,3484,Stal Rzeszów,6957,World,NS,Not Started,,,,,,,,,,,,0.0,0.0,0.0,0.0,0.0,0.0,0.0,0.0,0.0,0.0,,,2026-07-11T09:39:32.201894+00:00,COVERAGE_UNKNOWN,,,,,,0,1.0,COVERAGE_NOT_LOADED,,,,,,,,,,,,,,,,,,,,,,,,,,,,,,,,,,,,,,,,,,,,,,,,,,,,,NONE,,,,,,,,,,,,,,,,,,,,,,,,,,,,,,,,,,,,,,,,,,,,,,,,,,,,,,,,,,,,,,,,,,,,,,,,,,,,,,,,,,,,,,,,,,,,,,,,REJECT,99,hard_reject_noise_league
2026-07-11,2026-07-11T12:00:00+01:00,1783767600,Friendlies Clubs,667,2026,1567596,NS,GO Ahead Eagles,410,Apollon Limassol,602,World,NS,Not Started,,,,,,,,,,,,0.0,0.0,0.0,0.0,0.0,0.0,0.0,0.0,0.0,0.0,,,2026-07-11T09:39:32.200795+00:00,COVERAGE_UNKNOWN,,,,,,0,1.0,COVERAGE_NOT_LOADED,,,,,,,,,,,,,,,,,,,,,,,,,,,,,,,,,,,,,,,,,,,,,,,,,,,,,NONE,,,,,,,,,,,,,,,,,,,,,,,,,,,,,,,,,,,,,,,,,,,,,,,,,,,,,,,,,,,,,,,,,,,,,,,,,,,,,,,,,,,,,,,,,,,,,,,,REJECT,99,hard_reject_noise_league
2026-07-11,2026-07-11T15:00:00+01:00,1783778400,Friendlies Clubs,667,2026,1584805,NS,Gagra,3505,FC Urartu,2276,World,NS,Not Started,,,,,,,,,,,,0.0,0.0,0.0,0.0,0.0,0.0,0.0,0.0,0.0,0.0,,,2026-07-11T09:39:32.202075+00:00,COVERAGE_UNKNOWN,,,,,,0,1.0,COVERAGE_NOT_LOADED,,,,,,,,,,,,,,,,,,,,,,,,,,,,,,,,,,,,,,,,,,,,,,,,,,,,,NONE,,,,,,,,,,,,,,,,,,,,,,,,,,,,,,,,,,,,,,,,,,,,,,,,,,,,,,,,,,,,,,,,,,,,,,,,,,,,,,,,,,,,,,,,,,,,,,,,REJECT,99,hard_reject_noise_league
2026-07-11,2026-07-11T15:00:00+01:00,1783778400,Friendlies Clubs,667,2026,1548813,NS,Gala Fairydean Rovers,7443,Pollok,19794,World,NS,Not Started,,,,,,,,,,,,0.0,0.0,0.0,0.0,0.0,0.0,0.0,0.0,0.0,0.0,,,2026-07-11T09:39:32.201877+00:00,COVERAGE_UNKNOWN,,,,,,0,1.0,COVERAGE_NOT_LOADED,,,,,,,,,,,,,,,,,,,,,,,,,,,,,,,,,,,,,,,,,,,,,,,,,,,,,NONE,,,,,,,,,,,,,,,,,,,,,,,,,,,,,,,,,,,,,,,,,,,,,,,,,,,,,,,,,,,,,,,,,,,,,,,,,,,,,,,,,,,,,,,,,,,,,,,,REJECT,99,hard_reject_noise_league
2026-07-11,2026-07-11T15:00:00+01:00,1783778400,Friendlies Clubs,667,2026,1554897,NS,Gloucester City,8653,Newport County,1367,World,NS,Not Started,,,,,,,,,,,,0.0,0.0,0.0,0.0,0.0,0.0,0.0,0.0,0.0,0.0,,,2026-07-11T09:39:32.201931+00:00,COVERAGE_UNKNOWN,,,,,,0,1.0,COVERAGE_NOT_LOADED,,,,,,,,,,,,,,,,,,,,,,,,,,,,,,,,,,,,,,,,,,,,,,,,,,,,,NONE,,,,,,,,,,,,,,,,,,,,,,,,,,,,,,,,,,,,,,,,,,,,,,,,,,,,,,,,,,,,,,,,,,,,,,,,,,,,,,,,,,,,,,,,,,,,,,,,REJECT,99,hard_reject_noise_league
2026-07-11,2026-07-11T13:00:00+01:00,1783771200,Friendlies Clubs,667,2026,1583266,NS,Goczałkowice Zdrój,16259,Unia Turza Śląska,21659,World,NS,Not Started,,,,,,,,,,,,0.0,0.0,0.0,0.0,0.0,0.0,0.0,0.0,0.0,0.0,,,2026-07-11T09:39:32.201218+00:00,COVERAGE_UNKNOWN,,,,,,0,1.0,COVERAGE_NOT_LOADED,,,,,,,,,,,,,,,,,,,,,,,,,,,,,,,,,,,,,,,,,,,,,,,,,,,,,NONE,,,,,,,,,,,,,,,,,,,,,,,,,,,,,,,,,,,,,,,,,,,,,,,,,,,,,,,,,,,,,,,,,,,,,,,,,,,,,,,,,,,,,,,,,,,,,,,,REJECT,99,hard_reject_noise_league
2026-07-11,2026-07-11T16:00:00+01:00,1783782000,Friendlies Clubs,667,2026,1554911,NS,Grazer AK,4256,SV Kapfenberg,1401,World,NS,Not Started,,,,,,,,,,,,0.0,0.0,0.0,0.0,0.0,0.0,0.0,0.0,0.0,0.0,,,2026-07-11T09:39:32.202231+00:00,COVERAGE_UNKNOWN,,,,,,0,1.0,COVERAGE_NOT_LOADED,,,,,,,,,,,,,,,,,,,,,,,,,,,,,,,,,,,,,,,,,,,,,,,,,,,,,NONE,,,,,,,,,,,,,,,,,,,,,,,,,,,,,,,,,,,,,,,,,,,,,,,,,,,,,,,,,,,,,,,,,,,,,,,,,,,,,,,,,,,,,,,,,,,,,,,,REJECT,99,hard_reject_noise_league
2026-07-11,2026-07-11T12:00:00+01:00,1783767600,Friendlies Clubs,667,2026,1554848,NS,Greifswalder FC,16118,Neustrelitz,12820,World,NS,Not Started,,,,,,,,,,,,0.0,0.0,0.0,0.0,0.0,0.0,0.0,0.0,0.0,0.0,,,2026-07-11T09:39:32.200737+00:00,COVERAGE_UNKNOWN,,,,,,0,1.0,COVERAGE_NOT_LOADED,,,,,,,,,,,,,,,,,,,,,,,,,,,,,,,,,,,,,,,,,,,,,,,,,,,,,NONE,,,,,,,,,,,,,,,,,,,,,,,,,,,,,,,,,,,,,,,,,,,,,,,,,,,,,,,,,,,,,,,,,,,,,,,,,,,,,,,,,,,,,,,,,,,,,,,,REJECT,99,hard_reject_noise_league
2026-07-11,2026-07-11T14:30:00+01:00,1783776600,Friendlies Clubs,667,2026,1546655,NS,Greifswalder FC,16118,VfB Lübeck,1625,World,NS,Not Started,,,,,,,,,,,,0.0,0.0,0.0,0.0,0.0,0.0,0.0,0.0,0.0,0.0,,,2026-07-11T09:39:32.201627+00:00,COVERAGE_UNKNOWN,,,,,,0,1.0,COVERAGE_NOT_LOADED,,,,,,,,,,,,,,,,,,,,,,,,,,,,,,,,,,,,,,,,,,,,,,,,,,,,,NONE,,,,,,,,,,,,,,,,,,,,,,,,,,,,,,,,,,,,,,,,,,,,,,,,,,,,,,,,,,,,,,,,,,,,,,,,,,,,,,,,,,,,,,,,,,,,,,,,REJECT,99,hard_reject_noise_league
2026-07-11,2026-07-11T16:00:00+01:00,1783782000,Friendlies Clubs,667,2026,1560576,NS,Grenoble,101,Bourg-en-bresse 01,430,World,NS,Not Started,,,,,,,,,,,,0.0,0.0,0.0,0.0,0.0,0.0,0.0,0.0,0.0,0.0,,,2026-07-11T09:39:32.202258+00:00,COVERAGE_UNKNOWN,,,,,,0,1.0,COVERAGE_NOT_LOADED,,,,,,,,,,,,,,,,,,,,,,,,,,,,,,,,,,,,,,,,,,,,,,,,,,,,,NONE,,,,,,,,,,,,,,,,,,,,,,,,,,,,,,,,,,,,,,,,,,,,,,,,,,,,,,,,,,,,,,,,,,,,,,,,,,,,,,,,,,,,,,,,,,,,,,,,REJECT,99,hard_reject_noise_league
2026-07-11,2026-07-11T13:00:00+01:00,1783771200,Friendlies Clubs,667,2026,1567597,NS,Groningen,202,Emmen,208,World,NS,Not Started,,,,,,,,,,,,0.0,0.0,0.0,0.0,0.0,0.0,0.0,0.0,0.0,0.0,,,2026-07-11T09:39:32.201182+00:00,COVERAGE_UNKNOWN,,,,,,0,1.0,COVERAGE_NOT_LOADED,,,,,,,,,,,,,,,,,,,,,,,,,,,,,,,,,,,,,,,,,,,,,,,,,,,,,NONE,,,,,,,,,,,,,,,,,,,,,,,,,,,,,,,,,,,,,,,,,,,,,,,,,,,,,,,,,,,,,,,,,,,,,,,,,,,,,,,,,,,,,,,,,,,,,,,,REJECT,99,hard_reject_noise_league
2026-07-11,2026-07-11T13:00:00+01:00,1783771200,Friendlies Clubs,667,2026,1584816,NS,Guimaraes,224,Felgueiras 1932,4744,World,NS,Not Started,,,,,,,,,,,,0.0,0.0,0.0,0.0,0.0,0.0,0.0,0.0,0.0,0.0,,,2026-07-11T09:39:32.201305+00:00,COVERAGE_UNKNOWN,,,,,,0,1.0,COVERAGE_NOT_LOADED,,,,,,,,,,,,,,,,,,,,,,,,,,,,,,,,,,,,,,,,,,,,,,,,,,,,,NONE,,,,,,,,,,,,,,,,,,,,,,,,,,,,,,,,,,,,,,,,,,,,,,,,,,,,,,,,,,,,,,,,,,,,,,,,,,,,,,,,,,,,,,,,,,,,,,,,REJECT,99,hard_reject_noise_league
2026-07-11,2026-07-11T15:00:00+01:00,1783778400,Friendlies Clubs,667,2026,1554898,NS,Guiseley AFC,1824,Harrogate Town,1842,World,NS,Not Started,,,,,,,,,,,,0.0,0.0,0.0,0.0,0.0,0.0,0.0,0.0,0.0,0.0,,,2026-07-11T09:39:32.201936+00:00,COVERAGE_UNKNOWN,,,,,,0,1.0,COVERAGE_NOT_LOADED,,,,,,,,,,,,,,,,,,,,,,,,,,,,,,,,,,,,,,,,,,,,,,,,,,,,,NONE,,,,,,,,,,,,,,,,,,,,,,,,,,,,,,,,,,,,,,,,,,,,,,,,,,,,,,,,,,,,,,,,,,,,,,,,,,,,,,,,,,,,,,,,,,,,,,,,REJECT,99,hard_reject_noise_league
2026-07-11,2026-07-11T11:00:00+01:00,1783764000,Friendlies Clubs,667,2026,1584797,NS,Górnik Polkowice,9132,Noteć Czarnków,21657,World,NS,Not Started,,,,,,,,,,,,0.0,0.0,0.0,0.0,0.0,0.0,0.0,0.0,0.0,0.0,,,2026-07-11T09:39:32.200597+00:00,COVERAGE_UNKNOWN,,,,,,0,1.0,COVERAGE_NOT_LOADED,,,,,,,,,,,,,,,,,,,,,,,,,,,,,,,,,,,,,,,,,,,,,,,,,,,,,NONE,,,,,,,,,,,,,,,,,,,,,,,,,,,,,,,,,,,,,,,,,,,,,,,,,,,,,,,,,,,,,,,,,,,,,,,,,,,,,,,,,,,,,,,,,,,,,,,,REJECT,99,hard_reject_noise_league
2026-07-11,2026-07-11T10:00:00+01:00,1783760400,Friendlies Clubs,667,2026,1548817,NS,Górnik Łęczna,6941,Chełmianka Chełm,6936,World,NS,Not Started,,,,,,,,,,,,0.0,0.0,0.0,0.0,0.0,0.0,0.0,0.0,0.0,0.0,,,2026-07-11T09:39:32.200237+00:00,COVERAGE_UNKNOWN,,,,,,0,1.0,COVERAGE_NOT_LOADED,,,,,,,,,,,,,,,,,,,,,,,,,,,,,,,,,,,,,,,,,,,,,,,,,,,,,NONE,,,,,,,,,,,,,,,,,,,,,,,,,,,,,,,,,,,,,,,,,,,,,,,,,,,,,,,,,,,,,,,,,,,,,,,,,,,,,,,,,,,,,,,,,,,,,,,,REJECT,99,hard_reject_noise_league
2026-07-11,2026-07-11T13:00:00+01:00,1783771200,Friendlies Clubs,667,2026,1554862,NS,Hannover 96 II,9341,Verl II,24431,World,NS,Not Started,,,,,,,,,,,,0.0,0.0,0.0,0.0,0.0,0.0,0.0,0.0,0.0,0.0,,,2026-07-11T09:39:32.201057+00:00,COVERAGE_UNKNOWN,,,,,,0,1.0,COVERAGE_NOT_LOADED,,,,,,,,,,,,,,,,,,,,,,,,,,,,,,,,,,,,,,,,,,,,,,,,,,,,,NONE,,,,,,,,,,,,,,,,,,,,,,,,,,,,,,,,,,,,,,,,,,,,,,,,,,,,,,,,,,,,,,,,,,,,,,,,,,,,,,,,,,,,,,,,,,,,,,,,REJECT,99,hard_reject_noise_league
2026-07-11,2026-07-11T13:00:00+01:00,1783771200,Friendlies Clubs,667,2026,1547939,NS,Hansa Rostock,1321,Hvidovre,2072,World,NS,Not Started,,,,,,,,,,,,0.0,0.0,0.0,0.0,0.0,0.0,0.0,0.0,0.0,0.0,,,2026-07-11T09:39:32.200971+00:00,COVERAGE_UNKNOWN,,,,,,0,1.0,COVERAGE_NOT_LOADED,,,,,,,,,,,,,,,,,,,,,,,,,,,,,,,,,,,,,,,,,,,,,,,,,,,,,NONE,,,,,,,,,,,,,,,,,,,,,,,,,,,,,,,,,,,,,,,,,,,,,,,,,,,,,,,,,,,,,,,,,,,,,,,,,,,,,,,,,,,,,,,,,,,,,,,,REJECT,99,hard_reject_noise_league
2026-07-11,2026-07-11T15:00:00+01:00,1783778400,Friendlies Clubs,667,2026,1583284,NS,Heaton Stannington,11986,Gateshead,1823,World,NS,Not Started,,,,,,,,,,,,0.0,0.0,0.0,0.0,0.0,0.0,0.0,0.0,0.0,0.0,,,2026-07-11T09:39:32.202044+00:00,COVERAGE_UNKNOWN,,,,,,0,1.0,COVERAGE_NOT_LOADED,,,,,,,,,,,,,,,,,,,,,,,,,,,,,,,,,,,,,,,,,,,,,,,,,,,,,NONE,,,,,,,,,,,,,,,,,,,,,,,,,,,,,,,,,,,,,,,,,,,,,,,,,,,,,,,,,,,,,,,,,,,,,,,,,,,,,,,,,,,,,,,,,,,,,,,,REJECT,99,hard_reject_noise_league
2026-07-11,2026-07-11T15:00:00+01:00,1783778400,Friendlies Clubs,667,2026,1583285,NS,Hemel Hempstead Town,8660,Barnet,1369,World,NS,Not Started,,,,,,,,,,,,0.0,0.0,0.0,0.0,0.0,0.0,0.0,0.0,0.0,0.0,,,2026-07-11T09:39:32.202050+00:00,COVERAGE_UNKNOWN,,,,,,0,1.0,COVERAGE_NOT_LOADED,,,,,,,,,,,,,,,,,,,,,,,,,,,,,,,,,,,,,,,,,,,,,,,,,,,,,NONE,,,,,,,,,,,,,,,,,,,,,,,,,,,,,,,,,,,,,,,,,,,,,,,,,,,,,,,,,,,,,,,,,,,,,,,,,,,,,,,,,,,,,,,,,,,,,,,,REJECT,99,hard_reject_noise_league
2026-07-11,2026-07-11T15:00:00+01:00,1783778400,Friendlies Clubs,667,2026,1546662,NS,Hereford Pegasus,19553,Hereford,4692,World,NS,Not Started,,,,,,,,,,,,0.0,0.0,0.0,0.0,0.0,0.0,0.0,0.0,0.0,0.0,,,2026-07-11T09:39:32.201762+00:00,COVERAGE_UNKNOWN,,,,,,0,1.0,COVERAGE_NOT_LOADED,,,,,,,,,,,,,,,,,,,,,,,,,,,,,,,,,,,,,,,,,,,,,,,,,,,,,NONE,,,,,,,,,,,,,,,,,,,,,,,,,,,,,,,,,,,,,,,,,,,,,,,,,,,,,,,,,,,,,,,,,,,,,,,,,,,,,,,,,,,,,,,,,,,,,,,,REJECT,99,hard_reject_noise_league
2026-07-11,2026-07-11T11:00:00+01:00,1783764000,Friendlies Clubs,667,2026,1554845,NS,Hertha BSC II,9353,Optik Rathenow,9356,World,NS,Not Started,,,,,,,,,,,,0.0,0.0,0.0,0.0,0.0,0.0,0.0,0.0,0.0,0.0,,,2026-07-11T09:39:32.200519+00:00,COVERAGE_UNKNOWN,,,,,,0,1.0,COVERAGE_NOT_LOADED,,,,,,,,,,,,,,,,,,,,,,,,,,,,,,,,,,,,,,,,,,,,,,,,,,,,,NONE,,,,,,,,,,,,,,,,,,,,,,,,,,,,,,,,,,,,,,,,,,,,,,,,,,,,,,,,,,,,,,,,,,,,,,,,,,,,,,,,,,,,,,,,,,,,,,,,REJECT,99,hard_reject_noise_league
2026-07-11,2026-07-11T13:00:00+01:00,1783771200,Friendlies Clubs,667,2026,1554863,NS,Hertha Zehlendorf,12786,BFC Dynamo,1636,World,NS,Not Started,,,,,,,,,,,,0.0,0.0,0.0,0.0,0.0,0.0,0.0,0.0,0.0,0.0,,,2026-07-11T09:39:32.201063+00:00,COVERAGE_UNKNOWN,,,,,,0,1.0,COVERAGE_NOT_LOADED,,,,,,,,,,,,,,,,,,,,,,,,,,,,,,,,,,,,,,,,,,,,,,,,,,,,,NONE,,,,,,,,,,,,,,,,,,,,,,,,,,,,,,,,,,,,,,,,,,,,,,,,,,,,,,,,,,,,,,,,,,,,,,,,,,,,,,,,,,,,,,,,,,,,,,,,REJECT,99,hard_reject_noise_league
2026-07-11,2026-07-11T13:00:00+01:00,1783771200,Friendlies Clubs,667,2026,1584807,NS,Heybridge Swifts,4693,Witham Town,7264,World,NS,Not Started,,,,,,,,,,,,0.0,0.0,0.0,0.0,0.0,0.0,0.0,0.0,0.0,0.0,,,2026-07-11T09:39:32.201280+00:00,COVERAGE_UNKNOWN,,,,,,0,1.0,COVERAGE_NOT_LOADED,,,,,,,,,,,,,,,,,,,,,,,,,,,,,,,,,,,,,,,,,,,,,,,,,,,,,NONE,,,,,,,,,,,,,,,,,,,,,,,,,,,,,,,,,,,,,,,,,,,,,,,,,,,,,,,,,,,,,,,,,,,,,,,,,,,,,,,,,,,,,,,,,,,,,,,,REJECT,99,hard_reject_noise_league
2026-07-11,2026-07-11T13:00:00+01:00,1783771200,Friendlies Clubs,667,2026,1546646,NS,Hitchin Town,4682,Luton,1359,World,NS,Not Started,,,,,,,,,,,,0.0,0.0,0.0,0.0,0.0,0.0,0.0,0.0,0.0,0.0,,,2026-07-11T09:39:32.200961+00:00,COVERAGE_UNKNOWN,,,,,,0,1.0,COVERAGE_NOT_LOADED,,,,,,,,,,,,,,,,,,,,,,,,,,,,,,,,,,,,,,,,,,,,,,,,,,,,,NONE,,,,,,,,,,,,,,,,,,,,,,,,,,,,,,,,,,,,,,,,,,,,,,,,,,,,,,,,,,,,,,,,,,,,,,,,,,,,,,,,,,,,,,,,,,,,,,,,REJECT,99,hard_reject_noise_league
2026-07-11,2026-07-11T13:00:00+01:00,1783771200,Friendlies Clubs,667,2026,1554864,NS,Hobro,408,Middelfart,6042,World,NS,Not Started,,,,,,,,,,,,0.0,0.0,0.0,0.0,0.0,0.0,0.0,0.0,0.0,0.0,,,2026-07-11T09:39:32.201068+00:00,COVERAGE_UNKNOWN,,,,,,0,1.0,COVERAGE_NOT_LOADED,,,,,,,,,,,,,,,,,,,,,,,,,,,,,,,,,,,,,,,,,,,,,,,,,,,,,NONE,,,,,,,,,,,,,,,,,,,,,,,,,,,,,,,,,,,,,,,,,,,,,,,,,,,,,,,,,,,,,,,,,,,,,,,,,,,,,,,,,,,,,,,,,,,,,,,,REJECT,99,hard_reject_noise_league
2026-07-11,2026-07-11T12:00:00+01:00,1783767600,Friendlies Clubs,667,2026,1583268,NS,Hutnik Kraków,6942,Pogoń-Sokół Lubaczów,24323,World,NS,Not Started,,,,,,,,,,,,0.0,0.0,0.0,0.0,0.0,0.0,0.0,0.0,0.0,0.0,,,2026-07-11T09:39:32.200811+00:00,COVERAGE_UNKNOWN,,,,,,0,1.0,COVERAGE_NOT_LOADED,,,,,,,,,,,,,,,,,,,,,,,,,,,,,,,,,,,,,,,,,,,,,,,,,,,,,NONE,,,,,,,,,,,,,,,,,,,,,,,,,,,,,,,,,,,,,,,,,,,,,,,,,,,,,,,,,,,,,,,,,,,,,,,,,,,,,,,,,,,,,,,,,,,,,,,,REJECT,99,hard_reject_noise_league
2026-07-11,2026-07-11T13:00:00+01:00,1783771200,Friendlies Clubs,667,2026,1562905,NS,IMT Novi Beograd,12316,Akhmat,1085,World,NS,Not Started,,,,,,,,,,,,0.0,0.0,0.0,0.0,0.0,0.0,0.0,0.0,0.0,0.0,,,2026-07-11T09:39:32.201156+00:00,COVERAGE_UNKNOWN,,,,,,0,1.0,COVERAGE_NOT_LOADED,,,,,,,,,,,,,,,,,,,,,,,,,,,,,,,,,,,,,,,,,,,,,,,,,,,,,NONE,,,,,,,,,,,,,,,,,,,,,,,,,,,,,,,,,,,,,,,,,,,,,,,,,,,,,,,,,,,,,,,,,,,,,,,,,,,,,,,,,,,,,,,,,,,,,,,,REJECT,99,hard_reject_noise_league
2026-07-11,2026-07-11T15:00:00+01:00,1783778400,Friendlies Clubs,667,2026,1554899,NS,Inverurie Loco Works,7445,Aberdeen U21,6755,World,NS,Not Started,,,,,,,,,,,,0.0,0.0,0.0,0.0,0.0,0.0,0.0,0.0,0.0,0.0,,,2026-07-11T09:39:32.201941+00:00,COVERAGE_UNKNOWN,,,,,,0,1.0,COVERAGE_NOT_LOADED,,,,,,,,,,,,,,,,,,,,,,,,,,,,,,,,,,,,,,,,,,,,,,,,,,,,,NONE,,,,,,,,,,,,,,,,,,,,,,,,,,,,,,,,,,,,,,,,,,,,,,,,,,,,,,,,,,,,,,,,,,,,,,,,,,,,,,,,,,,,,,,,,,,,,,,,REJECT,99,hard_reject_noise_league
2026-07-11,2026-07-11T10:00:00+01:00,1783760400,Friendlies Clubs,667,2026,1583269,NS,Jarosław,20830,Sokół Kolb.,26185,World,NS,Not Started,,,,,,,,,,,,0.0,0.0,0.0,0.0,0.0,0.0,0.0,0.0,0.0,0.0,,,2026-07-11T09:39:32.200389+00:00,COVERAGE_UNKNOWN,,,,,,0,1.0,COVERAGE_NOT_LOADED,,,,,,,,,,,,,,,,,,,,,,,,,,,,,,,,,,,,,,,,,,,,,,,,,,,,,NONE,,,,,,,,,,,,,,,,,,,,,,,,,,,,,,,,,,,,,,,,,,,,,,,,,,,,,,,,,,,,,,,,,,,,,,,,,,,,,,,,,,,,,,,,,,,,,,,,REJECT,99,hard_reject_noise_league
2026-07-11,2026-07-11T11:00:00+01:00,1783764000,Friendlies Clubs,667,2026,1554849,NS,Jong AZ,418,FC Volendam,416,World,NS,Not Started,,,,,,,,,,,,0.0,0.0,0.0,0.0,0.0,0.0,0.0,0.0,0.0,0.0,,,2026-07-11T09:39:32.200524+00:00,COVERAGE_UNKNOWN,,,,,,0,1.0,COVERAGE_NOT_LOADED,,,,,,,,,,,,,,,,,,,,,,,,,,,,,,,,,,,,,,,,,,,,,,,,,,,,,NONE,,,,,,,,,,,,,,,,,,,,,,,,,,,,,,,,,,,,,,,,,,,,,,,,,,,,,,,,,,,,,,,,,,,,,,,,,,,,,,,,,,,,,,,,,,,,,,,,REJECT,99,hard_reject_noise_league
2026-07-11,2026-07-11T15:00:00+01:00,1783778400,Friendlies Clubs,667,2026,1562911,NS,Kabouters Opglabbeek,5844,KRC Genk II,19045,World,NS,Not Started,,,,,,,,,,,,0.0,0.0,0.0,0.0,0.0,0.0,0.0,0.0,0.0,0.0,,,2026-07-11T09:39:32.202017+00:00,COVERAGE_UNKNOWN,,,,,,0,1.0,COVERAGE_NOT_LOADED,,,,,,,,,,,,,,,,,,,,,,,,,,,,,,,,,,,,,,,,,,,,,,,,,,,,,NONE,,,,,,,,,,,,,,,,,,,,,,,,,,,,,,,,,,,,,,,,,,,,,,,,,,,,,,,,,,,,,,,,,,,,,,,,,,,,,,,,,,,,,,,,,,,,,,,,REJECT,99,hard_reject_noise_league
2026-07-11,2026-07-11T13:00:00+01:00,1783771200,Friendlies Clubs,667,2026,1554872,NS,Kickers Offenbach,1628,Karlsruhe II,26166,World,NS,Not Started,,,,,,,,,,,,0.0,0.0,0.0,0.0,0.0,0.0,0.0,0.0,0.0,0.0,,,2026-07-11T09:39:32.201078+00:00,COVERAGE_UNKNOWN,,,,,,0,1.0,COVERAGE_NOT_LOADED,,,,,,,,,,,,,,,,,,,,,,,,,,,,,,,,,,,,,,,,,,,,,,,,,,,,,NONE,,,,,,,,,,,,,,,,,,,,,,,,,,,,,,,,,,,,,,,,,,,,,,,,,,,,,,,,,,,,,,,,,,,,,,,,,,,,,,,,,,,,,,,,,,,,,,,,REJECT,99,hard_reject_noise_league
2026-07-11,2026-07-11T11:00:00+01:00,1783764000,Friendlies Clubs,667,2026,1583254,NS,Kluczbork,12806,Ślęza Wrocław,12901,World,NS,Not Started,,,,,,,,,,,,0.0,0.0,0.0,0.0,0.0,0.0,0.0,0.0,0.0,0.0,,,2026-07-11T09:39:32.200576+00:00,COVERAGE_UNKNOWN,,,,,,0,1.0,COVERAGE_NOT_LOADED,,,,,,,,,,,,,,,,,,,,,,,,,,,,,,,,,,,,,,,,,,,,,,,,,,,,,NONE,,,,,,,,,,,,,,,,,,,,,,,,,,,,,,,,,,,,,,,,,,,,,,,,,,,,,,,,,,,,,,,,,,,,,,,,,,,,,,,,,,,,,,,,,,,,,,,,REJECT,99,hard_reject_noise_league
2026-07-11,2026-07-11T12:00:00+01:00,1783767600,Friendlies Clubs,667,2026,1583257,NS,Kluczevia Stargard,17398,Miedź Legnica II,12815,World,NS,Not Started,,,,,,,,,,,,0.0,0.0,0.0,0.0,0.0,0.0,0.0,0.0,0.0,0.0,,,2026-07-11T09:39:32.200800+00:00,COVERAGE_UNKNOWN,,,,,,0,1.0,COVERAGE_NOT_LOADED,,,,,,,,,,,,,,,,,,,,,,,,,,,,,,,,,,,,,,,,,,,,,,,,,,,,,NONE,,,,,,,,,,,,,,,,,,,,,,,,,,,,,,,,,,,,,,,,,,,,,,,,,,,,,,,,,,,,,,,,,,,,,,,,,,,,,,,,,,,,,,,,,,,,,,,,REJECT,99,hard_reject_noise_league
2026-07-11,2026-07-11T17:00:00+01:00,1783785600,Friendlies Clubs,667,2026,1550554,NS,Komárno,10535,Pohronie,4134,World,NS,Not Started,,,,,,,,,,,,0.0,0.0,0.0,0.0,0.0,0.0,0.0,0.0,0.0,0.0,,,2026-07-11T09:39:32.202430+00:00,COVERAGE_UNKNOWN,,,,,,0,1.0,COVERAGE_NOT_LOADED,,,,,,,,,,,,,,,,,,,,,,,,,,,,,,,,,,,,,,,,,,,,,,,,,,,,,NONE,,,,,,,,,,,,,,,,,,,,,,,,,,,,,,,,,,,,,,,,,,,,,,,,,,,,,,,,,,,,,,,,,,,,,,,,,,,,,,,,,,,,,,,,,,,,,,,,REJECT,99,hard_reject_noise_league
2026-07-11,2026-07-11T16:00:00+01:00,1783782000,Friendlies Clubs,667,2026,1547954,NS,Kottern,12807,Memmingen,9331,World,NS,Not Started,,,,,,,,,,,,0.0,0.0,0.0,0.0,0.0,0.0,0.0,0.0,0.0,0.0,,,2026-07-11T09:39:32.202194+00:00,COVERAGE_UNKNOWN,,,,,,0,1.0,COVERAGE_NOT_LOADED,,,,,,,,,,,,,,,,,,,,,,,,,,,,,,,,,,,,,,,,,,,,,,,,,,,,,NONE,,,,,,,,,,,,,,,,,,,,,,,,,,,,,,,,,,,,,,,,,,,,,,,,,,,,,,,,,,,,,,,,,,,,,,,,,,,,,,,,,,,,,,,,,,,,,,,,REJECT,99,hard_reject_noise_league
2026-07-11,2026-07-11T12:00:00+01:00,1783767600,Friendlies Clubs,667,2026,1583258,NS,Köln II,9371,FC Gießen,9362,World,NS,Not Started,,,,,,,,,,,,0.0,0.0,0.0,0.0,0.0,0.0,0.0,0.0,0.0,0.0,,,2026-07-11T09:39:32.200805+00:00,COVERAGE_UNKNOWN,,,,,,0,1.0,COVERAGE_NOT_LOADED,,,,,,,,,,,,,,,,,,,,,,,,,,,,,,,,,,,,,,,,,,,,,,,,,,,,,NONE,,,,,,,,,,,,,,,,,,,,,,,,,,,,,,,,,,,,,,,,,,,,,,,,,,,,,,,,,,,,,,,,,,,,,,,,,,,,,,,,,,,,,,,,,,,,,,,,REJECT,99,hard_reject_noise_league
2026-07-11,2026-07-11T16:30:00+01:00,1783783800,Friendlies Clubs,667,2026,1584829,NS,Laci,2256,Vora,3340,World,NS,Not Started,,,,,,,,,,,,0.0,0.0,0.0,0.0,0.0,0.0,0.0,0.0,0.0,0.0,,,2026-07-11T09:39:32.202340+00:00,COVERAGE_UNKNOWN,,,,,,0,1.0,COVERAGE_NOT_LOADED,,,,,,,,,,,,,,,,,,,,,,,,,,,,,,,,,,,,,,,,,,,,,,,,,,,,,NONE,,,,,,,,,,,,,,,,,,,,,,,,,,,,,,,,,,,,,,,,,,,,,,,,,,,,,,,,,,,,,,,,,,,,,,,,,,,,,,,,,,,,,,,,,,,,,,,,REJECT,99,hard_reject_noise_league
2026-07-11,2026-07-11T10:00:00+01:00,1783760400,Friendlies Clubs,667,2026,1548808,NS,Landsberg,14717,Illertissen,9330,World,NS,Not Started,,,,,,,,,,,,0.0,0.0,0.0,0.0,0.0,0.0,0.0,0.0,0.0,0.0,,,2026-07-11T09:39:32.200226+00:00,COVERAGE_UNKNOWN,,,,,,0,1.0,COVERAGE_NOT_LOADED,,,,,,,,,,,,,,,,,,,,,,,,,,,,,,,,,,,,,,,,,,,,,,,,,,,,,NONE,,,,,,,,,,,,,,,,,,,,,,,,,,,,,,,,,,,,,,,,,,,,,,,,,,,,,,,,,,,,,,,,,,,,,,,,,,,,,,,,,,,,,,,,,,,,,,,,REJECT,99,hard_reject_noise_league
2026-07-11,2026-07-11T10:00:00+01:00,1783760400,Friendlies Clubs,667,2026,1584791,NS,Lausanne,1014,Breitenrain,10586,World,NS,Not Started,,,,,,,,,,,,0.0,0.0,0.0,0.0,0.0,0.0,0.0,0.0,0.0,0.0,,,2026-07-11T09:39:32.200421+00:00,COVERAGE_UNKNOWN,,,,,,0,1.0,COVERAGE_NOT_LOADED,,,,,,,,,,,,,,,,,,,,,,,,,,,,,,,,,,,,,,,,,,,,,,,,,,,,,NONE,,,,,,,,,,,,,,,,,,,,,,,,,,,,,,,,,,,,,,,,,,,,,,,,,,,,,,,,,,,,,,,,,,,,,,,,,,,,,,,,,,,,,,,,,,,,,,,,REJECT,99,hard_reject_noise_league
2026-07-11,2026-07-11T14:00:00+01:00,1783774800,Friendlies Clubs,667,2026,1546651,NS,Lausanne,1014,Neuchatel Xamax FC,1015,World,NS,Not Started,,,,,,,,,,,,0.0,0.0,0.0,0.0,0.0,0.0,0.0,0.0,0.0,0.0,,,2026-07-11T09:39:32.201430+00:00,COVERAGE_UNKNOWN,,,,,,0,1.0,COVERAGE_NOT_LOADED,,,,,,,,,,,,,,,,,,,,,,,,,,,,,,,,,,,,,,,,,,,,,,,,,,,,,NONE,,,,,,,,,,,,,,,,,,,,,,,,,,,,,,,,,,,,,,,,,,,,,,,,,,,,,,,,,,,,,,,,,,,,,,,,,,,,,,,,,,,,,,,,,,,,,,,,REJECT,99,hard_reject_noise_league
2026-07-11,2026-07-11T16:00:00+01:00,1783782000,Friendlies Clubs,667,2026,1554866,NS,Le Puy Foot,3069,Dijon,89,World,NS,Not Started,,,,,,,,,,,,0.0,0.0,0.0,0.0,0.0,0.0,0.0,0.0,0.0,0.0,,,2026-07-11T09:39:32.202215+00:00,COVERAGE_UNKNOWN,,,,,,0,1.0,COVERAGE_NOT_LOADED,,,,,,,,,,,,,,,,,,,,,,,,,,,,,,,,,,,,,,,,,,,,,,,,,,,,,NONE,,,,,,,,,,,,,,,,,,,,,,,,,,,,,,,,,,,,,,,,,,,,,,,,,,,,,,,,,,,,,,,,,,,,,,,,,,,,,,,,,,,,,,,,,,,,,,,,REJECT,99,hard_reject_noise_league
2026-07-11,2026-07-11T15:00:00+01:00,1783778400,Friendlies Clubs,667,2026,1554901,NS,Leamington,8656,Walsall,1342,World,NS,Not Started,,,,,,,,,,,,0.0,0.0,0.0,0.0,0.0,0.0,0.0,0.0,0.0,0.0,,,2026-07-11T09:39:32.201946+00:00,COVERAGE_UNKNOWN,,,,,,0,1.0,COVERAGE_NOT_LOADED,,,,,,,,,,,,,,,,,,,,,,,,,,,,,,,,,,,,,,,,,,,,,,,,,,,,,NONE,,,,,,,,,,,,,,,,,,,,,,,,,,,,,,,,,,,,,,,,,,,,,,,,,,,,,,,,,,,,,,,,,,,,,,,,,,,,,,,,,,,,,,,,,,,,,,,,REJECT,99,hard_reject_noise_league
2026-07-11,2026-07-11T15:00:00+01:00,1783778400,Friendlies Clubs,667,2026,1584822,NS,Leatherhead,4696,Dorking Wanderers,8659,World,NS,Not Started,,,,,,,,,,,,0.0,0.0,0.0,0.0,0.0,0.0,0.0,0.0,0.0,0.0,,,2026-07-11T09:39:32.202100+00:00,COVERAGE_UNKNOWN,,,,,,0,1.0,COVERAGE_NOT_LOADED,,,,,,,,,,,,,,,,,,,,,,,,,,,,,,,,,,,,,,,,,,,,,,,,,,,,,NONE,,,,,,,,,,,,,,,,,,,,,,,,,,,,,,,,,,,,,,,,,,,,,,,,,,,,,,,,,,,,,,,,,,,,,,,,,,,,,,,,,,,,,,,,,,,,,,,,REJECT,99,hard_reject_noise_league
2026-07-11,2026-07-11T10:00:00+01:00,1783760400,Friendlies Clubs,667,2026,1548815,NS,Lech Poznan,347,Bohemians 1905,3714,World,NS,Not Started,,,,,,,,,,,,0.0,0.0,0.0,0.0,0.0,0.0,0.0,0.0,0.0,0.0,,,2026-07-11T09:39:32.200231+00:00,COVERAGE_UNKNOWN,,,,,,0,1.0,COVERAGE_NOT_LOADED,,,,,,,,,,,,,,,,,,,,,,,,,,,,,,,,,,,,,,,,,,,,,,,,,,,,,NONE,,,,,,,,,,,,,,,,,,,,,,,,,,,,,,,,,,,,,,,,,,,,,,,,,,,,,,,,,,,,,,,,,,,,,,,,,,,,,,,,,,,,,,,,,,,,,,,,REJECT,99,hard_reject_noise_league
2026-07-11,2026-07-11T10:00:00+01:00,1783760400,Friendlies Clubs,667,2026,1583277,NS,Lechia T. Mazowiecki,16238,Star Starachowice,21660,World,NS,Not Started,,,,,,,,,,,,0.0,0.0,0.0,0.0,0.0,0.0,0.0,0.0,0.0,0.0,,,2026-07-11T09:39:32.200394+00:00,COVERAGE_UNKNOWN,,,,,,0,1.0,COVERAGE_NOT_LOADED,,,,,,,,,,,,,,,,,,,,,,,,,,,,,,,,,,,,,,,,,,,,,,,,,,,,,NONE,,,,,,,,,,,,,,,,,,,,,,,,,,,,,,,,,,,,,,,,,,,,,,,,,,,,,,,,,,,,,,,,,,,,,,,,,,,,,,,,,,,,,,,,,,,,,,,,REJECT,99,hard_reject_noise_league
2026-07-11,2026-07-11T12:00:00+01:00,1783767600,Friendlies Clubs,667,2026,1554851,NS,Leicester,46,Northampton,1337,World,NS,Not Started,,,,,,,,,,,,0.0,0.0,0.0,0.0,0.0,0.0,0.0,0.0,0.0,0.0,,,2026-07-11T09:39:32.200749+00:00,COVERAGE_UNKNOWN,,,,,,0,1.0,COVERAGE_NOT_LOADED,,,,,,,,,,,,,,,,,,,,,,,,,,,,,,,,,,,,,,,,,,,,,,,,,,,,,NONE,,,,,,,,,,,,,,,,,,,,,,,,,,,,,,,,,,,,,,,,,,,,,,,,,,,,,,,,,,,,,,,,,,,,,,,,,,,,,,,,,,,,,,,,,,,,,,,,REJECT,99,hard_reject_noise_league
2026-07-11,2026-07-11T21:00:00+01:00,1783800000,Friendlies Clubs,667,2026,1550563,NS,Leon,2289,Necaxa,2288,World,NS,Not Started,,,,,,,,,,,,0.0,0.0,0.0,0.0,0.0,0.0,0.0,0.0,0.0,0.0,,,2026-07-11T09:39:32.203078+00:00,COVERAGE_UNKNOWN,,,,,,0,1.0,COVERAGE_NOT_LOADED,,,,,,,,,,,,,,,,,,,,,,,,,,,,,,,,,,,,,,,,,,,,,,,,,,,,,NONE,,,,,,,,,,,,,,,,,,,,,,,,,,,,,,,,,,,,,,,,,,,,,,,,,,,,,,,,,,,,,,,,,,,,,,,,,,,,,,,,,,,,,,,,,,,,,,,,REJECT,99,hard_reject_noise_league
2026-07-11,2026-07-11T18:30:00+01:00,1783791000,Friendlies Clubs,667,2026,1583292,NS,Levante,539,Leganes,537,World,NS,Not Started,,,,,,,,,,,,0.0,0.0,0.0,0.0,0.0,0.0,0.0,0.0,0.0,0.0,,,2026-07-11T09:39:32.202734+00:00,COVERAGE_UNKNOWN,,,,,,0,1.0,COVERAGE_NOT_LOADED,,,,,,,,,,,,,,,,,,,,,,,,,,,,,,,,,,,,,,,,,,,,,,,,,,,,,NONE,,,,,,,,,,,,,,,,,,,,,,,,,,,,,,,,,,,,,,,,,,,,,,,,,,,,,,,,,,,,,,,,,,,,,,,,,,,,,,,,,,,,,,,,,,,,,,,,REJECT,99,hard_reject_noise_league
2026-07-11,2026-07-11T15:00:00+01:00,1783778400,Friendlies Clubs,667,2026,1554902,NS,Limavady United,11114,Ballinamallard United,5339,World,NS,Not Started,,,,,,,,,,,,0.0,0.0,0.0,0.0,0.0,0.0,0.0,0.0,0.0,0.0,,,2026-07-11T09:39:32.201951+00:00,COVERAGE_UNKNOWN,,,,,,0,1.0,COVERAGE_NOT_LOADED,,,,,,,,,,,,,,,,,,,,,,,,,,,,,,,,,,,,,,,,,,,,,,,,,,,,,NONE,,,,,,,,,,,,,,,,,,,,,,,,,,,,,,,,,,,,,,,,,,,,,,,,,,,,,,,,,,,,,,,,,,,,,,,,,,,,,,,,,,,,,,,,,,,,,,,,REJECT,99,hard_reject_noise_league
2026-07-11,2026-07-11T14:00:00+01:00,1783774800,Friendlies Clubs,667,2026,1583282,NS,Linfield,583,Aberdeen,252,World,NS,Not Started,,,,,,,,,,,,0.0,0.0,0.0,0.0,0.0,0.0,0.0,0.0,0.0,0.0,,,2026-07-11T09:39:32.201596+00:00,COVERAGE_UNKNOWN,,,,,,0,1.0,COVERAGE_NOT_LOADED,,,,,,,,,,,,,,,,,,,,,,,,,,,,,,,,,,,,,,,,,,,,,,,,,,,,,NONE,,,,,,,,,,,,,,,,,,,,,,,,,,,,,,,,,,,,,,,,,,,,,,,,,,,,,,,,,,,,,,,,,,,,,,,,,,,,,,,,,,,,,,,,,,,,,,,,REJECT,99,hard_reject_noise_league
2026-07-11,2026-07-11T15:00:00+01:00,1783778400,Friendlies Clubs,667,2026,1567599,NS,Livyi Bereh,17162,Kudrivka,21953,World,NS,Not Started,,,,,,,,,,,,0.0,0.0,0.0,0.0,0.0,0.0,0.0,0.0,0.0,0.0,,,2026-07-11T09:39:32.202028+00:00,COVERAGE_UNKNOWN,,,,,,0,1.0,COVERAGE_NOT_LOADED,,,,,,,,,,,,,,,,,,,,,,,,,,,,,,,,,,,,,,,,,,,,,,,,,,,,,NONE,,,,,,,,,,,,,,,,,,,,,,,,,,,,,,,,,,,,,,,,,,,,,,,,,,,,,,,,,,,,,,,,,,,,,,,,,,,,,,,,,,,,,,,,,,,,,,,,REJECT,99,hard_reject_noise_league
2026-07-11,2026-07-11T14:00:00+01:00,1783774800,Friendlies Clubs,667,2026,1567608,NS,Lokeren-Temse,14128,RAAL La Louvière,5902,World,NS,Not Started,,,,,,,,,,,,0.0,0.0,0.0,0.0,0.0,0.0,0.0,0.0,0.0,0.0,,,2026-07-11T09:39:32.201544+00:00,COVERAGE_UNKNOWN,,,,,,0,1.0,COVERAGE_NOT_LOADED,,,,,,,,,,,,,,,,,,,,,,,,,,,,,,,,,,,,,,,,,,,,,,,,,,,,,NONE,,,,,,,,,,,,,,,,,,,,,,,,,,,,,,,,,,,,,,,,,,,,,,,,,,,,,,,,,,,,,,,,,,,,,,,,,,,,,,,,,,,,,,,,,,,,,,,,REJECT,99,hard_reject_noise_league
2026-07-11,2026-07-11T10:00:00+01:00,1783760400,Friendlies Clubs,667,2026,1554837,NS,Lokomotiv,597,Akron,6786,World,NS,Not Started,,,,,,,,,,,,0.0,0.0,0.0,0.0,0.0,0.0,0.0,0.0,0.0,0.0,,,2026-07-11T09:39:32.200264+00:00,COVERAGE_UNKNOWN,,,,,,0,1.0,COVERAGE_NOT_LOADED,,,,,,,,,,,,,,,,,,,,,,,,,,,,,,,,,,,,,,,,,,,,,,,,,,,,,NONE,,,,,,,,,,,,,,,,,,,,,,,,,,,,,,,,,,,,,,,,,,,,,,,,,,,,,,,,,,,,,,,,,,,,,,,,,,,,,,,,,,,,,,,,,,,,,,,,REJECT,99,hard_reject_noise_league
2026-07-11,2026-07-11T18:00:00+01:00,1783789200,Friendlies Clubs,667,2026,1554912,NS,Lokomotiv,597,Spartak Moscow,558,World,NS,Not Started,,,,,,,,,,,,0.0,0.0,0.0,0.0,0.0,0.0,0.0,0.0,0.0,0.0,,,2026-07-11T09:39:32.202714+00:00,COVERAGE_UNKNOWN,,,,,,0,1.0,COVERAGE_NOT_LOADED,,,,,,,,,,,,,,,,,,,,,,,,,,,,,,,,,,,,,,,,,,,,,,,,,,,,,NONE,,,,,,,,,,,,,,,,,,,,,,,,,,,,,,,,,,,,,,,,,,,,,,,,,,,,,,,,,,,,,,,,,,,,,,,,,,,,,,,,,,,,,,,,,,,,,,,,REJECT,99,hard_reject_noise_league
2026-07-11,2026-07-11T16:30:00+01:00,1783783800,Friendlies Clubs,667,2026,1584830,NS,Lokomotiv Sofia,1416,Teuta Durrës,3320,World,NS,Not Started,,,,,,,,,,,,0.0,0.0,0.0,0.0,0.0,0.0,0.0,0.0,0.0,0.0,,,2026-07-11T09:39:32.202346+00:00,COVERAGE_UNKNOWN,,,,,,0,1.0,COVERAGE_NOT_LOADED,,,,,,,,,,,,,,,,,,,,,,,,,,,,,,,,,,,,,,,,,,,,,,,,,,,,,NONE,,,,,,,,,,,,,,,,,,,,,,,,,,,,,,,,,,,,,,,,,,,,,,,,,,,,,,,,,,,,,,,,,,,,,,,,,,,,,,,,,,,,,,,,,,,,,,,,REJECT,99,hard_reject_noise_league
2026-07-11,2026-07-11T14:00:00+01:00,1783774800,Friendlies Clubs,667,2026,1554892,NS,Lokomotive Leipzig,9355,Hertha BSC,159,World,NS,Not Started,,,,,,,,,,,,0.0,0.0,0.0,0.0,0.0,0.0,0.0,0.0,0.0,0.0,,,2026-07-11T09:39:32.201509+00:00,COVERAGE_UNKNOWN,,,,,,0,1.0,COVERAGE_NOT_LOADED,,,,,,,,,,,,,,,,,,,,,,,,,,,,,,,,,,,,,,,,,,,,,,,,,,,,,NONE,,,,,,,,,,,,,,,,,,,,,,,,,,,,,,,,,,,,,,,,,,,,,,,,,,,,,,,,,,,,,,,,,,,,,,,,,,,,,,,,,,,,,,,,,,,,,,,,REJECT,99,hard_reject_noise_league
2026-07-11,2026-07-11T10:00:00+01:00,1783760400,Friendlies Clubs,667,2026,1583249,NS,Lokomotíva Košice,10549,Kisvárda II,14122,World,NS,Not Started,,,,,,,,,,,,0.0,0.0,0.0,0.0,0.0,0.0,0.0,0.0,0.0,0.0,,,2026-07-11T09:39:32.200378+00:00,COVERAGE_UNKNOWN,,,,,,0,1.0,COVERAGE_NOT_LOADED,,,,,,,,,,,,,,,,,,,,,,,,,,,,,,,,,,,,,,,,,,,,,,,,,,,,,NONE,,,,,,,,,,,,,,,,,,,,,,,,,,,,,,,,,,,,,,,,,,,,,,,,,,,,,,,,,,,,,,,,,,,,,,,,,,,,,,,,,,,,,,,,,,,,,,,,REJECT,99,hard_reject_noise_league
2026-07-11,2026-07-11T15:00:00+01:00,1783778400,Friendlies Clubs,667,2026,1584823,NS,Long Eaton United,8856,Redditch United,7741,World,NS,Not Started,,,,,,,,,,,,0.0,0.0,0.0,0.0,0.0,0.0,0.0,0.0,0.0,0.0,,,2026-07-11T09:39:32.202105+00:00,COVERAGE_UNKNOWN,,,,,,0,1.0,COVERAGE_NOT_LOADED,,,,,,,,,,,,,,,,,,,,,,,,,,,,,,,,,,,,,,,,,,,,,,,,,,,,,NONE,,,,,,,,,,,,,,,,,,,,,,,,,,,,,,,,,,,,,,,,,,,,,,,,,,,,,,,,,,,,,,,,,,,,,,,,,,,,,,,,,,,,,,,,,,,,,,,,REJECT,99,hard_reject_noise_league
2026-07-11,2026-07-11T15:00:00+01:00,1783778400,Friendlies Clubs,667,2026,1583286,NS,Longridge Town,8859,Bolton,68,World,NS,Not Started,,,,,,,,,,,,0.0,0.0,0.0,0.0,0.0,0.0,0.0,0.0,0.0,0.0,,,2026-07-11T09:39:32.202055+00:00,COVERAGE_UNKNOWN,,,,,,0,1.0,COVERAGE_NOT_LOADED,,,,,,,,,,,,,,,,,,,,,,,,,,,,,,,,,,,,,,,,,,,,,,,,,,,,,NONE,,,,,,,,,,,,,,,,,,,,,,,,,,,,,,,,,,,,,,,,,,,,,,,,,,,,,,,,,,,,,,,,,,,,,,,,,,,,,,,,,,,,,,,,,,,,,,,,REJECT,99,hard_reject_noise_league
2026-07-11,2026-07-11T17:00:00+01:00,1783785600,Friendlies Clubs,667,2026,1554868,NS,Loznica,12323,Macva,2637,World,NS,Not Started,,,,,,,,,,,,0.0,0.0,0.0,0.0,0.0,0.0,0.0,0.0,0.0,0.0,,,2026-07-11T09:39:32.202592+00:00,COVERAGE_UNKNOWN,,,,,,0,1.0,COVERAGE_NOT_LOADED,,,,,,,,,,,,,,,,,,,,,,,,,,,,,,,,,,,,,,,,,,,,,,,,,,,,,NONE,,,,,,,,,,,,,,,,,,,,,,,,,,,,,,,,,,,,,,,,,,,,,,,,,,,,,,,,,,,,,,,,,,,,,,,,,,,,,,,,,,,,,,,,,,,,,,,,REJECT,99,hard_reject_noise_league
2026-07-11,2026-07-11T13:00:00+01:00,1783771200,Friendlies Clubs,667,2026,1583270,NS,Luzino,19693,Hapoel Katamon,4486,World,NS,Not Started,,,,,,,,,,,,0.0,0.0,0.0,0.0,0.0,0.0,0.0,0.0,0.0,0.0,,,2026-07-11T09:39:32.201223+00:00,COVERAGE_UNKNOWN,,,,,,0,1.0,COVERAGE_NOT_LOADED,,,,,,,,,,,,,,,,,,,,,,,,,,,,,,,,,,,,,,,,,,,,,,,,,,,,,NONE,,,,,,,,,,,,,,,,,,,,,,,,,,,,,,,,,,,,,,,,,,,,,,,,,,,,,,,,,,,,,,,,,,,,,,,,,,,,,,,,,,,,,,,,,,,,,,,,REJECT,99,hard_reject_noise_league
2026-07-11,2026-07-11T16:30:00+01:00,1783783800,Friendlies Clubs,667,2026,1554838,NS,MTK Budapest,2396,Koper,4374,World,NS,Not Started,,,,,,,,,,,,0.0,0.0,0.0,0.0,0.0,0.0,0.0,0.0,0.0,0.0,,,2026-07-11T09:39:32.202326+00:00,COVERAGE_UNKNOWN,,,,,,0,1.0,COVERAGE_NOT_LOADED,,,,,,,,,,,,,,,,,,,,,,,,,,,,,,,,,,,,,,,,,,,,,,,,,,,,,NONE,,,,,,,,,,,,,,,,,,,,,,,,,,,,,,,,,,,,,,,,,,,,,,,,,,,,,,,,,,,,,,,,,,,,,,,,,,,,,,,,,,,,,,,,,,,,,,,,REJECT,99,hard_reject_noise_league
2026-07-11,2026-07-11T12:00:00+01:00,1783767600,Friendlies Clubs,667,2026,1567590,NS,Magdeburg II,21525,HSC Hannover,9339,World,NS,Not Started,,,,,,,,,,,,0.0,0.0,0.0,0.0,0.0,0.0,0.0,0.0,0.0,0.0,,,2026-07-11T09:39:32.200790+00:00,COVERAGE_UNKNOWN,,,,,,0,1.0,COVERAGE_NOT_LOADED,,,,,,,,,,,,,,,,,,,,,,,,,,,,,,,,,,,,,,,,,,,,,,,,,,,,,NONE,,,,,,,,,,,,,,,,,,,,,,,,,,,,,,,,,,,,,,,,,,,,,,,,,,,,,,,,,,,,,,,,,,,,,,,,,,,,,,,,,,,,,,,,,,,,,,,,REJECT,99,hard_reject_noise_league
2026-07-11,2026-07-11T15:00:00+01:00,1783778400,Friendlies Clubs,667,2026,1584824,NS,Maidstone Utd,1825,Welling United,8664,World,NS,Not Started,,,,,,,,,,,,0.0,0.0,0.0,0.0,0.0,0.0,0.0,0.0,0.0,0.0,,,2026-07-11T09:39:32.202110+00:00,COVERAGE_UNKNOWN,,,,,,0,1.0,COVERAGE_NOT_LOADED,,,,,,,,,,,,,,,,,,,,,,,,,,,,,,,,,,,,,,,,,,,,,,,,,,,,,NONE,,,,,,,,,,,,,,,,,,,,,,,,,,,,,,,,,,,,,,,,,,,,,,,,,,,,,,,,,,,,,,,,,,,,,,,,,,,,,,,,,,,,,,,,,,,,,,,,REJECT,99,hard_reject_noise_league
2026-07-11,2026-07-11T15:00:00+01:00,1783778400,Friendlies Clubs,667,2026,1546663,NS,Melksham Town,7241,Yeovil Town,1377,World,NS,Not Started,,,,,,,,,,,,0.0,0.0,0.0,0.0,0.0,0.0,0.0,0.0,0.0,0.0,,,2026-07-11T09:39:32.201767+00:00,COVERAGE_UNKNOWN,,,,,,0,1.0,COVERAGE_NOT_LOADED,,,,,,,,,,,,,,,,,,,,,,,,,,,,,,,,,,,,,,,,,,,,,,,,,,,,,NONE,,,,,,,,,,,,,,,,,,,,,,,,,,,,,,,,,,,,,,,,,,,,,,,,,,,,,,,,,,,,,,,,,,,,,,,,,,,,,,,,,,,,,,,,,,,,,,,,REJECT,99,hard_reject_noise_league
2026-07-11,2026-07-11T15:00:00+01:00,1783778400,Friendlies Clubs,667,2026,1554903,NS,Metz,112,Versailles,3131,World,NS,Not Started,,,,,,,,,,,,0.0,0.0,0.0,0.0,0.0,0.0,0.0,0.0,0.0,0.0,,,2026-07-11T09:39:32.201956+00:00,COVERAGE_UNKNOWN,,,,,,0,1.0,COVERAGE_NOT_LOADED,,,,,,,,,,,,,,,,,,,,,,,,,,,,,,,,,,,,,,,,,,,,,,,,,,,,,NONE,,,,,,,,,,,,,,,,,,,,,,,,,,,,,,,,,,,,,,,,,,,,,,,,,,,,,,,,,,,,,,,,,,,,,,,,,,,,,,,,,,,,,,,,,,,,,,,,REJECT,99,hard_reject_noise_league
2026-07-11,2026-07-11T17:30:00+01:00,1783787400,Friendlies Clubs,667,2026,1554919,NS,Metz,112,Racing FC Union Luxembourg,2030,World,NS,Not Started,,,,,,,,,,,,0.0,0.0,0.0,0.0,0.0,0.0,0.0,0.0,0.0,0.0,,,2026-07-11T09:39:32.202683+00:00,COVERAGE_UNKNOWN,,,,,,0,1.0,COVERAGE_NOT_LOADED,,,,,,,,,,,,,,,,,,,,,,,,,,,,,,,,,,,,,,,,,,,,,,,,,,,,,NONE,,,,,,,,,,,,,,,,,,,,,,,,,,,,,,,,,,,,,,,,,,,,,,,,,,,,,,,,,,,,,,,,,,,,,,,,,,,,,,,,,,,,,,,,,,,,,,,,REJECT,99,hard_reject_noise_league
2026-07-11,2026-07-11T16:00:00+01:00,1783782000,Friendlies Clubs,667,2026,1547940,NS,Mezokovesd-zsory,2389,Nyiregyhaza,2403,World,NS,Not Started,,,,,,,,,,,,0.0,0.0,0.0,0.0,0.0,0.0,0.0,0.0,0.0,0.0,,,2026-07-11T09:39:32.202188+00:00,COVERAGE_UNKNOWN,,,,,,0,1.0,COVERAGE_NOT_LOADED,,,,,,,,,,,,,,,,,,,,,,,,,,,,,,,,,,,,,,,,,,,,,,,,,,,,,NONE,,,,,,,,,,,,,,,,,,,,,,,,,,,,,,,,,,,,,,,,,,,,,,,,,,,,,,,,,,,,,,,,,,,,,,,,,,,,,,,,,,,,,,,,,,,,,,,,REJECT,99,hard_reject_noise_league
2026-07-11,2026-07-11T16:00:00+01:00,1783782000,Friendlies Clubs,667,2026,1560595,NS,Monori Se,2411,Budapest Honved,576,World,NS,Not Started,,,,,,,,,,,,0.0,0.0,0.0,0.0,0.0,0.0,0.0,0.0,0.0,0.0,,,2026-07-11T09:39:32.202272+00:00,COVERAGE_UNKNOWN,,,,,,0,1.0,COVERAGE_NOT_LOADED,,,,,,,,,,,,,,,,,,,,,,,,,,,,,,,,,,,,,,,,,,,,,,,,,,,,,NONE,,,,,,,,,,,,,,,,,,,,,,,,,,,,,,,,,,,,,,,,,,,,,,,,,,,,,,,,,,,,,,,,,,,,,,,,,,,,,,,,,,,,,,,,,,,,,,,,REJECT,99,hard_reject_noise_league
2026-07-11,2026-07-11T17:00:00+01:00,1783785600,Friendlies Clubs,667,2026,1560597,NS,Montpellier,82,Aubagne,9930,World,NS,Not Started,,,,,,,,,,,,0.0,0.0,0.0,0.0,0.0,0.0,0.0,0.0,0.0,0.0,,,2026-07-11T09:39:32.202623+00:00,COVERAGE_UNKNOWN,,,,,,0,1.0,COVERAGE_NOT_LOADED,,,,,,,,,,,,,,,,,,,,,,,,,,,,,,,,,,,,,,,,,,,,,,,,,,,,,NONE,,,,,,,,,,,,,,,,,,,,,,,,,,,,,,,,,,,,,,,,,,,,,,,,,,,,,,,,,,,,,,,,,,,,,,,,,,,,,,,,,,,,,,,,,,,,,,,,REJECT,99,hard_reject_noise_league
2026-07-11,2026-07-11T13:00:00+01:00,1783771200,Friendlies Clubs,667,2026,1584811,NS,Moravia Morawica,27390,Naprzód,26184,World,NS,Not Started,,,,,,,,,,,,0.0,0.0,0.0,0.0,0.0,0.0,0.0,0.0,0.0,0.0,,,2026-07-11T09:39:32.201295+00:00,COVERAGE_UNKNOWN,,,,,,0,1.0,COVERAGE_NOT_LOADED,,,,,,,,,,,,,,,,,,,,,,,,,,,,,,,,,,,,,,,,,,,,,,,,,,,,,NONE,,,,,,,,,,,,,,,,,,,,,,,,,,,,,,,,,,,,,,,,,,,,,,,,,,,,,,,,,,,,,,,,,,,,,,,,,,,,,,,,,,,,,,,,,,,,,,,,REJECT,99,hard_reject_noise_league
2026-07-11,2026-07-11T15:00:00+01:00,1783778400,Friendlies Clubs,667,2026,1584825,NS,Mossley,7660,Radcliffe,7740,World,NS,Not Started,,,,,,,,,,,,0.0,0.0,0.0,0.0,0.0,0.0,0.0,0.0,0.0,0.0,,,2026-07-11T09:39:32.202114+00:00,COVERAGE_UNKNOWN,,,,,,0,1.0,COVERAGE_NOT_LOADED,,,,,,,,,,,,,,,,,,,,,,,,,,,,,,,,,,,,,,,,,,,,,,,,,,,,,NONE,,,,,,,,,,,,,,,,,,,,,,,,,,,,,,,,,,,,,,,,,,,,,,,,,,,,,,,,,,,,,,,,,,,,,,,,,,,,,,,,,,,,,,,,,,,,,,,,REJECT,99,hard_reject_noise_league
2026-07-11,2026-07-11T11:00:00+01:00,1783764000,Friendlies Clubs,667,2026,1554870,NS,Motor Lublin,14562,Polonia Warszawa,16239,World,NS,Not Started,,,,,,,,,,,,0.0,0.0,0.0,0.0,0.0,0.0,0.0,0.0,0.0,0.0,,,2026-07-11T09:39:32.200534+00:00,COVERAGE_UNKNOWN,,,,,,0,1.0,COVERAGE_NOT_LOADED,,,,,,,,,,,,,,,,,,,,,,,,,,,,,,,,,,,,,,,,,,,,,,,,,,,,,NONE,,,,,,,,,,,,,,,,,,,,,,,,,,,,,,,,,,,,,,,,,,,,,,,,,,,,,,,,,,,,,,,,,,,,,,,,,,,,,,,,,,,,,,,,,,,,,,,,REJECT,99,hard_reject_noise_league
2026-07-11,2026-07-11T13:00:00+01:00,1783771200,Friendlies Clubs,667,2026,1583271,NS,Mławianka Mława,19618,Błonianka Błonie,16234,World,NS,Not Started,,,,,,,,,,,,0.0,0.0,0.0,0.0,0.0,0.0,0.0,0.0,0.0,0.0,,,2026-07-11T09:39:32.201229+00:00,COVERAGE_UNKNOWN,,,,,,0,1.0,COVERAGE_NOT_LOADED,,,,,,,,,,,,,,,,,,,,,,,,,,,,,,,,,,,,,,,,,,,,,,,,,,,,,NONE,,,,,,,,,,,,,,,,,,,,,,,,,,,,,,,,,,,,,,,,,,,,,,,,,,,,,,,,,,,,,,,,,,,,,,,,,,,,,,,,,,,,,,,,,,,,,,,,REJECT,99,hard_reject_noise_league
2026-07-11,2026-07-11T16:30:00+01:00,1783783800,Friendlies Clubs,667,2026,1567609,NS,Nafta,4376,FK Partizan,573,World,NS,Not Started,,,,,,,,,,,,0.0,0.0,0.0,0.0,0.0,0.0,0.0,0.0,0.0,0.0,,,2026-07-11T09:39:32.202336+00:00,COVERAGE_UNKNOWN,,,,,,0,1.0,COVERAGE_NOT_LOADED,,,,,,,,,,,,,,,,,,,,,,,,,,,,,,,,,,,,,,,,,,,,,,,,,,,,,NONE,,,,,,,,,,,,,,,,,,,,,,,,,,,,,,,,,,,,,,,,,,,,,,,,,,,,,,,,,,,,,,,,,,,,,,,,,,,,,,,,,,,,,,,,,,,,,,,,REJECT,99,hard_reject_noise_league
2026-07-11,2026-07-11T10:00:00+01:00,1783760400,Friendlies Clubs,667,2026,1560581,NS,Nancy,102,Estac Troyes,110,World,NS,Not Started,,,,,,,,,,,,0.0,0.0,0.0,0.0,0.0,0.0,0.0,0.0,0.0,0.0,,,2026-07-11T09:39:32.200324+00:00,COVERAGE_UNKNOWN,,,,,,0,1.0,COVERAGE_NOT_LOADED,,,,,,,,,,,,,,,,,,,,,,,,,,,,,,,,,,,,,,,,,,,,,,,,,,,,,NONE,,,,,,,,,,,,,,,,,,,,,,,,,,,,,,,,,,,,,,,,,,,,,,,,,,,,,,,,,,,,,,,,,,,,,,,,,,,,,,,,,,,,,,,,,,,,,,,,REJECT,99,hard_reject_noise_league
2026-07-11,2026-07-11T17:00:00+01:00,1783785600,Friendlies Clubs,667,2026,1584760,NS,Napredak,2655,Radnik Bijeljina,3359,World,NS,Not Started,,,,,,,,,,,,0.0,0.0,0.0,0.0,0.0,0.0,0.0,0.0,0.0,0.0,,,2026-07-11T09:39:32.202650+00:00,COVERAGE_UNKNOWN,,,,,,0,1.0,COVERAGE_NOT_LOADED,,,,,,,,,,,,,,,,,,,,,,,,,,,,,,,,,,,,,,,,,,,,,,,,,,,,,NONE,,,,,,,,,,,,,,,,,,,,,,,,,,,,,,,,,,,,,,,,,,,,,,,,,,,,,,,,,,,,,,,,,,,,,,,,,,,,,,,,,,,,,,,,,,,,,,,,REJECT,99,hard_reject_noise_league
2026-07-11,2026-07-11T15:00:00+01:00,1783778400,Friendlies Clubs,667,2026,1554904,NS,Newbuildings United,22538,Coleraine FC,669,World,NS,Not Started,,,,,,,,,,,,0.0,0.0,0.0,0.0,0.0,0.0,0.0,0.0,0.0,0.0,,,2026-07-11T09:39:32.201962+00:00,COVERAGE_UNKNOWN,,,,,,0,1.0,COVERAGE_NOT_LOADED,,,,,,,,,,,,,,,,,,,,,,,,,,,,,,,,,,,,,,,,,,,,,,,,,,,,,NONE,,,,,,,,,,,,,,,,,,,,,,,,,,,,,,,,,,,,,,,,,,,,,,,,,,,,,,,,,,,,,,,,,,,,,,,,,,,,,,,,,,,,,,,,,,,,,,,,REJECT,99,hard_reject_noise_league
2026-07-11,2026-07-11T13:30:00+01:00,1783773000,Friendlies Clubs,667,2026,1560587,NS,Normannia Gmünd,19257,VfR Aalen,1327,World,NS,Not Started,,,,,,,,,,,,0.0,0.0,0.0,0.0,0.0,0.0,0.0,0.0,0.0,0.0,,,2026-07-11T09:39:32.201336+00:00,COVERAGE_UNKNOWN,,,,,,0,1.0,COVERAGE_NOT_LOADED,,,,,,,,,,,,,,,,,,,,,,,,,,,,,,,,,,,,,,,,,,,,,,,,,,,,,NONE,,,,,,,,,,,,,,,,,,,,,,,,,,,,,,,,,,,,,,,,,,,,,,,,,,,,,,,,,,,,,,,,,,,,,,,,,,,,,,,,,,,,,,,,,,,,,,,,REJECT,99,hard_reject_noise_league
2026-07-11,2026-07-11T14:00:00+01:00,1783774800,Friendlies Clubs,667,2026,1548826,NS,Norwich,71,Colchester,1361,World,NS,Not Started,,,,,,,,,,,,0.0,0.0,0.0,0.0,0.0,0.0,0.0,0.0,0.0,0.0,,,2026-07-11T09:39:32.201493+00:00,COVERAGE_UNKNOWN,,,,,,0,1.0,COVERAGE_NOT_LOADED,,,,,,,,,,,,,,,,,,,,,,,,,,,,,,,,,,,,,,,,,,,,,,,,,,,,,NONE,,,,,,,,,,,,,,,,,,,,,,,,,,,,,,,,,,,,,,,,,,,,,,,,,,,,,,,,,,,,,,,,,,,,,,,,,,,,,,,,,,,,,,,,,,,,,,,,REJECT,99,hard_reject_noise_league
2026-07-11,2026-07-11T17:00:00+01:00,1783785600,Friendlies Clubs,667,2026,1562899,NS,Olimpija Ljubljana,677,LNZ Cherkasy,17161,World,NS,Not Started,,,,,,,,,,,,0.0,0.0,0.0,0.0,0.0,0.0,0.0,0.0,0.0,0.0,,,2026-07-11T09:39:32.202629+00:00,COVERAGE_UNKNOWN,,,,,,0,1.0,COVERAGE_NOT_LOADED,,,,,,,,,,,,,,,,,,,,,,,,,,,,,,,,,,,,,,,,,,,,,,,,,,,,,NONE,,,,,,,,,,,,,,,,,,,,,,,,,,,,,,,,,,,,,,,,,,,,,,,,,,,,,,,,,,,,,,,,,,,,,,,,,,,,,,,,,,,,,,,,,,,,,,,,REJECT,99,hard_reject_noise_league
2026-07-11,2026-07-11T12:30:00+01:00,1783769400,Friendlies Clubs,667,2026,1567600,NS,Olympiakos Piraeus,553,OH Leuven,260,World,NS,Not Started,,,,,,,,,,,,0.0,0.0,0.0,0.0,0.0,0.0,0.0,0.0,0.0,0.0,,,2026-07-11T09:39:32.200898+00:00,COVERAGE_UNKNOWN,,,,,,0,1.0,COVERAGE_NOT_LOADED,,,,,,,,,,,,,,,,,,,,,,,,,,,,,,,,,,,,,,,,,,,,,,,,,,,,,NONE,,,,,,,,,,,,,,,,,,,,,,,,,,,,,,,,,,,,,,,,,,,,,,,,,,,,,,,,,,,,,,,,,,,,,,,,,,,,,,,,,,,,,,,,,,,,,,,,REJECT,99,hard_reject_noise_league
2026-07-11,2026-07-11T14:00:00+01:00,1783774800,Friendlies Clubs,667,2026,1584812,NS,Ostersunds FK,376,Orebro SK,365,World,NS,Not Started,,,,,,,,,,,,0.0,0.0,0.0,0.0,0.0,0.0,0.0,0.0,0.0,0.0,,,2026-07-11T09:39:32.201601+00:00,COVERAGE_UNKNOWN,,,,,,0,1.0,COVERAGE_NOT_LOADED,,,,,,,,,,,,,,,,,,,,,,,,,,,,,,,,,,,,,,,,,,,,,,,,,,,,,NONE,,,,,,,,,,,,,,,,,,,,,,,,,,,,,,,,,,,,,,,,,,,,,,,,,,,,,,,,,,,,,,,,,,,,,,,,,,,,,,,,,,,,,,,,,,,,,,,,REJECT,99,hard_reject_noise_league
2026-07-11,2026-07-11T15:00:00+01:00,1783778400,Friendlies Clubs,667,2026,1567591,NS,PAOK,619,Twente,415,World,NS,Not Started,,,,,,,,,,,,0.0,0.0,0.0,0.0,0.0,0.0,0.0,0.0,0.0,0.0,,,2026-07-11T09:39:32.202023+00:00,COVERAGE_UNKNOWN,,,,,,0,1.0,COVERAGE_NOT_LOADED,,,,,,,,,,,,,,,,,,,,,,,,,,,,,,,,,,,,,,,,,,,,,,,,,,,,,NONE,,,,,,,,,,,,,,,,,,,,,,,,,,,,,,,,,,,,,,,,,,,,,,,,,,,,,,,,,,,,,,,,,,,,,,,,,,,,,,,,,,,,,,,,,,,,,,,,REJECT,99,hard_reject_noise_league
2026-07-11,2026-07-11T15:00:00+01:00,1783778400,Friendlies Clubs,667,2026,1583289,NS,PEC Zwolle,193,Al-Jazira,2871,World,NS,Not Started,,,,,,,,,,,,0.0,0.0,0.0,0.0,0.0,0.0,0.0,0.0,0.0,0.0,,,2026-07-11T09:39:32.202070+00:00,COVERAGE_UNKNOWN,,,,,,0,1.0,COVERAGE_NOT_LOADED,,,,,,,,,,,,,,,,,,,,,,,,,,,,,,,,,,,,,,,,,,,,,,,,,,,,,NONE,,,,,,,,,,,,,,,,,,,,,,,,,,,,,,,,,,,,,,,,,,,,,,,,,,,,,,,,,,,,,,,,,,,,,,,,,,,,,,,,,,,,,,,,,,,,,,,,REJECT,99,hard_reject_noise_league
2026-07-11,2026-07-11T19:00:00+01:00,1783792800,Friendlies Clubs,667,2026,1554873,NS,Panathinaikos,617,Grasshoppers,1013,World,NS,Not Started,,,,,,,,,,,,0.0,0.0,0.0,0.0,0.0,0.0,0.0,0.0,0.0,0.0,,,2026-07-11T09:39:32.202846+00:00,COVERAGE_UNKNOWN,,,,,,0,1.0,COVERAGE_NOT_LOADED,,,,,,,,,,,,,,,,,,,,,,,,,,,,,,,,,,,,,,,,,,,,,,,,,,,,,NONE,,,,,,,,,,,,,,,,,,,,,,,,,,,,,,,,,,,,,,,,,,,,,,,,,,,,,,,,,,,,,,,,,,,,,,,,,,,,,,,,,,,,,,,,,,,,,,,,REJECT,99,hard_reject_noise_league
2026-07-11,2026-07-11T10:00:00+01:00,1783760400,Friendlies Clubs,667,2026,1583244,NS,Pelikan Łowicz,12829,Polonia Warszawa,16239,World,NS,Not Started,,,,,,,,,,,,0.0,0.0,0.0,0.0,0.0,0.0,0.0,0.0,0.0,0.0,,,2026-07-11T09:39:32.200368+00:00,COVERAGE_UNKNOWN,,,,,,0,1.0,COVERAGE_NOT_LOADED,,,,,,,,,,,,,,,,,,,,,,,,,,,,,,,,,,,,,,,,,,,,,,,,,,,,,NONE,,,,,,,,,,,,,,,,,,,,,,,,,,,,,,,,,,,,,,,,,,,,,,,,,,,,,,,,,,,,,,,,,,,,,,,,,,,,,,,,,,,,,,,,,,,,,,,,REJECT,99,hard_reject_noise_league
2026-07-11,2026-07-11T15:00:00+01:00,1783778400,Friendlies Clubs,667,2026,1546647,NS,Plymouth Parkway,8899,Plymouth,1357,World,NS,Not Started,,,,,,,,,,,,0.0,0.0,0.0,0.0,0.0,0.0,0.0,0.0,0.0,0.0,,,2026-07-11T09:39:32.201730+00:00,COVERAGE_UNKNOWN,,,,,,0,1.0,COVERAGE_NOT_LOADED,,,,,,,,,,,,,,,,,,,,,,,,,,,,,,,,,,,,,,,,,,,,,,,,,,,,,NONE,,,,,,,,,,,,,,,,,,,,,,,,,,,,,,,,,,,,,,,,,,,,,,,,,,,,,,,,,,,,,,,,,,,,,,,,,,,,,,,,,,,,,,,,,,,,,,,,REJECT,99,hard_reject_noise_league
2026-07-11,2026-07-11T13:00:00+01:00,1783771200,Friendlies Clubs,667,2026,1583273,NS,Polonia Słubice,24326,Mieszko Gniezno,16250,World,NS,Not Started,,,,,,,,,,,,0.0,0.0,0.0,0.0,0.0,0.0,0.0,0.0,0.0,0.0,,,2026-07-11T09:39:32.201239+00:00,COVERAGE_UNKNOWN,,,,,,0,1.0,COVERAGE_NOT_LOADED,,,,,,,,,,,,,,,,,,,,,,,,,,,,,,,,,,,,,,,,,,,,,,,,,,,,,NONE,,,,,,,,,,,,,,,,,,,,,,,,,,,,,,,,,,,,,,,,,,,,,,,,,,,,,,,,,,,,,,,,,,,,,,,,,,,,,,,,,,,,,,,,,,,,,,,,REJECT,99,hard_reject_noise_league
2026-07-11,2026-07-11T14:00:00+01:00,1783774800,Friendlies Clubs,667,2026,1567607,NS,Progres Niederkorn,658,Thionville Lusitanos,22039,World,NS,Not Started,,,,,,,,,,,,0.0,0.0,0.0,0.0,0.0,0.0,0.0,0.0,0.0,0.0,,,2026-07-11T09:39:32.201539+00:00,COVERAGE_UNKNOWN,,,,,,0,1.0,COVERAGE_NOT_LOADED,,,,,,,,,,,,,,,,,,,,,,,,,,,,,,,,,,,,,,,,,,,,,,,,,,,,,NONE,,,,,,,,,,,,,,,,,,,,,,,,,,,,,,,,,,,,,,,,,,,,,,,,,,,,,,,,,,,,,,,,,,,,,,,,,,,,,,,,,,,,,,,,,,,,,,,,REJECT,99,hard_reject_noise_league
2026-07-11,2026-07-11T16:00:00+01:00,1783782000,Friendlies Clubs,667,2026,1554913,NS,Puskas Academy,2391,FC BW Linz,1394,World,NS,Not Started,,,,,,,,,,,,0.0,0.0,0.0,0.0,0.0,0.0,0.0,0.0,0.0,0.0,,,2026-07-11T09:39:32.202236+00:00,COVERAGE_UNKNOWN,,,,,,0,1.0,COVERAGE_NOT_LOADED,,,,,,,,,,,,,,,,,,,,,,,,,,,,,,,,,,,,,,,,,,,,,,,,,,,,,NONE,,,,,,,,,,,,,,,,,,,,,,,,,,,,,,,,,,,,,,,,,,,,,,,,,,,,,,,,,,,,,,,,,,,,,,,,,,,,,,,,,,,,,,,,,,,,,,,,REJECT,99,hard_reject_noise_league
2026-07-11,2026-07-11T14:00:00+01:00,1783774800,Friendlies Clubs,667,2026,1560591,NS,Pwllheli,6473,Llandudno,362,World,NS,Not Started,,,,,,,,,,,,0.0,0.0,0.0,0.0,0.0,0.0,0.0,0.0,0.0,0.0,,,2026-07-11T09:39:32.201519+00:00,COVERAGE_UNKNOWN,,,,,,0,1.0,COVERAGE_NOT_LOADED,,,,,,,,,,,,,,,,,,,,,,,,,,,,,,,,,,,,,,,,,,,,,,,,,,,,,NONE,,,,,,,,,,,,,,,,,,,,,,,,,,,,,,,,,,,,,,,,,,,,,,,,,,,,,,,,,,,,,,,,,,,,,,,,,,,,,,,,,,,,,,,,,,,,,,,,REJECT,99,hard_reject_noise_league
2026-07-11,2026-07-11T11:00:00+01:00,1783764000,Friendlies Clubs,667,2026,1562900,NS,Queen's University,5349,Bangor,11112,World,NS,Not Started,,,,,,,,,,,,0.0,0.0,0.0,0.0,0.0,0.0,0.0,0.0,0.0,0.0,,,2026-07-11T09:39:32.200556+00:00,COVERAGE_UNKNOWN,,,,,,0,1.0,COVERAGE_NOT_LOADED,,,,,,,,,,,,,,,,,,,,,,,,,,,,,,,,,,,,,,,,,,,,,,,,,,,,,NONE,,,,,,,,,,,,,,,,,,,,,,,,,,,,,,,,,,,,,,,,,,,,,,,,,,,,,,,,,,,,,,,,,,,,,,,,,,,,,,,,,,,,,,,,,,,,,,,,REJECT,99,hard_reject_noise_league
2026-07-11,2026-07-11T14:00:00+01:00,1783774800,Friendlies Clubs,667,2026,1584818,NS,RB Bragantino,794,Atletico Paranaense,134,World,NS,Not Started,,,,,,,,,,,,0.0,0.0,0.0,0.0,0.0,0.0,0.0,0.0,0.0,0.0,,,2026-07-11T09:39:32.201606+00:00,COVERAGE_UNKNOWN,,,,,,0,1.0,COVERAGE_NOT_LOADED,,,,,,,,,,,,,,,,,,,,,,,,,,,,,,,,,,,,,,,,,,,,,,,,,,,,,NONE,,,,,,,,,,,,,,,,,,,,,,,,,,,,,,,,,,,,,,,,,,,,,,,,,,,,,,,,,,,,,,,,,,,,,,,,,,,,,,,,,,,,,,,,,,,,,,,,REJECT,99,hard_reject_noise_league
2026-07-11,2026-07-11T12:00:00+01:00,1783767600,Friendlies Clubs,667,2026,1584800,NS,RSV Eintracht,14754,Tennis Borussia,12876,World,NS,Not Started,,,,,,,,,,,,0.0,0.0,0.0,0.0,0.0,0.0,0.0,0.0,0.0,0.0,,,2026-07-11T09:39:32.200823+00:00,COVERAGE_UNKNOWN,,,,,,0,1.0,COVERAGE_NOT_LOADED,,,,,,,,,,,,,,,,,,,,,,,,,,,,,,,,,,,,,,,,,,,,,,,,,,,,,NONE,,,,,,,,,,,,,,,,,,,,,,,,,,,,,,,,,,,,,,,,,,,,,,,,,,,,,,,,,,,,,,,,,,,,,,,,,,,,,,,,,,,,,,,,,,,,,,,,REJECT,99,hard_reject_noise_league
2026-07-11,2026-07-11T10:30:00+01:00,1783762200,Friendlies Clubs,667,2026,1583252,NS,Real Sociedad,548,PAU,1297,World,NS,Not Started,,,,,,,,,,,,0.0,0.0,0.0,0.0,0.0,0.0,0.0,0.0,0.0,0.0,,,2026-07-11T09:39:32.200461+00:00,COVERAGE_UNKNOWN,,,,,,0,1.0,COVERAGE_NOT_LOADED,,,,,,,,,,,,,,,,,,,,,,,,,,,,,,,,,,,,,,,,,,,,,,,,,,,,,NONE,,,,,,,,,,,,,,,,,,,,,,,,,,,,,,,,,,,,,,,,,,,,,,,,,,,,,,,,,,,,,,,,,,,,,,,,,,,,,,,,,,,,,,,,,,,,,,,,REJECT,99,hard_reject_noise_league
2026-07-11,2026-07-11T13:00:00+01:00,1783771200,Friendlies Clubs,667,2026,1546649,NS,Redbridge,8908,AFC Hornchurch,7690,World,NS,Not Started,,,,,,,,,,,,0.0,0.0,0.0,0.0,0.0,0.0,0.0,0.0,0.0,0.0,,,2026-07-11T09:39:32.200966+00:00,COVERAGE_UNKNOWN,,,,,,0,1.0,COVERAGE_NOT_LOADED,,,,,,,,,,,,,,,,,,,,,,,,,,,,,,,,,,,,,,,,,,,,,,,,,,,,,NONE,,,,,,,,,,,,,,,,,,,,,,,,,,,,,,,,,,,,,,,,,,,,,,,,,,,,,,,,,,,,,,,,,,,,,,,,,,,,,,,,,,,,,,,,,,,,,,,,REJECT,99,hard_reject_noise_league
2026-07-11,2026-07-11T10:30:00+01:00,1783762200,Friendlies Clubs,667,2026,1584803,NS,Rekord Bielsko-Biała,6950,Wiślanie Jaśkowice,19728,World,NS,Not Started,,,,,,,,,,,,0.0,0.0,0.0,0.0,0.0,0.0,0.0,0.0,0.0,0.0,,,2026-07-11T09:39:32.200472+00:00,COVERAGE_UNKNOWN,,,,,,0,1.0,COVERAGE_NOT_LOADED,,,,,,,,,,,,,,,,,,,,,,,,,,,,,,,,,,,,,,,,,,,,,,,,,,,,,NONE,,,,,,,,,,,,,,,,,,,,,,,,,,,,,,,,,,,,,,,,,,,,,,,,,,,,,,,,,,,,,,,,,,,,,,,,,,,,,,,,,,,,,,,,,,,,,,,,REJECT,99,hard_reject_noise_league
2026-07-11,2026-07-11T09:00:00+01:00,1783756800,Friendlies Clubs,667,2026,1584814,NS,Resovia Rzeszów,6951,Korona Kielce II,16267,World,NS,Not Started,,,,,,,,,,,,0.0,0.0,0.0,0.0,0.0,0.0,0.0,0.0,0.0,0.0,,,2026-07-11T09:39:32.200090+00:00,COVERAGE_UNKNOWN,,,,,,0,1.0,COVERAGE_NOT_LOADED,,,,,,,,,,,,,,,,,,,,,,,,,,,,,,,,,,,,,,,,,,,,,,,,,,,,,NONE,,,,,,,,,,,,,,,,,,,,,,,,,,,,,,,,,,,,,,,,,,,,,,,,,,,,,,,,,,,,,,,,,,,,,,,,,,,,,,,,,,,,,,,,,,,,,,,,REJECT,99,hard_reject_noise_league
2026-07-11,2026-07-11T16:00:00+01:00,1783782000,Friendlies Clubs,667,2026,1554876,NS,Rilski Sportist,8547,CSKA Sofia II,1415,World,NS,Not Started,,,,,,,,,,,,0.0,0.0,0.0,0.0,0.0,0.0,0.0,0.0,0.0,0.0,,,2026-07-11T09:39:32.202220+00:00,COVERAGE_UNKNOWN,,,,,,0,1.0,COVERAGE_NOT_LOADED,,,,,,,,,,,,,,,,,,,,,,,,,,,,,,,,,,,,,,,,,,,,,,,,,,,,,NONE,,,,,,,,,,,,,,,,,,,,,,,,,,,,,,,,,,,,,,,,,,,,,,,,,,,,,,,,,,,,,,,,,,,,,,,,,,,,,,,,,,,,,,,,,,,,,,,,REJECT,99,hard_reject_noise_league
2026-07-11,2026-07-11T13:00:00+01:00,1783771200,Friendlies Clubs,667,2026,1583274,NS,Rio Ave,226,Arouca,240,World,NS,Not Started,,,,,,,,,,,,0.0,0.0,0.0,0.0,0.0,0.0,0.0,0.0,0.0,0.0,,,2026-07-11T09:39:32.201244+00:00,COVERAGE_UNKNOWN,,,,,,0,1.0,COVERAGE_NOT_LOADED,,,,,,,,,,,,,,,,,,,,,,,,,,,,,,,,,,,,,,,,,,,,,,,,,,,,,NONE,,,,,,,,,,,,,,,,,,,,,,,,,,,,,,,,,,,,,,,,,,,,,,,,,,,,,,,,,,,,,,,,,,,,,,,,,,,,,,,,,,,,,,,,,,,,,,,,REJECT,99,hard_reject_noise_league
2026-07-11,2026-07-11T15:00:00+01:00,1783778400,Friendlies Clubs,667,2026,1554905,NS,Rot-Weiß Essen,1621,SW Essen,14523,World,NS,Not Started,,,,,,,,,,,,0.0,0.0,0.0,0.0,0.0,0.0,0.0,0.0,0.0,0.0,,,2026-07-11T09:39:32.201967+00:00,COVERAGE_UNKNOWN,,,,,,0,1.0,COVERAGE_NOT_LOADED,,,,,,,,,,,,,,,,,,,,,,,,,,,,,,,,,,,,,,,,,,,,,,,,,,,,,NONE,,,,,,,,,,,,,,,,,,,,,,,,,,,,,,,,,,,,,,,,,,,,,,,,,,,,,,,,,,,,,,,,,,,,,,,,,,,,,,,,,,,,,,,,,,,,,,,,REJECT,99,hard_reject_noise_league
2026-07-11,2026-07-11T14:00:00+01:00,1783774800,Friendlies Clubs,667,2026,1583267,NS,Rot-weiss Oberhausen,1658,Hamburger SV II,9340,World,NS,Not Started,,,,,,,,,,,,0.0,0.0,0.0,0.0,0.0,0.0,0.0,0.0,0.0,0.0,,,2026-07-11T09:39:32.201591+00:00,COVERAGE_UNKNOWN,,,,,,0,1.0,COVERAGE_NOT_LOADED,,,,,,,,,,,,,,,,,,,,,,,,,,,,,,,,,,,,,,,,,,,,,,,,,,,,,NONE,,,,,,,,,,,,,,,,,,,,,,,,,,,,,,,,,,,,,,,,,,,,,,,,,,,,,,,,,,,,,,,,,,,,,,,,,,,,,,,,,,,,,,,,,,,,,,,,REJECT,99,hard_reject_noise_league
2026-07-11,2026-07-11T15:00:00+01:00,1783778400,Friendlies Clubs,667,2026,1554839,NS,Rubin,1083,Krylia Sovetov,1079,World,NS,Not Started,,,,,,,,,,,,0.0,0.0,0.0,0.0,0.0,0.0,0.0,0.0,0.0,0.0,,,2026-07-11T09:39:32.201909+00:00,COVERAGE_UNKNOWN,,,,,,0,1.0,COVERAGE_NOT_LOADED,,,,,,,,,,,,,,,,,,,,,,,,,,,,,,,,,,,,,,,,,,,,,,,,,,,,,NONE,,,,,,,,,,,,,,,,,,,,,,,,,,,,,,,,,,,,,,,,,,,,,,,,,,,,,,,,,,,,,,,,,,,,,,,,,,,,,,,,,,,,,,,,,,,,,,,,REJECT,99,hard_reject_noise_league
2026-07-11,2026-07-11T15:00:00+01:00,1783778400,Friendlies Clubs,667,2026,1584826,NS,Runcorn Linnets,7666,United of Manchester,7754,World,NS,Not Started,,,,,,,,,,,,0.0,0.0,0.0,0.0,0.0,0.0,0.0,0.0,0.0,0.0,,,2026-07-11T09:39:32.202120+00:00,COVERAGE_UNKNOWN,,,,,,0,1.0,COVERAGE_NOT_LOADED,,,,,,,,,,,,,,,,,,,,,,,,,,,,,,,,,,,,,,,,,,,,,,,,,,,,,NONE,,,,,,,,,,,,,,,,,,,,,,,,,,,,,,,,,,,,,,,,,,,,,,,,,,,,,,,,,,,,,,,,,,,,,,,,,,,,,,,,,,,,,,,,,,,,,,,,REJECT,99,hard_reject_noise_league
2026-07-11,2026-07-11T10:00:00+01:00,1783760400,Friendlies Clubs,667,2026,1567587,NS,SC Kriens,2186,Schötz,12708,World,NS,Not Started,,,,,,,,,,,,0.0,0.0,0.0,0.0,0.0,0.0,0.0,0.0,0.0,0.0,,,2026-07-11T09:39:32.200341+00:00,COVERAGE_UNKNOWN,,,,,,0,1.0,COVERAGE_NOT_LOADED,,,,,,,,,,,,,,,,,,,,,,,,,,,,,,,,,,,,,,,,,,,,,,,,,,,,,NONE,,,,,,,,,,,,,,,,,,,,,,,,,,,,,,,,,,,,,,,,,,,,,,,,,,,,,,,,,,,,,,,,,,,,,,,,,,,,,,,,,,,,,,,,,,,,,,,,REJECT,99,hard_reject_noise_league
2026-07-11,2026-07-11T10:00:00+01:00,1783760400,Friendlies Clubs,667,2026,1567598,NS,SC Kriens,2186,YF Juventus,6652,World,NS,Not Started,,,,,,,,,,,,0.0,0.0,0.0,0.0,0.0,0.0,0.0,0.0,0.0,0.0,,,2026-07-11T09:39:32.200351+00:00,COVERAGE_UNKNOWN,,,,,,0,1.0,COVERAGE_NOT_LOADED,,,,,,,,,,,,,,,,,,,,,,,,,,,,,,,,,,,,,,,,,,,,,,,,,,,,,NONE,,,,,,,,,,,,,,,,,,,,,,,,,,,,,,,,,,,,,,,,,,,,,,,,,,,,,,,,,,,,,,,,,,,,,,,,,,,,,,,,,,,,,,,,,,,,,,,,REJECT,99,hard_reject_noise_league
2026-07-11,2026-07-11T13:00:00+01:00,1783771200,Friendlies Clubs,667,2026,1554861,NS,SGV Freiberg,12846,Hoffenheim II,9364,World,NS,Not Started,,,,,,,,,,,,0.0,0.0,0.0,0.0,0.0,0.0,0.0,0.0,0.0,0.0,,,2026-07-11T09:39:32.201052+00:00,COVERAGE_UNKNOWN,,,,,,0,1.0,COVERAGE_NOT_LOADED,,,,,,,,,,,,,,,,,,,,,,,,,,,,,,,,,,,,,,,,,,,,,,,,,,,,,NONE,,,,,,,,,,,,,,,,,,,,,,,,,,,,,,,,,,,,,,,,,,,,,,,,,,,,,,,,,,,,,,,,,,,,,,,,,,,,,,,,,,,,,,,,,,,,,,,,REJECT,99,hard_reject_noise_league
2026-07-11,2026-07-11T14:30:00+01:00,1783776600,Friendlies Clubs,667,2026,1546654,NS,SV Babelsberg 03,1622,FC St. Pauli,186,World,NS,Not Started,,,,,,,,,,,,0.0,0.0,0.0,0.0,0.0,0.0,0.0,0.0,0.0,0.0,,,2026-07-11T09:39:32.201622+00:00,COVERAGE_UNKNOWN,,,,,,0,1.0,COVERAGE_NOT_LOADED,,,,,,,,,,,,,,,,,,,,,,,,,,,,,,,,,,,,,,,,,,,,,,,,,,,,,NONE,,,,,,,,,,,,,,,,,,,,,,,,,,,,,,,,,,,,,,,,,,,,,,,,,,,,,,,,,,,,,,,,,,,,,,,,,,,,,,,,,,,,,,,,,,,,,,,,REJECT,99,hard_reject_noise_league
2026-07-11,2026-07-11T13:00:00+01:00,1783771200,Friendlies Clubs,667,2026,1554859,NS,SV Drochtersen/Assel,1623,Victoria Hamburg,12890,World,NS,Not Started,,,,,,,,,,,,0.0,0.0,0.0,0.0,0.0,0.0,0.0,0.0,0.0,0.0,,,2026-07-11T09:39:32.201047+00:00,COVERAGE_UNKNOWN,,,,,,0,1.0,COVERAGE_NOT_LOADED,,,,,,,,,,,,,,,,,,,,,,,,,,,,,,,,,,,,,,,,,,,,,,,,,,,,,NONE,,,,,,,,,,,,,,,,,,,,,,,,,,,,,,,,,,,,,,,,,,,,,,,,,,,,,,,,,,,,,,,,,,,,,,,,,,,,,,,,,,,,,,,,,,,,,,,,REJECT,99,hard_reject_noise_league
2026-07-11,2026-07-11T13:00:00+01:00,1783771200,Friendlies Clubs,667,2026,1560570,NS,SV Eichede,1646,Eintracht Norderstedt,1631,World,NS,Not Started,,,,,,,,,,,,0.0,0.0,0.0,0.0,0.0,0.0,0.0,0.0,0.0,0.0,,,2026-07-11T09:39:32.201109+00:00,COVERAGE_UNKNOWN,,,,,,0,1.0,COVERAGE_NOT_LOADED,,,,,,,,,,,,,,,,,,,,,,,,,,,,,,,,,,,,,,,,,,,,,,,,,,,,,NONE,,,,,,,,,,,,,,,,,,,,,,,,,,,,,,,,,,,,,,,,,,,,,,,,,,,,,,,,,,,,,,,,,,,,,,,,,,,,,,,,,,,,,,,,,,,,,,,,REJECT,99,hard_reject_noise_league
2026-07-11,2026-07-11T17:00:00+01:00,1783785600,Friendlies Clubs,667,2026,1583290,NS,Saint Etienne,1063,Biel-Bienne,12700,World,NS,Not Started,,,,,,,,,,,,0.0,0.0,0.0,0.0,0.0,0.0,0.0,0.0,0.0,0.0,,,2026-07-11T09:39:32.202639+00:00,COVERAGE_UNKNOWN,,,,,,0,1.0,COVERAGE_NOT_LOADED,,,,,,,,,,,,,,,,,,,,,,,,,,,,,,,,,,,,,,,,,,,,,,,,,,,,,NONE,,,,,,,,,,,,,,,,,,,,,,,,,,,,,,,,,,,,,,,,,,,,,,,,,,,,,,,,,,,,,,,,,,,,,,,,,,,,,,,,,,,,,,,,,,,,,,,,REJECT,99,hard_reject_noise_league
2026-07-11,2026-07-11T14:00:00+01:00,1783774800,Friendlies Clubs,667,2026,1546652,NS,Salisbury,7744,Bristol Rovers,1334,World,NS,Not Started,,,,,,,,,,,,0.0,0.0,0.0,0.0,0.0,0.0,0.0,0.0,0.0,0.0,,,2026-07-11T09:39:32.201435+00:00,COVERAGE_UNKNOWN,,,,,,0,1.0,COVERAGE_NOT_LOADED,,,,,,,,,,,,,,,,,,,,,,,,,,,,,,,,,,,,,,,,,,,,,,,,,,,,,NONE,,,,,,,,,,,,,,,,,,,,,,,,,,,,,,,,,,,,,,,,,,,,,,,,,,,,,,,,,,,,,,,,,,,,,,,,,,,,,,,,,,,,,,,,,,,,,,,,REJECT,99,hard_reject_noise_league
2026-07-11,2026-07-11T10:00:00+01:00,1783760400,Friendlies Clubs,667,2026,1567602,NS,Sandecja Nowy Sącz,3492,Nieciecza,3487,World,NS,Not Started,,,,,,,,,,,,0.0,0.0,0.0,0.0,0.0,0.0,0.0,0.0,0.0,0.0,,,2026-07-11T09:39:32.200363+00:00,COVERAGE_UNKNOWN,,,,,,0,1.0,COVERAGE_NOT_LOADED,,,,,,,,,,,,,,,,,,,,,,,,,,,,,,,,,,,,,,,,,,,,,,,,,,,,,NONE,,,,,,,,,,,,,,,,,,,,,,,,,,,,,,,,,,,,,,,,,,,,,,,,,,,,,,,,,,,,,,,,,,,,,,,,,,,,,,,,,,,,,,,,,,,,,,,,REJECT,99,hard_reject_noise_league
2026-07-11,2026-07-11T14:30:00+01:00,1783776600,Friendlies Clubs,667,2026,1584815,NS,Sardarapat,26198,Syunik,20087,World,NS,Not Started,,,,,,,,,,,,0.0,0.0,0.0,0.0,0.0,0.0,0.0,0.0,0.0,0.0,,,2026-07-11T09:39:32.201643+00:00,COVERAGE_UNKNOWN,,,,,,0,1.0,COVERAGE_NOT_LOADED,,,,,,,,,,,,,,,,,,,,,,,,,,,,,,,,,,,,,,,,,,,,,,,,,,,,,NONE,,,,,,,,,,,,,,,,,,,,,,,,,,,,,,,,,,,,,,,,,,,,,,,,,,,,,,,,,,,,,,,,,,,,,,,,,,,,,,,,,,,,,,,,,,,,,,,,REJECT,99,hard_reject_noise_league
2026-07-11,2026-07-11T17:00:00+01:00,1783785600,Friendlies Clubs,667,2026,1560596,NS,Schwarz-Weiß Bregenz,8259,Hohenems,4945,World,NS,Not Started,,,,,,,,,,,,0.0,0.0,0.0,0.0,0.0,0.0,0.0,0.0,0.0,0.0,,,2026-07-11T09:39:32.202618+00:00,COVERAGE_UNKNOWN,,,,,,0,1.0,COVERAGE_NOT_LOADED,,,,,,,,,,,,,,,,,,,,,,,,,,,,,,,,,,,,,,,,,,,,,,,,,,,,,NONE,,,,,,,,,,,,,,,,,,,,,,,,,,,,,,,,,,,,,,,,,,,,,,,,,,,,,,,,,,,,,,,,,,,,,,,,,,,,,,,,,,,,,,,,,,,,,,,,REJECT,99,hard_reject_noise_league
2026-07-11,2026-07-11T14:00:00+01:00,1783774800,Friendlies Clubs,667,2026,1550558,NS,Schöningen,19475,VfL Wolfsburg,161,World,NS,Not Started,,,,,,,,,,,,0.0,0.0,0.0,0.0,0.0,0.0,0.0,0.0,0.0,0.0,,,2026-07-11T09:39:32.201503+00:00,COVERAGE_UNKNOWN,,,,,,0,1.0,COVERAGE_NOT_LOADED,,,,,,,,,,,,,,,,,,,,,,,,,,,,,,,,,,,,,,,,,,,,,,,,,,,,,NONE,,,,,,,,,,,,,,,,,,,,,,,,,,,,,,,,,,,,,,,,,,,,,,,,,,,,,,,,,,,,,,,,,,,,,,,,,,,,,,,,,,,,,,,,,,,,,,,,REJECT,99,hard_reject_noise_league
2026-07-11,2026-07-11T10:00:00+01:00,1783760400,Friendlies Clubs,667,2026,1554842,NS,Servette FC,2184,Étoile Carouge,6654,World,NS,Not Started,,,,,,,,,,,,0.0,0.0,0.0,0.0,0.0,0.0,0.0,0.0,0.0,0.0,,,2026-07-11T09:39:32.200269+00:00,COVERAGE_UNKNOWN,,,,,,0,1.0,COVERAGE_NOT_LOADED,,,,,,,,,,,,,,,,,,,,,,,,,,,,,,,,,,,,,,,,,,,,,,,,,,,,,NONE,,,,,,,,,,,,,,,,,,,,,,,,,,,,,,,,,,,,,,,,,,,,,,,,,,,,,,,,,,,,,,,,,,,,,,,,,,,,,,,,,,,,,,,,,,,,,,,,REJECT,99,hard_reject_noise_league
2026-07-11,2026-07-11T20:00:00+01:00,1783796400,Friendlies Clubs,667,2026,1562912,NS,Sevilla,536,Juventud Torremolinos,15359,World,NS,Not Started,,,,,,,,,,,,0.0,0.0,0.0,0.0,0.0,0.0,0.0,0.0,0.0,0.0,,,2026-07-11T09:39:32.203010+00:00,COVERAGE_UNKNOWN,,,,,,0,1.0,COVERAGE_NOT_LOADED,,,,,,,,,,,,,,,,,,,,,,,,,,,,,,,,,,,,,,,,,,,,,,,,,,,,,NONE,,,,,,,,,,,,,,,,,,,,,,,,,,,,,,,,,,,,,,,,,,,,,,,,,,,,,,,,,,,,,,,,,,,,,,,,,,,,,,,,,,,,,,,,,,,,,,,,REJECT,99,hard_reject_noise_league
2026-07-11,2026-07-11T13:00:00+01:00,1783771200,Friendlies Clubs,667,2026,1554878,NS,Sheffield Wednesday,74,West Brom,60,World,NS,Not Started,,,,,,,,,,,,0.0,0.0,0.0,0.0,0.0,0.0,0.0,0.0,0.0,0.0,,,2026-07-11T09:39:32.201088+00:00,COVERAGE_UNKNOWN,,,,,,0,1.0,COVERAGE_NOT_LOADED,,,,,,,,,,,,,,,,,,,,,,,,,,,,,,,,,,,,,,,,,,,,,,,,,,,,,NONE,,,,,,,,,,,,,,,,,,,,,,,,,,,,,,,,,,,,,,,,,,,,,,,,,,,,,,,,,,,,,,,,,,,,,,,,,,,,,,,,,,,,,,,,,,,,,,,,REJECT,99,hard_reject_noise_league
2026-07-11,2026-07-11T15:00:00+01:00,1783778400,Friendlies Clubs,667,2026,1554906,NS,Sholing,7668,Woking,1836,World,NS,Not Started,,,,,,,,,,,,0.0,0.0,0.0,0.0,0.0,0.0,0.0,0.0,0.0,0.0,,,2026-07-11T09:39:32.201987+00:00,COVERAGE_UNKNOWN,,,,,,0,1.0,COVERAGE_NOT_LOADED,,,,,,,,,,,,,,,,,,,,,,,,,,,,,,,,,,,,,,,,,,,,,,,,,,,,,NONE,,,,,,,,,,,,,,,,,,,,,,,,,,,,,,,,,,,,,,,,,,,,,,,,,,,,,,,,,,,,,,,,,,,,,,,,,,,,,,,,,,,,,,,,,,,,,,,,REJECT,99,hard_reject_noise_league
2026-07-11,2026-07-11T11:00:00+01:00,1783764000,Friendlies Clubs,667,2026,1584798,NS,Silkeborg,2073,Thisted FC,2069,World,NS,Not Started,,,,,,,,,,,,0.0,0.0,0.0,0.0,0.0,0.0,0.0,0.0,0.0,0.0,,,2026-07-11T09:39:32.200602+00:00,COVERAGE_UNKNOWN,,,,,,0,1.0,COVERAGE_NOT_LOADED,,,,,,,,,,,,,,,,,,,,,,,,,,,,,,,,,,,,,,,,,,,,,,,,,,,,,NONE,,,,,,,,,,,,,,,,,,,,,,,,,,,,,,,,,,,,,,,,,,,,,,,,,,,,,,,,,,,,,,,,,,,,,,,,,,,,,,,,,,,,,,,,,,,,,,,,REJECT,99,hard_reject_noise_league
2026-07-11,2026-07-11T17:00:00+01:00,1783785600,Friendlies Clubs,667,2026,1547942,NS,Slask Wroclaw,337,Odra Opole,3488,World,NS,Not Started,,,,,,,,,,,,0.0,0.0,0.0,0.0,0.0,0.0,0.0,0.0,0.0,0.0,,,2026-07-11T09:39:32.202419+00:00,COVERAGE_UNKNOWN,,,,,,0,1.0,COVERAGE_NOT_LOADED,,,,,,,,,,,,,,,,,,,,,,,,,,,,,,,,,,,,,,,,,,,,,,,,,,,,,NONE,,,,,,,,,,,,,,,,,,,,,,,,,,,,,,,,,,,,,,,,,,,,,,,,,,,,,,,,,,,,,,,,,,,,,,,,,,,,,,,,,,,,,,,,,,,,,,,,REJECT,99,hard_reject_noise_league
2026-07-11,2026-07-11T16:00:00+01:00,1783782000,Friendlies Clubs,667,2026,1554914,NS,Slavia Praha,560,Slovan Bratislava,656,World,NS,Not Started,,,,,,,,,,,,0.0,0.0,0.0,0.0,0.0,0.0,0.0,0.0,0.0,0.0,,,2026-07-11T09:39:32.202242+00:00,COVERAGE_UNKNOWN,,,,,,0,1.0,COVERAGE_NOT_LOADED,,,,,,,,,,,,,,,,,,,,,,,,,,,,,,,,,,,,,,,,,,,,,,,,,,,,,NONE,,,,,,,,,,,,,,,,,,,,,,,,,,,,,,,,,,,,,,,,,,,,,,,,,,,,,,,,,,,,,,,,,,,,,,,,,,,,,,,,,,,,,,,,,,,,,,,,REJECT,99,hard_reject_noise_league
2026-07-11,2026-07-11T13:00:00+01:00,1783771200,Friendlies Clubs,667,2026,1560583,NS,Slavia Praha II,8618,Śląsk Wrocław II,12900,World,NS,Not Started,,,,,,,,,,,,0.0,0.0,0.0,0.0,0.0,0.0,0.0,0.0,0.0,0.0,,,2026-07-11T09:39:32.201135+00:00,COVERAGE_UNKNOWN,,,,,,0,1.0,COVERAGE_NOT_LOADED,,,,,,,,,,,,,,,,,,,,,,,,,,,,,,,,,,,,,,,,,,,,,,,,,,,,,NONE,,,,,,,,,,,,,,,,,,,,,,,,,,,,,,,,,,,,,,,,,,,,,,,,,,,,,,,,,,,,,,,,,,,,,,,,,,,,,,,,,,,,,,,,,,,,,,,,REJECT,99,hard_reject_noise_league
2026-07-11,2026-07-11T16:30:00+01:00,1783783800,Friendlies Clubs,667,2026,1562908,NS,Slavia Sofia,854,Montana,1424,World,NS,Not Started,,,,,,,,,,,,0.0,0.0,0.0,0.0,0.0,0.0,0.0,0.0,0.0,0.0,,,2026-07-11T09:39:32.202330+00:00,COVERAGE_UNKNOWN,,,,,,0,1.0,COVERAGE_NOT_LOADED,,,,,,,,,,,,,,,,,,,,,,,,,,,,,,,,,,,,,,,,,,,,,,,,,,,,,NONE,,,,,,,,,,,,,,,,,,,,,,,,,,,,,,,,,,,,,,,,,,,,,,,,,,,,,,,,,,,,,,,,,,,,,,,,,,,,,,,,,,,,,,,,,,,,,,,,REJECT,99,hard_reject_noise_league
2026-07-11,2026-07-11T14:00:00+01:00,1783774800,Friendlies Clubs,667,2026,1547953,NS,Sparta Praha,628,Gamba Osaka,293,World,NS,Not Started,,,,,,,,,,,,0.0,0.0,0.0,0.0,0.0,0.0,0.0,0.0,0.0,0.0,,,2026-07-11T09:39:32.201476+00:00,COVERAGE_UNKNOWN,,,,,,0,1.0,COVERAGE_NOT_LOADED,,,,,,,,,,,,,,,,,,,,,,,,,,,,,,,,,,,,,,,,,,,,,,,,,,,,,NONE,,,,,,,,,,,,,,,,,,,,,,,,,,,,,,,,,,,,,,,,,,,,,,,,,,,,,,,,,,,,,,,,,,,,,,,,,,,,,,,,,,,,,,,,,,,,,,,,REJECT,99,hard_reject_noise_league
2026-07-11,2026-07-11T13:00:00+01:00,1783771200,Friendlies Clubs,667,2026,1548821,NS,Sparta Rotterdam,426,Telstar,427,World,NS,Not Started,,,,,,,,,,,,0.0,0.0,0.0,0.0,0.0,0.0,0.0,0.0,0.0,0.0,,,2026-07-11T09:39:32.201015+00:00,COVERAGE_UNKNOWN,,,,,,0,1.0,COVERAGE_NOT_LOADED,,,,,,,,,,,,,,,,,,,,,,,,,,,,,,,,,,,,,,,,,,,,,,,,,,,,,NONE,,,,,,,,,,,,,,,,,,,,,,,,,,,,,,,,,,,,,,,,,,,,,,,,,,,,,,,,,,,,,,,,,,,,,,,,,,,,,,,,,,,,,,,,,,,,,,,,REJECT,99,hard_reject_noise_league
2026-07-11,2026-07-11T16:00:00+01:00,1783782000,Friendlies Clubs,667,2026,1560584,NS,Spartak Pleven,1418,Lokomotiv G. Oryahovitsa,1420,World,NS,Not Started,,,,,,,,,,,,0.0,0.0,0.0,0.0,0.0,0.0,0.0,0.0,0.0,0.0,,,2026-07-11T09:39:32.202267+00:00,COVERAGE_UNKNOWN,,,,,,0,1.0,COVERAGE_NOT_LOADED,,,,,,,,,,,,,,,,,,,,,,,,,,,,,,,,,,,,,,,,,,,,,,,,,,,,,NONE,,,,,,,,,,,,,,,,,,,,,,,,,,,,,,,,,,,,,,,,,,,,,,,,,,,,,,,,,,,,,,,,,,,,,,,,,,,,,,,,,,,,,,,,,,,,,,,,REJECT,99,hard_reject_noise_league
2026-07-11,2026-07-11T17:00:00+01:00,1783785600,Friendlies Clubs,667,2026,1554881,NS,Spartak Varna,4660,Dobrudzha,1427,World,NS,Not Started,,,,,,,,,,,,0.0,0.0,0.0,0.0,0.0,0.0,0.0,0.0,0.0,0.0,,,2026-07-11T09:39:32.202597+00:00,COVERAGE_UNKNOWN,,,,,,0,1.0,COVERAGE_NOT_LOADED,,,,,,,,,,,,,,,,,,,,,,,,,,,,,,,,,,,,,,,,,,,,,,,,,,,,,NONE,,,,,,,,,,,,,,,,,,,,,,,,,,,,,,,,,,,,,,,,,,,,,,,,,,,,,,,,,,,,,,,,,,,,,,,,,,,,,,,,,,,,,,,,,,,,,,,,REJECT,99,hard_reject_noise_league
2026-07-11,2026-07-11T16:00:00+01:00,1783782000,Friendlies Clubs,667,2026,1548822,NS,Sportfreunde Schwaig,20870,SpVgg Unterhaching,1314,World,NS,Not Started,,,,,,,,,,,,0.0,0.0,0.0,0.0,0.0,0.0,0.0,0.0,0.0,0.0,,,2026-07-11T09:39:32.202199+00:00,COVERAGE_UNKNOWN,,,,,,0,1.0,COVERAGE_NOT_LOADED,,,,,,,,,,,,,,,,,,,,,,,,,,,,,,,,,,,,,,,,,,,,,,,,,,,,,NONE,,,,,,,,,,,,,,,,,,,,,,,,,,,,,,,,,,,,,,,,,,,,,,,,,,,,,,,,,,,,,,,,,,,,,,,,,,,,,,,,,,,,,,,,,,,,,,,,REJECT,99,hard_reject_noise_league
2026-07-11,2026-07-11T14:00:00+01:00,1783774800,Friendlies Clubs,667,2026,1547946,NS,Sportfreunde Siegen,13935,TuS Koblenz,1648,World,NS,Not Started,,,,,,,,,,,,0.0,0.0,0.0,0.0,0.0,0.0,0.0,0.0,0.0,0.0,,,2026-07-11T09:39:32.201471+00:00,COVERAGE_UNKNOWN,,,,,,0,1.0,COVERAGE_NOT_LOADED,,,,,,,,,,,,,,,,,,,,,,,,,,,,,,,,,,,,,,,,,,,,,,,,,,,,,NONE,,,,,,,,,,,,,,,,,,,,,,,,,,,,,,,,,,,,,,,,,,,,,,,,,,,,,,,,,,,,,,,,,,,,,,,,,,,,,,,,,,,,,,,,,,,,,,,,REJECT,99,hard_reject_noise_league
2026-07-11,2026-07-11T13:00:00+01:00,1783771200,Friendlies Clubs,667,2026,1548814,NS,Sporting Hasselt,5931,KV Mechelen,266,World,NS,Not Started,,,,,,,,,,,,0.0,0.0,0.0,0.0,0.0,0.0,0.0,0.0,0.0,0.0,,,2026-07-11T09:39:32.201010+00:00,COVERAGE_UNKNOWN,,,,,,0,1.0,COVERAGE_NOT_LOADED,,,,,,,,,,,,,,,,,,,,,,,,,,,,,,,,,,,,,,,,,,,,,,,,,,,,,NONE,,,,,,,,,,,,,,,,,,,,,,,,,,,,,,,,,,,,,,,,,,,,,,,,,,,,,,,,,,,,,,,,,,,,,,,,,,,,,,,,,,,,,,,,,,,,,,,,REJECT,99,hard_reject_noise_league
2026-07-11,2026-07-11T13:00:00+01:00,1783771200,Friendlies Clubs,667,2026,1567604,NS,Sportist Svoge,8550,Vihren,5025,World,NS,Not Started,,,,,,,,,,,,0.0,0.0,0.0,0.0,0.0,0.0,0.0,0.0,0.0,0.0,,,2026-07-11T09:39:32.201187+00:00,COVERAGE_UNKNOWN,,,,,,0,1.0,COVERAGE_NOT_LOADED,,,,,,,,,,,,,,,,,,,,,,,,,,,,,,,,,,,,,,,,,,,,,,,,,,,,,NONE,,,,,,,,,,,,,,,,,,,,,,,,,,,,,,,,,,,,,,,,,,,,,,,,,,,,,,,,,,,,,,,,,,,,,,,,,,,,,,,,,,,,,,,,,,,,,,,,REJECT,99,hard_reject_noise_league
2026-07-11,2026-07-11T10:00:00+01:00,1783760400,Friendlies Clubs,667,2026,1583279,NS,Stal Stalowa Wola,6958,Avia Świdnik,16264,World,NS,Not Started,,,,,,,,,,,,0.0,0.0,0.0,0.0,0.0,0.0,0.0,0.0,0.0,0.0,,,2026-07-11T09:39:32.200399+00:00,COVERAGE_UNKNOWN,,,,,,0,1.0,COVERAGE_NOT_LOADED,,,,,,,,,,,,,,,,,,,,,,,,,,,,,,,,,,,,,,,,,,,,,,,,,,,,,NONE,,,,,,,,,,,,,,,,,,,,,,,,,,,,,,,,,,,,,,,,,,,,,,,,,,,,,,,,,,,,,,,,,,,,,,,,,,,,,,,,,,,,,,,,,,,,,,,,REJECT,99,hard_reject_noise_league
2026-07-11,2026-07-11T15:00:00+01:00,1783778400,Friendlies Clubs,667,2026,1560594,NS,Standard Liege,733,Francs Borains,5805,World,NS,Not Started,,,,,,,,,,,,0.0,0.0,0.0,0.0,0.0,0.0,0.0,0.0,0.0,0.0,,,2026-07-11T09:39:32.202013+00:00,COVERAGE_UNKNOWN,,,,,,0,1.0,COVERAGE_NOT_LOADED,,,,,,,,,,,,,,,,,,,,,,,,,,,,,,,,,,,,,,,,,,,,,,,,,,,,,NONE,,,,,,,,,,,,,,,,,,,,,,,,,,,,,,,,,,,,,,,,,,,,,,,,,,,,,,,,,,,,,,,,,,,,,,,,,,,,,,,,,,,,,,,,,,,,,,,,REJECT,99,hard_reject_noise_league
2026-07-11,2026-07-11T16:00:00+01:00,1783782000,Friendlies Clubs,667,2026,1554915,NS,Sturm Graz,637,Sanfrecce Hiroshima,282,World,NS,Not Started,,,,,,,,,,,,0.0,0.0,0.0,0.0,0.0,0.0,0.0,0.0,0.0,0.0,,,2026-07-11T09:39:32.202247+00:00,COVERAGE_UNKNOWN,,,,,,0,1.0,COVERAGE_NOT_LOADED,,,,,,,,,,,,,,,,,,,,,,,,,,,,,,,,,,,,,,,,,,,,,,,,,,,,,NONE,,,,,,,,,,,,,,,,,,,,,,,,,,,,,,,,,,,,,,,,,,,,,,,,,,,,,,,,,,,,,,,,,,,,,,,,,,,,,,,,,,,,,,,,,,,,,,,,REJECT,99,hard_reject_noise_league
2026-07-11,2026-07-11T13:00:00+01:00,1783771200,Friendlies Clubs,667,2026,1554882,NS,TSV Steinbach,1656,Fortuna Köln,1326,World,NS,Not Started,,,,,,,,,,,,0.0,0.0,0.0,0.0,0.0,0.0,0.0,0.0,0.0,0.0,,,2026-07-11T09:39:32.201094+00:00,COVERAGE_UNKNOWN,,,,,,0,1.0,COVERAGE_NOT_LOADED,,,,,,,,,,,,,,,,,,,,,,,,,,,,,,,,,,,,,,,,,,,,,,,,,,,,,NONE,,,,,,,,,,,,,,,,,,,,,,,,,,,,,,,,,,,,,,,,,,,,,,,,,,,,,,,,,,,,,,,,,,,,,,,,,,,,,,,,,,,,,,,,,,,,,,,,REJECT,99,hard_reject_noise_league
2026-07-11,2026-07-11T15:00:00+01:00,1783778400,Friendlies Clubs,667,2026,1583287,NS,Tamworth,7752,Walton & Hersham,8986,World,NS,Not Started,,,,,,,,,,,,0.0,0.0,0.0,0.0,0.0,0.0,0.0,0.0,0.0,0.0,,,2026-07-11T09:39:32.202060+00:00,COVERAGE_UNKNOWN,,,,,,0,1.0,COVERAGE_NOT_LOADED,,,,,,,,,,,,,,,,,,,,,,,,,,,,,,,,,,,,,,,,,,,,,,,,,,,,,NONE,,,,,,,,,,,,,,,,,,,,,,,,,,,,,,,,,,,,,,,,,,,,,,,,,,,,,,,,,,,,,,,,,,,,,,,,,,,,,,,,,,,,,,,,,,,,,,,,REJECT,99,hard_reject_noise_league
2026-07-11,2026-07-11T15:00:00+01:00,1783778400,Friendlies Clubs,667,2026,1584827,NS,Tonbridge Angels,8662,Biggleswade,7618,World,NS,Not Started,,,,,,,,,,,,0.0,0.0,0.0,0.0,0.0,0.0,0.0,0.0,0.0,0.0,,,2026-07-11T09:39:32.202124+00:00,COVERAGE_UNKNOWN,,,,,,0,1.0,COVERAGE_NOT_LOADED,,,,,,,,,,,,,,,,,,,,,,,,,,,,,,,,,,,,,,,,,,,,,,,,,,,,,NONE,,,,,,,,,,,,,,,,,,,,,,,,,,,,,,,,,,,,,,,,,,,,,,,,,,,,,,,,,,,,,,,,,,,,,,,,,,,,,,,,,,,,,,,,,,,,,,,,REJECT,99,hard_reject_noise_league
2026-07-11,2026-07-11T15:00:00+01:00,1783778400,Friendlies Clubs,667,2026,1584828,NS,Tranent Juniors,15602,Auchinleck Talbot,6728,World,NS,Not Started,,,,,,,,,,,,0.0,0.0,0.0,0.0,0.0,0.0,0.0,0.0,0.0,0.0,,,2026-07-11T09:39:32.202130+00:00,COVERAGE_UNKNOWN,,,,,,0,1.0,COVERAGE_NOT_LOADED,,,,,,,,,,,,,,,,,,,,,,,,,,,,,,,,,,,,,,,,,,,,,,,,,,,,,NONE,,,,,,,,,,,,,,,,,,,,,,,,,,,,,,,,,,,,,,,,,,,,,,,,,,,,,,,,,,,,,,,,,,,,,,,,,,,,,,,,,,,,,,,,,,,,,,,,REJECT,99,hard_reject_noise_league
2026-07-11,2026-07-11T09:00:00+01:00,1783756800,Friendlies Clubs,667,2026,1554883,NS,Tychy 71,3495,Sigma Olomouc II,8622,World,NS,Not Started,,,,,,,,,,,,0.0,0.0,0.0,0.0,0.0,0.0,0.0,0.0,0.0,0.0,,,2026-07-11T09:39:32.200007+00:00,COVERAGE_UNKNOWN,,,,,,0,1.0,COVERAGE_NOT_LOADED,,,,,,,,,,,,,,,,,,,,,,,,,,,,,,,,,,,,,,,,,,,,,,,,,,,,,NONE,,,,,,,,,,,,,,,,,,,,,,,,,,,,,,,,,,,,,,,,,,,,,,,,,,,,,,,,,,,,,,,,,,,,,,,,,,,,,,,,,,,,,,,,,,,,,,,,REJECT,99,hard_reject_noise_league
2026-07-11,2026-07-11T12:00:00+01:00,1783767600,Friendlies Clubs,667,2026,1554850,NS,Union Klosterfelde,22912,Luckenwalde,12809,World,NS,Not Started,,,,,,,,,,,,0.0,0.0,0.0,0.0,0.0,0.0,0.0,0.0,0.0,0.0,,,2026-07-11T09:39:32.200743+00:00,COVERAGE_UNKNOWN,,,,,,0,1.0,COVERAGE_NOT_LOADED,,,,,,,,,,,,,,,,,,,,,,,,,,,,,,,,,,,,,,,,,,,,,,,,,,,,,NONE,,,,,,,,,,,,,,,,,,,,,,,,,,,,,,,,,,,,,,,,,,,,,,,,,,,,,,,,,,,,,,,,,,,,,,,,,,,,,,,,,,,,,,,,,,,,,,,,REJECT,99,hard_reject_noise_league
2026-07-11,2026-07-11T13:00:00+01:00,1783771200,Friendlies Clubs,667,2026,1554877,NS,Union St. Gilloise,1393,Aarhus,406,World,NS,Not Started,,,,,,,,,,,,0.0,0.0,0.0,0.0,0.0,0.0,0.0,0.0,0.0,0.0,,,2026-07-11T09:39:32.201083+00:00,COVERAGE_UNKNOWN,,,,,,0,1.0,COVERAGE_NOT_LOADED,,,,,,,,,,,,,,,,,,,,,,,,,,,,,,,,,,,,,,,,,,,,,,,,,,,,,NONE,,,,,,,,,,,,,,,,,,,,,,,,,,,,,,,,,,,,,,,,,,,,,,,,,,,,,,,,,,,,,,,,,,,,,,,,,,,,,,,,,,,,,,,,,,,,,,,,REJECT,99,hard_reject_noise_league
2026-07-11,2026-07-11T21:30:00+01:00,1783801800,Friendlies Clubs,667,2026,1567612,NS,Universitario,2540,Millonarios,1125,World,NS,Not Started,,,,,,,,,,,,0.0,0.0,0.0,0.0,0.0,0.0,0.0,0.0,0.0,0.0,,,2026-07-11T09:39:32.203094+00:00,COVERAGE_UNKNOWN,,,,,,0,1.0,COVERAGE_NOT_LOADED,,,,,,,,,,,,,,,,,,,,,,,,,,,,,,,,,,,,,,,,,,,,,,,,,,,,,NONE,,,,,,,,,,,,,,,,,,,,,,,,,,,,,,,,,,,,,,,,,,,,,,,,,,,,,,,,,,,,,,,,,,,,,,,,,,,,,,,,,,,,,,,,,,,,,,,,REJECT,99,hard_reject_noise_league
2026-07-11,2026-07-11T11:00:00+01:00,1783764000,Friendlies Clubs,667,2026,1583255,NS,Uzwil,16375,Dietikon,12712,World,NS,Not Started,,,,,,,,,,,,0.0,0.0,0.0,0.0,0.0,0.0,0.0,0.0,0.0,0.0,,,2026-07-11T09:39:32.200582+00:00,COVERAGE_UNKNOWN,,,,,,0,1.0,COVERAGE_NOT_LOADED,,,,,,,,,,,,,,,,,,,,,,,,,,,,,,,,,,,,,,,,,,,,,,,,,,,,,NONE,,,,,,,,,,,,,,,,,,,,,,,,,,,,,,,,,,,,,,,,,,,,,,,,,,,,,,,,,,,,,,,,,,,,,,,,,,,,,,,,,,,,,,,,,,,,,,,,REJECT,99,hard_reject_noise_league
2026-07-11,2026-07-11T14:00:00+01:00,1783774800,Friendlies Clubs,667,2026,1567606,NS,Vanløse,6065,Nykobing FC,2064,World,NS,Not Started,,,,,,,,,,,,0.0,0.0,0.0,0.0,0.0,0.0,0.0,0.0,0.0,0.0,,,2026-07-11T09:39:32.201534+00:00,COVERAGE_UNKNOWN,,,,,,0,1.0,COVERAGE_NOT_LOADED,,,,,,,,,,,,,,,,,,,,,,,,,,,,,,,,,,,,,,,,,,,,,,,,,,,,,NONE,,,,,,,,,,,,,,,,,,,,,,,,,,,,,,,,,,,,,,,,,,,,,,,,,,,,,,,,,,,,,,,,,,,,,,,,,,,,,,,,,,,,,,,,,,,,,,,,REJECT,99,hard_reject_noise_league
2026-07-11,2026-07-11T12:00:00+01:00,1783767600,Friendlies Clubs,667,2026,1515513,NS,Varbergs BoIS FC,2171,Norrby IF,2173,World,NS,Not Started,,,,,,,,,,,,0.0,0.0,0.0,0.0,0.0,0.0,0.0,0.0,0.0,0.0,,,2026-07-11T09:39:32.200665+00:00,COVERAGE_UNKNOWN,,,,,,0,1.0,COVERAGE_NOT_LOADED,,,,,,,,,,,,,,,,,,,,,,,,,,,,,,,,,,,,,,,,,,,,,,,,,,,,,NONE,,,,,,,,,,,,,,,,,,,,,,,,,,,,,,,,,,,,,,,,,,,,,,,,,,,,,,,,,,,,,,,,,,,,,,,,,,,,,,,,,,,,,,,,,,,,,,,,REJECT,99,hard_reject_noise_league
2026-07-11,2026-07-11T12:30:00+01:00,1783769400,Friendlies Clubs,667,2026,1554884,NS,Vasas,675,Kecskeméti TE,5111,World,NS,Not Started,,,,,,,,,,,,0.0,0.0,0.0,0.0,0.0,0.0,0.0,0.0,0.0,0.0,,,2026-07-11T09:39:32.200893+00:00,COVERAGE_UNKNOWN,,,,,,0,1.0,COVERAGE_NOT_LOADED,,,,,,,,,,,,,,,,,,,,,,,,,,,,,,,,,,,,,,,,,,,,,,,,,,,,,NONE,,,,,,,,,,,,,,,,,,,,,,,,,,,,,,,,,,,,,,,,,,,,,,,,,,,,,,,,,,,,,,,,,,,,,,,,,,,,,,,,,,,,,,,,,,,,,,,,REJECT,99,hard_reject_noise_league
2026-07-11,2026-07-11T15:00:00+01:00,1783778400,Friendlies Clubs,667,2026,1554907,NS,Vauxhall Motors,8981,Chester,1820,World,NS,Not Started,,,,,,,,,,,,0.0,0.0,0.0,0.0,0.0,0.0,0.0,0.0,0.0,0.0,,,2026-07-11T09:39:32.201992+00:00,COVERAGE_UNKNOWN,,,,,,0,1.0,COVERAGE_NOT_LOADED,,,,,,,,,,,,,,,,,,,,,,,,,,,,,,,,,,,,,,,,,,,,,,,,,,,,,NONE,,,,,,,,,,,,,,,,,,,,,,,,,,,,,,,,,,,,,,,,,,,,,,,,,,,,,,,,,,,,,,,,,,,,,,,,,,,,,,,,,,,,,,,,,,,,,,,,REJECT,99,hard_reject_noise_league
2026-07-11,2026-07-11T12:00:00+01:00,1783767600,Friendlies Clubs,667,2026,1547938,NS,Vejle,395,Hillerød,6026,World,NS,Not Started,,,,,,,,,,,,0.0,0.0,0.0,0.0,0.0,0.0,0.0,0.0,0.0,0.0,,,2026-07-11T09:39:32.200711+00:00,COVERAGE_UNKNOWN,,,,,,0,1.0,COVERAGE_NOT_LOADED,,,,,,,,,,,,,,,,,,,,,,,,,,,,,,,,,,,,,,,,,,,,,,,,,,,,,NONE,,,,,,,,,,,,,,,,,,,,,,,,,,,,,,,,,,,,,,,,,,,,,,,,,,,,,,,,,,,,,,,,,,,,,,,,,,,,,,,,,,,,,,,,,,,,,,,,REJECT,99,hard_reject_noise_league
2026-07-11,2026-07-11T13:00:00+01:00,1783771200,Friendlies Clubs,667,2026,1548823,NS,VfB Oldenburg,9347,Wiedenbrück,12897,World,NS,Not Started,,,,,,,,,,,,0.0,0.0,0.0,0.0,0.0,0.0,0.0,0.0,0.0,0.0,,,2026-07-11T09:39:32.201021+00:00,COVERAGE_UNKNOWN,,,,,,0,1.0,COVERAGE_NOT_LOADED,,,,,,,,,,,,,,,,,,,,,,,,,,,,,,,,,,,,,,,,,,,,,,,,,,,,,NONE,,,,,,,,,,,,,,,,,,,,,,,,,,,,,,,,,,,,,,,,,,,,,,,,,,,,,,,,,,,,,,,,,,,,,,,,,,,,,,,,,,,,,,,,,,,,,,,,REJECT,99,hard_reject_noise_league
2026-07-11,2026-07-11T13:00:00+01:00,1783771200,Friendlies Clubs,667,2026,1584804,NS,VfL Bochum,176,Antwerp,740,World,NS,Not Started,,,,,,,,,,,,0.0,0.0,0.0,0.0,0.0,0.0,0.0,0.0,0.0,0.0,,,2026-07-11T09:39:32.201275+00:00,COVERAGE_UNKNOWN,,,,,,0,1.0,COVERAGE_NOT_LOADED,,,,,,,,,,,,,,,,,,,,,,,,,,,,,,,,,,,,,,,,,,,,,,,,,,,,,NONE,,,,,,,,,,,,,,,,,,,,,,,,,,,,,,,,,,,,,,,,,,,,,,,,,,,,,,,,,,,,,,,,,,,,,,,,,,,,,,,,,,,,,,,,,,,,,,,,REJECT,99,hard_reject_noise_league
2026-07-11,2026-07-11T12:00:00+01:00,1783767600,Friendlies Clubs,667,2026,1548809,NS,Viborg,2070,Notts County,1376,World,NS,Not Started,,,,,,,,,,,,0.0,0.0,0.0,0.0,0.0,0.0,0.0,0.0,0.0,0.0,,,2026-07-11T09:39:32.200716+00:00,COVERAGE_UNKNOWN,,,,,,0,1.0,COVERAGE_NOT_LOADED,,,,,,,,,,,,,,,,,,,,,,,,,,,,,,,,,,,,,,,,,,,,,,,,,,,,,NONE,,,,,,,,,,,,,,,,,,,,,,,,,,,,,,,,,,,,,,,,,,,,,,,,,,,,,,,,,,,,,,,,,,,,,,,,,,,,,,,,,,,,,,,,,,,,,,,,REJECT,99,hard_reject_noise_league
2026-07-11,2026-07-11T13:00:00+01:00,1783771200,Friendlies Clubs,667,2026,1560585,NS,Vilzing,12893,Gebenbach,19228,World,NS,Not Started,,,,,,,,,,,,0.0,0.0,0.0,0.0,0.0,0.0,0.0,0.0,0.0,0.0,,,2026-07-11T09:39:32.201140+00:00,COVERAGE_UNKNOWN,,,,,,0,1.0,COVERAGE_NOT_LOADED,,,,,,,,,,,,,,,,,,,,,,,,,,,,,,,,,,,,,,,,,,,,,,,,,,,,,NONE,,,,,,,,,,,,,,,,,,,,,,,,,,,,,,,,,,,,,,,,,,,,,,,,,,,,,,,,,,,,,,,,,,,,,,,,,,,,,,,,,,,,,,,,,,,,,,,,REJECT,99,hard_reject_noise_league
2026-07-11,2026-07-11T13:00:00+01:00,1783771200,Friendlies Clubs,667,2026,1554885,NS,Vitesse,200,Borussia Dortmund II,9367,World,NS,Not Started,,,,,,,,,,,,0.0,0.0,0.0,0.0,0.0,0.0,0.0,0.0,0.0,0.0,,,2026-07-11T09:39:32.201099+00:00,COVERAGE_UNKNOWN,,,,,,0,1.0,COVERAGE_NOT_LOADED,,,,,,,,,,,,,,,,,,,,,,,,,,,,,,,,,,,,,,,,,,,,,,,,,,,,,NONE,,,,,,,,,,,,,,,,,,,,,,,,,,,,,,,,,,,,,,,,,,,,,,,,,,,,,,,,,,,,,,,,,,,,,,,,,,,,,,,,,,,,,,,,,,,,,,,,REJECT,99,hard_reject_noise_league
2026-07-11,2026-07-11T10:30:00+01:00,1783762200,Friendlies Clubs,667,2026,1567605,NS,Vizela,810,Fafe,809,World,NS,Not Started,,,,,,,,,,,,0.0,0.0,0.0,0.0,0.0,0.0,0.0,0.0,0.0,0.0,,,2026-07-11T09:39:32.200451+00:00,COVERAGE_UNKNOWN,,,,,,0,1.0,COVERAGE_NOT_LOADED,,,,,,,,,,,,,,,,,,,,,,,,,,,,,,,,,,,,,,,,,,,,,,,,,,,,,NONE,,,,,,,,,,,,,,,,,,,,,,,,,,,,,,,,,,,,,,,,,,,,,,,,,,,,,,,,,,,,,,,,,,,,,,,,,,,,,,,,,,,,,,,,,,,,,,,,REJECT,99,hard_reject_noise_league
2026-07-11,2026-07-11T13:00:00+01:00,1783771200,Friendlies Clubs,667,2026,1583280,NS,Warta Gorzów,16263,Carina Gubin,17401,World,NS,Not Started,,,,,,,,,,,,0.0,0.0,0.0,0.0,0.0,0.0,0.0,0.0,0.0,0.0,,,2026-07-11T09:39:32.201259+00:00,COVERAGE_UNKNOWN,,,,,,0,1.0,COVERAGE_NOT_LOADED,,,,,,,,,,,,,,,,,,,,,,,,,,,,,,,,,,,,,,,,,,,,,,,,,,,,,NONE,,,,,,,,,,,,,,,,,,,,,,,,,,,,,,,,,,,,,,,,,,,,,,,,,,,,,,,,,,,,,,,,,,,,,,,,,,,,,,,,,,,,,,,,,,,,,,,,REJECT,99,hard_reject_noise_league
2026-07-11,2026-07-11T10:00:00+01:00,1783760400,Friendlies Clubs,667,2026,1584794,NS,Warta Sieradz,19619,Elana Toruń,6938,World,NS,Not Started,,,,,,,,,,,,0.0,0.0,0.0,0.0,0.0,0.0,0.0,0.0,0.0,0.0,,,2026-07-11T09:39:32.200436+00:00,COVERAGE_UNKNOWN,,,,,,0,1.0,COVERAGE_NOT_LOADED,,,,,,,,,,,,,,,,,,,,,,,,,,,,,,,,,,,,,,,,,,,,,,,,,,,,,NONE,,,,,,,,,,,,,,,,,,,,,,,,,,,,,,,,,,,,,,,,,,,,,,,,,,,,,,,,,,,,,,,,,,,,,,,,,,,,,,,,,,,,,,,,,,,,,,,,REJECT,99,hard_reject_noise_league
2026-07-11,2026-07-11T17:00:00+01:00,1783785600,Friendlies Clubs,667,2026,1583291,NS,Wegberg-Beeck,14148,AS Eupen,739,World,NS,Not Started,,,,,,,,,,,,0.0,0.0,0.0,0.0,0.0,0.0,0.0,0.0,0.0,0.0,,,2026-07-11T09:39:32.202644+00:00,COVERAGE_UNKNOWN,,,,,,0,1.0,COVERAGE_NOT_LOADED,,,,,,,,,,,,,,,,,,,,,,,,,,,,,,,,,,,,,,,,,,,,,,,,,,,,,NONE,,,,,,,,,,,,,,,,,,,,,,,,,,,,,,,,,,,,,,,,,,,,,,,,,,,,,,,,,,,,,,,,,,,,,,,,,,,,,,,,,,,,,,,,,,,,,,,,REJECT,99,hard_reject_noise_league
2026-07-11,2026-07-11T13:30:00+01:00,1783773000,Friendlies Clubs,667,2026,1560588,NS,Widzew II,26178,Baník Ostrava II,8621,World,NS,Not Started,,,,,,,,,,,,0.0,0.0,0.0,0.0,0.0,0.0,0.0,0.0,0.0,0.0,,,2026-07-11T09:39:32.201341+00:00,COVERAGE_UNKNOWN,,,,,,0,1.0,COVERAGE_NOT_LOADED,,,,,,,,,,,,,,,,,,,,,,,,,,,,,,,,,,,,,,,,,,,,,,,,,,,,,NONE,,,,,,,,,,,,,,,,,,,,,,,,,,,,,,,,,,,,,,,,,,,,,,,,,,,,,,,,,,,,,,,,,,,,,,,,,,,,,,,,,,,,,,,,,,,,,,,,REJECT,99,hard_reject_noise_league
2026-07-11,2026-07-11T16:00:00+01:00,1783782000,Friendlies Clubs,667,2026,1562909,NS,Wilhelmshaven,13941,SSV Jeddeloh,1655,World,NS,Not Started,,,,,,,,,,,,0.0,0.0,0.0,0.0,0.0,0.0,0.0,0.0,0.0,0.0,,,2026-07-11T09:39:32.202278+00:00,COVERAGE_UNKNOWN,,,,,,0,1.0,COVERAGE_NOT_LOADED,,,,,,,,,,,,,,,,,,,,,,,,,,,,,,,,,,,,,,,,,,,,,,,,,,,,,NONE,,,,,,,,,,,,,,,,,,,,,,,,,,,,,,,,,,,,,,,,,,,,,,,,,,,,,,,,,,,,,,,,,,,,,,,,,,,,,,,,,,,,,,,,,,,,,,,,REJECT,99,hard_reject_noise_league
2026-07-11,2026-07-11T14:00:00+01:00,1783774800,Friendlies Clubs,667,2026,1546653,NS,Wisla Krakow,338,Wrexham,1837,World,NS,Not Started,,,,,,,,,,,,0.0,0.0,0.0,0.0,0.0,0.0,0.0,0.0,0.0,0.0,,,2026-07-11T09:39:32.201441+00:00,COVERAGE_UNKNOWN,,,,,,0,1.0,COVERAGE_NOT_LOADED,,,,,,,,,,,,,,,,,,,,,,,,,,,,,,,,,,,,,,,,,,,,,,,,,,,,,NONE,,,,,,,,,,,,,,,,,,,,,,,,,,,,,,,,,,,,,,,,,,,,,,,,,,,,,,,,,,,,,,,,,,,,,,,,,,,,,,,,,,,,,,,,,,,,,,,,REJECT,99,hard_reject_noise_league
2026-07-11,2026-07-11T09:00:00+01:00,1783756800,Friendlies Clubs,667,2026,1584783,NS,Wisła Kraków II,24324,Podhale Nowy Targ,12834,World,NS,Not Started,,,,,,,,,,,,0.0,0.0,0.0,0.0,0.0,0.0,0.0,0.0,0.0,0.0,,,2026-07-11T09:39:32.200079+00:00,COVERAGE_UNKNOWN,,,,,,0,1.0,COVERAGE_NOT_LOADED,,,,,,,,,,,,,,,,,,,,,,,,,,,,,,,,,,,,,,,,,,,,,,,,,,,,,NONE,,,,,,,,,,,,,,,,,,,,,,,,,,,,,,,,,,,,,,,,,,,,,,,,,,,,,,,,,,,,,,,,,,,,,,,,,,,,,,,,,,,,,,,,,,,,,,,,REJECT,99,hard_reject_noise_league
2026-07-11,2026-07-11T13:00:00+01:00,1783771200,Friendlies Clubs,667,2026,1583272,NS,Wisła Płock II,23046,Chemik Bydgoszcz,6934,World,NS,Not Started,,,,,,,,,,,,0.0,0.0,0.0,0.0,0.0,0.0,0.0,0.0,0.0,0.0,,,2026-07-11T09:39:32.201233+00:00,COVERAGE_UNKNOWN,,,,,,0,1.0,COVERAGE_NOT_LOADED,,,,,,,,,,,,,,,,,,,,,,,,,,,,,,,,,,,,,,,,,,,,,,,,,,,,,NONE,,,,,,,,,,,,,,,,,,,,,,,,,,,,,,,,,,,,,,,,,,,,,,,,,,,,,,,,,,,,,,,,,,,,,,,,,,,,,,,,,,,,,,,,,,,,,,,,REJECT,99,hard_reject_noise_league
2026-07-11,2026-07-11T15:00:00+01:00,1783778400,Friendlies Clubs,667,2026,1546664,NS,Witton Albion,7760,Crewe,1363,World,NS,Not Started,,,,,,,,,,,,0.0,0.0,0.0,0.0,0.0,0.0,0.0,0.0,0.0,0.0,,,2026-07-11T09:39:32.201772+00:00,COVERAGE_UNKNOWN,,,,,,0,1.0,COVERAGE_NOT_LOADED,,,,,,,,,,,,,,,,,,,,,,,,,,,,,,,,,,,,,,,,,,,,,,,,,,,,,NONE,,,,,,,,,,,,,,,,,,,,,,,,,,,,,,,,,,,,,,,,,,,,,,,,,,,,,,,,,,,,,,,,,,,,,,,,,,,,,,,,,,,,,,,,,,,,,,,,REJECT,99,hard_reject_noise_league
2026-07-11,2026-07-11T15:00:00+01:00,1783778400,Friendlies Clubs,667,2026,1583288,NS,Worksop Town,7266,Ilkeston Town,7236,World,NS,Not Started,,,,,,,,,,,,0.0,0.0,0.0,0.0,0.0,0.0,0.0,0.0,0.0,0.0,,,2026-07-11T09:39:32.202065+00:00,COVERAGE_UNKNOWN,,,,,,0,1.0,COVERAGE_NOT_LOADED,,,,,,,,,,,,,,,,,,,,,,,,,,,,,,,,,,,,,,,,,,,,,,,,,,,,,NONE,,,,,,,,,,,,,,,,,,,,,,,,,,,,,,,,,,,,,,,,,,,,,,,,,,,,,,,,,,,,,,,,,,,,,,,,,,,,,,,,,,,,,,,,,,,,,,,,REJECT,99,hard_reject_noise_league
2026-07-11,2026-07-11T11:30:00+01:00,1783765800,Friendlies Clubs,667,2026,1584784,NS,Wycombe,1358,Ebbsfleet United,1840,World,NS,Not Started,,,,,,,,,,,,0.0,0.0,0.0,0.0,0.0,0.0,0.0,0.0,0.0,0.0,,,2026-07-11T09:39:32.200654+00:00,COVERAGE_UNKNOWN,,,,,,0,1.0,COVERAGE_NOT_LOADED,,,,,,,,,,,,,,,,,,,,,,,,,,,,,,,,,,,,,,,,,,,,,,,,,,,,,NONE,,,,,,,,,,,,,,,,,,,,,,,,,,,,,,,,,,,,,,,,,,,,,,,,,,,,,,,,,,,,,,,,,,,,,,,,,,,,,,,,,,,,,,,,,,,,,,,,REJECT,99,hard_reject_noise_league
2026-07-11,2026-07-11T13:00:00+01:00,1783771200,Friendlies Clubs,667,2026,1583281,NS,Würzburger Kickers,784,SG Wattenscheid 09,1629,World,NS,Not Started,,,,,,,,,,,,0.0,0.0,0.0,0.0,0.0,0.0,0.0,0.0,0.0,0.0,,,2026-07-11T09:39:32.201264+00:00,COVERAGE_UNKNOWN,,,,,,0,1.0,COVERAGE_NOT_LOADED,,,,,,,,,,,,,,,,,,,,,,,,,,,,,,,,,,,,,,,,,,,,,,,,,,,,,NONE,,,,,,,,,,,,,,,,,,,,,,,,,,,,,,,,,,,,,,,,,,,,,,,,,,,,,,,,,,,,,,,,,,,,,,,,,,,,,,,,,,,,,,,,,,,,,,,,REJECT,99,hard_reject_noise_league
2026-07-11,2026-07-11T15:00:00+01:00,1783778400,Friendlies Clubs,667,2026,1554908,NS,Yate Town,7762,Barry Town,361,World,NS,Not Started,,,,,,,,,,,,0.0,0.0,0.0,0.0,0.0,0.0,0.0,0.0,0.0,0.0,,,2026-07-11T09:39:32.201997+00:00,COVERAGE_UNKNOWN,,,,,,0,1.0,COVERAGE_NOT_LOADED,,,,,,,,,,,,,,,,,,,,,,,,,,,,,,,,,,,,,,,,,,,,,,,,,,,,,NONE,,,,,,,,,,,,,,,,,,,,,,,,,,,,,,,,,,,,,,,,,,,,,,,,,,,,,,,,,,,,,,,,,,,,,,,,,,,,,,,,,,,,,,,,,,,,,,,,REJECT,99,hard_reject_noise_league
2026-07-11,2026-07-11T15:00:00+01:00,1783778400,Friendlies Clubs,667,2026,1554909,NS,York,1828,Barnsley,747,World,NS,Not Started,,,,,,,,,,,,0.0,0.0,0.0,0.0,0.0,0.0,0.0,0.0,0.0,0.0,,,2026-07-11T09:39:32.202003+00:00,COVERAGE_UNKNOWN,,,,,,0,1.0,COVERAGE_NOT_LOADED,,,,,,,,,,,,,,,,,,,,,,,,,,,,,,,,,,,,,,,,,,,,,,,,,,,,,NONE,,,,,,,,,,,,,,,,,,,,,,,,,,,,,,,,,,,,,,,,,,,,,,,,,,,,,,,,,,,,,,,,,,,,,,,,,,,,,,,,,,,,,,,,,,,,,,,,REJECT,99,hard_reject_noise_league
2026-07-11,2026-07-11T13:00:00+01:00,1783771200,Friendlies Clubs,667,2026,1584810,NS,ZFC Meuselwitz,9358,BFC Preussen,1618,World,NS,Not Started,,,,,,,,,,,,0.0,0.0,0.0,0.0,0.0,0.0,0.0,0.0,0.0,0.0,,,2026-07-11T09:39:32.201289+00:00,COVERAGE_UNKNOWN,,,,,,0,1.0,COVERAGE_NOT_LOADED,,,,,,,,,,,,,,,,,,,,,,,,,,,,,,,,,,,,,,,,,,,,,,,,,,,,,NONE,,,,,,,,,,,,,,,,,,,,,,,,,,,,,,,,,,,,,,,,,,,,,,,,,,,,,,,,,,,,,,,,,,,,,,,,,,,,,,,,,,,,,,,,,,,,,,,,REJECT,99,hard_reject_noise_league
2026-07-11,2026-07-11T12:00:00+01:00,1783767600,Friendlies Clubs,667,2026,1584808,NS,Zaglebie Sosnowiec,342,Kalisz,12801,World,NS,Not Started,,,,,,,,,,,,0.0,0.0,0.0,0.0,0.0,0.0,0.0,0.0,0.0,0.0,,,2026-07-11T09:39:32.200833+00:00,COVERAGE_UNKNOWN,,,,,,0,1.0,COVERAGE_NOT_LOADED,,,,,,,,,,,,,,,,,,,,,,,,,,,,,,,,,,,,,,,,,,,,,,,,,,,,,NONE,,,,,,,,,,,,,,,,,,,,,,,,,,,,,,,,,,,,,,,,,,,,,,,,,,,,,,,,,,,,,,,,,,,,,,,,,,,,,,,,,,,,,,,,,,,,,,,,REJECT,99,hard_reject_noise_league
2026-07-11,2026-07-11T12:00:00+01:00,1783767600,Friendlies Clubs,667,2026,1554888,NS,Zawisza Bydgoszcz,13843,ŁKS Łódź II,17397,World,NS,Not Started,,,,,,,,,,,,0.0,0.0,0.0,0.0,0.0,0.0,0.0,0.0,0.0,0.0,,,2026-07-11T09:39:32.200764+00:00,COVERAGE_UNKNOWN,,,,,,0,1.0,COVERAGE_NOT_LOADED,,,,,,,,,,,,,,,,,,,,,,,,,,,,,,,,,,,,,,,,,,,,,,,,,,,,,NONE,,,,,,,,,,,,,,,,,,,,,,,,,,,,,,,,,,,,,,,,,,,,,,,,,,,,,,,,,,,,,,,,,,,,,,,,,,,,,,,,,,,,,,,,,,,,,,,,REJECT,99,hard_reject_noise_league
2026-07-11,2026-07-11T15:00:00+01:00,1783778400,Friendlies Clubs,667,2026,1554869,NS,Zemplín Michalovce,3552,Bukovyna,6486,World,NS,Not Started,,,,,,,,,,,,0.0,0.0,0.0,0.0,0.0,0.0,0.0,0.0,0.0,0.0,,,2026-07-11T09:39:32.201915+00:00,COVERAGE_UNKNOWN,,,,,,0,1.0,COVERAGE_NOT_LOADED,,,,,,,,,,,,,,,,,,,,,,,,,,,,,,,,,,,,,,,,,,,,,,,,,,,,,NONE,,,,,,,,,,,,,,,,,,,,,,,,,,,,,,,,,,,,,,,,,,,,,,,,,,,,,,,,,,,,,,,,,,,,,,,,,,,,,,,,,,,,,,,,,,,,,,,,REJECT,99,hard_reject_noise_league
2026-07-11,2026-07-11T11:00:00+01:00,1783764000,Friendlies Clubs,667,2026,1584796,NS,Zulte Waregem,600,Kryvbas KR,6489,World,NS,Not Started,,,,,,,,,,,,0.0,0.0,0.0,0.0,0.0,0.0,0.0,0.0,0.0,0.0,,,2026-07-11T09:39:32.200592+00:00,COVERAGE_UNKNOWN,,,,,,0,1.0,COVERAGE_NOT_LOADED,,,,,,,,,,,,,,,,,,,,,,,,,,,,,,,,,,,,,,,,,,,,,,,,,,,,,NONE,,,,,,,,,,,,,,,,,,,,,,,,,,,,,,,,,,,,,,,,,,,,,,,,,,,,,,,,,,,,,,,,,,,,,,,,,,,,,,,,,,,,,,,,,,,,,,,,REJECT,99,hard_reject_noise_league
2026-07-11,2026-07-11T15:00:00+01:00,1783778400,Friendlies Clubs,667,2026,1584817,NS,Ząbkovia Ząbki,26179,Łomża,21656,World,NS,Not Started,,,,,,,,,,,,0.0,0.0,0.0,0.0,0.0,0.0,0.0,0.0,0.0,0.0,,,2026-07-11T09:39:32.202080+00:00,COVERAGE_UNKNOWN,,,,,,0,1.0,COVERAGE_NOT_LOADED,,,,,,,,,,,,,,,,,,,,,,,,,,,,,,,,,,,,,,,,,,,,,,,,,,,,,NONE,,,,,,,,,,,,,,,,,,,,,,,,,,,,,,,,,,,,,,,,,,,,,,,,,,,,,,,,,,,,,,,,,,,,,,,,,,,,,,,,,,,,,,,,,,,,,,,,REJECT,99,hard_reject_noise_league
2026-07-11,2026-07-11T09:00:00+01:00,1783756800,Friendlies Clubs,667,2026,1583246,NS,Ústí nad Labem II,24194,Chomutov,7282,World,NS,Not Started,,,,,,,,,,,,0.0,0.0,0.0,0.0,0.0,0.0,0.0,0.0,0.0,0.0,,,2026-07-11T09:39:32.200049+00:00,COVERAGE_UNKNOWN,,,,,,0,1.0,COVERAGE_NOT_LOADED,,,,,,,,,,,,,,,,,,,,,,,,,,,,,,,,,,,,,,,,,,,,,,,,,,,,,NONE,,,,,,,,,,,,,,,,,,,,,,,,,,,,,,,,,,,,,,,,,,,,,,,,,,,,,,,,,,,,,,,,,,,,,,,,,,,,,,,,,,,,,,,,,,,,,,,,REJECT,99,hard_reject_noise_league
2026-07-11,2026-07-11T10:00:00+01:00,1783760400,Friendlies Clubs,667,2026,1548818,NS,ŁKS Łódź,3498,Unia Skierniewice,6961,World,NS,Not Started,,,,,,,,,,,,0.0,0.0,0.0,0.0,0.0,0.0,0.0,0.0,0.0,0.0,,,2026-07-11T09:39:32.200243+00:00,COVERAGE_UNKNOWN,,,,,,0,1.0,COVERAGE_NOT_LOADED,,,,,,,,,,,,,,,,,,,,,,,,,,,,,,,,,,,,,,,,,,,,,,,,,,,,,NONE,,,,,,,,,,,,,,,,,,,,,,,,,,,,,,,,,,,,,,,,,,,,,,,,,,,,,,,,,,,,,,,,,,,,,,,,,,,,,,,,,,,,,,,,,,,,,,,,REJECT,99,hard_reject_noise_league
2026-07-11,2026-07-11T10:00:00+01:00,1783760400,Friendlies Clubs,667,2026,1567580,NS,Świt Skolwin,12902,Flota Świnoujście,16246,World,NS,Not Started,,,,,,,,,,,,0.0,0.0,0.0,0.0,0.0,0.0,0.0,0.0,0.0,0.0,,,2026-07-11T09:39:32.200330+00:00,COVERAGE_UNKNOWN,,,,,,0,1.0,COVERAGE_NOT_LOADED,,,,,,,,,,,,,,,,,,,,,,,,,,,,,,,,,,,,,,,,,,,,,,,,,,,,,NONE,,,,,,,,,,,,,,,,,,,,,,,,,,,,,,,,,,,,,,,,,,,,,,,,,,,,,,,,,,,,,,,,,,,,,,,,,,,,,,,,,,,,,,,,,,,,,,,,REJECT,99,hard_reject_noise_league
2026-07-11,2026-07-11T18:00:00+01:00,1783789200,Friendlies Women,666,2026,1583661,NS,Egypt W,19417,Senegal W,18262,World,NS,Not Started,,,,,,,,,,,,0.0,0.0,0.0,0.0,0.0,0.0,0.0,0.0,0.0,0.0,,,2026-07-11T09:39:32.202724+00:00,COVERAGE_UNKNOWN,,,,,,0,1.0,COVERAGE_NOT_LOADED,,,,,,,,,,,,,,,,,,,,,,,,,,,,,,,,,,,,,,,,,,,,,,,,,,,,,NONE,,,,,,,,,,,,,,,,,,,,,,,,,,,,,,,,,,,,,,,,,,,,,,,,,,,,,,,,,,,,,,,,,,,,,,,,,,,,,,,,,,,,,,,,,,,,,,,,REJECT,99,hard_reject_noise_league
2026-07-11,2026-07-11T19:00:00+01:00,1783792800,Mineiro U20,1107,2026,1580403,NS,América Mineiro U20,12981,Athletic Club MG U20,23643,Brazil,NS,Not Started,,,,,,,,,,,,0.0,0.0,0.0,0.0,0.0,0.0,0.0,0.0,0.0,0.0,,,2026-07-11T09:39:32.202873+00:00,COVERAGE_UNKNOWN,,,,,,0,1.0,COVERAGE_NOT_LOADED,,,,,,,,,,,,,,,,,,,,,,,,,,,,,,,,,,,,,,,,,,,,,,,,,,,,,NONE,,,,,,,,,,,,,,,,,,,,,,,,,,,,,,,,,,,,,,,,,,,,,,,,,,,,,,,,,,,,,,,,,,,,,,,,,,,,,,,,,,,,,,,,,,,,,,,,REJECT,99,hard_reject_noise_league
2026-07-11,2026-07-11T14:00:00+01:00,1783774800,Mineiro U20,1107,2026,1580404,NS,Betim U20,23644,Itabirito U20,25889,Brazil,NS,Not Started,,,,,,,,,,,,0.0,0.0,0.0,0.0,0.0,0.0,0.0,0.0,0.0,0.0,,,2026-07-11T09:39:32.201554+00:00,COVERAGE_UNKNOWN,,,,,,0,1.0,COVERAGE_NOT_LOADED,,,,,,,,,,,,,,,,,,,,,,,,,,,,,,,,,,,,,,,,,,,,,,,,,,,,,NONE,,,,,,,,,,,,,,,,,,,,,,,,,,,,,,,,,,,,,,,,,,,,,,,,,,,,,,,,,,,,,,,,,,,,,,,,,,,,,,,,,,,,,,,,,,,,,,,,REJECT,99,hard_reject_noise_league
2026-07-11,2026-07-11T13:00:00+01:00,1783771200,Mineiro U20,1107,2026,1576778,NS,Minas Boca U20,23649,Sao Joao del Rei U20,27642,Brazil,NS,Not Started,,,,,,,,,,,,0.0,0.0,0.0,0.0,0.0,0.0,0.0,0.0,0.0,0.0,,,2026-07-11T09:39:32.201192+00:00,COVERAGE_UNKNOWN,,,,,,0,1.0,COVERAGE_NOT_LOADED,,,,,,,,,,,,,,,,,,,,,,,,,,,,,,,,,,,,,,,,,,,,,,,,,,,,,NONE,,,,,,,,,,,,,,,,,,,,,,,,,,,,,,,,,,,,,,,,,,,,,,,,,,,,,,,,,,,,,,,,,,,,,,,,,,,,,,,,,,,,,,,,,,,,,,,,REJECT,99,hard_reject_noise_league
2026-07-11,2026-07-11T19:00:00+01:00,1783792800,Mineiro U20,1107,2026,1580405,NS,Nacional de Muriae U20,27643,Coimbra U20,22833,Brazil,NS,Not Started,,,,,,,,,,,,0.0,0.0,0.0,0.0,0.0,0.0,0.0,0.0,0.0,0.0,,,2026-07-11T09:39:32.202878+00:00,COVERAGE_UNKNOWN,,,,,,0,1.0,COVERAGE_NOT_LOADED,,,,,,,,,,,,,,,,,,,,,,,,,,,,,,,,,,,,,,,,,,,,,,,,,,,,,NONE,,,,,,,,,,,,,,,,,,,,,,,,,,,,,,,,,,,,,,,,,,,,,,,,,,,,,,,,,,,,,,,,,,,,,,,,,,,,,,,,,,,,,,,,,,,,,,,,REJECT,99,hard_reject_noise_league
2026-07-11,2026-07-11T23:30:00+01:00,1783809000,NWSL Women,254,2026,1508461,NS,North Carolina Courage W,2999,Washington Spirit W,3005,USA,NS,Not Started,,,,,,,,,,,,0.0,0.0,0.0,0.0,0.0,0.0,0.0,0.0,0.0,0.0,,,2026-07-11T09:39:32.203149+00:00,COVERAGE_UNKNOWN,,,,,,0,1.0,COVERAGE_NOT_LOADED,,,,,,,,,,,,,,,,,,,,,,,,,,,,,,,,,,,,,,,,,,,,,,,,,,,,,NONE,,,,,,,,,,,,,,,,,,,,,,,,,,,,,,,,,,,,,,,,,,,,,,,,,,,,,,,,,,,,,,,,,,,,,,,,,,,,,,,,,,,,,,,,,,,,,,,,REJECT,99,hard_reject_noise_league
2026-07-11,2026-07-11T10:30:00+01:00,1783762200,Npl Nsw U20,1230,2026,1549328,NS,APIA Leichhardt U20,27801,Sydney FC U20,27811,Australia,NS,Not Started,,,,,,,,,,,,0.0,0.0,0.0,0.0,0.0,0.0,0.0,0.0,0.0,0.0,,,2026-07-11T09:39:32.200446+00:00,COVERAGE_UNKNOWN,,,,,,0,1.0,COVERAGE_NOT_LOADED,,,,,,,,,,,,,,,,,,,,,,,,,,,,,,,,,,,,,,,,,,,,,,,,,,,,,NONE,,,,,,,,,,,,,,,,,,,,,,,,,,,,,,,,,,,,,,,,,,,,,,,,,,,,,,,,,,,,,,,,,,,,,,,,,,,,,,,,,,,,,,,,,,,,,,,,REJECT,99,hard_reject_noise_league
2026-07-11,2026-07-11T10:45:00+01:00,1783763100,Npl Nsw U20,1230,2026,1549329,NS,NWS Spirit U20,27805,St George Saints U20,27808,Australia,NS,Not Started,,,,,,,,,,,,0.0,0.0,0.0,0.0,0.0,0.0,0.0,0.0,0.0,0.0,,,2026-07-11T09:39:32.200477+00:00,COVERAGE_UNKNOWN,,,,,,0,1.0,COVERAGE_NOT_LOADED,,,,,,,,,,,,,,,,,,,,,,,,,,,,,,,,,,,,,,,,,,,,,,,,,,,,,NONE,,,,,,,,,,,,,,,,,,,,,,,,,,,,,,,,,,,,,,,,,,,,,,,,,,,,,,,,,,,,,,,,,,,,,,,,,,,,,,,,,,,,,,,,,,,,,,,,REJECT,99,hard_reject_noise_league
2026-07-11,2026-07-11T10:00:00+01:00,1783760400,Npl Nsw U20,1230,2026,1549326,NS,SD Raiders U20,27807,Blacktown City U20,27802,Australia,NS,Not Started,,,,,,,,,,,,0.0,0.0,0.0,0.0,0.0,0.0,0.0,0.0,0.0,0.0,,,2026-07-11T09:39:32.200254+00:00,COVERAGE_UNKNOWN,,,,,,0,1.0,COVERAGE_NOT_LOADED,,,,,,,,,,,,,,,,,,,,,,,,,,,,,,,,,,,,,,,,,,,,,,,,,,,,,NONE,,,,,,,,,,,,,,,,,,,,,,,,,,,,,,,,,,,,,,,,,,,,,,,,,,,,,,,,,,,,,,,,,,,,,,,,,,,,,,,,,,,,,,,,,,,,,,,,REJECT,99,hard_reject_noise_league
2026-07-11,2026-07-11T10:00:00+01:00,1783760400,Npl Nsw U20,1230,2026,1549327,NS,Sydney Olympic U20,27812,Wollongong Wolves U20,27816,Australia,NS,Not Started,,,,,,,,,,,,0.0,0.0,0.0,0.0,0.0,0.0,0.0,0.0,0.0,0.0,,,2026-07-11T09:39:32.200259+00:00,COVERAGE_UNKNOWN,,,,,,0,1.0,COVERAGE_NOT_LOADED,,,,,,,,,,,,,,,,,,,,,,,,,,,,,,,,,,,,,,,,,,,,,,,,,,,,,NONE,,,,,,,,,,,,,,,,,,,,,,,,,,,,,,,,,,,,,,,,,,,,,,,,,,,,,,,,,,,,,,,,,,,,,,,,,,,,,,,,,,,,,,,,,,,,,,,,REJECT,99,hard_reject_noise_league
2026-07-11,2026-07-11T14:00:00+01:00,1783774800,Paulista - U20,1086,2026,1547325,NS,EC São Bernardo U20,13005,São Paulo U20,12973,Brazil,NS,Not Started,,,,,,,,,,,,0.0,0.0,0.0,0.0,0.0,0.0,0.0,0.0,0.0,0.0,,,2026-07-11T09:39:32.201446+00:00,COVERAGE_UNKNOWN,,,,,,0,1.0,COVERAGE_NOT_LOADED,,,,,,,,,,,,,,,,,,,,,,,,,,,,,,,,,,,,,,,,,,,,,,,,,,,,,NONE,,,,,,,,,,,,,,,,,,,,,,,,,,,,,,,,,,,,,,,,,,,,,,,,,,,,,,,,,,,,,,,,,,,,,,,,,,,,,,,,,,,,,,,,,,,,,,,,REJECT,99,hard_reject_noise_league
2026-07-11,2026-07-11T14:00:00+01:00,1783774800,Paulista - U20,1086,2026,1547326,NS,Palmeiras U20,12968,Capivariano U20,12993,Brazil,NS,Not Started,,,,,,,,,,,,0.0,0.0,0.0,0.0,0.0,0.0,0.0,0.0,0.0,0.0,,,2026-07-11T09:39:32.201451+00:00,COVERAGE_UNKNOWN,,,,,,0,1.0,COVERAGE_NOT_LOADED,,,,,,,,,,,,,,,,,,,,,,,,,,,,,,,,,,,,,,,,,,,,,,,,,,,,,NONE,,,,,,,,,,,,,,,,,,,,,,,,,,,,,,,,,,,,,,,,,,,,,,,,,,,,,,,,,,,,,,,,,,,,,,,,,,,,,,,,,,,,,,,,,,,,,,,,REJECT,99,hard_reject_noise_league
2026-07-11,2026-07-11T14:00:00+01:00,1783774800,Paulista - U20,1086,2026,1547328,NS,Santos U20,13055,União Suzano U20,20775,Brazil,NS,Not Started,,,,,,,,,,,,0.0,0.0,0.0,0.0,0.0,0.0,0.0,0.0,0.0,0.0,,,2026-07-11T09:39:32.201456+00:00,COVERAGE_UNKNOWN,,,,,,0,1.0,COVERAGE_NOT_LOADED,,,,,,,,,,,,,,,,,,,,,,,,,,,,,,,,,,,,,,,,,,,,,,,,,,,,,NONE,,,,,,,,,,,,,,,,,,,,,,,,,,,,,,,,,,,,,,,,,,,,,,,,,,,,,,,,,,,,,,,,,,,,,,,,,,,,,,,,,,,,,,,,,,,,,,,,REJECT,99,hard_reject_noise_league
2026-07-11,2026-07-11T14:00:00+01:00,1783774800,Paulista - U20,1086,2026,1547329,NS,Sertãozinho U20,13057,Itapirense U20,13015,Brazil,NS,Not Started,,,,,,,,,,,,0.0,0.0,0.0,0.0,0.0,0.0,0.0,0.0,0.0,0.0,,,2026-07-11T09:39:32.201461+00:00,COVERAGE_UNKNOWN,,,,,,0,1.0,COVERAGE_NOT_LOADED,,,,,,,,,,,,,,,,,,,,,,,,,,,,,,,,,,,,,,,,,,,,,,,,,,,,,NONE,,,,,,,,,,,,,,,,,,,,,,,,,,,,,,,,,,,,,,,,,,,,,,,,,,,,,,,,,,,,,,,,,,,,,,,,,,,,,,,,,,,,,,,,,,,,,,,,REJECT,99,hard_reject_noise_league
2026-07-11,2026-07-11T16:00:00+01:00,1783782000,Supreme Division Women,649,2026,1529962,NS,CSKA Moskva W,14131,Spartak Moskva W,23214,Russia,NS,Not Started,,,,,,,,,,,,0.0,0.0,0.0,0.0,0.0,0.0,0.0,0.0,0.0,0.0,,,2026-07-11T09:39:32.202177+00:00,COVERAGE_UNKNOWN,,,,,,0,1.0,COVERAGE_NOT_LOADED,,,,,,,,,,,,,,,,,,,,,,,,,,,,,,,,,,,,,,,,,,,,,,,,,,,,,NONE,,,,,,,,,,,,,,,,,,,,,,,,,,,,,,,,,,,,,,,,,,,,,,,,,,,,,,,,,,,,,,,,,,,,,,,,,,,,,,,,,,,,,,,,,,,,,,,,REJECT,99,hard_reject_noise_league
2026-07-11,2026-07-11T14:00:00+01:00,1783774800,Supreme Division Women,649,2026,1529963,NS,Krylya Sovetov W,21119,Rubin Kazan W,16491,Russia,NS,Not Started,,,,,,,,,,,,0.0,0.0,0.0,0.0,0.0,0.0,0.0,0.0,0.0,0.0,,,2026-07-11T09:39:32.201383+00:00,COVERAGE_UNKNOWN,,,,,,0,1.0,COVERAGE_NOT_LOADED,,,,,,,,,,,,,,,,,,,,,,,,,,,,,,,,,,,,,,,,,,,,,,,,,,,,,NONE,,,,,,,,,,,,,,,,,,,,,,,,,,,,,,,,,,,,,,,,,,,,,,,,,,,,,,,,,,,,,,,,,,,,,,,,,,,,,,,,,,,,,,,,,,,,,,,,REJECT,99,hard_reject_noise_league
2026-07-11,2026-07-11T16:00:00+01:00,1783782000,Supreme Division Women,649,2026,1529964,NS,Rostov W,16490,Lokomotiv Moskva W,14132,Russia,NS,Not Started,,,,,,,,,,,,0.0,0.0,0.0,0.0,0.0,0.0,0.0,0.0,0.0,0.0,,,2026-07-11T09:39:32.202183+00:00,COVERAGE_UNKNOWN,,,,,,0,1.0,COVERAGE_NOT_LOADED,,,,,,,,,,,,,,,,,,,,,,,,,,,,,,,,,,,,,,,,,,,,,,,,,,,,,NONE,,,,,,,,,,,,,,,,,,,,,,,,,,,,,,,,,,,,,,,,,,,,,,,,,,,,,,,,,,,,,,,,,,,,,,,,,,,,,,,,,,,,,,,,,,,,,,,,REJECT,99,hard_reject_noise_league
2026-07-11,2026-07-11T15:00:00+01:00,1783778400,Supreme Division Women,649,2026,1529965,NS,Ryazan W,10921,Dinamo Moskva W,21118,Russia,NS,Not Started,,,,,,,,,,,,0.0,0.0,0.0,0.0,0.0,0.0,0.0,0.0,0.0,0.0,,,2026-07-11T09:39:32.201694+00:00,COVERAGE_UNKNOWN,,,,,,0,1.0,COVERAGE_NOT_LOADED,,,,,,,,,,,,,,,,,,,,,,,,,,,,,,,,,,,,,,,,,,,,,,,,,,,,,NONE,,,,,,,,,,,,,,,,,,,,,,,,,,,,,,,,,,,,,,,,,,,,,,,,,,,,,,,,,,,,,,,,,,,,,,,,,,,,,,,,,,,,,,,,,,,,,,,,REJECT,99,hard_reject_noise_league
2026-07-11,2026-07-11T17:00:00+01:00,1783785600,Supreme Division Women,649,2026,1529966,NS,Zenit W,14134,Yenisey W,14133,Russia,NS,Not Started,,,,,,,,,,,,0.0,0.0,0.0,0.0,0.0,0.0,0.0,0.0,0.0,0.0,,,2026-07-11T09:39:32.202399+00:00,COVERAGE_UNKNOWN,,,,,,0,1.0,COVERAGE_NOT_LOADED,,,,,,,,,,,,,,,,,,,,,,,,,,,,,,,,,,,,,,,,,,,,,,,,,,,,,NONE,,,,,,,,,,,,,,,,,,,,,,,,,,,,,,,,,,,,,,,,,,,,,,,,,,,,,,,,,,,,,,,,,,,,,,,,,,,,,,,,,,,,,,,,,,,,,,,,REJECT,99,hard_reject_noise_league
2026-07-11,2026-07-11T19:00:00+01:00,1783792800,Torneo Promocional Amateur,1067,2026,1549963,NS,SAT Moreno,23106,Estrella de Berisso,23100,Argentina,NS,Not Started,,,,,,,,,,,,0.0,0.0,0.0,0.0,0.0,0.0,0.0,0.0,0.0,0.0,,,2026-07-11T09:39:32.202836+00:00,COVERAGE_UNKNOWN,,,,,,0,1.0,COVERAGE_NOT_LOADED,,,,,,,,,,,,,,,,,,,,,,,,,,,,,,,,,,,,,,,,,,,,,,,,,,,,,NONE,,,,,,,,,,,,,,,,,,,,,,,,,,,,,,,,,,,,,,,,,,,,,,,,,,,,,,,,,,,,,,,,,,,,,,,,,,,,,,,,,,,,,,,,,,,,,,,,REJECT,99,hard_reject_noise_league
2026-07-11,2026-07-11T19:00:00+01:00,1783792800,Torneo Promocional Amateur,1067,2026,1549975,NS,Uribelarrea,27796,Alumni Los Hornos,27785,Argentina,NS,Not Started,,,,,,,,,,,,0.0,0.0,0.0,0.0,0.0,0.0,0.0,0.0,0.0,0.0,,,2026-07-11T09:39:32.202841+00:00,COVERAGE_UNKNOWN,,,,,,0,1.0,COVERAGE_NOT_LOADED,,,,,,,,,,,,,,,,,,,,,,,,,,,,,,,,,,,,,,,,,,,,,,,,,,,,,NONE,,,,,,,,,,,,,,,,,,,,,,,,,,,,,,,,,,,,,,,,,,,,,,,,,,,,,,,,,,,,,,,,,,,,,,,,,,,,,,,,,,,,,,,,,,,,,,,,REJECT,99,hard_reject_noise_league
2026-07-11,2026-07-11T19:00:00+01:00,1783792800,UEFA U19 Championship,493,2026,1583716,NS,Spain U19,10349,Germany U19,10336,World,NS,Not Started,,,,,,,,,,,,0.0,0.0,0.0,0.0,0.0,0.0,0.0,0.0,0.0,0.0,,,2026-07-11T09:39:32.202914+00:00,COVERAGE_UNKNOWN,,,,,,0,1.0,COVERAGE_NOT_LOADED,,,,,,,,,,,,,,,,,,,,,,,,,,,,,,,,,,,,,,,,,,,,,,,,,,,,,NONE,,,,,,,,,,,,,,,,,,,,,,,,,,,,,,,,,,,,,,,,,,,,,,,,,,,,,,,,,,,,,,,,,,,,,,,,,,,,,,,,,,,,,,,,,,,,,,,,REJECT,99,hard_reject_noise_league
