target_date,generated_at,fixture_id,home_team,away_team,league,queue_priority,dry_run_decision,enrichment_blocks_needed,standings_needed,odds_needed,recent_stats_needed,injuries_needed,lineups_needed,estimated_call_units,api_calls_planned,api_calls_executed,risk_label,planner_note,auto_apply,production_change
2026-07-11,2026-07-11T23:21:17+01:00,1514229,Völsungur,Afturelding,1. Deild,P1_TRUSTED_MISSING_SCORING,DRY_RUN_ONLY_NO_API_CALLS,recent_stats; standings; odds; injuries_optional; lineups_prelock_optional,YES,YES,YES,OPTIONAL,PRELOCK_OPTIONAL,5,NO,NO,MEDIUM,"Core enrichment needed before scoring: recent stats, standings and odds.",NO,NO
2026-07-11,2026-07-11T23:21:17+01:00,1534362,BATE II,Lida,1. Division,P1_TRUSTED_MISSING_SCORING,DRY_RUN_ONLY_NO_API_CALLS,recent_stats; standings; odds; injuries_optional; lineups_prelock_optional,YES,YES,YES,OPTIONAL,PRELOCK_OPTIONAL,5,NO,NO,MEDIUM,"Core enrichment needed before scoring: recent stats, standings and odds.",NO,NO
2026-07-11,2026-07-11T23:21:17+01:00,1534363,Dinamo Minsk II,FC Slutsk,1. Division,P1_TRUSTED_MISSING_SCORING,DRY_RUN_ONLY_NO_API_CALLS,recent_stats; standings; odds; injuries_optional; lineups_prelock_optional,YES,YES,YES,OPTIONAL,PRELOCK_OPTIONAL,5,NO,NO,MEDIUM,"Core enrichment needed before scoring: recent stats, standings and odds.",NO,NO
2026-07-11,2026-07-11T23:21:17+01:00,1534366,Molodechno-DYuSSh 4,Minsk II,1. Division,P1_TRUSTED_MISSING_SCORING,DRY_RUN_ONLY_NO_API_CALLS,recent_stats; standings; odds; injuries_optional; lineups_prelock_optional,YES,YES,YES,OPTIONAL,PRELOCK_OPTIONAL,5,NO,NO,MEDIUM,"Core enrichment needed before scoring: recent stats, standings and odds.",NO,NO
2026-07-11,2026-07-11T23:21:17+01:00,1534367,Orsha,Smorgon,1. Division,P1_TRUSTED_MISSING_SCORING,DRY_RUN_ONLY_NO_API_CALLS,recent_stats; standings; odds; injuries_optional; lineups_prelock_optional,YES,YES,YES,OPTIONAL,PRELOCK_OPTIONAL,5,NO,NO,MEDIUM,"Core enrichment needed before scoring: recent stats, standings and odds.",NO,NO
2026-07-11,2026-07-11T23:21:17+01:00,1534369,Uni Minsk,Osipovichy,1. Division,P1_TRUSTED_MISSING_SCORING,DRY_RUN_ONLY_NO_API_CALLS,recent_stats; standings; odds; injuries_optional; lineups_prelock_optional,YES,YES,YES,OPTIONAL,PRELOCK_OPTIONAL,5,NO,NO,MEDIUM,"Core enrichment needed before scoring: recent stats, standings and odds.",NO,NO
2026-07-11,2026-07-11T23:21:17+01:00,1529539,Skanste,JFK Ventspils,1. Liga,P1_TRUSTED_MISSING_SCORING,DRY_RUN_ONLY_NO_API_CALLS,recent_stats; standings; odds; injuries_optional; lineups_prelock_optional,YES,YES,YES,OPTIONAL,PRELOCK_OPTIONAL,5,NO,NO,MEDIUM,"Core enrichment needed before scoring: recent stats, standings and odds.",NO,NO
2026-07-11,2026-07-11T23:21:17+01:00,1543421,Selfoss,Hvíti riddarinn,2. Deild,P1_TRUSTED_MISSING_SCORING,DRY_RUN_ONLY_NO_API_CALLS,recent_stats; standings; odds; injuries_optional; lineups_prelock_optional,YES,YES,YES,OPTIONAL,PRELOCK_OPTIONAL,5,NO,NO,MEDIUM,"Core enrichment needed before scoring: recent stats, standings and odds.",NO,NO
2026-07-11,2026-07-11T23:21:17+01:00,1554078,Ario Eslamshahr,Shenavarsazi Qeshm,Azadegan League,P1_TRUSTED_MISSING_SCORING,DRY_RUN_ONLY_NO_API_CALLS,recent_stats; standings; odds; injuries_optional; lineups_prelock_optional,YES,YES,YES,OPTIONAL,PRELOCK_OPTIONAL,5,NO,NO,MEDIUM,"Core enrichment needed before scoring: recent stats, standings and odds.",NO,NO
2026-07-11,2026-07-11T23:21:17+01:00,1554079,Fard Alborz,Nassaji Mazandaran,Azadegan League,P1_TRUSTED_MISSING_SCORING,DRY_RUN_ONLY_NO_API_CALLS,recent_stats; standings; odds; injuries_optional; lineups_prelock_optional,YES,YES,YES,OPTIONAL,PRELOCK_OPTIONAL,5,NO,NO,MEDIUM,"Core enrichment needed before scoring: recent stats, standings and odds.",NO,NO
2026-07-11,2026-07-11T23:21:17+01:00,1554080,Havadar,Naft Gachsaran,Azadegan League,P1_TRUSTED_MISSING_SCORING,DRY_RUN_ONLY_NO_API_CALLS,recent_stats; standings; odds; injuries_optional; lineups_prelock_optional,YES,YES,YES,OPTIONAL,PRELOCK_OPTIONAL,5,NO,NO,MEDIUM,"Core enrichment needed before scoring: recent stats, standings and odds.",NO,NO
2026-07-11,2026-07-11T23:21:17+01:00,1554081,Mes Shahr-e Babak,Mes Soongoun,Azadegan League,P1_TRUSTED_MISSING_SCORING,DRY_RUN_ONLY_NO_API_CALLS,recent_stats; standings; odds; injuries_optional; lineups_prelock_optional,YES,YES,YES,OPTIONAL,PRELOCK_OPTIONAL,5,NO,NO,MEDIUM,"Core enrichment needed before scoring: recent stats, standings and odds.",NO,NO
2026-07-11,2026-07-11T23:21:17+01:00,1554082,Naft Bandar Abbas,Be'sat Kermanshah,Azadegan League,P1_TRUSTED_MISSING_SCORING,DRY_RUN_ONLY_NO_API_CALLS,recent_stats; standings; odds; injuries_optional; lineups_prelock_optional,YES,YES,YES,OPTIONAL,PRELOCK_OPTIONAL,5,NO,NO,MEDIUM,"Core enrichment needed before scoring: recent stats, standings and odds.",NO,NO
2026-07-11,2026-07-11T23:21:17+01:00,1554083,Navad Urmia,Saipa,Azadegan League,P1_TRUSTED_MISSING_SCORING,DRY_RUN_ONLY_NO_API_CALLS,recent_stats; standings; odds; injuries_optional; lineups_prelock_optional,YES,YES,YES,OPTIONAL,PRELOCK_OPTIONAL,5,NO,NO,MEDIUM,"Core enrichment needed before scoring: recent stats, standings and odds.",NO,NO
2026-07-11,2026-07-11T23:21:17+01:00,1554084,Pars Jonoubi JAM,Damash Gilanian,Azadegan League,P1_TRUSTED_MISSING_SCORING,DRY_RUN_ONLY_NO_API_CALLS,recent_stats; standings; odds; injuries_optional; lineups_prelock_optional,YES,YES,YES,OPTIONAL,PRELOCK_OPTIONAL,5,NO,NO,MEDIUM,"Core enrichment needed before scoring: recent stats, standings and odds.",NO,NO
2026-07-11,2026-07-11T23:21:17+01:00,1554085,Sanat Naft,Mes Kerman,Azadegan League,P1_TRUSTED_MISSING_SCORING,DRY_RUN_ONLY_NO_API_CALLS,recent_stats; standings; odds; injuries_optional; lineups_prelock_optional,YES,YES,YES,OPTIONAL,PRELOCK_OPTIONAL,5,NO,NO,MEDIUM,"Core enrichment needed before scoring: recent stats, standings and odds.",NO,NO
2026-07-11,2026-07-11T23:21:17+01:00,1554086,Shahrdari Noshahr,Niroye Zamini,Azadegan League,P1_TRUSTED_MISSING_SCORING,DRY_RUN_ONLY_NO_API_CALLS,recent_stats; standings; odds; injuries_optional; lineups_prelock_optional,YES,YES,YES,OPTIONAL,PRELOCK_OPTIONAL,5,NO,NO,MEDIUM,"Core enrichment needed before scoring: recent stats, standings and odds.",NO,NO
2026-07-11,2026-07-11T23:21:17+01:00,1582677,Barreiras FC,SSA,Baiano - 2,P1_TRUSTED_MISSING_SCORING,DRY_RUN_ONLY_NO_API_CALLS,recent_stats; standings; odds; injuries_optional; lineups_prelock_optional,YES,YES,YES,OPTIONAL,PRELOCK_OPTIONAL,5,NO,NO,MEDIUM,"Core enrichment needed before scoring: recent stats, standings and odds.",NO,NO
2026-07-11,2026-07-11T23:21:17+01:00,1548246,Tupy,Pinheiros,Capixaba B,P1_TRUSTED_MISSING_SCORING,DRY_RUN_ONLY_NO_API_CALLS,recent_stats; standings; odds; injuries_optional; lineups_prelock_optional,YES,YES,YES,OPTIONAL,PRELOCK_OPTIONAL,5,NO,NO,MEDIUM,"Core enrichment needed before scoring: recent stats, standings and odds.",NO,NO
2026-07-11,2026-07-11T23:21:17+01:00,1541997,Blumenau,Hercílio Luz,Catarinense - 2,P1_TRUSTED_MISSING_SCORING,DRY_RUN_ONLY_NO_API_CALLS,recent_stats; standings; odds; injuries_optional; lineups_prelock_optional,YES,YES,YES,OPTIONAL,PRELOCK_OPTIONAL,5,NO,NO,MEDIUM,"Core enrichment needed before scoring: recent stats, standings and odds.",NO,NO
2026-07-11,2026-07-11T23:21:17+01:00,1567338,Deportes Copiapo,Everton de Vina,Copa Chile,P1_TRUSTED_MISSING_SCORING,DRY_RUN_ONLY_NO_API_CALLS,recent_stats; standings; odds; injuries_optional; lineups_prelock_optional,YES,YES,YES,OPTIONAL,PRELOCK_OPTIONAL,5,NO,NO,MEDIUM,"Core enrichment needed before scoring: recent stats, standings and odds.",NO,NO
2026-07-11,2026-07-11T23:21:17+01:00,1567336,Magallanes,A. Italiano,Copa Chile,P1_TRUSTED_MISSING_SCORING,DRY_RUN_ONLY_NO_API_CALLS,recent_stats; standings; odds; injuries_optional; lineups_prelock_optional,YES,YES,YES,OPTIONAL,PRELOCK_OPTIONAL,5,NO,NO,MEDIUM,"Core enrichment needed before scoring: recent stats, standings and odds.",NO,NO
2026-07-11,2026-07-11T23:21:17+01:00,1567337,Palestino,Deportes Santa Cruz,Copa Chile,P1_TRUSTED_MISSING_SCORING,DRY_RUN_ONLY_NO_API_CALLS,recent_stats; standings; odds; injuries_optional; lineups_prelock_optional,YES,YES,YES,OPTIONAL,PRELOCK_OPTIONAL,5,NO,NO,MEDIUM,"Core enrichment needed before scoring: recent stats, standings and odds.",NO,NO
2026-07-11,2026-07-11T23:21:17+01:00,1567339,San Luis,U. Catolica,Copa Chile,P1_TRUSTED_MISSING_SCORING,DRY_RUN_ONLY_NO_API_CALLS,recent_stats; standings; odds; injuries_optional; lineups_prelock_optional,YES,YES,YES,OPTIONAL,PRELOCK_OPTIONAL,5,NO,NO,MEDIUM,"Core enrichment needed before scoring: recent stats, standings and odds.",NO,NO
2026-07-11,2026-07-11T23:21:17+01:00,1568107,Sport Huancayo,Club Deportivo Los Chankas,Copa De La Liga,P1_TRUSTED_MISSING_SCORING,DRY_RUN_ONLY_NO_API_CALLS,recent_stats; standings; odds; injuries_optional; lineups_prelock_optional,YES,YES,YES,OPTIONAL,PRELOCK_OPTIONAL,5,NO,NO,MEDIUM,"Core enrichment needed before scoring: recent stats, standings and odds.",NO,NO
2026-07-11,2026-07-11T23:21:17+01:00,1568108,Sporting Cristal,Bentín Tacna Heroica,Copa De La Liga,P1_TRUSTED_MISSING_SCORING,DRY_RUN_ONLY_NO_API_CALLS,recent_stats; standings; odds; injuries_optional; lineups_prelock_optional,YES,YES,YES,OPTIONAL,PRELOCK_OPTIONAL,5,NO,NO,MEDIUM,"Core enrichment needed before scoring: recent stats, standings and odds.",NO,NO
2026-07-11,2026-07-11T23:21:17+01:00,1567365,Auda,FK Liepaja,Cup,P1_TRUSTED_MISSING_SCORING,DRY_RUN_ONLY_NO_API_CALLS,recent_stats; standings; odds; injuries_optional; lineups_prelock_optional; context_manual_review,YES,YES,YES,OPTIONAL,PRELOCK_OPTIONAL,6,NO,NO,HIGH_CONTEXT_VOLATILITY,"Core enrichment needed before scoring: recent stats, standings and odds. Context/manual review needed due cup, friendly or playoff environment.",NO,NO
2026-07-11,2026-07-11T23:21:17+01:00,1567368,Riga Mariners,BFC Daugavpils,Cup,P1_TRUSTED_MISSING_SCORING,DRY_RUN_ONLY_NO_API_CALLS,recent_stats; standings; odds; injuries_optional; lineups_prelock_optional; context_manual_review,YES,YES,YES,OPTIONAL,PRELOCK_OPTIONAL,6,NO,NO,HIGH_CONTEXT_VOLATILITY,"Core enrichment needed before scoring: recent stats, standings and odds. Context/manual review needed due cup, friendly or playoff environment.",NO,NO
2026-07-11,2026-07-11T23:21:17+01:00,1567369,Tukums,Super Nova,Cup,P1_TRUSTED_MISSING_SCORING,DRY_RUN_ONLY_NO_API_CALLS,recent_stats; standings; odds; injuries_optional; lineups_prelock_optional; context_manual_review,YES,YES,YES,OPTIONAL,PRELOCK_OPTIONAL,6,NO,NO,HIGH_CONTEXT_VOLATILITY,"Core enrichment needed before scoring: recent stats, standings and odds. Context/manual review needed due cup, friendly or playoff environment.",NO,NO
2026-07-11,2026-07-11T23:21:17+01:00,1582685,3 de Noviembre,Deportivo Santani,Division Intermedia,P1_TRUSTED_MISSING_SCORING,DRY_RUN_ONLY_NO_API_CALLS,recent_stats; standings; odds; injuries_optional; lineups_prelock_optional,YES,YES,YES,OPTIONAL,PRELOCK_OPTIONAL,5,NO,NO,MEDIUM,"Core enrichment needed before scoring: recent stats, standings and odds.",NO,NO
2026-07-11,2026-07-11T23:21:17+01:00,1582686,General Caballero,Encarnación,Division Intermedia,P1_TRUSTED_MISSING_SCORING,DRY_RUN_ONLY_NO_API_CALLS,recent_stats; standings; odds; injuries_optional; lineups_prelock_optional,YES,YES,YES,OPTIONAL,PRELOCK_OPTIONAL,5,NO,NO,MEDIUM,"Core enrichment needed before scoring: recent stats, standings and odds.",NO,NO
2026-07-11,2026-07-11T23:21:17+01:00,1519592,FC Tallinn,Elva,Esiliiga A,P1_TRUSTED_MISSING_SCORING,DRY_RUN_ONLY_NO_API_CALLS,recent_stats; standings; odds; injuries_optional; lineups_prelock_optional,YES,YES,YES,OPTIONAL,PRELOCK_OPTIONAL,5,NO,NO,MEDIUM,"Core enrichment needed before scoring: recent stats, standings and odds.",NO,NO
2026-07-11,2026-07-11T23:21:17+01:00,1519593,FCI Levadia II,Tallinna Kalev,Esiliiga A,P1_TRUSTED_MISSING_SCORING,DRY_RUN_ONLY_NO_API_CALLS,recent_stats; standings; odds; injuries_optional; lineups_prelock_optional,YES,YES,YES,OPTIONAL,PRELOCK_OPTIONAL,5,NO,NO,MEDIUM,"Core enrichment needed before scoring: recent stats, standings and odds.",NO,NO
2026-07-11,2026-07-11T23:21:17+01:00,1519594,Viimsi,Nõmme Kalju II,Esiliiga A,P1_TRUSTED_MISSING_SCORING,DRY_RUN_ONLY_NO_API_CALLS,recent_stats; standings; odds; injuries_optional; lineups_prelock_optional,YES,YES,YES,OPTIONAL,PRELOCK_OPTIONAL,5,NO,NO,MEDIUM,"Core enrichment needed before scoring: recent stats, standings and odds.",NO,NO
2026-07-11,2026-07-11T23:21:17+01:00,1521639,JK Tabasalu,Tulevik,Esiliiga B,P1_TRUSTED_MISSING_SCORING,DRY_RUN_ONLY_NO_API_CALLS,recent_stats; standings; odds; injuries_optional; lineups_prelock_optional,YES,YES,YES,OPTIONAL,PRELOCK_OPTIONAL,5,NO,NO,MEDIUM,"Core enrichment needed before scoring: recent stats, standings and odds.",NO,NO
2026-07-11,2026-07-11T23:21:17+01:00,1563072,FC UFA,Leningradets,First League,P1_TRUSTED_MISSING_SCORING,DRY_RUN_ONLY_NO_API_CALLS,recent_stats; standings; odds; injuries_optional; lineups_prelock_optional,YES,YES,YES,OPTIONAL,PRELOCK_OPTIONAL,5,NO,NO,MEDIUM,"Core enrichment needed before scoring: recent stats, standings and odds.",NO,NO
2026-07-11,2026-07-11T23:21:17+01:00,1563068,FK Neftekhimik,Veles,First League,P1_TRUSTED_MISSING_SCORING,DRY_RUN_ONLY_NO_API_CALLS,recent_stats; standings; odds; injuries_optional; lineups_prelock_optional,YES,YES,YES,OPTIONAL,PRELOCK_OPTIONAL,5,NO,NO,MEDIUM,"Core enrichment needed before scoring: recent stats, standings and odds.",NO,NO
2026-07-11,2026-07-11T23:21:17+01:00,1563073,Volga Ulyanovsk,Enisey,First League,P1_TRUSTED_MISSING_SCORING,DRY_RUN_ONLY_NO_API_CALLS,recent_stats; standings; odds; injuries_optional; lineups_prelock_optional,YES,YES,YES,OPTIONAL,PRELOCK_OPTIONAL,5,NO,NO,MEDIUM,"Core enrichment needed before scoring: recent stats, standings and odds.",NO,NO
2026-07-11,2026-07-11T23:21:17+01:00,1510373,Ansan Greeners,Suwon Bluewings,K League 2,P1_TRUSTED_MISSING_SCORING,DRY_RUN_ONLY_NO_API_CALLS,recent_stats; standings; odds; injuries_optional; lineups_prelock_optional,YES,YES,YES,OPTIONAL,PRELOCK_OPTIONAL,5,NO,NO,MEDIUM,"Core enrichment needed before scoring: recent stats, standings and odds.",NO,NO
2026-07-11,2026-07-11T23:21:17+01:00,1510374,Daegu FC,Seongnam FC,K League 2,P1_TRUSTED_MISSING_SCORING,DRY_RUN_ONLY_NO_API_CALLS,recent_stats; standings; odds; injuries_optional; lineups_prelock_optional,YES,YES,YES,OPTIONAL,PRELOCK_OPTIONAL,5,NO,NO,MEDIUM,"Core enrichment needed before scoring: recent stats, standings and odds.",NO,NO
2026-07-11,2026-07-11T23:21:17+01:00,1510375,Hwaseong,Paju Citizen,K League 2,P1_TRUSTED_MISSING_SCORING,DRY_RUN_ONLY_NO_API_CALLS,recent_stats; standings; odds; injuries_optional; lineups_prelock_optional,YES,YES,YES,OPTIONAL,PRELOCK_OPTIONAL,5,NO,NO,MEDIUM,"Core enrichment needed before scoring: recent stats, standings and odds.",NO,NO
2026-07-11,2026-07-11T23:21:17+01:00,1510376,Yongin City,Cheongju,K League 2,P1_TRUSTED_MISSING_SCORING,DRY_RUN_ONLY_NO_API_CALLS,recent_stats; standings; odds; injuries_optional; lineups_prelock_optional,YES,YES,YES,OPTIONAL,PRELOCK_OPTIONAL,5,NO,NO,MEDIUM,"Core enrichment needed before scoring: recent stats, standings and odds.",NO,NO
2026-07-11,2026-07-11T23:21:17+01:00,1520521,Daejeon Korail,Gyeongju HNP,K3 League,P1_TRUSTED_MISSING_SCORING,DRY_RUN_ONLY_NO_API_CALLS,recent_stats; standings; odds; injuries_optional; lineups_prelock_optional,YES,YES,YES,OPTIONAL,PRELOCK_OPTIONAL,5,NO,NO,MEDIUM,"Core enrichment needed before scoring: recent stats, standings and odds.",NO,NO
2026-07-11,2026-07-11T23:21:17+01:00,1520522,Mokpo City,Gangneung City,K3 League,P1_TRUSTED_MISSING_SCORING,DRY_RUN_ONLY_NO_API_CALLS,recent_stats; standings; odds; injuries_optional; lineups_prelock_optional,YES,YES,YES,OPTIONAL,PRELOCK_OPTIONAL,5,NO,NO,MEDIUM,"Core enrichment needed before scoring: recent stats, standings and odds.",NO,NO
2026-07-11,2026-07-11T23:21:17+01:00,1569813,Sejong SA,Jincheon,K4 League,P1_TRUSTED_MISSING_SCORING,DRY_RUN_ONLY_NO_API_CALLS,recent_stats; standings; odds; injuries_optional; lineups_prelock_optional,YES,YES,YES,OPTIONAL,PRELOCK_OPTIONAL,5,NO,NO,MEDIUM,"Core enrichment needed before scoring: recent stats, standings and odds.",NO,NO
2026-07-11,2026-07-11T23:21:17+01:00,1541636,MyPa,Union Plaani,Kakkonen - Lohko A,P1_TRUSTED_MISSING_SCORING,DRY_RUN_ONLY_NO_API_CALLS,recent_stats; standings; odds; injuries_optional; lineups_prelock_optional,YES,YES,YES,OPTIONAL,PRELOCK_OPTIONAL,5,NO,NO,MEDIUM,"Core enrichment needed before scoring: recent stats, standings and odds.",NO,NO
2026-07-11,2026-07-11T23:21:17+01:00,1541637,PEPO,HPS,Kakkonen - Lohko A,P1_TRUSTED_MISSING_SCORING,DRY_RUN_ONLY_NO_API_CALLS,recent_stats; standings; odds; injuries_optional; lineups_prelock_optional,YES,YES,YES,OPTIONAL,PRELOCK_OPTIONAL,5,NO,NO,MEDIUM,"Core enrichment needed before scoring: recent stats, standings and odds.",NO,NO
2026-07-11,2026-07-11T23:21:17+01:00,1541638,PuiU Helsinki,PPJ,Kakkonen - Lohko A,P1_TRUSTED_MISSING_SCORING,DRY_RUN_ONLY_NO_API_CALLS,recent_stats; standings; odds; injuries_optional; lineups_prelock_optional,YES,YES,YES,OPTIONAL,PRELOCK_OPTIONAL,5,NO,NO,MEDIUM,"Core enrichment needed before scoring: recent stats, standings and odds.",NO,NO
2026-07-11,2026-07-11T23:21:17+01:00,1541523,EPS,P-Iirot,Kakkonen - Lohko B,P1_TRUSTED_MISSING_SCORING,DRY_RUN_ONLY_NO_API_CALLS,recent_stats; standings; odds; injuries_optional; lineups_prelock_optional,YES,YES,YES,OPTIONAL,PRELOCK_OPTIONAL,5,NO,NO,MEDIUM,"Core enrichment needed before scoring: recent stats, standings and odds.",NO,NO
2026-07-11,2026-07-11T23:21:17+01:00,1541524,NJS,EBK,Kakkonen - Lohko B,P1_TRUSTED_MISSING_SCORING,DRY_RUN_ONLY_NO_API_CALLS,recent_stats; standings; odds; injuries_optional; lineups_prelock_optional,YES,YES,YES,OPTIONAL,PRELOCK_OPTIONAL,5,NO,NO,MEDIUM,"Core enrichment needed before scoring: recent stats, standings and odds.",NO,NO
2026-07-11,2026-07-11T23:21:17+01:00,1541712,Huima / Urho,JS Hercules,Kakkonen - Lohko C,P1_TRUSTED_MISSING_SCORING,DRY_RUN_ONLY_NO_API_CALLS,recent_stats; standings; odds; injuries_optional; lineups_prelock_optional,YES,YES,YES,OPTIONAL,PRELOCK_OPTIONAL,5,NO,NO,MEDIUM,"Core enrichment needed before scoring: recent stats, standings and odds.",NO,NO
2026-07-11,2026-07-11T23:21:17+01:00,1548104,Annan Athletic,Ross County,League Cup,P1_TRUSTED_MISSING_SCORING,DRY_RUN_ONLY_NO_API_CALLS,recent_stats; standings; odds; injuries_optional; lineups_prelock_optional; context_manual_review,YES,YES,YES,OPTIONAL,PRELOCK_OPTIONAL,6,NO,NO,HIGH_CONTEXT_VOLATILITY,"Core enrichment needed before scoring: recent stats, standings and odds. Context/manual review needed due cup, friendly or playoff environment.",NO,NO
2026-07-11,2026-07-11T23:21:17+01:00,1548105,Dumbarton,ST Mirren,League Cup,P1_TRUSTED_MISSING_SCORING,DRY_RUN_ONLY_NO_API_CALLS,recent_stats; standings; odds; injuries_optional; lineups_prelock_optional; context_manual_review,YES,YES,YES,OPTIONAL,PRELOCK_OPTIONAL,6,NO,NO,HIGH_CONTEXT_VOLATILITY,"Core enrichment needed before scoring: recent stats, standings and odds. Context/manual review needed due cup, friendly or playoff environment.",NO,NO
2026-07-11,2026-07-11T23:21:17+01:00,1548106,Dundee,Airdrie United,League Cup,P1_TRUSTED_MISSING_SCORING,DRY_RUN_ONLY_NO_API_CALLS,recent_stats; standings; odds; injuries_optional; lineups_prelock_optional; context_manual_review,YES,YES,YES,OPTIONAL,PRELOCK_OPTIONAL,6,NO,NO,HIGH_CONTEXT_VOLATILITY,"Core enrichment needed before scoring: recent stats, standings and odds. Context/manual review needed due cup, friendly or playoff environment.",NO,NO
2026-07-11,2026-07-11T23:21:17+01:00,1548107,East Kilbride,Dunfermline,League Cup,P1_TRUSTED_MISSING_SCORING,DRY_RUN_ONLY_NO_API_CALLS,recent_stats; standings; odds; injuries_optional; lineups_prelock_optional; context_manual_review,YES,YES,YES,OPTIONAL,PRELOCK_OPTIONAL,6,NO,NO,HIGH_CONTEXT_VOLATILITY,"Core enrichment needed before scoring: recent stats, standings and odds. Context/manual review needed due cup, friendly or playoff environment.",NO,NO
2026-07-11,2026-07-11T23:21:17+01:00,1548108,Edinburgh City,Falkirk,League Cup,P1_TRUSTED_MISSING_SCORING,DRY_RUN_ONLY_NO_API_CALLS,recent_stats; standings; odds; injuries_optional; lineups_prelock_optional; context_manual_review,YES,YES,YES,OPTIONAL,PRELOCK_OPTIONAL,6,NO,NO,HIGH_CONTEXT_VOLATILITY,"Core enrichment needed before scoring: recent stats, standings and odds. Context/manual review needed due cup, friendly or playoff environment.",NO,NO
2026-07-11,2026-07-11T23:21:17+01:00,1548109,Inverness CT,East Fife,League Cup,P1_TRUSTED_MISSING_SCORING,DRY_RUN_ONLY_NO_API_CALLS,recent_stats; standings; odds; injuries_optional; lineups_prelock_optional; context_manual_review,YES,YES,YES,OPTIONAL,PRELOCK_OPTIONAL,6,NO,NO,HIGH_CONTEXT_VOLATILITY,"Core enrichment needed before scoring: recent stats, standings and odds. Context/manual review needed due cup, friendly or playoff environment.",NO,NO
2026-07-11,2026-07-11T23:21:17+01:00,1548110,Morton,Linlithgow Rose,League Cup,P1_TRUSTED_MISSING_SCORING,DRY_RUN_ONLY_NO_API_CALLS,recent_stats; standings; odds; injuries_optional; lineups_prelock_optional; context_manual_review,YES,YES,YES,OPTIONAL,PRELOCK_OPTIONAL,6,NO,NO,HIGH_CONTEXT_VOLATILITY,"Core enrichment needed before scoring: recent stats, standings and odds. Context/manual review needed due cup, friendly or playoff environment.",NO,NO
2026-07-11,2026-07-11T23:21:17+01:00,1548111,Partick,Brechin,League Cup,P1_TRUSTED_MISSING_SCORING,DRY_RUN_ONLY_NO_API_CALLS,recent_stats; standings; odds; injuries_optional; lineups_prelock_optional; context_manual_review,YES,YES,YES,OPTIONAL,PRELOCK_OPTIONAL,6,NO,NO,HIGH_CONTEXT_VOLATILITY,"Core enrichment needed before scoring: recent stats, standings and odds. Context/manual review needed due cup, friendly or playoff environment.",NO,NO
2026-07-11,2026-07-11T23:21:17+01:00,1548113,Queen of the South,Kelty Hearts,League Cup,P1_TRUSTED_MISSING_SCORING,DRY_RUN_ONLY_NO_API_CALLS,recent_stats; standings; odds; injuries_optional; lineups_prelock_optional; context_manual_review,YES,YES,YES,OPTIONAL,PRELOCK_OPTIONAL,6,NO,NO,HIGH_CONTEXT_VOLATILITY,"Core enrichment needed before scoring: recent stats, standings and odds. Context/manual review needed due cup, friendly or playoff environment.",NO,NO
2026-07-11,2026-07-11T23:21:17+01:00,1548114,Queen's Park,Brora Rangers,League Cup,P1_TRUSTED_MISSING_SCORING,DRY_RUN_ONLY_NO_API_CALLS,recent_stats; standings; odds; injuries_optional; lineups_prelock_optional; context_manual_review,YES,YES,YES,OPTIONAL,PRELOCK_OPTIONAL,6,NO,NO,HIGH_CONTEXT_VOLATILITY,"Core enrichment needed before scoring: recent stats, standings and odds. Context/manual review needed due cup, friendly or playoff environment.",NO,NO
2026-07-11,2026-07-11T23:21:17+01:00,1548115,Raith Rovers,Elgin City,League Cup,P1_TRUSTED_MISSING_SCORING,DRY_RUN_ONLY_NO_API_CALLS,recent_stats; standings; odds; injuries_optional; lineups_prelock_optional; context_manual_review,YES,YES,YES,OPTIONAL,PRELOCK_OPTIONAL,6,NO,NO,HIGH_CONTEXT_VOLATILITY,"Core enrichment needed before scoring: recent stats, standings and odds. Context/manual review needed due cup, friendly or playoff environment.",NO,NO
2026-07-11,2026-07-11T23:21:17+01:00,1548116,Spartans,Arbroath,League Cup,P1_TRUSTED_MISSING_SCORING,DRY_RUN_ONLY_NO_API_CALLS,recent_stats; standings; odds; injuries_optional; lineups_prelock_optional; context_manual_review,YES,YES,YES,OPTIONAL,PRELOCK_OPTIONAL,6,NO,NO,HIGH_CONTEXT_VOLATILITY,"Core enrichment needed before scoring: recent stats, standings and odds. Context/manual review needed due cup, friendly or playoff environment.",NO,NO
2026-07-11,2026-07-11T23:21:17+01:00,1548117,Stenhousemuir,Forfar Athletic,League Cup,P1_TRUSTED_MISSING_SCORING,DRY_RUN_ONLY_NO_API_CALLS,recent_stats; standings; odds; injuries_optional; lineups_prelock_optional; context_manual_review,YES,YES,YES,OPTIONAL,PRELOCK_OPTIONAL,6,NO,NO,HIGH_CONTEXT_VOLATILITY,"Core enrichment needed before scoring: recent stats, standings and odds. Context/manual review needed due cup, friendly or playoff environment.",NO,NO
2026-07-11,2026-07-11T23:21:17+01:00,1548119,Stirling Albion,Dundee Utd,League Cup,P1_TRUSTED_MISSING_SCORING,DRY_RUN_ONLY_NO_API_CALLS,recent_stats; standings; odds; injuries_optional; lineups_prelock_optional; context_manual_review,YES,YES,YES,OPTIONAL,PRELOCK_OPTIONAL,6,NO,NO,HIGH_CONTEXT_VOLATILITY,"Core enrichment needed before scoring: recent stats, standings and odds. Context/manual review needed due cup, friendly or playoff environment.",NO,NO
2026-07-11,2026-07-11T23:21:17+01:00,1548118,Stranraer,Ayr Utd,League Cup,P1_TRUSTED_MISSING_SCORING,DRY_RUN_ONLY_NO_API_CALLS,recent_stats; standings; odds; injuries_optional; lineups_prelock_optional; context_manual_review,YES,YES,YES,OPTIONAL,PRELOCK_OPTIONAL,6,NO,NO,HIGH_CONTEXT_VOLATILITY,"Core enrichment needed before scoring: recent stats, standings and odds. Context/manual review needed due cup, friendly or playoff environment.",NO,NO
2026-07-11,2026-07-11T23:21:17+01:00,1528645,Dalian Huayi,Nanjing City,League One,P1_TRUSTED_MISSING_SCORING,DRY_RUN_ONLY_NO_API_CALLS,recent_stats; standings; odds; injuries_optional; lineups_prelock_optional,YES,YES,YES,OPTIONAL,PRELOCK_OPTIONAL,5,NO,NO,MEDIUM,"Core enrichment needed before scoring: recent stats, standings and odds.",NO,NO
2026-07-11,2026-07-11T23:21:17+01:00,1528648,Guangzhou E-Power,Hebei Kungfu,League One,P1_TRUSTED_MISSING_SCORING,DRY_RUN_ONLY_NO_API_CALLS,recent_stats; standings; odds; injuries_optional; lineups_prelock_optional,YES,YES,YES,OPTIONAL,PRELOCK_OPTIONAL,5,NO,NO,MEDIUM,"Core enrichment needed before scoring: recent stats, standings and odds.",NO,NO
2026-07-11,2026-07-11T23:21:17+01:00,1528646,Shaanxi Union,Meizhou Kejia,League One,P1_TRUSTED_MISSING_SCORING,DRY_RUN_ONLY_NO_API_CALLS,recent_stats; standings; odds; injuries_optional; lineups_prelock_optional,YES,YES,YES,OPTIONAL,PRELOCK_OPTIONAL,5,NO,NO,MEDIUM,"Core enrichment needed before scoring: recent stats, standings and odds.",NO,NO
2026-07-11,2026-07-11T23:21:17+01:00,1528647,Wuxi Wugou,Guangxi Hengchen,League One,P1_TRUSTED_MISSING_SCORING,DRY_RUN_ONLY_NO_API_CALLS,recent_stats; standings; odds; injuries_optional; lineups_prelock_optional,YES,YES,YES,OPTIONAL,PRELOCK_OPTIONAL,5,NO,NO,MEDIUM,"Core enrichment needed before scoring: recent stats, standings and odds.",NO,NO
2026-07-11,2026-07-11T23:21:17+01:00,1528644,Yanbian Longding,Suzhou Dongwu,League One,P1_TRUSTED_MISSING_SCORING,DRY_RUN_ONLY_NO_API_CALLS,recent_stats; standings; odds; injuries_optional; lineups_prelock_optional,YES,YES,YES,OPTIONAL,PRELOCK_OPTIONAL,5,NO,NO,MEDIUM,"Core enrichment needed before scoring: recent stats, standings and odds.",NO,NO
2026-07-11,2026-07-11T23:21:17+01:00,1532808,BIT,Nantong Haimen Codion,League Two,P1_TRUSTED_MISSING_SCORING,DRY_RUN_ONLY_NO_API_CALLS,recent_stats; standings; odds; injuries_optional; lineups_prelock_optional,YES,YES,YES,OPTIONAL,PRELOCK_OPTIONAL,5,NO,NO,MEDIUM,"Core enrichment needed before scoring: recent stats, standings and odds.",NO,NO
2026-07-11,2026-07-11T23:21:17+01:00,1532810,Guangdong Mingtu,Shenzhen 2028,League Two,P1_TRUSTED_MISSING_SCORING,DRY_RUN_ONLY_NO_API_CALLS,recent_stats; standings; odds; injuries_optional; lineups_prelock_optional,YES,YES,YES,OPTIONAL,PRELOCK_OPTIONAL,5,NO,NO,MEDIUM,"Core enrichment needed before scoring: recent stats, standings and odds.",NO,NO
2026-07-11,2026-07-11T23:21:17+01:00,1532811,Hubei Chufeng Heli,Jiangxi Liansheng,League Two,P1_TRUSTED_MISSING_SCORING,DRY_RUN_ONLY_NO_API_CALLS,recent_stats; standings; odds; injuries_optional; lineups_prelock_optional,YES,YES,YES,OPTIONAL,PRELOCK_OPTIONAL,5,NO,NO,MEDIUM,"Core enrichment needed before scoring: recent stats, standings and odds.",NO,NO
2026-07-11,2026-07-11T23:21:17+01:00,1532812,Rizhao Yuqi,Tai'an Tiankuang,League Two,P1_TRUSTED_MISSING_SCORING,DRY_RUN_ONLY_NO_API_CALLS,recent_stats; standings; odds; injuries_optional; lineups_prelock_optional,YES,YES,YES,OPTIONAL,PRELOCK_OPTIONAL,5,NO,NO,MEDIUM,"Core enrichment needed before scoring: recent stats, standings and odds.",NO,NO
2026-07-11,2026-07-11T23:21:17+01:00,1532807,Shanghai Port II,Xi'an Ronghai,League Two,P1_TRUSTED_MISSING_SCORING,DRY_RUN_ONLY_NO_API_CALLS,recent_stats; standings; odds; injuries_optional; lineups_prelock_optional,YES,YES,YES,OPTIONAL,PRELOCK_OPTIONAL,5,NO,NO,MEDIUM,"Core enrichment needed before scoring: recent stats, standings and odds.",NO,NO
2026-07-11,2026-07-11T23:21:17+01:00,1532809,Shangyu Pterosaur,Chengdu Rongcheng II,League Two,P1_TRUSTED_MISSING_SCORING,DRY_RUN_ONLY_NO_API_CALLS,recent_stats; standings; odds; injuries_optional; lineups_prelock_optional,YES,YES,YES,OPTIONAL,PRELOCK_OPTIONAL,5,NO,NO,MEDIUM,"Core enrichment needed before scoring: recent stats, standings and odds.",NO,NO
2026-07-11,2026-07-11T23:21:17+01:00,1532813,Yichun Grand Tiger,Guizhou Zhucheng,League Two,P1_TRUSTED_MISSING_SCORING,DRY_RUN_ONLY_NO_API_CALLS,recent_stats; standings; odds; injuries_optional; lineups_prelock_optional,YES,YES,YES,OPTIONAL,PRELOCK_OPTIONAL,5,NO,NO,MEDIUM,"Core enrichment needed before scoring: recent stats, standings and odds.",NO,NO
2026-07-11,2026-07-11T23:21:17+01:00,1519397,Manta FC,Orense SC,Liga Pro,P1_TRUSTED_MISSING_SCORING,DRY_RUN_ONLY_NO_API_CALLS,recent_stats; standings; odds; injuries_optional; lineups_prelock_optional,YES,YES,YES,OPTIONAL,PRELOCK_OPTIONAL,5,NO,NO,MEDIUM,"Core enrichment needed before scoring: recent stats, standings and odds.",NO,NO
2026-07-11,2026-07-11T23:21:17+01:00,1519398,Mushuc Runa SC,Independiente del Valle,Liga Pro,P1_TRUSTED_MISSING_SCORING,DRY_RUN_ONLY_NO_API_CALLS,recent_stats; standings; odds; injuries_optional; lineups_prelock_optional,YES,YES,YES,OPTIONAL,PRELOCK_OPTIONAL,5,NO,NO,MEDIUM,"Core enrichment needed before scoring: recent stats, standings and odds.",NO,NO
2026-07-11,2026-07-11T23:21:17+01:00,1526565,22 de Julio,Cuniburo,Liga Pro Serie B,P1_TRUSTED_MISSING_SCORING,DRY_RUN_ONLY_NO_API_CALLS,recent_stats; standings; odds; injuries_optional; lineups_prelock_optional,YES,YES,YES,OPTIONAL,PRELOCK_OPTIONAL,5,NO,NO,MEDIUM,"Core enrichment needed before scoring: recent stats, standings and odds.",NO,NO
2026-07-11,2026-07-11T23:21:17+01:00,1526569,9 de Octubre,Gualaceo SC,Liga Pro Serie B,P1_TRUSTED_MISSING_SCORING,DRY_RUN_ONLY_NO_API_CALLS,recent_stats; standings; odds; injuries_optional; lineups_prelock_optional,YES,YES,YES,OPTIONAL,PRELOCK_OPTIONAL,5,NO,NO,MEDIUM,"Core enrichment needed before scoring: recent stats, standings and odds.",NO,NO
2026-07-11,2026-07-11T23:21:17+01:00,1526568,Ind. Juniors,Atletico FC,Liga Pro Serie B,P1_TRUSTED_MISSING_SCORING,DRY_RUN_ONLY_NO_API_CALLS,recent_stats; standings; odds; injuries_optional; lineups_prelock_optional,YES,YES,YES,OPTIONAL,PRELOCK_OPTIONAL,5,NO,NO,MEDIUM,"Core enrichment needed before scoring: recent stats, standings and odds.",NO,NO
2026-07-11,2026-07-11T23:21:17+01:00,1526570,San Antonio,Santo Domingo,Liga Pro Serie B,P1_TRUSTED_MISSING_SCORING,DRY_RUN_ONLY_NO_API_CALLS,recent_stats; standings; odds; injuries_optional; lineups_prelock_optional,YES,YES,YES,OPTIONAL,PRELOCK_OPTIONAL,5,NO,NO,MEDIUM,"Core enrichment needed before scoring: recent stats, standings and odds.",NO,NO
2026-07-11,2026-07-11T23:21:17+01:00,1582691,Cordino,Araioses,Maranhense - 2,P1_TRUSTED_MISSING_SCORING,DRY_RUN_ONLY_NO_API_CALLS,recent_stats; standings; odds; injuries_optional; lineups_prelock_optional,YES,YES,YES,OPTIONAL,PRELOCK_OPTIONAL,5,NO,NO,MEDIUM,"Core enrichment needed before scoring: recent stats, standings and odds.",NO,NO
2026-07-11,2026-07-11T23:21:17+01:00,1582692,Expressinho,Lago Verde,Maranhense - 2,P1_TRUSTED_MISSING_SCORING,DRY_RUN_ONLY_NO_API_CALLS,recent_stats; standings; odds; injuries_optional; lineups_prelock_optional,YES,YES,YES,OPTIONAL,PRELOCK_OPTIONAL,5,NO,NO,MEDIUM,"Core enrichment needed before scoring: recent stats, standings and odds.",NO,NO
2026-07-11,2026-07-11T23:21:17+01:00,1582693,Pinheiro,Sao Luis,Maranhense - 2,P1_TRUSTED_MISSING_SCORING,DRY_RUN_ONLY_NO_API_CALLS,recent_stats; standings; odds; injuries_optional; lineups_prelock_optional,YES,YES,YES,OPTIONAL,PRELOCK_OPTIONAL,5,NO,NO,MEDIUM,"Core enrichment needed before scoring: recent stats, standings and odds.",NO,NO
2026-07-11,2026-07-11T23:21:17+01:00,1582694,Tupan,Timon MA,Maranhense - 2,P1_TRUSTED_MISSING_SCORING,DRY_RUN_ONLY_NO_API_CALLS,recent_stats; standings; odds; injuries_optional; lineups_prelock_optional,YES,YES,YES,OPTIONAL,PRELOCK_OPTIONAL,5,NO,NO,MEDIUM,"Core enrichment needed before scoring: recent stats, standings and odds.",NO,NO
2026-07-11,2026-07-11T23:21:17+01:00,1513587,Nõmme United,Kuressaare,Meistriliiga,P1_TRUSTED_MISSING_SCORING,DRY_RUN_ONLY_NO_API_CALLS,recent_stats; standings; odds; injuries_optional; lineups_prelock_optional,YES,YES,YES,OPTIONAL,PRELOCK_OPTIONAL,5,NO,NO,MEDIUM,"Core enrichment needed before scoring: recent stats, standings and odds.",NO,NO
2026-07-11,2026-07-11T23:21:17+01:00,1513588,Vaprus,Tammeka,Meistriliiga,P1_TRUSTED_MISSING_SCORING,DRY_RUN_ONLY_NO_API_CALLS,recent_stats; standings; odds; injuries_optional; lineups_prelock_optional,YES,YES,YES,OPTIONAL,PRELOCK_OPTIONAL,5,NO,NO,MEDIUM,"Core enrichment needed before scoring: recent stats, standings and odds.",NO,NO
2026-07-11,2026-07-11T23:21:17+01:00,1523781,Edgeworth Eagles,Belmont Swansea,Northern NSW NPL,P1_TRUSTED_MISSING_SCORING,DRY_RUN_ONLY_NO_API_CALLS,recent_stats; standings; odds; injuries_optional; lineups_prelock_optional,YES,YES,YES,OPTIONAL,PRELOCK_OPTIONAL,5,NO,NO,MEDIUM,"Core enrichment needed before scoring: recent stats, standings and odds.",NO,NO
2026-07-11,2026-07-11T23:21:17+01:00,1534062,AFC Toronto W,Ottawa Rapid W,Northern Super League,P1_TRUSTED_MISSING_SCORING,DRY_RUN_ONLY_NO_API_CALLS,recent_stats; standings; odds; injuries_optional; lineups_prelock_optional,YES,YES,YES,OPTIONAL,PRELOCK_OPTIONAL,5,NO,NO,MEDIUM,"Core enrichment needed before scoring: recent stats, standings and odds.",NO,NO
2026-07-11,2026-07-11T23:21:17+01:00,1581347,America SP,José Bonifácio,Paulista Série B,P1_TRUSTED_MISSING_SCORING,DRY_RUN_ONLY_NO_API_CALLS,recent_stats; standings; odds; injuries_optional; lineups_prelock_optional,YES,YES,YES,OPTIONAL,PRELOCK_OPTIONAL,5,NO,NO,MEDIUM,"Core enrichment needed before scoring: recent stats, standings and odds.",NO,NO
2026-07-11,2026-07-11T23:21:17+01:00,1581348,Matonense,Flamengo SP,Paulista Série B,P1_TRUSTED_MISSING_SCORING,DRY_RUN_ONLY_NO_API_CALLS,recent_stats; standings; odds; injuries_optional; lineups_prelock_optional,YES,YES,YES,OPTIONAL,PRELOCK_OPTIONAL,5,NO,NO,MEDIUM,"Core enrichment needed before scoring: recent stats, standings and odds.",NO,NO
2026-07-11,2026-07-11T23:21:17+01:00,1581350,Uniao Mogi,Itaquá Athletico Clube,Paulista Série B,P1_TRUSTED_MISSING_SCORING,DRY_RUN_ONLY_NO_API_CALLS,recent_stats; standings; odds; injuries_optional; lineups_prelock_optional,YES,YES,YES,OPTIONAL,PRELOCK_OPTIONAL,5,NO,NO,MEDIUM,"Core enrichment needed before scoring: recent stats, standings and odds.",NO,NO
2026-07-11,2026-07-11T23:21:17+01:00,1492734,Galway United,Sligo Rovers,Premier Division,P1_TRUSTED_MISSING_SCORING,DRY_RUN_ONLY_NO_API_CALLS,recent_stats; standings; odds; injuries_optional; lineups_prelock_optional,YES,YES,YES,OPTIONAL,PRELOCK_OPTIONAL,5,NO,NO,MEDIUM,"Core enrichment needed before scoring: recent stats, standings and odds.",NO,NO
2026-07-11,2026-07-11T23:21:17+01:00,1525920,Baranovichi,Torpedo Zhodino,Premier League,P1_TRUSTED_MISSING_SCORING,DRY_RUN_ONLY_NO_API_CALLS,recent_stats; standings; odds; injuries_optional; lineups_prelock_optional,YES,YES,YES,OPTIONAL,PRELOCK_OPTIONAL,5,NO,NO,MEDIUM,"Core enrichment needed before scoring: recent stats, standings and odds.",NO,NO
2026-07-11,2026-07-11T23:21:17+01:00,1525923,Dinamo Brest,Slavia Mozyr,Premier League,P1_TRUSTED_MISSING_SCORING,DRY_RUN_ONLY_NO_API_CALLS,recent_stats; standings; odds; injuries_optional; lineups_prelock_optional,YES,YES,YES,OPTIONAL,PRELOCK_OPTIONAL,5,NO,NO,MEDIUM,"Core enrichment needed before scoring: recent stats, standings and odds.",NO,NO
2026-07-11,2026-07-11T23:21:17+01:00,1525921,Dinamo Minsk,Naftan,Premier League,P1_TRUSTED_MISSING_SCORING,DRY_RUN_ONLY_NO_API_CALLS,recent_stats; standings; odds; injuries_optional; lineups_prelock_optional,YES,YES,YES,OPTIONAL,PRELOCK_OPTIONAL,5,NO,NO,MEDIUM,"Core enrichment needed before scoring: recent stats, standings and odds.",NO,NO
2026-07-11,2026-07-11T23:21:17+01:00,1525924,FC Gomel,Neman,Premier League,P1_TRUSTED_MISSING_SCORING,DRY_RUN_ONLY_NO_API_CALLS,recent_stats; standings; odds; injuries_optional; lineups_prelock_optional,YES,YES,YES,OPTIONAL,PRELOCK_OPTIONAL,5,NO,NO,MEDIUM,"Core enrichment needed before scoring: recent stats, standings and odds.",NO,NO
2026-07-11,2026-07-11T23:21:17+01:00,1525925,FC Isloch Minsk R.,Bate Borisov,Premier League,P1_TRUSTED_MISSING_SCORING,DRY_RUN_ONLY_NO_API_CALLS,recent_stats; standings; odds; injuries_optional; lineups_prelock_optional,YES,YES,YES,OPTIONAL,PRELOCK_OPTIONAL,5,NO,NO,MEDIUM,"Core enrichment needed before scoring: recent stats, standings and odds.",NO,NO
2026-07-11,2026-07-11T23:21:17+01:00,1528020,Irtysh,Zhenys,Premier League,P1_TRUSTED_MISSING_SCORING,DRY_RUN_ONLY_NO_API_CALLS,recent_stats; standings; odds; injuries_optional; lineups_prelock_optional,YES,YES,YES,OPTIONAL,PRELOCK_OPTIONAL,5,NO,NO,MEDIUM,"Core enrichment needed before scoring: recent stats, standings and odds.",NO,NO
2026-07-11,2026-07-11T23:21:17+01:00,1528023,Kaspiy,Ordabasy,Premier League,P1_TRUSTED_MISSING_SCORING,DRY_RUN_ONLY_NO_API_CALLS,recent_stats; standings; odds; injuries_optional; lineups_prelock_optional,YES,YES,YES,OPTIONAL,PRELOCK_OPTIONAL,5,NO,NO,MEDIUM,"Core enrichment needed before scoring: recent stats, standings and odds.",NO,NO
2026-07-11,2026-07-11T23:21:17+01:00,1525926,ML Vitebsk,Belshina,Premier League,P1_TRUSTED_MISSING_SCORING,DRY_RUN_ONLY_NO_API_CALLS,recent_stats; standings; odds; injuries_optional; lineups_prelock_optional,YES,YES,YES,OPTIONAL,PRELOCK_OPTIONAL,5,NO,NO,MEDIUM,"Core enrichment needed before scoring: recent stats, standings and odds.",NO,NO
2026-07-11,2026-07-11T23:21:17+01:00,1543596,Tsirang,RTC,Premier League,P1_TRUSTED_MISSING_SCORING,DRY_RUN_ONLY_NO_API_CALLS,recent_stats; standings; odds; injuries_optional; lineups_prelock_optional,YES,YES,YES,OPTIONAL,PRELOCK_OPTIONAL,5,NO,NO,MEDIUM,"Core enrichment needed before scoring: recent stats, standings and odds.",NO,NO
2026-07-11,2026-07-11T23:21:17+01:00,1528025,Ulytau,Kaisar,Premier League,P1_TRUSTED_MISSING_SCORING,DRY_RUN_ONLY_NO_API_CALLS,recent_stats; standings; odds; injuries_optional; lineups_prelock_optional,YES,YES,YES,OPTIONAL,PRELOCK_OPTIONAL,5,NO,NO,MEDIUM,"Core enrichment needed before scoring: recent stats, standings and odds.",NO,NO
2026-07-11,2026-07-11T23:21:17+01:00,1528027,Zhetysu,Altay,Premier League,P1_TRUSTED_MISSING_SCORING,DRY_RUN_ONLY_NO_API_CALLS,recent_stats; standings; odds; injuries_optional; lineups_prelock_optional,YES,YES,YES,OPTIONAL,PRELOCK_OPTIONAL,5,NO,NO,MEDIUM,"Core enrichment needed before scoring: recent stats, standings and odds.",NO,NO
2026-07-11,2026-07-11T23:21:17+01:00,1581825,CAPS United,Ngezi Platinum,Premier Soccer League,P1_TRUSTED_MISSING_SCORING,DRY_RUN_ONLY_NO_API_CALLS,recent_stats; standings; odds; injuries_optional; lineups_prelock_optional,YES,YES,YES,OPTIONAL,PRELOCK_OPTIONAL,5,NO,NO,MEDIUM,"Core enrichment needed before scoring: recent stats, standings and odds.",NO,NO
2026-07-11,2026-07-11T23:21:17+01:00,1581826,Chicken Inn,Manica Diamonds,Premier Soccer League,P1_TRUSTED_MISSING_SCORING,DRY_RUN_ONLY_NO_API_CALLS,recent_stats; standings; odds; injuries_optional; lineups_prelock_optional,YES,YES,YES,OPTIONAL,PRELOCK_OPTIONAL,5,NO,NO,MEDIUM,"Core enrichment needed before scoring: recent stats, standings and odds.",NO,NO
2026-07-11,2026-07-11T23:21:17+01:00,1581829,Kariba,Hunters,Premier Soccer League,P1_TRUSTED_MISSING_SCORING,DRY_RUN_ONLY_NO_API_CALLS,recent_stats; standings; odds; injuries_optional; lineups_prelock_optional,YES,YES,YES,OPTIONAL,PRELOCK_OPTIONAL,5,NO,NO,MEDIUM,"Core enrichment needed before scoring: recent stats, standings and odds.",NO,NO
2026-07-11,2026-07-11T23:21:17+01:00,1581827,Platinum,Highlanders,Premier Soccer League,P1_TRUSTED_MISSING_SCORING,DRY_RUN_ONLY_NO_API_CALLS,recent_stats; standings; odds; injuries_optional; lineups_prelock_optional,YES,YES,YES,OPTIONAL,PRELOCK_OPTIONAL,5,NO,NO,MEDIUM,"Core enrichment needed before scoring: recent stats, standings and odds.",NO,NO
2026-07-11,2026-07-11T23:21:17+01:00,1581828,Simba Bhora,Bulawayo Chiefs,Premier Soccer League,P1_TRUSTED_MISSING_SCORING,DRY_RUN_ONLY_NO_API_CALLS,recent_stats; standings; odds; injuries_optional; lineups_prelock_optional,YES,YES,YES,OPTIONAL,PRELOCK_OPTIONAL,5,NO,NO,MEDIUM,"Core enrichment needed before scoring: recent stats, standings and odds.",NO,NO
2026-07-11,2026-07-11T23:21:17+01:00,1499981,Central Cordoba,Atletico Atlas,Primera C,P1_TRUSTED_MISSING_SCORING,DRY_RUN_ONLY_NO_API_CALLS,recent_stats; standings; odds; injuries_optional; lineups_prelock_optional,YES,YES,YES,OPTIONAL,PRELOCK_OPTIONAL,5,NO,NO,MEDIUM,"Core enrichment needed before scoring: recent stats, standings and odds.",NO,NO
2026-07-11,2026-07-11T23:21:17+01:00,1499982,Defensores de Cambaceres,Sacachispas,Primera C,P1_TRUSTED_MISSING_SCORING,DRY_RUN_ONLY_NO_API_CALLS,recent_stats; standings; odds; injuries_optional; lineups_prelock_optional,YES,YES,YES,OPTIONAL,PRELOCK_OPTIONAL,5,NO,NO,MEDIUM,"Core enrichment needed before scoring: recent stats, standings and odds.",NO,NO
2026-07-11,2026-07-11T23:21:17+01:00,1499983,Deportivo Español,Canuelas,Primera C,P1_TRUSTED_MISSING_SCORING,DRY_RUN_ONLY_NO_API_CALLS,recent_stats; standings; odds; injuries_optional; lineups_prelock_optional,YES,YES,YES,OPTIONAL,PRELOCK_OPTIONAL,5,NO,NO,MEDIUM,"Core enrichment needed before scoring: recent stats, standings and odds.",NO,NO
2026-07-11,2026-07-11T23:21:17+01:00,1499984,Deportivo Paraguayo,Berazategui,Primera C,P1_TRUSTED_MISSING_SCORING,DRY_RUN_ONLY_NO_API_CALLS,recent_stats; standings; odds; injuries_optional; lineups_prelock_optional,YES,YES,YES,OPTIONAL,PRELOCK_OPTIONAL,5,NO,NO,MEDIUM,"Core enrichment needed before scoring: recent stats, standings and odds.",NO,NO
2026-07-11,2026-07-11T23:21:17+01:00,1499985,El Porvenir,Lujan,Primera C,P1_TRUSTED_MISSING_SCORING,DRY_RUN_ONLY_NO_API_CALLS,recent_stats; standings; odds; injuries_optional; lineups_prelock_optional,YES,YES,YES,OPTIONAL,PRELOCK_OPTIONAL,5,NO,NO,MEDIUM,"Core enrichment needed before scoring: recent stats, standings and odds.",NO,NO
2026-07-11,2026-07-11T23:21:17+01:00,1499992,Yupanqui,Deportivo Muñiz,Primera C,P1_TRUSTED_MISSING_SCORING,DRY_RUN_ONLY_NO_API_CALLS,recent_stats; standings; odds; injuries_optional; lineups_prelock_optional,YES,YES,YES,OPTIONAL,PRELOCK_OPTIONAL,5,NO,NO,MEDIUM,"Core enrichment needed before scoring: recent stats, standings and odds.",NO,NO
2026-07-11,2026-07-11T23:21:17+01:00,1538399,Real Oruro,Gualberto Villarroel SJ,Primera División,P1_TRUSTED_MISSING_SCORING,DRY_RUN_ONLY_NO_API_CALLS,recent_stats; standings; odds; injuries_optional; lineups_prelock_optional,YES,YES,YES,OPTIONAL,PRELOCK_OPTIONAL,5,NO,NO,MEDIUM,"Core enrichment needed before scoring: recent stats, standings and odds.",NO,NO
2026-07-11,2026-07-11T23:21:17+01:00,1576789,Danubio,Club Nacional,Primera División - Apertura,P1_TRUSTED_MISSING_SCORING,DRY_RUN_ONLY_NO_API_CALLS,recent_stats; standings; odds; injuries_optional; lineups_prelock_optional,YES,YES,YES,OPTIONAL,PRELOCK_OPTIONAL,5,NO,NO,MEDIUM,"Core enrichment needed before scoring: recent stats, standings and odds.",NO,NO
2026-07-11,2026-07-11T23:21:17+01:00,1576788,Juventud,Atletico Torque,Primera División - Apertura,P1_TRUSTED_MISSING_SCORING,DRY_RUN_ONLY_NO_API_CALLS,recent_stats; standings; odds; injuries_optional; lineups_prelock_optional,YES,YES,YES,OPTIONAL,PRELOCK_OPTIONAL,5,NO,NO,MEDIUM,"Core enrichment needed before scoring: recent stats, standings and odds.",NO,NO
2026-07-11,2026-07-11T23:21:17+01:00,1576790,Wanderers,Progreso,Primera División - Apertura,P1_TRUSTED_MISSING_SCORING,DRY_RUN_ONLY_NO_API_CALLS,recent_stats; standings; odds; injuries_optional; lineups_prelock_optional,YES,YES,YES,OPTIONAL,PRELOCK_OPTIONAL,5,NO,NO,MEDIUM,"Core enrichment needed before scoring: recent stats, standings and odds.",NO,NO
2026-07-11,2026-07-11T23:21:17+01:00,1498632,All Boys,Almirante Brown,Primera Nacional,P1_TRUSTED_MISSING_SCORING,DRY_RUN_ONLY_NO_API_CALLS,recent_stats; standings; odds; injuries_optional; lineups_prelock_optional,YES,YES,YES,OPTIONAL,PRELOCK_OPTIONAL,5,NO,NO,MEDIUM,"Core enrichment needed before scoring: recent stats, standings and odds.",NO,NO
2026-07-11,2026-07-11T23:21:17+01:00,1498634,Atletico DE Rafaela,Deportivo Maipu,Primera Nacional,P1_TRUSTED_MISSING_SCORING,DRY_RUN_ONLY_NO_API_CALLS,recent_stats; standings; odds; injuries_optional; lineups_prelock_optional,YES,YES,YES,OPTIONAL,PRELOCK_OPTIONAL,5,NO,NO,MEDIUM,"Core enrichment needed before scoring: recent stats, standings and odds.",NO,NO
2026-07-11,2026-07-11T23:21:17+01:00,1498635,CA Estudiantes,Atletico Mitre,Primera Nacional,P1_TRUSTED_MISSING_SCORING,DRY_RUN_ONLY_NO_API_CALLS,recent_stats; standings; odds; injuries_optional; lineups_prelock_optional,YES,YES,YES,OPTIONAL,PRELOCK_OPTIONAL,5,NO,NO,MEDIUM,"Core enrichment needed before scoring: recent stats, standings and odds.",NO,NO
2026-07-11,2026-07-11T23:21:17+01:00,1498638,Deportivo Moron,Deportivo Madryn,Primera Nacional,P1_TRUSTED_MISSING_SCORING,DRY_RUN_ONLY_NO_API_CALLS,recent_stats; standings; odds; injuries_optional; lineups_prelock_optional,YES,YES,YES,OPTIONAL,PRELOCK_OPTIONAL,5,NO,NO,MEDIUM,"Core enrichment needed before scoring: recent stats, standings and odds.",NO,NO
2026-07-11,2026-07-11T23:21:17+01:00,1498642,Los Andes,Ciudad de Bolívar,Primera Nacional,P1_TRUSTED_MISSING_SCORING,DRY_RUN_ONLY_NO_API_CALLS,recent_stats; standings; odds; injuries_optional; lineups_prelock_optional,YES,YES,YES,OPTIONAL,PRELOCK_OPTIONAL,5,NO,NO,MEDIUM,"Core enrichment needed before scoring: recent stats, standings and odds.",NO,NO
2026-07-11,2026-07-11T23:21:17+01:00,1498646,San Miguel,Ferro Carril Oeste,Primera Nacional,P1_TRUSTED_MISSING_SCORING,DRY_RUN_ONLY_NO_API_CALLS,recent_stats; standings; odds; injuries_optional; lineups_prelock_optional,YES,YES,YES,OPTIONAL,PRELOCK_OPTIONAL,5,NO,NO,MEDIUM,"Core enrichment needed before scoring: recent stats, standings and odds.",NO,NO
2026-07-11,2026-07-11T23:21:17+01:00,1498647,San Telmo,Chaco For Ever,Primera Nacional,P1_TRUSTED_MISSING_SCORING,DRY_RUN_ONLY_NO_API_CALLS,recent_stats; standings; odds; injuries_optional; lineups_prelock_optional,YES,YES,YES,OPTIONAL,PRELOCK_OPTIONAL,5,NO,NO,MEDIUM,"Core enrichment needed before scoring: recent stats, standings and odds.",NO,NO
2026-07-11,2026-07-11T23:21:17+01:00,1498648,Tristan Suarez,Nueva Chicago,Primera Nacional,P1_TRUSTED_MISSING_SCORING,DRY_RUN_ONLY_NO_API_CALLS,recent_stats; standings; odds; injuries_optional; lineups_prelock_optional,YES,YES,YES,OPTIONAL,PRELOCK_OPTIONAL,5,NO,NO,MEDIUM,"Core enrichment needed before scoring: recent stats, standings and odds.",NO,NO
2026-07-11,2026-07-11T23:21:17+01:00,1584324,CA River Plate,Plaza Colonia,Segunda División,P1_TRUSTED_MISSING_SCORING,DRY_RUN_ONLY_NO_API_CALLS,recent_stats; standings; odds; injuries_optional; lineups_prelock_optional,YES,YES,YES,OPTIONAL,PRELOCK_OPTIONAL,5,NO,NO,MEDIUM,"Core enrichment needed before scoring: recent stats, standings and odds.",NO,NO
2026-07-11,2026-07-11T23:21:17+01:00,1529129,Concón National,Santiago City,Segunda División,P1_TRUSTED_MISSING_SCORING,DRY_RUN_ONLY_NO_API_CALLS,recent_stats; standings; odds; injuries_optional; lineups_prelock_optional,YES,YES,YES,OPTIONAL,PRELOCK_OPTIONAL,5,NO,NO,MEDIUM,"Core enrichment needed before scoring: recent stats, standings and odds.",NO,NO
2026-07-11,2026-07-11T23:21:17+01:00,1584325,Sportivo Huracan,Colón,Segunda División,P1_TRUSTED_MISSING_SCORING,DRY_RUN_ONLY_NO_API_CALLS,recent_stats; standings; odds; injuries_optional; lineups_prelock_optional,YES,YES,YES,OPTIONAL,PRELOCK_OPTIONAL,5,NO,NO,MEDIUM,"Core enrichment needed before scoring: recent stats, standings and odds.",NO,NO
2026-07-11,2026-07-11T23:21:17+01:00,1529132,Trasandino,Municipal Salamanca,Segunda División,P1_TRUSTED_MISSING_SCORING,DRY_RUN_ONLY_NO_API_CALLS,recent_stats; standings; odds; injuries_optional; lineups_prelock_optional,YES,YES,YES,OPTIONAL,PRELOCK_OPTIONAL,5,NO,NO,MEDIUM,"Core enrichment needed before scoring: recent stats, standings and odds.",NO,NO
2026-07-11,2026-07-11T23:21:17+01:00,1567819,Portuguesa,Marcílio Dias,Serie D,P1_TRUSTED_MISSING_SCORING,DRY_RUN_ONLY_NO_API_CALLS,recent_stats; standings; odds; injuries_optional; lineups_prelock_optional,YES,YES,YES,OPTIONAL,PRELOCK_OPTIONAL,5,NO,NO,MEDIUM,"Core enrichment needed before scoring: recent stats, standings and odds.",NO,NO
2026-07-11,2026-07-11T23:21:17+01:00,1567818,XV de Piracicaba,Cianorte,Serie D,P1_TRUSTED_MISSING_SCORING,DRY_RUN_ONLY_NO_API_CALLS,recent_stats; standings; odds; injuries_optional; lineups_prelock_optional,YES,YES,YES,OPTIONAL,PRELOCK_OPTIONAL,5,NO,NO,MEDIUM,"Core enrichment needed before scoring: recent stats, standings and odds.",NO,NO
2026-07-11,2026-07-11T23:21:17+01:00,1523200,Chengdu Better City,Chongqing Tongliang Long,Super League,P1_TRUSTED_MISSING_SCORING,DRY_RUN_ONLY_NO_API_CALLS,recent_stats; standings; odds; injuries_optional; lineups_prelock_optional,YES,YES,YES,OPTIONAL,PRELOCK_OPTIONAL,5,NO,NO,MEDIUM,"Core enrichment needed before scoring: recent stats, standings and odds.",NO,NO
2026-07-11,2026-07-11T23:21:17+01:00,1523197,Hangzhou Greentown,Qingdao Jonoon,Super League,P1_TRUSTED_MISSING_SCORING,DRY_RUN_ONLY_NO_API_CALLS,recent_stats; standings; odds; injuries_optional; lineups_prelock_optional,YES,YES,YES,OPTIONAL,PRELOCK_OPTIONAL,5,NO,NO,MEDIUM,"Core enrichment needed before scoring: recent stats, standings and odds.",NO,NO
2026-07-11,2026-07-11T23:21:17+01:00,1523198,Shanghai Shenhua,Beijing Guoan,Super League,P1_TRUSTED_MISSING_SCORING,DRY_RUN_ONLY_NO_API_CALLS,recent_stats; standings; odds; injuries_optional; lineups_prelock_optional,YES,YES,YES,OPTIONAL,PRELOCK_OPTIONAL,5,NO,NO,MEDIUM,"Core enrichment needed before scoring: recent stats, standings and odds.",NO,NO
2026-07-11,2026-07-11T23:21:17+01:00,1523199,Sichuan Jiuniu,Qingdao Youth Island,Super League,P1_TRUSTED_MISSING_SCORING,DRY_RUN_ONLY_NO_API_CALLS,recent_stats; standings; odds; injuries_optional; lineups_prelock_optional,YES,YES,YES,OPTIONAL,PRELOCK_OPTIONAL,5,NO,NO,MEDIUM,"Core enrichment needed before scoring: recent stats, standings and odds.",NO,NO
2026-07-11,2026-07-11T23:21:17+01:00,1523196,Wuhan Three Towns,Henan Jianye,Super League,P1_TRUSTED_MISSING_SCORING,DRY_RUN_ONLY_NO_API_CALLS,recent_stats; standings; odds; injuries_optional; lineups_prelock_optional,YES,YES,YES,OPTIONAL,PRELOCK_OPTIONAL,5,NO,NO,MEDIUM,"Core enrichment needed before scoring: recent stats, standings and odds.",NO,NO
2026-07-11,2026-07-11T23:21:17+01:00,1567857,CSF Bălți,Petrocub,Super Liga,P1_TRUSTED_MISSING_SCORING,DRY_RUN_ONLY_NO_API_CALLS,recent_stats; standings; odds; injuries_optional; lineups_prelock_optional,YES,YES,YES,OPTIONAL,PRELOCK_OPTIONAL,5,NO,NO,MEDIUM,"Core enrichment needed before scoring: recent stats, standings and odds.",NO,NO
2026-07-11,2026-07-11T23:21:17+01:00,1567856,Sireți,Politehnica UTM,Super Liga,P1_TRUSTED_MISSING_SCORING,DRY_RUN_ONLY_NO_API_CALLS,recent_stats; standings; odds; injuries_optional; lineups_prelock_optional,YES,YES,YES,OPTIONAL,PRELOCK_OPTIONAL,5,NO,NO,MEDIUM,"Core enrichment needed before scoring: recent stats, standings and odds.",NO,NO
2026-07-11,2026-07-11T23:21:17+01:00,1533048,Clarence Zebras II,Taroona,Tasmania Southern Championship,P1_TRUSTED_MISSING_SCORING,DRY_RUN_ONLY_NO_API_CALLS,recent_stats; standings; odds; injuries_optional; lineups_prelock_optional,YES,YES,YES,OPTIONAL,PRELOCK_OPTIONAL,5,NO,NO,MEDIUM,"Core enrichment needed before scoring: recent stats, standings and odds.",NO,NO
2026-07-11,2026-07-11T23:21:17+01:00,1530454,Atletico Escobar,Douglas Haig,Torneo Federal A,P1_TRUSTED_MISSING_SCORING,DRY_RUN_ONLY_NO_API_CALLS,recent_stats; standings; odds; injuries_optional; lineups_prelock_optional,YES,YES,YES,OPTIONAL,PRELOCK_OPTIONAL,5,NO,NO,MEDIUM,"Core enrichment needed before scoring: recent stats, standings and odds.",NO,NO
2026-07-11,2026-07-11T23:21:17+01:00,1530463,Juventud Unida Univ.,Cipolletti,Torneo Federal A,P1_TRUSTED_MISSING_SCORING,DRY_RUN_ONLY_NO_API_CALLS,recent_stats; standings; odds; injuries_optional; lineups_prelock_optional,YES,YES,YES,OPTIONAL,PRELOCK_OPTIONAL,5,NO,NO,MEDIUM,"Core enrichment needed before scoring: recent stats, standings and odds.",NO,NO
2026-07-11,2026-07-11T23:21:17+01:00,1530464,Santamarina,Alvarado,Torneo Federal A,P1_TRUSTED_MISSING_SCORING,DRY_RUN_ONLY_NO_API_CALLS,recent_stats; standings; odds; injuries_optional; lineups_prelock_optional,YES,YES,YES,OPTIONAL,PRELOCK_OPTIONAL,5,NO,NO,MEDIUM,"Core enrichment needed before scoring: recent stats, standings and odds.",NO,NO
2026-07-11,2026-07-11T23:21:17+01:00,1531219,Oakland Roots,Spokane Velocity,USL League One Cup,P1_TRUSTED_MISSING_SCORING,DRY_RUN_ONLY_NO_API_CALLS,recent_stats; standings; odds; injuries_optional; lineups_prelock_optional; context_manual_review,YES,YES,YES,OPTIONAL,PRELOCK_OPTIONAL,6,NO,NO,HIGH_CONTEXT_VOLATILITY,"Core enrichment needed before scoring: recent stats, standings and odds. Context/manual review needed due cup, friendly or playoff environment.",NO,NO
2026-07-11,2026-07-11T23:21:17+01:00,1525322,Birmingham Legion II,Montgomery United,USL League Two,P2_LOW_COVERAGE_SCORING,DRY_RUN_ONLY_NO_API_CALLS,recent_stats; standings; odds; coverage_probe,YES,YES,YES,NO,NO,4,NO,NO,HIGH_LOW_COVERAGE,Low-coverage league: dry-run recommends coverage probe before full enrichment.,NO,NO
2026-07-11,2026-07-11T23:21:17+01:00,1525329,Boston Bolts,Blackwatch Rush,USL League Two,P2_LOW_COVERAGE_SCORING,DRY_RUN_ONLY_NO_API_CALLS,recent_stats; standings; odds; coverage_probe,YES,YES,YES,NO,NO,4,NO,NO,HIGH_LOW_COVERAGE,Low-coverage league: dry-run recommends coverage probe before full enrichment.,NO,NO
2026-07-11,2026-07-11T23:21:17+01:00,1525325,Buffalo,Akron City,USL League Two,P2_LOW_COVERAGE_SCORING,DRY_RUN_ONLY_NO_API_CALLS,recent_stats; standings; odds; coverage_probe,YES,YES,YES,NO,NO,4,NO,NO,HIGH_LOW_COVERAGE,Low-coverage league: dry-run recommends coverage probe before full enrichment.,NO,NO
2026-07-11,2026-07-11T23:21:17+01:00,1525323,Lone Star II,Real Central New Jersey,USL League Two,P2_LOW_COVERAGE_SCORING,DRY_RUN_ONLY_NO_API_CALLS,recent_stats; standings; odds; coverage_probe,YES,YES,YES,NO,NO,4,NO,NO,HIGH_LOW_COVERAGE,Low-coverage league: dry-run recommends coverage probe before full enrichment.,NO,NO
2026-07-11,2026-07-11T23:21:17+01:00,1525321,New Jersey Copa,Westchester Flames,USL League Two,P2_LOW_COVERAGE_SCORING,DRY_RUN_ONLY_NO_API_CALLS,recent_stats; standings; odds; coverage_probe,YES,YES,YES,NO,NO,4,NO,NO,HIGH_LOW_COVERAGE,Low-coverage league: dry-run recommends coverage probe before full enrichment.,NO,NO
2026-07-11,2026-07-11T23:21:17+01:00,1525367,San Francisco City,Project 51O,USL League Two,P2_LOW_COVERAGE_SCORING,DRY_RUN_ONLY_NO_API_CALLS,recent_stats; standings; odds; coverage_probe,YES,YES,YES,NO,NO,4,NO,NO,HIGH_LOW_COVERAGE,Low-coverage league: dry-run recommends coverage probe before full enrichment.,NO,NO
2026-07-11,2026-07-11T23:21:17+01:00,1525326,Seacoast United Phantoms,AC Connecticut,USL League Two,P2_LOW_COVERAGE_SCORING,DRY_RUN_ONLY_NO_API_CALLS,recent_stats; standings; odds; coverage_probe,YES,YES,YES,NO,NO,4,NO,NO,HIGH_LOW_COVERAGE,Low-coverage league: dry-run recommends coverage probe before full enrichment.,NO,NO
2026-07-11,2026-07-11T23:21:17+01:00,1525331,Staten Island Athletic,Morris Elite,USL League Two,P2_LOW_COVERAGE_SCORING,DRY_RUN_ONLY_NO_API_CALLS,recent_stats; standings; odds; coverage_probe,YES,YES,YES,NO,NO,4,NO,NO,HIGH_LOW_COVERAGE,Low-coverage league: dry-run recommends coverage probe before full enrichment.,NO,NO
2026-07-11,2026-07-11T23:21:17+01:00,1525324,Sueno,Chicago Dutch Lions,USL League Two,P2_LOW_COVERAGE_SCORING,DRY_RUN_ONLY_NO_API_CALLS,recent_stats; standings; odds; coverage_probe,YES,YES,YES,NO,NO,4,NO,NO,HIGH_LOW_COVERAGE,Low-coverage league: dry-run recommends coverage probe before full enrichment.,NO,NO
2026-07-11,2026-07-11T23:21:17+01:00,1533743,Gyeongju W,Incheon Red Angels W,WK-League,P1_TRUSTED_MISSING_SCORING,DRY_RUN_ONLY_NO_API_CALLS,recent_stats; standings; odds; injuries_optional; lineups_prelock_optional,YES,YES,YES,OPTIONAL,PRELOCK_OPTIONAL,5,NO,NO,MEDIUM,"Core enrichment needed before scoring: recent stats, standings and odds.",NO,NO
2026-07-11,2026-07-11T23:21:17+01:00,1533744,Hwacheon KSPO W,Changnyeong W,WK-League,P1_TRUSTED_MISSING_SCORING,DRY_RUN_ONLY_NO_API_CALLS,recent_stats; standings; odds; injuries_optional; lineups_prelock_optional,YES,YES,YES,OPTIONAL,PRELOCK_OPTIONAL,5,NO,NO,MEDIUM,"Core enrichment needed before scoring: recent stats, standings and odds.",NO,NO
2026-07-11,2026-07-11T23:21:17+01:00,1527244,Sorrento,Fremantle City,Western Australia NPL,P1_TRUSTED_MISSING_SCORING,DRY_RUN_ONLY_NO_API_CALLS,recent_stats; standings; odds; injuries_optional; lineups_prelock_optional,YES,YES,YES,OPTIONAL,PRELOCK_OPTIONAL,5,NO,NO,MEDIUM,"Core enrichment needed before scoring: recent stats, standings and odds.",NO,NO
2026-07-11,2026-07-11T23:21:17+01:00,1535523,Cockburn City,Kingsley Westside,Western Australia State League 1,P1_TRUSTED_MISSING_SCORING,DRY_RUN_ONLY_NO_API_CALLS,recent_stats; standings; odds; injuries_optional; lineups_prelock_optional,YES,YES,YES,OPTIONAL,PRELOCK_OPTIONAL,5,NO,NO,MEDIUM,"Core enrichment needed before scoring: recent stats, standings and odds.",NO,NO
2026-07-11,2026-07-11T23:21:17+01:00,1535519,Curtin University,Floreat Athena,Western Australia State League 1,P1_TRUSTED_MISSING_SCORING,DRY_RUN_ONLY_NO_API_CALLS,recent_stats; standings; odds; injuries_optional; lineups_prelock_optional,YES,YES,YES,OPTIONAL,PRELOCK_OPTIONAL,5,NO,NO,MEDIUM,"Core enrichment needed before scoring: recent stats, standings and odds.",NO,NO
2026-07-11,2026-07-11T23:21:17+01:00,1535521,Joondalup City,Mandurah City,Western Australia State League 1,P1_TRUSTED_MISSING_SCORING,DRY_RUN_ONLY_NO_API_CALLS,recent_stats; standings; odds; injuries_optional; lineups_prelock_optional,YES,YES,YES,OPTIONAL,PRELOCK_OPTIONAL,5,NO,NO,MEDIUM,"Core enrichment needed before scoring: recent stats, standings and odds.",NO,NO
2026-07-11,2026-07-11T23:21:17+01:00,1535524,Quinns FC,UWA Nedlands,Western Australia State League 1,P1_TRUSTED_MISSING_SCORING,DRY_RUN_ONLY_NO_API_CALLS,recent_stats; standings; odds; injuries_optional; lineups_prelock_optional,YES,YES,YES,OPTIONAL,PRELOCK_OPTIONAL,5,NO,NO,MEDIUM,"Core enrichment needed before scoring: recent stats, standings and odds.",NO,NO
2026-07-11,2026-07-11T23:21:17+01:00,1581037,Norway,England,World Cup,P1_TRUSTED_MISSING_SCORING,DRY_RUN_ONLY_NO_API_CALLS,recent_stats; standings; odds; injuries_optional; lineups_prelock_optional; context_manual_review,YES,YES,YES,OPTIONAL,PRELOCK_OPTIONAL,6,NO,NO,HIGH_CONTEXT_VOLATILITY,"Core enrichment needed before scoring: recent stats, standings and odds. Context/manual review needed due cup, friendly or playoff environment.",NO,NO
2026-07-11,2026-07-11T23:21:17+01:00,1517211,JJK,KuPS Akatemia,Ykkönen,P1_TRUSTED_MISSING_SCORING,DRY_RUN_ONLY_NO_API_CALLS,recent_stats; standings; odds; injuries_optional; lineups_prelock_optional,YES,YES,YES,OPTIONAL,PRELOCK_OPTIONAL,5,NO,NO,MEDIUM,"Core enrichment needed before scoring: recent stats, standings and odds.",NO,NO
2026-07-11,2026-07-11T23:21:17+01:00,1517212,KPV-j,TPV,Ykkönen,P1_TRUSTED_MISSING_SCORING,DRY_RUN_ONLY_NO_API_CALLS,recent_stats; standings; odds; injuries_optional; lineups_prelock_optional,YES,YES,YES,OPTIONAL,PRELOCK_OPTIONAL,5,NO,NO,MEDIUM,"Core enrichment needed before scoring: recent stats, standings and odds.",NO,NO
2026-07-11,2026-07-11T23:21:17+01:00,1517210,PKKU,FC jazz,Ykkönen,P1_TRUSTED_MISSING_SCORING,DRY_RUN_ONLY_NO_API_CALLS,recent_stats; standings; odds; injuries_optional; lineups_prelock_optional,YES,YES,YES,OPTIONAL,PRELOCK_OPTIONAL,5,NO,NO,MEDIUM,"Core enrichment needed before scoring: recent stats, standings and odds.",NO,NO
2026-07-11,2026-07-11T23:21:17+01:00,1517213,VJS,OLS,Ykkönen,P1_TRUSTED_MISSING_SCORING,DRY_RUN_ONLY_NO_API_CALLS,recent_stats; standings; odds; injuries_optional; lineups_prelock_optional,YES,YES,YES,OPTIONAL,PRELOCK_OPTIONAL,5,NO,NO,MEDIUM,"Core enrichment needed before scoring: recent stats, standings and odds.",NO,NO
2026-07-11,2026-07-11T23:21:17+01:00,1504258,Haka,EIF,Ykkösliiga,P1_TRUSTED_MISSING_SCORING,DRY_RUN_ONLY_NO_API_CALLS,recent_stats; standings; odds; injuries_optional; lineups_prelock_optional,YES,YES,YES,OPTIONAL,PRELOCK_OPTIONAL,5,NO,NO,MEDIUM,"Core enrichment needed before scoring: recent stats, standings and odds.",NO,NO
2026-07-11,2026-07-11T23:21:17+01:00,1504260,Klubi-04,JIPPO,Ykkösliiga,P1_TRUSTED_MISSING_SCORING,DRY_RUN_ONLY_NO_API_CALLS,recent_stats; standings; odds; injuries_optional; lineups_prelock_optional,YES,YES,YES,OPTIONAL,PRELOCK_OPTIONAL,5,NO,NO,MEDIUM,"Core enrichment needed before scoring: recent stats, standings and odds.",NO,NO
2026-07-11,2026-07-11T23:21:17+01:00,1504259,SJK Akatemia,MP,Ykkösliiga,P1_TRUSTED_MISSING_SCORING,DRY_RUN_ONLY_NO_API_CALLS,recent_stats; standings; odds; injuries_optional; lineups_prelock_optional,YES,YES,YES,OPTIONAL,PRELOCK_OPTIONAL,5,NO,NO,MEDIUM,"Core enrichment needed before scoring: recent stats, standings and odds.",NO,NO
2026-07-11,2026-07-11T23:21:17+01:00,1554894,AFC Fylde,Blackpool,Friendlies Clubs,P2_LOW_COVERAGE_SCORING,DRY_RUN_ONLY_NO_API_CALLS,recent_stats; standings; odds; coverage_probe; context_manual_review,YES,YES,YES,NO,NO,5,NO,NO,HIGH_LOW_COVERAGE,"Low-coverage league: dry-run recommends coverage probe before full enrichment. Context/manual review needed due cup, friendly or playoff environment.",NO,NO
2026-07-11,2026-07-11T23:21:17+01:00,1546657,AFC Totton,Sutton Utd,Friendlies Clubs,P2_LOW_COVERAGE_SCORING,DRY_RUN_ONLY_NO_API_CALLS,recent_stats; standings; odds; coverage_probe; context_manual_review,YES,YES,YES,NO,NO,5,NO,NO,HIGH_LOW_COVERAGE,"Low-coverage league: dry-run recommends coverage probe before full enrichment. Context/manual review needed due cup, friendly or playoff environment.",NO,NO
2026-07-11,2026-07-11T23:21:17+01:00,1583251,AVS,Chaves,Friendlies Clubs,P2_LOW_COVERAGE_SCORING,DRY_RUN_ONLY_NO_API_CALLS,recent_stats; standings; odds; coverage_probe; context_manual_review,YES,YES,YES,NO,NO,5,NO,NO,HIGH_LOW_COVERAGE,"Low-coverage league: dry-run recommends coverage probe before full enrichment. Context/manual review needed due cup, friendly or playoff environment.",NO,NO
2026-07-11,2026-07-11T23:21:17+01:00,1554854,AZ Alkmaar,Almere City FC,Friendlies Clubs,P2_LOW_COVERAGE_SCORING,DRY_RUN_ONLY_NO_API_CALLS,recent_stats; standings; odds; coverage_probe; context_manual_review,YES,YES,YES,NO,NO,5,NO,NO,HIGH_LOW_COVERAGE,"Low-coverage league: dry-run recommends coverage probe before full enrichment. Context/manual review needed due cup, friendly or playoff environment.",NO,NO
2026-07-11,2026-07-11T23:21:17+01:00,1546656,Accrington ST,Blackburn,Friendlies Clubs,P2_LOW_COVERAGE_SCORING,DRY_RUN_ONLY_NO_API_CALLS,recent_stats; standings; odds; coverage_probe; context_manual_review,YES,YES,YES,NO,NO,5,NO,NO,HIGH_LOW_COVERAGE,"Low-coverage league: dry-run recommends coverage probe before full enrichment. Context/manual review needed due cup, friendly or playoff environment.",NO,NO
2026-07-11,2026-07-11T23:21:17+01:00,1554853,Akron,Fakel,Friendlies Clubs,P2_LOW_COVERAGE_SCORING,DRY_RUN_ONLY_NO_API_CALLS,recent_stats; standings; odds; coverage_probe; context_manual_review,YES,YES,YES,NO,NO,5,NO,NO,HIGH_LOW_COVERAGE,"Low-coverage league: dry-run recommends coverage probe before full enrichment. Context/manual review needed due cup, friendly or playoff environment.",NO,NO
2026-07-11,2026-07-11T23:21:17+01:00,1548824,Alfreton Town,Burton Albion,Friendlies Clubs,P2_LOW_COVERAGE_SCORING,DRY_RUN_ONLY_NO_API_CALLS,recent_stats; standings; odds; coverage_probe; context_manual_review,YES,YES,YES,NO,NO,5,NO,NO,HIGH_LOW_COVERAGE,"Low-coverage league: dry-run recommends coverage probe before full enrichment. Context/manual review needed due cup, friendly or playoff environment.",NO,NO
2026-07-11,2026-07-11T23:21:17+01:00,1584802,Altglienicke,Phönix Lübeck,Friendlies Clubs,P2_LOW_COVERAGE_SCORING,DRY_RUN_ONLY_NO_API_CALLS,recent_stats; standings; odds; coverage_probe; context_manual_review,YES,YES,YES,NO,NO,5,NO,NO,HIGH_LOW_COVERAGE,"Low-coverage league: dry-run recommends coverage probe before full enrichment. Context/manual review needed due cup, friendly or playoff environment.",NO,NO
2026-07-11,2026-07-11T23:21:17+01:00,1546658,Alvechurch,Solihull Moors,Friendlies Clubs,P2_LOW_COVERAGE_SCORING,DRY_RUN_ONLY_NO_API_CALLS,recent_stats; standings; odds; coverage_probe; context_manual_review,YES,YES,YES,NO,NO,5,NO,NO,HIGH_LOW_COVERAGE,"Low-coverage league: dry-run recommends coverage probe before full enrichment. Context/manual review needed due cup, friendly or playoff environment.",NO,NO
2026-07-11,2026-07-11T23:21:17+01:00,1554916,Amiens,Gobelins,Friendlies Clubs,P2_LOW_COVERAGE_SCORING,DRY_RUN_ONLY_NO_API_CALLS,recent_stats; standings; odds; coverage_probe; context_manual_review,YES,YES,YES,NO,NO,5,NO,NO,HIGH_LOW_COVERAGE,"Low-coverage league: dry-run recommends coverage probe before full enrichment. Context/manual review needed due cup, friendly or playoff environment.",NO,NO
2026-07-11,2026-07-11T23:21:17+01:00,1548810,Ammerthal,Bayreuth,Friendlies Clubs,P2_LOW_COVERAGE_SCORING,DRY_RUN_ONLY_NO_API_CALLS,recent_stats; standings; odds; coverage_probe; context_manual_review,YES,YES,YES,NO,NO,5,NO,NO,HIGH_LOW_COVERAGE,"Low-coverage league: dry-run recommends coverage probe before full enrichment. Context/manual review needed due cup, friendly or playoff environment.",NO,NO
2026-07-11,2026-07-11T23:21:17+01:00,1546665,Ansbach,1. FC Nürnberg,Friendlies Clubs,P2_LOW_COVERAGE_SCORING,DRY_RUN_ONLY_NO_API_CALLS,recent_stats; standings; odds; coverage_probe; context_manual_review,YES,YES,YES,NO,NO,5,NO,NO,HIGH_LOW_COVERAGE,"Low-coverage league: dry-run recommends coverage probe before full enrichment. Context/manual review needed due cup, friendly or playoff environment.",NO,NO
2026-07-11,2026-07-11T23:21:17+01:00,1584779,Ararat,Van,Friendlies Clubs,P2_LOW_COVERAGE_SCORING,DRY_RUN_ONLY_NO_API_CALLS,recent_stats; standings; odds; coverage_probe; context_manual_review,YES,YES,YES,NO,NO,5,NO,NO,HIGH_LOW_COVERAGE,"Low-coverage league: dry-run recommends coverage probe before full enrichment. Context/manual review needed due cup, friendly or playoff environment.",NO,NO
2026-07-11,2026-07-11T23:21:17+01:00,1560571,Arka Gdynia,Olimpia Grudziądz,Friendlies Clubs,P2_LOW_COVERAGE_SCORING,DRY_RUN_ONLY_NO_API_CALLS,recent_stats; standings; odds; coverage_probe; context_manual_review,YES,YES,YES,NO,NO,5,NO,NO,HIGH_LOW_COVERAGE,"Low-coverage league: dry-run recommends coverage probe before full enrichment. Context/manual review needed due cup, friendly or playoff environment.",NO,NO
2026-07-11,2026-07-11T23:21:17+01:00,1583283,Ashford Town (Middlesex),Chertsey Town,Friendlies Clubs,P2_LOW_COVERAGE_SCORING,DRY_RUN_ONLY_NO_API_CALLS,recent_stats; standings; odds; coverage_probe; context_manual_review,YES,YES,YES,NO,NO,5,NO,NO,HIGH_LOW_COVERAGE,"Low-coverage league: dry-run recommends coverage probe before full enrichment. Context/manual review needed due cup, friendly or playoff environment.",NO,NO
2026-07-11,2026-07-11T23:21:17+01:00,1562910,Atlas Delmenhorst,Havelse,Friendlies Clubs,P2_LOW_COVERAGE_SCORING,DRY_RUN_ONLY_NO_API_CALLS,recent_stats; standings; odds; coverage_probe; context_manual_review,YES,YES,YES,NO,NO,5,NO,NO,HIGH_LOW_COVERAGE,"Low-coverage league: dry-run recommends coverage probe before full enrichment. Context/manual review needed due cup, friendly or playoff environment.",NO,NO
2026-07-11,2026-07-11T23:21:17+01:00,1583260,Aubstadt,Barockstadt Fulda-Lehn.,Friendlies Clubs,P2_LOW_COVERAGE_SCORING,DRY_RUN_ONLY_NO_API_CALLS,recent_stats; standings; odds; coverage_probe; context_manual_review,YES,YES,YES,NO,NO,5,NO,NO,HIGH_LOW_COVERAGE,"Low-coverage league: dry-run recommends coverage probe before full enrichment. Context/manual review needed due cup, friendly or playoff environment.",NO,NO
2026-07-11,2026-07-11T23:21:17+01:00,1584786,Austria Klagenfurt,Voitsberg,Friendlies Clubs,P2_LOW_COVERAGE_SCORING,DRY_RUN_ONLY_NO_API_CALLS,recent_stats; standings; odds; coverage_probe; context_manual_review,YES,YES,YES,NO,NO,5,NO,NO,HIGH_LOW_COVERAGE,"Low-coverage league: dry-run recommends coverage probe before full enrichment. Context/manual review needed due cup, friendly or playoff environment.",NO,NO
2026-07-11,2026-07-11T23:21:17+01:00,1560592,Austria Salzburg,Wacker Burghausen,Friendlies Clubs,P2_LOW_COVERAGE_SCORING,DRY_RUN_ONLY_NO_API_CALLS,recent_stats; standings; odds; coverage_probe; context_manual_review,YES,YES,YES,NO,NO,5,NO,NO,HIGH_LOW_COVERAGE,"Low-coverage league: dry-run recommends coverage probe before full enrichment. Context/manual review needed due cup, friendly or playoff environment.",NO,NO
2026-07-11,2026-07-11T23:21:17+01:00,1583256,Baden,Rotkreuz,Friendlies Clubs,P2_LOW_COVERAGE_SCORING,DRY_RUN_ONLY_NO_API_CALLS,recent_stats; standings; odds; coverage_probe; context_manual_review,YES,YES,YES,NO,NO,5,NO,NO,HIGH_LOW_COVERAGE,"Low-coverage league: dry-run recommends coverage probe before full enrichment. Context/manual review needed due cup, friendly or playoff environment.",NO,NO
2026-07-11,2026-07-11T23:21:17+01:00,1548827,Ballyclare Comrades,Ballymena United,Friendlies Clubs,P2_LOW_COVERAGE_SCORING,DRY_RUN_ONLY_NO_API_CALLS,recent_stats; standings; odds; coverage_probe; context_manual_review,YES,YES,YES,NO,NO,5,NO,NO,HIGH_LOW_COVERAGE,"Low-coverage league: dry-run recommends coverage probe before full enrichment. Context/manual review needed due cup, friendly or playoff environment.",NO,NO
2026-07-11,2026-07-11T23:21:17+01:00,1584819,Ballymacash Rangers,Newington Youth,Friendlies Clubs,P2_LOW_COVERAGE_SCORING,DRY_RUN_ONLY_NO_API_CALLS,recent_stats; standings; odds; coverage_probe; context_manual_review,YES,YES,YES,NO,NO,5,NO,NO,HIGH_LOW_COVERAGE,"Low-coverage league: dry-run recommends coverage probe before full enrichment. Context/manual review needed due cup, friendly or playoff environment.",NO,NO
2026-07-11,2026-07-11T23:21:17+01:00,1554855,Bamber Bridge,Fleetwood Town,Friendlies Clubs,P2_LOW_COVERAGE_SCORING,DRY_RUN_ONLY_NO_API_CALLS,recent_stats; standings; odds; coverage_probe; context_manual_review,YES,YES,YES,NO,NO,5,NO,NO,HIGH_LOW_COVERAGE,"Low-coverage league: dry-run recommends coverage probe before full enrichment. Context/manual review needed due cup, friendly or playoff environment.",NO,NO
2026-07-11,2026-07-11T23:21:17+01:00,1560567,Baník Lehota p.Vtáčnikom,Hanácká,Friendlies Clubs,P2_LOW_COVERAGE_SCORING,DRY_RUN_ONLY_NO_API_CALLS,recent_stats; standings; odds; coverage_probe; context_manual_review,YES,YES,YES,NO,NO,5,NO,NO,HIGH_LOW_COVERAGE,"Low-coverage league: dry-run recommends coverage probe before full enrichment. Context/manual review needed due cup, friendly or playoff environment.",NO,NO
2026-07-11,2026-07-11T23:21:17+01:00,1550559,Barrow,Workington,Friendlies Clubs,P2_LOW_COVERAGE_SCORING,DRY_RUN_ONLY_NO_API_CALLS,recent_stats; standings; odds; coverage_probe; context_manual_review,YES,YES,YES,NO,NO,5,NO,NO,HIGH_LOW_COVERAGE,"Low-coverage league: dry-run recommends coverage probe before full enrichment. Context/manual review needed due cup, friendly or playoff environment.",NO,NO
2026-07-11,2026-07-11T23:21:17+01:00,1567603,Barycz Sułów,Lechia Zielona Góra,Friendlies Clubs,P2_LOW_COVERAGE_SCORING,DRY_RUN_ONLY_NO_API_CALLS,recent_stats; standings; odds; coverage_probe; context_manual_review,YES,YES,YES,NO,NO,5,NO,NO,HIGH_LOW_COVERAGE,"Low-coverage league: dry-run recommends coverage probe before full enrichment. Context/manual review needed due cup, friendly or playoff environment.",NO,NO
2026-07-11,2026-07-11T23:21:17+01:00,1560593,Bedford Town,Berkhamsted,Friendlies Clubs,P2_LOW_COVERAGE_SCORING,DRY_RUN_ONLY_NO_API_CALLS,recent_stats; standings; odds; coverage_probe; context_manual_review,YES,YES,YES,NO,NO,5,NO,NO,HIGH_LOW_COVERAGE,"Low-coverage league: dry-run recommends coverage probe before full enrichment. Context/manual review needed due cup, friendly or playoff environment.",NO,NO
2026-07-11,2026-07-11T23:21:17+01:00,1560598,Benfica,Flamengo,Friendlies Clubs,P2_LOW_COVERAGE_SCORING,DRY_RUN_ONLY_NO_API_CALLS,recent_stats; standings; odds; coverage_probe; context_manual_review,YES,YES,YES,NO,NO,5,NO,NO,HIGH_LOW_COVERAGE,"Low-coverage league: dry-run recommends coverage probe before full enrichment. Context/manual review needed due cup, friendly or playoff environment.",NO,NO
2026-07-11,2026-07-11T23:21:17+01:00,1584795,Benfica B,Sintrense,Friendlies Clubs,P2_LOW_COVERAGE_SCORING,DRY_RUN_ONLY_NO_API_CALLS,recent_stats; standings; odds; coverage_probe; context_manual_review,YES,YES,YES,NO,NO,5,NO,NO,HIGH_LOW_COVERAGE,"Low-coverage league: dry-run recommends coverage probe before full enrichment. Context/manual review needed due cup, friendly or playoff environment.",NO,NO
2026-07-11,2026-07-11T23:21:17+01:00,1584806,Bełchatów,Polonia Nysa,Friendlies Clubs,P2_LOW_COVERAGE_SCORING,DRY_RUN_ONLY_NO_API_CALLS,recent_stats; standings; odds; coverage_probe; context_manual_review,YES,YES,YES,NO,NO,5,NO,NO,HIGH_LOW_COVERAGE,"Low-coverage league: dry-run recommends coverage probe before full enrichment. Context/manual review needed due cup, friendly or playoff environment.",NO,NO
2026-07-11,2026-07-11T23:21:17+01:00,1583278,Biemenhorst,FC Bocholt,Friendlies Clubs,P2_LOW_COVERAGE_SCORING,DRY_RUN_ONLY_NO_API_CALLS,recent_stats; standings; odds; coverage_probe; context_manual_review,YES,YES,YES,NO,NO,5,NO,NO,HIGH_LOW_COVERAGE,"Low-coverage league: dry-run recommends coverage probe before full enrichment. Context/manual review needed due cup, friendly or playoff environment.",NO,NO
2026-07-11,2026-07-11T23:21:17+01:00,1567595,Bihor Oradea,NK Varazdin,Friendlies Clubs,P2_LOW_COVERAGE_SCORING,DRY_RUN_ONLY_NO_API_CALLS,recent_stats; standings; odds; coverage_probe; context_manual_review,YES,YES,YES,NO,NO,5,NO,NO,HIGH_LOW_COVERAGE,"Low-coverage league: dry-run recommends coverage probe before full enrichment. Context/manual review needed due cup, friendly or playoff environment.",NO,NO
2026-07-11,2026-07-11T23:21:17+01:00,1584820,Bishop's Stortford,Chelmsford City,Friendlies Clubs,P2_LOW_COVERAGE_SCORING,DRY_RUN_ONLY_NO_API_CALLS,recent_stats; standings; odds; coverage_probe; context_manual_review,YES,YES,YES,NO,NO,5,NO,NO,HIGH_LOW_COVERAGE,"Low-coverage league: dry-run recommends coverage probe before full enrichment. Context/manual review needed due cup, friendly or playoff environment.",NO,NO
2026-07-11,2026-07-11T23:21:17+01:00,1550553,Bissingen,SG Sonnenhof Grossaspach,Friendlies Clubs,P2_LOW_COVERAGE_SCORING,DRY_RUN_ONLY_NO_API_CALLS,recent_stats; standings; odds; coverage_probe; context_manual_review,YES,YES,YES,NO,NO,5,NO,NO,HIGH_LOW_COVERAGE,"Low-coverage league: dry-run recommends coverage probe before full enrichment. Context/manual review needed due cup, friendly or playoff environment.",NO,NO
2026-07-11,2026-07-11T23:21:17+01:00,1546659,Boreham Wood,Watford,Friendlies Clubs,P2_LOW_COVERAGE_SCORING,DRY_RUN_ONLY_NO_API_CALLS,recent_stats; standings; odds; coverage_probe; context_manual_review,YES,YES,YES,NO,NO,5,NO,NO,HIGH_LOW_COVERAGE,"Low-coverage league: dry-run recommends coverage probe before full enrichment. Context/manual review needed due cup, friendly or playoff environment.",NO,NO
2026-07-11,2026-07-11T23:21:17+01:00,1547948,Boston United,Lincoln,Friendlies Clubs,P2_LOW_COVERAGE_SCORING,DRY_RUN_ONLY_NO_API_CALLS,recent_stats; standings; odds; coverage_probe; context_manual_review,YES,YES,YES,NO,NO,5,NO,NO,HIGH_LOW_COVERAGE,"Low-coverage league: dry-run recommends coverage probe before full enrichment. Context/manual review needed due cup, friendly or playoff environment.",NO,NO
2026-07-11,2026-07-11T23:21:17+01:00,1554895,Bravo,Karpaty,Friendlies Clubs,P2_LOW_COVERAGE_SCORING,DRY_RUN_ONLY_NO_API_CALLS,recent_stats; standings; odds; coverage_probe; context_manual_review,YES,YES,YES,NO,NO,5,NO,NO,HIGH_LOW_COVERAGE,"Low-coverage league: dry-run recommends coverage probe before full enrichment. Context/manual review needed due cup, friendly or playoff environment.",NO,NO
2026-07-11,2026-07-11T23:21:17+01:00,1554856,Bremer SV,Altona 93,Friendlies Clubs,P2_LOW_COVERAGE_SCORING,DRY_RUN_ONLY_NO_API_CALLS,recent_stats; standings; odds; coverage_probe; context_manual_review,YES,YES,YES,NO,NO,5,NO,NO,HIGH_LOW_COVERAGE,"Low-coverage league: dry-run recommends coverage probe before full enrichment. Context/manual review needed due cup, friendly or playoff environment.",NO,NO
2026-07-11,2026-07-11T23:21:17+01:00,1554896,Brightlingsea Regent,Braintree,Friendlies Clubs,P2_LOW_COVERAGE_SCORING,DRY_RUN_ONLY_NO_API_CALLS,recent_stats; standings; odds; coverage_probe; context_manual_review,YES,YES,YES,NO,NO,5,NO,NO,HIGH_LOW_COVERAGE,"Low-coverage league: dry-run recommends coverage probe before full enrichment. Context/manual review needed due cup, friendly or playoff environment.",NO,NO
2026-07-11,2026-07-11T23:21:17+01:00,1546640,Brondby,Odense,Friendlies Clubs,P2_LOW_COVERAGE_SCORING,DRY_RUN_ONLY_NO_API_CALLS,recent_stats; standings; odds; coverage_probe; context_manual_review,YES,YES,YES,NO,NO,5,NO,NO,HIGH_LOW_COVERAGE,"Low-coverage league: dry-run recommends coverage probe before full enrichment. Context/manual review needed due cup, friendly or playoff environment.",NO,NO
2026-07-11,2026-07-11T23:21:17+01:00,1546641,Broxburn Athletic,Clydebank,Friendlies Clubs,P2_LOW_COVERAGE_SCORING,DRY_RUN_ONLY_NO_API_CALLS,recent_stats; standings; odds; coverage_probe; context_manual_review,YES,YES,YES,NO,NO,5,NO,NO,HIGH_LOW_COVERAGE,"Low-coverage league: dry-run recommends coverage probe before full enrichment. Context/manual review needed due cup, friendly or playoff environment.",NO,NO
2026-07-11,2026-07-11T23:21:17+01:00,1560569,Brønshøj,Fremad Amager,Friendlies Clubs,P2_LOW_COVERAGE_SCORING,DRY_RUN_ONLY_NO_API_CALLS,recent_stats; standings; odds; coverage_probe; context_manual_review,YES,YES,YES,NO,NO,5,NO,NO,HIGH_LOW_COVERAGE,"Low-coverage league: dry-run recommends coverage probe before full enrichment. Context/manual review needed due cup, friendly or playoff environment.",NO,NO
2026-07-11,2026-07-11T23:21:17+01:00,1583262,Buducnost Podgorica,Mladost Lucani,Friendlies Clubs,P2_LOW_COVERAGE_SCORING,DRY_RUN_ONLY_NO_API_CALLS,recent_stats; standings; odds; coverage_probe; context_manual_review,YES,YES,YES,NO,NO,5,NO,NO,HIGH_LOW_COVERAGE,"Low-coverage league: dry-run recommends coverage probe before full enrichment. Context/manual review needed due cup, friendly or playoff environment.",NO,NO
2026-07-11,2026-07-11T23:21:17+01:00,1567610,Büderich,Hilden,Friendlies Clubs,P2_LOW_COVERAGE_SCORING,DRY_RUN_ONLY_NO_API_CALLS,recent_stats; standings; odds; coverage_probe; context_manual_review,YES,YES,YES,NO,NO,5,NO,NO,HIGH_LOW_COVERAGE,"Low-coverage league: dry-run recommends coverage probe before full enrichment. Context/manual review needed due cup, friendly or playoff environment.",NO,NO
2026-07-11,2026-07-11T23:21:17+01:00,1584801,CS Afumati,CSA Steaua Bucureşti,Friendlies Clubs,P2_LOW_COVERAGE_SCORING,DRY_RUN_ONLY_NO_API_CALLS,recent_stats; standings; odds; coverage_probe; context_manual_review,YES,YES,YES,NO,NO,5,NO,NO,HIGH_LOW_COVERAGE,"Low-coverage league: dry-run recommends coverage probe before full enrichment. Context/manual review needed due cup, friendly or playoff environment.",NO,NO
2026-07-11,2026-07-11T23:21:17+01:00,1546642,Cambridge City,Cambridge United,Friendlies Clubs,P2_LOW_COVERAGE_SCORING,DRY_RUN_ONLY_NO_API_CALLS,recent_stats; standings; odds; coverage_probe; context_manual_review,YES,YES,YES,NO,NO,5,NO,NO,HIGH_LOW_COVERAGE,"Low-coverage league: dry-run recommends coverage probe before full enrichment. Context/manual review needed due cup, friendly or playoff environment.",NO,NO
2026-07-11,2026-07-11T23:21:17+01:00,1546639,Cardiff,FC Midtjylland,Friendlies Clubs,P2_LOW_COVERAGE_SCORING,DRY_RUN_ONLY_NO_API_CALLS,recent_stats; standings; odds; coverage_probe; context_manual_review,YES,YES,YES,NO,NO,5,NO,NO,HIGH_LOW_COVERAGE,"Low-coverage league: dry-run recommends coverage probe before full enrichment. Context/manual review needed due cup, friendly or playoff environment.",NO,NO
2026-07-11,2026-07-11T23:21:17+01:00,1584821,Carshalton Athletic,Hampton & Richmond,Friendlies Clubs,P2_LOW_COVERAGE_SCORING,DRY_RUN_ONLY_NO_API_CALLS,recent_stats; standings; odds; coverage_probe; context_manual_review,YES,YES,YES,NO,NO,5,NO,NO,HIGH_LOW_COVERAGE,"Low-coverage league: dry-run recommends coverage probe before full enrichment. Context/manual review needed due cup, friendly or playoff environment.",NO,NO
2026-07-11,2026-07-11T23:21:17+01:00,1567589,Cercle Brugge,Lommel United,Friendlies Clubs,P2_LOW_COVERAGE_SCORING,DRY_RUN_ONLY_NO_API_CALLS,recent_stats; standings; odds; coverage_probe; context_manual_review,YES,YES,YES,NO,NO,5,NO,NO,HIGH_LOW_COVERAGE,"Low-coverage league: dry-run recommends coverage probe before full enrichment. Context/manual review needed due cup, friendly or playoff environment.",NO,NO
2026-07-11,2026-07-11T23:21:17+01:00,1562902,Charleroi,Reims,Friendlies Clubs,P2_LOW_COVERAGE_SCORING,DRY_RUN_ONLY_NO_API_CALLS,recent_stats; standings; odds; coverage_probe; context_manual_review,YES,YES,YES,NO,NO,5,NO,NO,HIGH_LOW_COVERAGE,"Low-coverage league: dry-run recommends coverage probe before full enrichment. Context/manual review needed due cup, friendly or playoff environment.",NO,NO
2026-07-11,2026-07-11T23:21:17+01:00,1554857,Chemnitzer FC,FC Schweinfurt 05,Friendlies Clubs,P2_LOW_COVERAGE_SCORING,DRY_RUN_ONLY_NO_API_CALLS,recent_stats; standings; odds; coverage_probe; context_manual_review,YES,YES,YES,NO,NO,5,NO,NO,HIGH_LOW_COVERAGE,"Low-coverage league: dry-run recommends coverage probe before full enrichment. Context/manual review needed due cup, friendly or playoff environment.",NO,NO
2026-07-11,2026-07-11T23:21:17+01:00,1560573,Cherno More Varna,Dunav Ruse,Friendlies Clubs,P2_LOW_COVERAGE_SCORING,DRY_RUN_ONLY_NO_API_CALLS,recent_stats; standings; odds; coverage_probe; context_manual_review,YES,YES,YES,NO,NO,5,NO,NO,HIGH_LOW_COVERAGE,"Low-coverage league: dry-run recommends coverage probe before full enrichment. Context/manual review needed due cup, friendly or playoff environment.",NO,NO
2026-07-11,2026-07-11T23:21:17+01:00,1548828,Chesterfield,Sheffield Utd,Friendlies Clubs,P2_LOW_COVERAGE_SCORING,DRY_RUN_ONLY_NO_API_CALLS,recent_stats; standings; odds; coverage_probe; context_manual_review,YES,YES,YES,NO,NO,5,NO,NO,HIGH_LOW_COVERAGE,"Low-coverage league: dry-run recommends coverage probe before full enrichment. Context/manual review needed due cup, friendly or playoff environment.",NO,NO
2026-07-11,2026-07-11T23:21:17+01:00,1547949,Chorley,Bury,Friendlies Clubs,P2_LOW_COVERAGE_SCORING,DRY_RUN_ONLY_NO_API_CALLS,recent_stats; standings; odds; coverage_probe; context_manual_review,YES,YES,YES,NO,NO,5,NO,NO,HIGH_LOW_COVERAGE,"Low-coverage league: dry-run recommends coverage probe before full enrichment. Context/manual review needed due cup, friendly or playoff environment.",NO,NO
2026-07-11,2026-07-11T23:21:17+01:00,1554858,Chrobry Głogów,Warta Poznań,Friendlies Clubs,P2_LOW_COVERAGE_SCORING,DRY_RUN_ONLY_NO_API_CALLS,recent_stats; standings; odds; coverage_probe; context_manual_review,YES,YES,YES,NO,NO,5,NO,NO,HIGH_LOW_COVERAGE,"Low-coverage league: dry-run recommends coverage probe before full enrichment. Context/manual review needed due cup, friendly or playoff environment.",NO,NO
2026-07-11,2026-07-11T23:21:17+01:00,1548825,Cleethorpes Town,Grimsby,Friendlies Clubs,P2_LOW_COVERAGE_SCORING,DRY_RUN_ONLY_NO_API_CALLS,recent_stats; standings; odds; coverage_probe; context_manual_review,YES,YES,YES,NO,NO,5,NO,NO,HIGH_LOW_COVERAGE,"Low-coverage league: dry-run recommends coverage probe before full enrichment. Context/manual review needed due cup, friendly or playoff environment.",NO,NO
2026-07-11,2026-07-11T23:21:17+01:00,1583263,Clermont Foot,Orleans,Friendlies Clubs,P2_LOW_COVERAGE_SCORING,DRY_RUN_ONLY_NO_API_CALLS,recent_stats; standings; odds; coverage_probe; context_manual_review,YES,YES,YES,NO,NO,5,NO,NO,HIGH_LOW_COVERAGE,"Low-coverage league: dry-run recommends coverage probe before full enrichment. Context/manual review needed due cup, friendly or playoff environment.",NO,NO
2026-07-11,2026-07-11T23:21:17+01:00,1584799,Coleraine FC,Portstewart,Friendlies Clubs,P2_LOW_COVERAGE_SCORING,DRY_RUN_ONLY_NO_API_CALLS,recent_stats; standings; odds; coverage_probe; context_manual_review,YES,YES,YES,NO,NO,5,NO,NO,HIGH_LOW_COVERAGE,"Low-coverage league: dry-run recommends coverage probe before full enrichment. Context/manual review needed due cup, friendly or playoff environment.",NO,NO
2026-07-11,2026-07-11T23:21:17+01:00,1547950,Colwyn Bay,Altrincham,Friendlies Clubs,P2_LOW_COVERAGE_SCORING,DRY_RUN_ONLY_NO_API_CALLS,recent_stats; standings; odds; coverage_probe; context_manual_review,YES,YES,YES,NO,NO,5,NO,NO,HIGH_LOW_COVERAGE,"Low-coverage league: dry-run recommends coverage probe before full enrichment. Context/manual review needed due cup, friendly or playoff environment.",NO,NO
2026-07-11,2026-07-11T23:21:17+01:00,1550557,Cove Rangers,ST Johnstone,Friendlies Clubs,P2_LOW_COVERAGE_SCORING,DRY_RUN_ONLY_NO_API_CALLS,recent_stats; standings; odds; coverage_probe; context_manual_review,YES,YES,YES,NO,NO,5,NO,NO,HIGH_LOW_COVERAGE,"Low-coverage league: dry-run recommends coverage probe before full enrichment. Context/manual review needed due cup, friendly or playoff environment.",NO,NO
2026-07-11,2026-07-11T23:21:17+01:00,1548829,Crusaders FC,Warrenpoint Town,Friendlies Clubs,P2_LOW_COVERAGE_SCORING,DRY_RUN_ONLY_NO_API_CALLS,recent_stats; standings; odds; coverage_probe; context_manual_review,YES,YES,YES,NO,NO,5,NO,NO,HIGH_LOW_COVERAGE,"Low-coverage league: dry-run recommends coverage probe before full enrichment. Context/manual review needed due cup, friendly or playoff environment.",NO,NO
2026-07-11,2026-07-11T23:21:17+01:00,1560589,De Treffers,VVV Venlo,Friendlies Clubs,P2_LOW_COVERAGE_SCORING,DRY_RUN_ONLY_NO_API_CALLS,recent_stats; standings; odds; coverage_probe; context_manual_review,YES,YES,YES,NO,NO,5,NO,NO,HIGH_LOW_COVERAGE,"Low-coverage league: dry-run recommends coverage probe before full enrichment. Context/manual review needed due cup, friendly or playoff environment.",NO,NO
2026-07-11,2026-07-11T23:21:17+01:00,1560586,Den Bosch,Quick Boys,Friendlies Clubs,P2_LOW_COVERAGE_SCORING,DRY_RUN_ONLY_NO_API_CALLS,recent_stats; standings; odds; coverage_probe; context_manual_review,YES,YES,YES,NO,NO,5,NO,NO,HIGH_LOW_COVERAGE,"Low-coverage league: dry-run recommends coverage probe before full enrichment. Context/manual review needed due cup, friendly or playoff environment.",NO,NO
2026-07-11,2026-07-11T23:21:17+01:00,1554836,Dinamo Bucuresti,Farul Constanta,Friendlies Clubs,P2_LOW_COVERAGE_SCORING,DRY_RUN_ONLY_NO_API_CALLS,recent_stats; standings; odds; coverage_probe; context_manual_review,YES,YES,YES,NO,NO,5,NO,NO,HIGH_LOW_COVERAGE,"Low-coverage league: dry-run recommends coverage probe before full enrichment. Context/manual review needed due cup, friendly or playoff environment.",NO,NO
2026-07-11,2026-07-11T23:21:17+01:00,1548811,Diosgyori VTK,Ujpest,Friendlies Clubs,P2_LOW_COVERAGE_SCORING,DRY_RUN_ONLY_NO_API_CALLS,recent_stats; standings; odds; coverage_probe; context_manual_review,YES,YES,YES,NO,NO,5,NO,NO,HIGH_LOW_COVERAGE,"Low-coverage league: dry-run recommends coverage probe before full enrichment. Context/manual review needed due cup, friendly or playoff environment.",NO,NO
2026-07-11,2026-07-11T23:21:17+01:00,1554890,Dordrecht,Excelsior,Friendlies Clubs,P2_LOW_COVERAGE_SCORING,DRY_RUN_ONLY_NO_API_CALLS,recent_stats; standings; odds; coverage_probe; context_manual_review,YES,YES,YES,NO,NO,5,NO,NO,HIGH_LOW_COVERAGE,"Low-coverage league: dry-run recommends coverage probe before full enrichment. Context/manual review needed due cup, friendly or playoff environment.",NO,NO
2026-07-11,2026-07-11T23:21:17+01:00,1554910,Dukla Banská Bystrica,Liptovský Mikuláš,Friendlies Clubs,P2_LOW_COVERAGE_SCORING,DRY_RUN_ONLY_NO_API_CALLS,recent_stats; standings; odds; coverage_probe; context_manual_review,YES,YES,YES,NO,NO,5,NO,NO,HIGH_LOW_COVERAGE,"Low-coverage league: dry-run recommends coverage probe before full enrichment. Context/manual review needed due cup, friendly or playoff environment.",NO,NO
2026-07-11,2026-07-11T23:21:17+01:00,1548807,Dukla Praha,Sparta Praha II,Friendlies Clubs,P2_LOW_COVERAGE_SCORING,DRY_RUN_ONLY_NO_API_CALLS,recent_stats; standings; odds; coverage_probe; context_manual_review,YES,YES,YES,NO,NO,5,NO,NO,HIGH_LOW_COVERAGE,"Low-coverage league: dry-run recommends coverage probe before full enrichment. Context/manual review needed due cup, friendly or playoff environment.",NO,NO
2026-07-11,2026-07-11T23:21:17+01:00,1554917,Dunajska Streda,Hapoel Tel Aviv,Friendlies Clubs,P2_LOW_COVERAGE_SCORING,DRY_RUN_ONLY_NO_API_CALLS,recent_stats; standings; odds; coverage_probe; context_manual_review,YES,YES,YES,NO,NO,5,NO,NO,HIGH_LOW_COVERAGE,"Low-coverage league: dry-run recommends coverage probe before full enrichment. Context/manual review needed due cup, friendly or playoff environment.",NO,NO
2026-07-11,2026-07-11T23:21:17+01:00,1550560,Dungannon Swifts,Institute,Friendlies Clubs,P2_LOW_COVERAGE_SCORING,DRY_RUN_ONLY_NO_API_CALLS,recent_stats; standings; odds; coverage_probe; context_manual_review,YES,YES,YES,NO,NO,5,NO,NO,HIGH_LOW_COVERAGE,"Low-coverage league: dry-run recommends coverage probe before full enrichment. Context/manual review needed due cup, friendly or playoff environment.",NO,NO
2026-07-11,2026-07-11T23:21:17+01:00,1583264,Dunkerque,Olympic Charleroi,Friendlies Clubs,P2_LOW_COVERAGE_SCORING,DRY_RUN_ONLY_NO_API_CALLS,recent_stats; standings; odds; coverage_probe; context_manual_review,YES,YES,YES,NO,NO,5,NO,NO,HIGH_LOW_COVERAGE,"Low-coverage league: dry-run recommends coverage probe before full enrichment. Context/manual review needed due cup, friendly or playoff environment.",NO,NO
2026-07-11,2026-07-11T23:21:17+01:00,1547947,Dynamo Dresden,Hessen Kassel,Friendlies Clubs,P2_LOW_COVERAGE_SCORING,DRY_RUN_ONLY_NO_API_CALLS,recent_stats; standings; odds; coverage_probe; context_manual_review,YES,YES,YES,NO,NO,5,NO,NO,HIGH_LOW_COVERAGE,"Low-coverage league: dry-run recommends coverage probe before full enrichment. Context/manual review needed due cup, friendly or playoff environment.",NO,NO
2026-07-11,2026-07-11T23:21:17+01:00,1562901,Einheit Rudolstadt,Coburg,Friendlies Clubs,P2_LOW_COVERAGE_SCORING,DRY_RUN_ONLY_NO_API_CALLS,recent_stats; standings; odds; coverage_probe; context_manual_review,YES,YES,YES,NO,NO,5,NO,NO,HIGH_LOW_COVERAGE,"Low-coverage league: dry-run recommends coverage probe before full enrichment. Context/manual review needed due cup, friendly or playoff environment.",NO,NO
2026-07-11,2026-07-11T23:21:17+01:00,1554918,Eintracht Bamberg,SpVgg Greuther Fürth,Friendlies Clubs,P2_LOW_COVERAGE_SCORING,DRY_RUN_ONLY_NO_API_CALLS,recent_stats; standings; odds; coverage_probe; context_manual_review,YES,YES,YES,NO,NO,5,NO,NO,HIGH_LOW_COVERAGE,"Low-coverage league: dry-run recommends coverage probe before full enrichment. Context/manual review needed due cup, friendly or playoff environment.",NO,NO
2026-07-11,2026-07-11T23:21:17+01:00,1546644,Eintracht Trier,Bonner SC,Friendlies Clubs,P2_LOW_COVERAGE_SCORING,DRY_RUN_ONLY_NO_API_CALLS,recent_stats; standings; odds; coverage_probe; context_manual_review,YES,YES,YES,NO,NO,5,NO,NO,HIGH_LOW_COVERAGE,"Low-coverage league: dry-run recommends coverage probe before full enrichment. Context/manual review needed due cup, friendly or playoff environment.",NO,NO
2026-07-11,2026-07-11T23:21:17+01:00,1547951,Eisbachtal,FSV Mainz 05,Friendlies Clubs,P2_LOW_COVERAGE_SCORING,DRY_RUN_ONLY_NO_API_CALLS,recent_stats; standings; odds; coverage_probe; context_manual_review,YES,YES,YES,NO,NO,5,NO,NO,HIGH_LOW_COVERAGE,"Low-coverage league: dry-run recommends coverage probe before full enrichment. Context/manual review needed due cup, friendly or playoff environment.",NO,NO
2026-07-11,2026-07-11T23:21:17+01:00,1546638,Energie Cottbus,Hallescher FC,Friendlies Clubs,P2_LOW_COVERAGE_SCORING,DRY_RUN_ONLY_NO_API_CALLS,recent_stats; standings; odds; coverage_probe; context_manual_review,YES,YES,YES,NO,NO,5,NO,NO,HIGH_LOW_COVERAGE,"Low-coverage league: dry-run recommends coverage probe before full enrichment. Context/manual review needed due cup, friendly or playoff environment.",NO,NO
2026-07-11,2026-07-11T23:21:17+01:00,1550552,Erzgebirge Aue,Kladno,Friendlies Clubs,P2_LOW_COVERAGE_SCORING,DRY_RUN_ONLY_NO_API_CALLS,recent_stats; standings; odds; coverage_probe; context_manual_review,YES,YES,YES,NO,NO,5,NO,NO,HIGH_LOW_COVERAGE,"Low-coverage league: dry-run recommends coverage probe before full enrichment. Context/manual review needed due cup, friendly or playoff environment.",NO,NO
2026-07-11,2026-07-11T23:21:17+01:00,1550551,Esbjerg,Mafra,Friendlies Clubs,P2_LOW_COVERAGE_SCORING,DRY_RUN_ONLY_NO_API_CALLS,recent_stats; standings; odds; coverage_probe; context_manual_review,YES,YES,YES,NO,NO,5,NO,NO,HIGH_LOW_COVERAGE,"Low-coverage league: dry-run recommends coverage probe before full enrichment. Context/manual review needed due cup, friendly or playoff environment.",NO,NO
2026-07-11,2026-07-11T23:21:17+01:00,1583265,Estoril,Atlético CP,Friendlies Clubs,P2_LOW_COVERAGE_SCORING,DRY_RUN_ONLY_NO_API_CALLS,recent_stats; standings; odds; coverage_probe; context_manual_review,YES,YES,YES,NO,NO,5,NO,NO,HIGH_LOW_COVERAGE,"Low-coverage league: dry-run recommends coverage probe before full enrichment. Context/manual review needed due cup, friendly or playoff environment.",NO,NO
2026-07-11,2026-07-11T23:21:17+01:00,1547952,Evesham United,Caerau (Ely),Friendlies Clubs,P2_LOW_COVERAGE_SCORING,DRY_RUN_ONLY_NO_API_CALLS,recent_stats; standings; odds; coverage_probe; context_manual_review,YES,YES,YES,NO,NO,5,NO,NO,HIGH_LOW_COVERAGE,"Low-coverage league: dry-run recommends coverage probe before full enrichment. Context/manual review needed due cup, friendly or playoff environment.",NO,NO
2026-07-11,2026-07-11T23:21:17+01:00,1554846,FC Basel 1893,FC Winterthur,Friendlies Clubs,P2_LOW_COVERAGE_SCORING,DRY_RUN_ONLY_NO_API_CALLS,recent_stats; standings; odds; coverage_probe; context_manual_review,YES,YES,YES,NO,NO,5,NO,NO,HIGH_LOW_COVERAGE,"Low-coverage league: dry-run recommends coverage probe before full enrichment. Context/manual review needed due cup, friendly or playoff environment.",NO,NO
2026-07-11,2026-07-11T23:21:17+01:00,1560574,FC Copenhagen,AC Horsens,Friendlies Clubs,P2_LOW_COVERAGE_SCORING,DRY_RUN_ONLY_NO_API_CALLS,recent_stats; standings; odds; coverage_probe; context_manual_review,YES,YES,YES,NO,NO,5,NO,NO,HIGH_LOW_COVERAGE,"Low-coverage league: dry-run recommends coverage probe before full enrichment. Context/manual review needed due cup, friendly or playoff environment.",NO,NO
2026-07-11,2026-07-11T23:21:17+01:00,1548831,FC Gutersloh,FC Schalke 04,Friendlies Clubs,P2_LOW_COVERAGE_SCORING,DRY_RUN_ONLY_NO_API_CALLS,recent_stats; standings; odds; coverage_probe; context_manual_review,YES,YES,YES,NO,NO,5,NO,NO,HIGH_LOW_COVERAGE,"Low-coverage league: dry-run recommends coverage probe before full enrichment. Context/manual review needed due cup, friendly or playoff environment.",NO,NO
2026-07-11,2026-07-11T23:21:17+01:00,1554852,FC Halifax Town,Bradford,Friendlies Clubs,P2_LOW_COVERAGE_SCORING,DRY_RUN_ONLY_NO_API_CALLS,recent_stats; standings; odds; coverage_probe; context_manual_review,YES,YES,YES,NO,NO,5,NO,NO,HIGH_LOW_COVERAGE,"Low-coverage league: dry-run recommends coverage probe before full enrichment. Context/manual review needed due cup, friendly or playoff environment.",NO,NO
2026-07-11,2026-07-11T23:21:17+01:00,1583253,FC Helsingor,FA 2000,Friendlies Clubs,P2_LOW_COVERAGE_SCORING,DRY_RUN_ONLY_NO_API_CALLS,recent_stats; standings; odds; coverage_probe; context_manual_review,YES,YES,YES,NO,NO,5,NO,NO,HIGH_LOW_COVERAGE,"Low-coverage league: dry-run recommends coverage probe before full enrichment. Context/manual review needed due cup, friendly or playoff environment.",NO,NO
2026-07-11,2026-07-11T23:21:17+01:00,1560579,FC Krasnodar,FC Rostov,Friendlies Clubs,P2_LOW_COVERAGE_SCORING,DRY_RUN_ONLY_NO_API_CALLS,recent_stats; standings; odds; coverage_probe; context_manual_review,YES,YES,YES,NO,NO,5,NO,NO,HIGH_LOW_COVERAGE,"Low-coverage league: dry-run recommends coverage probe before full enrichment. Context/manual review needed due cup, friendly or playoff environment.",NO,NO
2026-07-11,2026-07-11T23:21:17+01:00,1562906,FC Liefering,FK Jablonec,Friendlies Clubs,P2_LOW_COVERAGE_SCORING,DRY_RUN_ONLY_NO_API_CALLS,recent_stats; standings; odds; coverage_probe; context_manual_review,YES,YES,YES,NO,NO,5,NO,NO,HIGH_LOW_COVERAGE,"Low-coverage league: dry-run recommends coverage probe before full enrichment. Context/manual review needed due cup, friendly or playoff environment.",NO,NO
2026-07-11,2026-07-11T23:21:17+01:00,1560582,FC Orenburg,CSKA Moscow,Friendlies Clubs,P2_LOW_COVERAGE_SCORING,DRY_RUN_ONLY_NO_API_CALLS,recent_stats; standings; odds; coverage_probe; context_manual_review,YES,YES,YES,NO,NO,5,NO,NO,HIGH_LOW_COVERAGE,"Low-coverage league: dry-run recommends coverage probe before full enrichment. Context/manual review needed due cup, friendly or playoff environment.",NO,NO
2026-07-11,2026-07-11T23:21:17+01:00,1546645,FC Rot-Weiß Erfurt,FSV Mainz 05 II,Friendlies Clubs,P2_LOW_COVERAGE_SCORING,DRY_RUN_ONLY_NO_API_CALLS,recent_stats; standings; odds; coverage_probe; context_manual_review,YES,YES,YES,NO,NO,5,NO,NO,HIGH_LOW_COVERAGE,"Low-coverage league: dry-run recommends coverage probe before full enrichment. Context/manual review needed due cup, friendly or playoff environment.",NO,NO
2026-07-11,2026-07-11T23:21:17+01:00,1546637,FC Thun,SV Elversberg,Friendlies Clubs,P2_LOW_COVERAGE_SCORING,DRY_RUN_ONLY_NO_API_CALLS,recent_stats; standings; odds; coverage_probe; context_manual_review,YES,YES,YES,NO,NO,5,NO,NO,HIGH_LOW_COVERAGE,"Low-coverage league: dry-run recommends coverage probe before full enrichment. Context/manual review needed due cup, friendly or playoff environment.",NO,NO
2026-07-11,2026-07-11T23:21:17+01:00,1546650,FC Thun,Waldhof Mannheim,Friendlies Clubs,P2_LOW_COVERAGE_SCORING,DRY_RUN_ONLY_NO_API_CALLS,recent_stats; standings; odds; coverage_probe; context_manual_review,YES,YES,YES,NO,NO,5,NO,NO,HIGH_LOW_COVERAGE,"Low-coverage league: dry-run recommends coverage probe before full enrichment. Context/manual review needed due cup, friendly or playoff environment.",NO,NO
2026-07-11,2026-07-11T23:21:17+01:00,1554889,FC Zurich,Stade Lausanne-Ouchy,Friendlies Clubs,P2_LOW_COVERAGE_SCORING,DRY_RUN_ONLY_NO_API_CALLS,recent_stats; standings; odds; coverage_probe; context_manual_review,YES,YES,YES,NO,NO,5,NO,NO,HIGH_LOW_COVERAGE,"Low-coverage league: dry-run recommends coverage probe before full enrichment. Context/manual review needed due cup, friendly or playoff environment.",NO,NO
2026-07-11,2026-07-11T23:21:17+01:00,1547944,FSV Zwickau,Ústí nad Labem,Friendlies Clubs,P2_LOW_COVERAGE_SCORING,DRY_RUN_ONLY_NO_API_CALLS,recent_stats; standings; odds; coverage_probe; context_manual_review,YES,YES,YES,NO,NO,5,NO,NO,HIGH_LOW_COVERAGE,"Low-coverage league: dry-run recommends coverage probe before full enrichment. Context/manual review needed due cup, friendly or playoff environment.",NO,NO
2026-07-11,2026-07-11T23:21:17+01:00,1584813,FV Ravensburg,Freiburg II,Friendlies Clubs,P2_LOW_COVERAGE_SCORING,DRY_RUN_ONLY_NO_API_CALLS,recent_stats; standings; odds; coverage_probe; context_manual_review,YES,YES,YES,NO,NO,5,NO,NO,HIGH_LOW_COVERAGE,"Low-coverage league: dry-run recommends coverage probe before full enrichment. Context/manual review needed due cup, friendly or playoff environment.",NO,NO
2026-07-11,2026-07-11T23:21:17+01:00,1542336,Falkenbergs FF,Landskrona BoIS,Friendlies Clubs,P2_LOW_COVERAGE_SCORING,DRY_RUN_ONLY_NO_API_CALLS,recent_stats; standings; odds; coverage_probe; context_manual_review,YES,YES,YES,NO,NO,5,NO,NO,HIGH_LOW_COVERAGE,"Low-coverage league: dry-run recommends coverage probe before full enrichment. Context/manual review needed due cup, friendly or playoff environment.",NO,NO
2026-07-11,2026-07-11T23:21:17+01:00,1546660,Farnborough,Reading,Friendlies Clubs,P2_LOW_COVERAGE_SCORING,DRY_RUN_ONLY_NO_API_CALLS,recent_stats; standings; odds; coverage_probe; context_manual_review,YES,YES,YES,NO,NO,5,NO,NO,HIGH_LOW_COVERAGE,"Low-coverage league: dry-run recommends coverage probe before full enrichment. Context/manual review needed due cup, friendly or playoff environment.",NO,NO
2026-07-11,2026-07-11T23:21:17+01:00,1554860,Fenerbahçe,Pogon Szczecin,Friendlies Clubs,P2_LOW_COVERAGE_SCORING,DRY_RUN_ONLY_NO_API_CALLS,recent_stats; standings; odds; coverage_probe; context_manual_review,YES,YES,YES,NO,NO,5,NO,NO,HIGH_LOW_COVERAGE,"Low-coverage league: dry-run recommends coverage probe before full enrichment. Context/manual review needed due cup, friendly or playoff environment.",NO,NO
2026-07-11,2026-07-11T23:21:17+01:00,1547937,Feyenoord,Club Brugge KV,Friendlies Clubs,P2_LOW_COVERAGE_SCORING,DRY_RUN_ONLY_NO_API_CALLS,recent_stats; standings; odds; coverage_probe; context_manual_review,YES,YES,YES,NO,NO,5,NO,NO,HIGH_LOW_COVERAGE,"Low-coverage league: dry-run recommends coverage probe before full enrichment. Context/manual review needed due cup, friendly or playoff environment.",NO,NO
2026-07-11,2026-07-11T23:21:17+01:00,1550562,First Vienna,QPR,Friendlies Clubs,P2_LOW_COVERAGE_SCORING,DRY_RUN_ONLY_NO_API_CALLS,recent_stats; standings; odds; coverage_probe; context_manual_review,YES,YES,YES,NO,NO,5,NO,NO,HIGH_LOW_COVERAGE,"Low-coverage league: dry-run recommends coverage probe before full enrichment. Context/manual review needed due cup, friendly or playoff environment.",NO,NO
2026-07-11,2026-07-11T23:21:17+01:00,1562904,Fleet Town,Aldershot Town,Friendlies Clubs,P2_LOW_COVERAGE_SCORING,DRY_RUN_ONLY_NO_API_CALLS,recent_stats; standings; odds; coverage_probe; context_manual_review,YES,YES,YES,NO,NO,5,NO,NO,HIGH_LOW_COVERAGE,"Low-coverage league: dry-run recommends coverage probe before full enrichment. Context/manual review needed due cup, friendly or playoff environment.",NO,NO
2026-07-11,2026-07-11T23:21:17+01:00,1567611,Fleury 91,Nantes,Friendlies Clubs,P2_LOW_COVERAGE_SCORING,DRY_RUN_ONLY_NO_API_CALLS,recent_stats; standings; odds; coverage_probe; context_manual_review,YES,YES,YES,NO,NO,5,NO,NO,HIGH_LOW_COVERAGE,"Low-coverage league: dry-run recommends coverage probe before full enrichment. Context/manual review needed due cup, friendly or playoff environment.",NO,NO
2026-07-11,2026-07-11T23:21:17+01:00,1546661,Folkestone Invicta,Dartford,Friendlies Clubs,P2_LOW_COVERAGE_SCORING,DRY_RUN_ONLY_NO_API_CALLS,recent_stats; standings; odds; coverage_probe; context_manual_review,YES,YES,YES,NO,NO,5,NO,NO,HIGH_LOW_COVERAGE,"Low-coverage league: dry-run recommends coverage probe before full enrichment. Context/manual review needed due cup, friendly or playoff environment.",NO,NO
2026-07-11,2026-07-11T23:21:17+01:00,1554879,Fortuna Sittard,Genk,Friendlies Clubs,P2_LOW_COVERAGE_SCORING,DRY_RUN_ONLY_NO_API_CALLS,recent_stats; standings; odds; coverage_probe; context_manual_review,YES,YES,YES,NO,NO,5,NO,NO,HIGH_LOW_COVERAGE,"Low-coverage league: dry-run recommends coverage probe before full enrichment. Context/manual review needed due cup, friendly or playoff environment.",NO,NO
2026-07-11,2026-07-11T23:21:17+01:00,1550556,GKS Katowice,Stal Rzeszów,Friendlies Clubs,P2_LOW_COVERAGE_SCORING,DRY_RUN_ONLY_NO_API_CALLS,recent_stats; standings; odds; coverage_probe; context_manual_review,YES,YES,YES,NO,NO,5,NO,NO,HIGH_LOW_COVERAGE,"Low-coverage league: dry-run recommends coverage probe before full enrichment. Context/manual review needed due cup, friendly or playoff environment.",NO,NO
2026-07-11,2026-07-11T23:21:17+01:00,1567596,GO Ahead Eagles,Apollon Limassol,Friendlies Clubs,P2_LOW_COVERAGE_SCORING,DRY_RUN_ONLY_NO_API_CALLS,recent_stats; standings; odds; coverage_probe; context_manual_review,YES,YES,YES,NO,NO,5,NO,NO,HIGH_LOW_COVERAGE,"Low-coverage league: dry-run recommends coverage probe before full enrichment. Context/manual review needed due cup, friendly or playoff environment.",NO,NO
2026-07-11,2026-07-11T23:21:17+01:00,1584805,Gagra,FC Urartu,Friendlies Clubs,P2_LOW_COVERAGE_SCORING,DRY_RUN_ONLY_NO_API_CALLS,recent_stats; standings; odds; coverage_probe; context_manual_review,YES,YES,YES,NO,NO,5,NO,NO,HIGH_LOW_COVERAGE,"Low-coverage league: dry-run recommends coverage probe before full enrichment. Context/manual review needed due cup, friendly or playoff environment.",NO,NO
2026-07-11,2026-07-11T23:21:17+01:00,1548813,Gala Fairydean Rovers,Pollok,Friendlies Clubs,P2_LOW_COVERAGE_SCORING,DRY_RUN_ONLY_NO_API_CALLS,recent_stats; standings; odds; coverage_probe; context_manual_review,YES,YES,YES,NO,NO,5,NO,NO,HIGH_LOW_COVERAGE,"Low-coverage league: dry-run recommends coverage probe before full enrichment. Context/manual review needed due cup, friendly or playoff environment.",NO,NO
2026-07-11,2026-07-11T23:21:17+01:00,1554897,Gloucester City,Newport County,Friendlies Clubs,P2_LOW_COVERAGE_SCORING,DRY_RUN_ONLY_NO_API_CALLS,recent_stats; standings; odds; coverage_probe; context_manual_review,YES,YES,YES,NO,NO,5,NO,NO,HIGH_LOW_COVERAGE,"Low-coverage league: dry-run recommends coverage probe before full enrichment. Context/manual review needed due cup, friendly or playoff environment.",NO,NO
2026-07-11,2026-07-11T23:21:17+01:00,1583266,Goczałkowice Zdrój,Unia Turza Śląska,Friendlies Clubs,P2_LOW_COVERAGE_SCORING,DRY_RUN_ONLY_NO_API_CALLS,recent_stats; standings; odds; coverage_probe; context_manual_review,YES,YES,YES,NO,NO,5,NO,NO,HIGH_LOW_COVERAGE,"Low-coverage league: dry-run recommends coverage probe before full enrichment. Context/manual review needed due cup, friendly or playoff environment.",NO,NO
2026-07-11,2026-07-11T23:21:17+01:00,1554911,Grazer AK,SV Kapfenberg,Friendlies Clubs,P2_LOW_COVERAGE_SCORING,DRY_RUN_ONLY_NO_API_CALLS,recent_stats; standings; odds; coverage_probe; context_manual_review,YES,YES,YES,NO,NO,5,NO,NO,HIGH_LOW_COVERAGE,"Low-coverage league: dry-run recommends coverage probe before full enrichment. Context/manual review needed due cup, friendly or playoff environment.",NO,NO
2026-07-11,2026-07-11T23:21:17+01:00,1554848,Greifswalder FC,Neustrelitz,Friendlies Clubs,P2_LOW_COVERAGE_SCORING,DRY_RUN_ONLY_NO_API_CALLS,recent_stats; standings; odds; coverage_probe; context_manual_review,YES,YES,YES,NO,NO,5,NO,NO,HIGH_LOW_COVERAGE,"Low-coverage league: dry-run recommends coverage probe before full enrichment. Context/manual review needed due cup, friendly or playoff environment.",NO,NO
2026-07-11,2026-07-11T23:21:17+01:00,1546655,Greifswalder FC,VfB Lübeck,Friendlies Clubs,P2_LOW_COVERAGE_SCORING,DRY_RUN_ONLY_NO_API_CALLS,recent_stats; standings; odds; coverage_probe; context_manual_review,YES,YES,YES,NO,NO,5,NO,NO,HIGH_LOW_COVERAGE,"Low-coverage league: dry-run recommends coverage probe before full enrichment. Context/manual review needed due cup, friendly or playoff environment.",NO,NO
2026-07-11,2026-07-11T23:21:17+01:00,1560576,Grenoble,Bourg-en-bresse 01,Friendlies Clubs,P2_LOW_COVERAGE_SCORING,DRY_RUN_ONLY_NO_API_CALLS,recent_stats; standings; odds; coverage_probe; context_manual_review,YES,YES,YES,NO,NO,5,NO,NO,HIGH_LOW_COVERAGE,"Low-coverage league: dry-run recommends coverage probe before full enrichment. Context/manual review needed due cup, friendly or playoff environment.",NO,NO
2026-07-11,2026-07-11T23:21:17+01:00,1567597,Groningen,Emmen,Friendlies Clubs,P2_LOW_COVERAGE_SCORING,DRY_RUN_ONLY_NO_API_CALLS,recent_stats; standings; odds; coverage_probe; context_manual_review,YES,YES,YES,NO,NO,5,NO,NO,HIGH_LOW_COVERAGE,"Low-coverage league: dry-run recommends coverage probe before full enrichment. Context/manual review needed due cup, friendly or playoff environment.",NO,NO
2026-07-11,2026-07-11T23:21:17+01:00,1584816,Guimaraes,Felgueiras 1932,Friendlies Clubs,P2_LOW_COVERAGE_SCORING,DRY_RUN_ONLY_NO_API_CALLS,recent_stats; standings; odds; coverage_probe; context_manual_review,YES,YES,YES,NO,NO,5,NO,NO,HIGH_LOW_COVERAGE,"Low-coverage league: dry-run recommends coverage probe before full enrichment. Context/manual review needed due cup, friendly or playoff environment.",NO,NO
2026-07-11,2026-07-11T23:21:17+01:00,1554898,Guiseley AFC,Harrogate Town,Friendlies Clubs,P2_LOW_COVERAGE_SCORING,DRY_RUN_ONLY_NO_API_CALLS,recent_stats; standings; odds; coverage_probe; context_manual_review,YES,YES,YES,NO,NO,5,NO,NO,HIGH_LOW_COVERAGE,"Low-coverage league: dry-run recommends coverage probe before full enrichment. Context/manual review needed due cup, friendly or playoff environment.",NO,NO
2026-07-11,2026-07-11T23:21:17+01:00,1584797,Górnik Polkowice,Noteć Czarnków,Friendlies Clubs,P2_LOW_COVERAGE_SCORING,DRY_RUN_ONLY_NO_API_CALLS,recent_stats; standings; odds; coverage_probe; context_manual_review,YES,YES,YES,NO,NO,5,NO,NO,HIGH_LOW_COVERAGE,"Low-coverage league: dry-run recommends coverage probe before full enrichment. Context/manual review needed due cup, friendly or playoff environment.",NO,NO
2026-07-11,2026-07-11T23:21:17+01:00,1548817,Górnik Łęczna,Chełmianka Chełm,Friendlies Clubs,P2_LOW_COVERAGE_SCORING,DRY_RUN_ONLY_NO_API_CALLS,recent_stats; standings; odds; coverage_probe; context_manual_review,YES,YES,YES,NO,NO,5,NO,NO,HIGH_LOW_COVERAGE,"Low-coverage league: dry-run recommends coverage probe before full enrichment. Context/manual review needed due cup, friendly or playoff environment.",NO,NO
2026-07-11,2026-07-11T23:21:17+01:00,1554862,Hannover 96 II,Verl II,Friendlies Clubs,P2_LOW_COVERAGE_SCORING,DRY_RUN_ONLY_NO_API_CALLS,recent_stats; standings; odds; coverage_probe; context_manual_review,YES,YES,YES,NO,NO,5,NO,NO,HIGH_LOW_COVERAGE,"Low-coverage league: dry-run recommends coverage probe before full enrichment. Context/manual review needed due cup, friendly or playoff environment.",NO,NO
2026-07-11,2026-07-11T23:21:17+01:00,1547939,Hansa Rostock,Hvidovre,Friendlies Clubs,P2_LOW_COVERAGE_SCORING,DRY_RUN_ONLY_NO_API_CALLS,recent_stats; standings; odds; coverage_probe; context_manual_review,YES,YES,YES,NO,NO,5,NO,NO,HIGH_LOW_COVERAGE,"Low-coverage league: dry-run recommends coverage probe before full enrichment. Context/manual review needed due cup, friendly or playoff environment.",NO,NO
2026-07-11,2026-07-11T23:21:17+01:00,1583284,Heaton Stannington,Gateshead,Friendlies Clubs,P2_LOW_COVERAGE_SCORING,DRY_RUN_ONLY_NO_API_CALLS,recent_stats; standings; odds; coverage_probe; context_manual_review,YES,YES,YES,NO,NO,5,NO,NO,HIGH_LOW_COVERAGE,"Low-coverage league: dry-run recommends coverage probe before full enrichment. Context/manual review needed due cup, friendly or playoff environment.",NO,NO
2026-07-11,2026-07-11T23:21:17+01:00,1583285,Hemel Hempstead Town,Barnet,Friendlies Clubs,P2_LOW_COVERAGE_SCORING,DRY_RUN_ONLY_NO_API_CALLS,recent_stats; standings; odds; coverage_probe; context_manual_review,YES,YES,YES,NO,NO,5,NO,NO,HIGH_LOW_COVERAGE,"Low-coverage league: dry-run recommends coverage probe before full enrichment. Context/manual review needed due cup, friendly or playoff environment.",NO,NO
2026-07-11,2026-07-11T23:21:17+01:00,1546662,Hereford Pegasus,Hereford,Friendlies Clubs,P2_LOW_COVERAGE_SCORING,DRY_RUN_ONLY_NO_API_CALLS,recent_stats; standings; odds; coverage_probe; context_manual_review,YES,YES,YES,NO,NO,5,NO,NO,HIGH_LOW_COVERAGE,"Low-coverage league: dry-run recommends coverage probe before full enrichment. Context/manual review needed due cup, friendly or playoff environment.",NO,NO
2026-07-11,2026-07-11T23:21:17+01:00,1554845,Hertha BSC II,Optik Rathenow,Friendlies Clubs,P2_LOW_COVERAGE_SCORING,DRY_RUN_ONLY_NO_API_CALLS,recent_stats; standings; odds; coverage_probe; context_manual_review,YES,YES,YES,NO,NO,5,NO,NO,HIGH_LOW_COVERAGE,"Low-coverage league: dry-run recommends coverage probe before full enrichment. Context/manual review needed due cup, friendly or playoff environment.",NO,NO
2026-07-11,2026-07-11T23:21:17+01:00,1554863,Hertha Zehlendorf,BFC Dynamo,Friendlies Clubs,P2_LOW_COVERAGE_SCORING,DRY_RUN_ONLY_NO_API_CALLS,recent_stats; standings; odds; coverage_probe; context_manual_review,YES,YES,YES,NO,NO,5,NO,NO,HIGH_LOW_COVERAGE,"Low-coverage league: dry-run recommends coverage probe before full enrichment. Context/manual review needed due cup, friendly or playoff environment.",NO,NO
2026-07-11,2026-07-11T23:21:17+01:00,1584807,Heybridge Swifts,Witham Town,Friendlies Clubs,P2_LOW_COVERAGE_SCORING,DRY_RUN_ONLY_NO_API_CALLS,recent_stats; standings; odds; coverage_probe; context_manual_review,YES,YES,YES,NO,NO,5,NO,NO,HIGH_LOW_COVERAGE,"Low-coverage league: dry-run recommends coverage probe before full enrichment. Context/manual review needed due cup, friendly or playoff environment.",NO,NO
2026-07-11,2026-07-11T23:21:17+01:00,1546646,Hitchin Town,Luton,Friendlies Clubs,P2_LOW_COVERAGE_SCORING,DRY_RUN_ONLY_NO_API_CALLS,recent_stats; standings; odds; coverage_probe; context_manual_review,YES,YES,YES,NO,NO,5,NO,NO,HIGH_LOW_COVERAGE,"Low-coverage league: dry-run recommends coverage probe before full enrichment. Context/manual review needed due cup, friendly or playoff environment.",NO,NO
2026-07-11,2026-07-11T23:21:17+01:00,1554864,Hobro,Middelfart,Friendlies Clubs,P2_LOW_COVERAGE_SCORING,DRY_RUN_ONLY_NO_API_CALLS,recent_stats; standings; odds; coverage_probe; context_manual_review,YES,YES,YES,NO,NO,5,NO,NO,HIGH_LOW_COVERAGE,"Low-coverage league: dry-run recommends coverage probe before full enrichment. Context/manual review needed due cup, friendly or playoff environment.",NO,NO
2026-07-11,2026-07-11T23:21:17+01:00,1583268,Hutnik Kraków,Pogoń-Sokół Lubaczów,Friendlies Clubs,P2_LOW_COVERAGE_SCORING,DRY_RUN_ONLY_NO_API_CALLS,recent_stats; standings; odds; coverage_probe; context_manual_review,YES,YES,YES,NO,NO,5,NO,NO,HIGH_LOW_COVERAGE,"Low-coverage league: dry-run recommends coverage probe before full enrichment. Context/manual review needed due cup, friendly or playoff environment.",NO,NO
2026-07-11,2026-07-11T23:21:17+01:00,1562905,IMT Novi Beograd,Akhmat,Friendlies Clubs,P2_LOW_COVERAGE_SCORING,DRY_RUN_ONLY_NO_API_CALLS,recent_stats; standings; odds; coverage_probe; context_manual_review,YES,YES,YES,NO,NO,5,NO,NO,HIGH_LOW_COVERAGE,"Low-coverage league: dry-run recommends coverage probe before full enrichment. Context/manual review needed due cup, friendly or playoff environment.",NO,NO
2026-07-11,2026-07-11T23:21:17+01:00,1583269,Jarosław,Sokół Kolb.,Friendlies Clubs,P2_LOW_COVERAGE_SCORING,DRY_RUN_ONLY_NO_API_CALLS,recent_stats; standings; odds; coverage_probe; context_manual_review,YES,YES,YES,NO,NO,5,NO,NO,HIGH_LOW_COVERAGE,"Low-coverage league: dry-run recommends coverage probe before full enrichment. Context/manual review needed due cup, friendly or playoff environment.",NO,NO
2026-07-11,2026-07-11T23:21:17+01:00,1554849,Jong AZ,FC Volendam,Friendlies Clubs,P2_LOW_COVERAGE_SCORING,DRY_RUN_ONLY_NO_API_CALLS,recent_stats; standings; odds; coverage_probe; context_manual_review,YES,YES,YES,NO,NO,5,NO,NO,HIGH_LOW_COVERAGE,"Low-coverage league: dry-run recommends coverage probe before full enrichment. Context/manual review needed due cup, friendly or playoff environment.",NO,NO
2026-07-11,2026-07-11T23:21:17+01:00,1562911,Kabouters Opglabbeek,KRC Genk II,Friendlies Clubs,P2_LOW_COVERAGE_SCORING,DRY_RUN_ONLY_NO_API_CALLS,recent_stats; standings; odds; coverage_probe; context_manual_review,YES,YES,YES,NO,NO,5,NO,NO,HIGH_LOW_COVERAGE,"Low-coverage league: dry-run recommends coverage probe before full enrichment. Context/manual review needed due cup, friendly or playoff environment.",NO,NO
2026-07-11,2026-07-11T23:21:17+01:00,1554872,Kickers Offenbach,Karlsruhe II,Friendlies Clubs,P2_LOW_COVERAGE_SCORING,DRY_RUN_ONLY_NO_API_CALLS,recent_stats; standings; odds; coverage_probe; context_manual_review,YES,YES,YES,NO,NO,5,NO,NO,HIGH_LOW_COVERAGE,"Low-coverage league: dry-run recommends coverage probe before full enrichment. Context/manual review needed due cup, friendly or playoff environment.",NO,NO
2026-07-11,2026-07-11T23:21:17+01:00,1583254,Kluczbork,Ślęza Wrocław,Friendlies Clubs,P2_LOW_COVERAGE_SCORING,DRY_RUN_ONLY_NO_API_CALLS,recent_stats; standings; odds; coverage_probe; context_manual_review,YES,YES,YES,NO,NO,5,NO,NO,HIGH_LOW_COVERAGE,"Low-coverage league: dry-run recommends coverage probe before full enrichment. Context/manual review needed due cup, friendly or playoff environment.",NO,NO
2026-07-11,2026-07-11T23:21:17+01:00,1583257,Kluczevia Stargard,Miedź Legnica II,Friendlies Clubs,P2_LOW_COVERAGE_SCORING,DRY_RUN_ONLY_NO_API_CALLS,recent_stats; standings; odds; coverage_probe; context_manual_review,YES,YES,YES,NO,NO,5,NO,NO,HIGH_LOW_COVERAGE,"Low-coverage league: dry-run recommends coverage probe before full enrichment. Context/manual review needed due cup, friendly or playoff environment.",NO,NO
2026-07-11,2026-07-11T23:21:17+01:00,1550554,Komárno,Pohronie,Friendlies Clubs,P2_LOW_COVERAGE_SCORING,DRY_RUN_ONLY_NO_API_CALLS,recent_stats; standings; odds; coverage_probe; context_manual_review,YES,YES,YES,NO,NO,5,NO,NO,HIGH_LOW_COVERAGE,"Low-coverage league: dry-run recommends coverage probe before full enrichment. Context/manual review needed due cup, friendly or playoff environment.",NO,NO
2026-07-11,2026-07-11T23:21:17+01:00,1547954,Kottern,Memmingen,Friendlies Clubs,P2_LOW_COVERAGE_SCORING,DRY_RUN_ONLY_NO_API_CALLS,recent_stats; standings; odds; coverage_probe; context_manual_review,YES,YES,YES,NO,NO,5,NO,NO,HIGH_LOW_COVERAGE,"Low-coverage league: dry-run recommends coverage probe before full enrichment. Context/manual review needed due cup, friendly or playoff environment.",NO,NO
2026-07-11,2026-07-11T23:21:17+01:00,1583258,Köln II,FC Gießen,Friendlies Clubs,P2_LOW_COVERAGE_SCORING,DRY_RUN_ONLY_NO_API_CALLS,recent_stats; standings; odds; coverage_probe; context_manual_review,YES,YES,YES,NO,NO,5,NO,NO,HIGH_LOW_COVERAGE,"Low-coverage league: dry-run recommends coverage probe before full enrichment. Context/manual review needed due cup, friendly or playoff environment.",NO,NO
2026-07-11,2026-07-11T23:21:17+01:00,1584829,Laci,Vora,Friendlies Clubs,P2_LOW_COVERAGE_SCORING,DRY_RUN_ONLY_NO_API_CALLS,recent_stats; standings; odds; coverage_probe; context_manual_review,YES,YES,YES,NO,NO,5,NO,NO,HIGH_LOW_COVERAGE,"Low-coverage league: dry-run recommends coverage probe before full enrichment. Context/manual review needed due cup, friendly or playoff environment.",NO,NO
2026-07-11,2026-07-11T23:21:17+01:00,1548808,Landsberg,Illertissen,Friendlies Clubs,P2_LOW_COVERAGE_SCORING,DRY_RUN_ONLY_NO_API_CALLS,recent_stats; standings; odds; coverage_probe; context_manual_review,YES,YES,YES,NO,NO,5,NO,NO,HIGH_LOW_COVERAGE,"Low-coverage league: dry-run recommends coverage probe before full enrichment. Context/manual review needed due cup, friendly or playoff environment.",NO,NO
2026-07-11,2026-07-11T23:21:17+01:00,1584791,Lausanne,Breitenrain,Friendlies Clubs,P2_LOW_COVERAGE_SCORING,DRY_RUN_ONLY_NO_API_CALLS,recent_stats; standings; odds; coverage_probe; context_manual_review,YES,YES,YES,NO,NO,5,NO,NO,HIGH_LOW_COVERAGE,"Low-coverage league: dry-run recommends coverage probe before full enrichment. Context/manual review needed due cup, friendly or playoff environment.",NO,NO
2026-07-11,2026-07-11T23:21:17+01:00,1546651,Lausanne,Neuchatel Xamax FC,Friendlies Clubs,P2_LOW_COVERAGE_SCORING,DRY_RUN_ONLY_NO_API_CALLS,recent_stats; standings; odds; coverage_probe; context_manual_review,YES,YES,YES,NO,NO,5,NO,NO,HIGH_LOW_COVERAGE,"Low-coverage league: dry-run recommends coverage probe before full enrichment. Context/manual review needed due cup, friendly or playoff environment.",NO,NO
2026-07-11,2026-07-11T23:21:17+01:00,1554866,Le Puy Foot,Dijon,Friendlies Clubs,P2_LOW_COVERAGE_SCORING,DRY_RUN_ONLY_NO_API_CALLS,recent_stats; standings; odds; coverage_probe; context_manual_review,YES,YES,YES,NO,NO,5,NO,NO,HIGH_LOW_COVERAGE,"Low-coverage league: dry-run recommends coverage probe before full enrichment. Context/manual review needed due cup, friendly or playoff environment.",NO,NO
2026-07-11,2026-07-11T23:21:17+01:00,1554901,Leamington,Walsall,Friendlies Clubs,P2_LOW_COVERAGE_SCORING,DRY_RUN_ONLY_NO_API_CALLS,recent_stats; standings; odds; coverage_probe; context_manual_review,YES,YES,YES,NO,NO,5,NO,NO,HIGH_LOW_COVERAGE,"Low-coverage league: dry-run recommends coverage probe before full enrichment. Context/manual review needed due cup, friendly or playoff environment.",NO,NO
2026-07-11,2026-07-11T23:21:17+01:00,1584822,Leatherhead,Dorking Wanderers,Friendlies Clubs,P2_LOW_COVERAGE_SCORING,DRY_RUN_ONLY_NO_API_CALLS,recent_stats; standings; odds; coverage_probe; context_manual_review,YES,YES,YES,NO,NO,5,NO,NO,HIGH_LOW_COVERAGE,"Low-coverage league: dry-run recommends coverage probe before full enrichment. Context/manual review needed due cup, friendly or playoff environment.",NO,NO
2026-07-11,2026-07-11T23:21:17+01:00,1548815,Lech Poznan,Bohemians 1905,Friendlies Clubs,P2_LOW_COVERAGE_SCORING,DRY_RUN_ONLY_NO_API_CALLS,recent_stats; standings; odds; coverage_probe; context_manual_review,YES,YES,YES,NO,NO,5,NO,NO,HIGH_LOW_COVERAGE,"Low-coverage league: dry-run recommends coverage probe before full enrichment. Context/manual review needed due cup, friendly or playoff environment.",NO,NO
2026-07-11,2026-07-11T23:21:17+01:00,1583277,Lechia T. Mazowiecki,Star Starachowice,Friendlies Clubs,P2_LOW_COVERAGE_SCORING,DRY_RUN_ONLY_NO_API_CALLS,recent_stats; standings; odds; coverage_probe; context_manual_review,YES,YES,YES,NO,NO,5,NO,NO,HIGH_LOW_COVERAGE,"Low-coverage league: dry-run recommends coverage probe before full enrichment. Context/manual review needed due cup, friendly or playoff environment.",NO,NO
2026-07-11,2026-07-11T23:21:17+01:00,1554851,Leicester,Northampton,Friendlies Clubs,P2_LOW_COVERAGE_SCORING,DRY_RUN_ONLY_NO_API_CALLS,recent_stats; standings; odds; coverage_probe; context_manual_review,YES,YES,YES,NO,NO,5,NO,NO,HIGH_LOW_COVERAGE,"Low-coverage league: dry-run recommends coverage probe before full enrichment. Context/manual review needed due cup, friendly or playoff environment.",NO,NO
2026-07-11,2026-07-11T23:21:17+01:00,1550563,Leon,Necaxa,Friendlies Clubs,P2_LOW_COVERAGE_SCORING,DRY_RUN_ONLY_NO_API_CALLS,recent_stats; standings; odds; coverage_probe; context_manual_review,YES,YES,YES,NO,NO,5,NO,NO,HIGH_LOW_COVERAGE,"Low-coverage league: dry-run recommends coverage probe before full enrichment. Context/manual review needed due cup, friendly or playoff environment.",NO,NO
2026-07-11,2026-07-11T23:21:17+01:00,1583292,Levante,Leganes,Friendlies Clubs,P2_LOW_COVERAGE_SCORING,DRY_RUN_ONLY_NO_API_CALLS,recent_stats; standings; odds; coverage_probe; context_manual_review,YES,YES,YES,NO,NO,5,NO,NO,HIGH_LOW_COVERAGE,"Low-coverage league: dry-run recommends coverage probe before full enrichment. Context/manual review needed due cup, friendly or playoff environment.",NO,NO
2026-07-11,2026-07-11T23:21:17+01:00,1554902,Limavady United,Ballinamallard United,Friendlies Clubs,P2_LOW_COVERAGE_SCORING,DRY_RUN_ONLY_NO_API_CALLS,recent_stats; standings; odds; coverage_probe; context_manual_review,YES,YES,YES,NO,NO,5,NO,NO,HIGH_LOW_COVERAGE,"Low-coverage league: dry-run recommends coverage probe before full enrichment. Context/manual review needed due cup, friendly or playoff environment.",NO,NO
2026-07-11,2026-07-11T23:21:17+01:00,1583282,Linfield,Aberdeen,Friendlies Clubs,P2_LOW_COVERAGE_SCORING,DRY_RUN_ONLY_NO_API_CALLS,recent_stats; standings; odds; coverage_probe; context_manual_review,YES,YES,YES,NO,NO,5,NO,NO,HIGH_LOW_COVERAGE,"Low-coverage league: dry-run recommends coverage probe before full enrichment. Context/manual review needed due cup, friendly or playoff environment.",NO,NO
2026-07-11,2026-07-11T23:21:17+01:00,1567599,Livyi Bereh,Kudrivka,Friendlies Clubs,P2_LOW_COVERAGE_SCORING,DRY_RUN_ONLY_NO_API_CALLS,recent_stats; standings; odds; coverage_probe; context_manual_review,YES,YES,YES,NO,NO,5,NO,NO,HIGH_LOW_COVERAGE,"Low-coverage league: dry-run recommends coverage probe before full enrichment. Context/manual review needed due cup, friendly or playoff environment.",NO,NO
2026-07-11,2026-07-11T23:21:17+01:00,1567608,Lokeren-Temse,RAAL La Louvière,Friendlies Clubs,P2_LOW_COVERAGE_SCORING,DRY_RUN_ONLY_NO_API_CALLS,recent_stats; standings; odds; coverage_probe; context_manual_review,YES,YES,YES,NO,NO,5,NO,NO,HIGH_LOW_COVERAGE,"Low-coverage league: dry-run recommends coverage probe before full enrichment. Context/manual review needed due cup, friendly or playoff environment.",NO,NO
2026-07-11,2026-07-11T23:21:17+01:00,1554837,Lokomotiv,Akron,Friendlies Clubs,P2_LOW_COVERAGE_SCORING,DRY_RUN_ONLY_NO_API_CALLS,recent_stats; standings; odds; coverage_probe; context_manual_review,YES,YES,YES,NO,NO,5,NO,NO,HIGH_LOW_COVERAGE,"Low-coverage league: dry-run recommends coverage probe before full enrichment. Context/manual review needed due cup, friendly or playoff environment.",NO,NO
2026-07-11,2026-07-11T23:21:17+01:00,1554912,Lokomotiv,Spartak Moscow,Friendlies Clubs,P2_LOW_COVERAGE_SCORING,DRY_RUN_ONLY_NO_API_CALLS,recent_stats; standings; odds; coverage_probe; context_manual_review,YES,YES,YES,NO,NO,5,NO,NO,HIGH_LOW_COVERAGE,"Low-coverage league: dry-run recommends coverage probe before full enrichment. Context/manual review needed due cup, friendly or playoff environment.",NO,NO
2026-07-11,2026-07-11T23:21:17+01:00,1584830,Lokomotiv Sofia,Teuta Durrës,Friendlies Clubs,P2_LOW_COVERAGE_SCORING,DRY_RUN_ONLY_NO_API_CALLS,recent_stats; standings; odds; coverage_probe; context_manual_review,YES,YES,YES,NO,NO,5,NO,NO,HIGH_LOW_COVERAGE,"Low-coverage league: dry-run recommends coverage probe before full enrichment. Context/manual review needed due cup, friendly or playoff environment.",NO,NO
2026-07-11,2026-07-11T23:21:17+01:00,1554892,Lokomotive Leipzig,Hertha BSC,Friendlies Clubs,P2_LOW_COVERAGE_SCORING,DRY_RUN_ONLY_NO_API_CALLS,recent_stats; standings; odds; coverage_probe; context_manual_review,YES,YES,YES,NO,NO,5,NO,NO,HIGH_LOW_COVERAGE,"Low-coverage league: dry-run recommends coverage probe before full enrichment. Context/manual review needed due cup, friendly or playoff environment.",NO,NO
2026-07-11,2026-07-11T23:21:17+01:00,1583249,Lokomotíva Košice,Kisvárda II,Friendlies Clubs,P2_LOW_COVERAGE_SCORING,DRY_RUN_ONLY_NO_API_CALLS,recent_stats; standings; odds; coverage_probe; context_manual_review,YES,YES,YES,NO,NO,5,NO,NO,HIGH_LOW_COVERAGE,"Low-coverage league: dry-run recommends coverage probe before full enrichment. Context/manual review needed due cup, friendly or playoff environment.",NO,NO
2026-07-11,2026-07-11T23:21:17+01:00,1584823,Long Eaton United,Redditch United,Friendlies Clubs,P2_LOW_COVERAGE_SCORING,DRY_RUN_ONLY_NO_API_CALLS,recent_stats; standings; odds; coverage_probe; context_manual_review,YES,YES,YES,NO,NO,5,NO,NO,HIGH_LOW_COVERAGE,"Low-coverage league: dry-run recommends coverage probe before full enrichment. Context/manual review needed due cup, friendly or playoff environment.",NO,NO
2026-07-11,2026-07-11T23:21:17+01:00,1583286,Longridge Town,Bolton,Friendlies Clubs,P2_LOW_COVERAGE_SCORING,DRY_RUN_ONLY_NO_API_CALLS,recent_stats; standings; odds; coverage_probe; context_manual_review,YES,YES,YES,NO,NO,5,NO,NO,HIGH_LOW_COVERAGE,"Low-coverage league: dry-run recommends coverage probe before full enrichment. Context/manual review needed due cup, friendly or playoff environment.",NO,NO
2026-07-11,2026-07-11T23:21:17+01:00,1554868,Loznica,Macva,Friendlies Clubs,P2_LOW_COVERAGE_SCORING,DRY_RUN_ONLY_NO_API_CALLS,recent_stats; standings; odds; coverage_probe; context_manual_review,YES,YES,YES,NO,NO,5,NO,NO,HIGH_LOW_COVERAGE,"Low-coverage league: dry-run recommends coverage probe before full enrichment. Context/manual review needed due cup, friendly or playoff environment.",NO,NO
2026-07-11,2026-07-11T23:21:17+01:00,1583270,Luzino,Hapoel Katamon,Friendlies Clubs,P2_LOW_COVERAGE_SCORING,DRY_RUN_ONLY_NO_API_CALLS,recent_stats; standings; odds; coverage_probe; context_manual_review,YES,YES,YES,NO,NO,5,NO,NO,HIGH_LOW_COVERAGE,"Low-coverage league: dry-run recommends coverage probe before full enrichment. Context/manual review needed due cup, friendly or playoff environment.",NO,NO
2026-07-11,2026-07-11T23:21:17+01:00,1554838,MTK Budapest,Koper,Friendlies Clubs,P2_LOW_COVERAGE_SCORING,DRY_RUN_ONLY_NO_API_CALLS,recent_stats; standings; odds; coverage_probe; context_manual_review,YES,YES,YES,NO,NO,5,NO,NO,HIGH_LOW_COVERAGE,"Low-coverage league: dry-run recommends coverage probe before full enrichment. Context/manual review needed due cup, friendly or playoff environment.",NO,NO
2026-07-11,2026-07-11T23:21:17+01:00,1567590,Magdeburg II,HSC Hannover,Friendlies Clubs,P2_LOW_COVERAGE_SCORING,DRY_RUN_ONLY_NO_API_CALLS,recent_stats; standings; odds; coverage_probe; context_manual_review,YES,YES,YES,NO,NO,5,NO,NO,HIGH_LOW_COVERAGE,"Low-coverage league: dry-run recommends coverage probe before full enrichment. Context/manual review needed due cup, friendly or playoff environment.",NO,NO
2026-07-11,2026-07-11T23:21:17+01:00,1584824,Maidstone Utd,Welling United,Friendlies Clubs,P2_LOW_COVERAGE_SCORING,DRY_RUN_ONLY_NO_API_CALLS,recent_stats; standings; odds; coverage_probe; context_manual_review,YES,YES,YES,NO,NO,5,NO,NO,HIGH_LOW_COVERAGE,"Low-coverage league: dry-run recommends coverage probe before full enrichment. Context/manual review needed due cup, friendly or playoff environment.",NO,NO
2026-07-11,2026-07-11T23:21:17+01:00,1546663,Melksham Town,Yeovil Town,Friendlies Clubs,P2_LOW_COVERAGE_SCORING,DRY_RUN_ONLY_NO_API_CALLS,recent_stats; standings; odds; coverage_probe; context_manual_review,YES,YES,YES,NO,NO,5,NO,NO,HIGH_LOW_COVERAGE,"Low-coverage league: dry-run recommends coverage probe before full enrichment. Context/manual review needed due cup, friendly or playoff environment.",NO,NO
2026-07-11,2026-07-11T23:21:17+01:00,1554903,Metz,Versailles,Friendlies Clubs,P2_LOW_COVERAGE_SCORING,DRY_RUN_ONLY_NO_API_CALLS,recent_stats; standings; odds; coverage_probe; context_manual_review,YES,YES,YES,NO,NO,5,NO,NO,HIGH_LOW_COVERAGE,"Low-coverage league: dry-run recommends coverage probe before full enrichment. Context/manual review needed due cup, friendly or playoff environment.",NO,NO
2026-07-11,2026-07-11T23:21:17+01:00,1554919,Metz,Racing FC Union Luxembourg,Friendlies Clubs,P2_LOW_COVERAGE_SCORING,DRY_RUN_ONLY_NO_API_CALLS,recent_stats; standings; odds; coverage_probe; context_manual_review,YES,YES,YES,NO,NO,5,NO,NO,HIGH_LOW_COVERAGE,"Low-coverage league: dry-run recommends coverage probe before full enrichment. Context/manual review needed due cup, friendly or playoff environment.",NO,NO
2026-07-11,2026-07-11T23:21:17+01:00,1547940,Mezokovesd-zsory,Nyiregyhaza,Friendlies Clubs,P2_LOW_COVERAGE_SCORING,DRY_RUN_ONLY_NO_API_CALLS,recent_stats; standings; odds; coverage_probe; context_manual_review,YES,YES,YES,NO,NO,5,NO,NO,HIGH_LOW_COVERAGE,"Low-coverage league: dry-run recommends coverage probe before full enrichment. Context/manual review needed due cup, friendly or playoff environment.",NO,NO
2026-07-11,2026-07-11T23:21:17+01:00,1560595,Monori Se,Budapest Honved,Friendlies Clubs,P2_LOW_COVERAGE_SCORING,DRY_RUN_ONLY_NO_API_CALLS,recent_stats; standings; odds; coverage_probe; context_manual_review,YES,YES,YES,NO,NO,5,NO,NO,HIGH_LOW_COVERAGE,"Low-coverage league: dry-run recommends coverage probe before full enrichment. Context/manual review needed due cup, friendly or playoff environment.",NO,NO
2026-07-11,2026-07-11T23:21:17+01:00,1560597,Montpellier,Aubagne,Friendlies Clubs,P2_LOW_COVERAGE_SCORING,DRY_RUN_ONLY_NO_API_CALLS,recent_stats; standings; odds; coverage_probe; context_manual_review,YES,YES,YES,NO,NO,5,NO,NO,HIGH_LOW_COVERAGE,"Low-coverage league: dry-run recommends coverage probe before full enrichment. Context/manual review needed due cup, friendly or playoff environment.",NO,NO
2026-07-11,2026-07-11T23:21:17+01:00,1584811,Moravia Morawica,Naprzód,Friendlies Clubs,P2_LOW_COVERAGE_SCORING,DRY_RUN_ONLY_NO_API_CALLS,recent_stats; standings; odds; coverage_probe; context_manual_review,YES,YES,YES,NO,NO,5,NO,NO,HIGH_LOW_COVERAGE,"Low-coverage league: dry-run recommends coverage probe before full enrichment. Context/manual review needed due cup, friendly or playoff environment.",NO,NO
2026-07-11,2026-07-11T23:21:17+01:00,1584825,Mossley,Radcliffe,Friendlies Clubs,P2_LOW_COVERAGE_SCORING,DRY_RUN_ONLY_NO_API_CALLS,recent_stats; standings; odds; coverage_probe; context_manual_review,YES,YES,YES,NO,NO,5,NO,NO,HIGH_LOW_COVERAGE,"Low-coverage league: dry-run recommends coverage probe before full enrichment. Context/manual review needed due cup, friendly or playoff environment.",NO,NO
2026-07-11,2026-07-11T23:21:17+01:00,1554870,Motor Lublin,Polonia Warszawa,Friendlies Clubs,P2_LOW_COVERAGE_SCORING,DRY_RUN_ONLY_NO_API_CALLS,recent_stats; standings; odds; coverage_probe; context_manual_review,YES,YES,YES,NO,NO,5,NO,NO,HIGH_LOW_COVERAGE,"Low-coverage league: dry-run recommends coverage probe before full enrichment. Context/manual review needed due cup, friendly or playoff environment.",NO,NO
2026-07-11,2026-07-11T23:21:17+01:00,1583271,Mławianka Mława,Błonianka Błonie,Friendlies Clubs,P2_LOW_COVERAGE_SCORING,DRY_RUN_ONLY_NO_API_CALLS,recent_stats; standings; odds; coverage_probe; context_manual_review,YES,YES,YES,NO,NO,5,NO,NO,HIGH_LOW_COVERAGE,"Low-coverage league: dry-run recommends coverage probe before full enrichment. Context/manual review needed due cup, friendly or playoff environment.",NO,NO
2026-07-11,2026-07-11T23:21:17+01:00,1567609,Nafta,FK Partizan,Friendlies Clubs,P2_LOW_COVERAGE_SCORING,DRY_RUN_ONLY_NO_API_CALLS,recent_stats; standings; odds; coverage_probe; context_manual_review,YES,YES,YES,NO,NO,5,NO,NO,HIGH_LOW_COVERAGE,"Low-coverage league: dry-run recommends coverage probe before full enrichment. Context/manual review needed due cup, friendly or playoff environment.",NO,NO
2026-07-11,2026-07-11T23:21:17+01:00,1560581,Nancy,Estac Troyes,Friendlies Clubs,P2_LOW_COVERAGE_SCORING,DRY_RUN_ONLY_NO_API_CALLS,recent_stats; standings; odds; coverage_probe; context_manual_review,YES,YES,YES,NO,NO,5,NO,NO,HIGH_LOW_COVERAGE,"Low-coverage league: dry-run recommends coverage probe before full enrichment. Context/manual review needed due cup, friendly or playoff environment.",NO,NO
2026-07-11,2026-07-11T23:21:17+01:00,1584760,Napredak,Radnik Bijeljina,Friendlies Clubs,P2_LOW_COVERAGE_SCORING,DRY_RUN_ONLY_NO_API_CALLS,recent_stats; standings; odds; coverage_probe; context_manual_review,YES,YES,YES,NO,NO,5,NO,NO,HIGH_LOW_COVERAGE,"Low-coverage league: dry-run recommends coverage probe before full enrichment. Context/manual review needed due cup, friendly or playoff environment.",NO,NO
2026-07-11,2026-07-11T23:21:17+01:00,1554904,Newbuildings United,Coleraine FC,Friendlies Clubs,P2_LOW_COVERAGE_SCORING,DRY_RUN_ONLY_NO_API_CALLS,recent_stats; standings; odds; coverage_probe; context_manual_review,YES,YES,YES,NO,NO,5,NO,NO,HIGH_LOW_COVERAGE,"Low-coverage league: dry-run recommends coverage probe before full enrichment. Context/manual review needed due cup, friendly or playoff environment.",NO,NO
2026-07-11,2026-07-11T23:21:17+01:00,1560587,Normannia Gmünd,VfR Aalen,Friendlies Clubs,P2_LOW_COVERAGE_SCORING,DRY_RUN_ONLY_NO_API_CALLS,recent_stats; standings; odds; coverage_probe; context_manual_review,YES,YES,YES,NO,NO,5,NO,NO,HIGH_LOW_COVERAGE,"Low-coverage league: dry-run recommends coverage probe before full enrichment. Context/manual review needed due cup, friendly or playoff environment.",NO,NO
2026-07-11,2026-07-11T23:21:17+01:00,1548826,Norwich,Colchester,Friendlies Clubs,P2_LOW_COVERAGE_SCORING,DRY_RUN_ONLY_NO_API_CALLS,recent_stats; standings; odds; coverage_probe; context_manual_review,YES,YES,YES,NO,NO,5,NO,NO,HIGH_LOW_COVERAGE,"Low-coverage league: dry-run recommends coverage probe before full enrichment. Context/manual review needed due cup, friendly or playoff environment.",NO,NO
2026-07-11,2026-07-11T23:21:17+01:00,1562899,Olimpija Ljubljana,LNZ Cherkasy,Friendlies Clubs,P2_LOW_COVERAGE_SCORING,DRY_RUN_ONLY_NO_API_CALLS,recent_stats; standings; odds; coverage_probe; context_manual_review,YES,YES,YES,NO,NO,5,NO,NO,HIGH_LOW_COVERAGE,"Low-coverage league: dry-run recommends coverage probe before full enrichment. Context/manual review needed due cup, friendly or playoff environment.",NO,NO
2026-07-11,2026-07-11T23:21:17+01:00,1567600,Olympiakos Piraeus,OH Leuven,Friendlies Clubs,P2_LOW_COVERAGE_SCORING,DRY_RUN_ONLY_NO_API_CALLS,recent_stats; standings; odds; coverage_probe; context_manual_review,YES,YES,YES,NO,NO,5,NO,NO,HIGH_LOW_COVERAGE,"Low-coverage league: dry-run recommends coverage probe before full enrichment. Context/manual review needed due cup, friendly or playoff environment.",NO,NO
2026-07-11,2026-07-11T23:21:17+01:00,1584812,Ostersunds FK,Orebro SK,Friendlies Clubs,P2_LOW_COVERAGE_SCORING,DRY_RUN_ONLY_NO_API_CALLS,recent_stats; standings; odds; coverage_probe; context_manual_review,YES,YES,YES,NO,NO,5,NO,NO,HIGH_LOW_COVERAGE,"Low-coverage league: dry-run recommends coverage probe before full enrichment. Context/manual review needed due cup, friendly or playoff environment.",NO,NO
2026-07-11,2026-07-11T23:21:17+01:00,1567591,PAOK,Twente,Friendlies Clubs,P2_LOW_COVERAGE_SCORING,DRY_RUN_ONLY_NO_API_CALLS,recent_stats; standings; odds; coverage_probe; context_manual_review,YES,YES,YES,NO,NO,5,NO,NO,HIGH_LOW_COVERAGE,"Low-coverage league: dry-run recommends coverage probe before full enrichment. Context/manual review needed due cup, friendly or playoff environment.",NO,NO
2026-07-11,2026-07-11T23:21:17+01:00,1583289,PEC Zwolle,Al-Jazira,Friendlies Clubs,P2_LOW_COVERAGE_SCORING,DRY_RUN_ONLY_NO_API_CALLS,recent_stats; standings; odds; coverage_probe; context_manual_review,YES,YES,YES,NO,NO,5,NO,NO,HIGH_LOW_COVERAGE,"Low-coverage league: dry-run recommends coverage probe before full enrichment. Context/manual review needed due cup, friendly or playoff environment.",NO,NO
2026-07-11,2026-07-11T23:21:17+01:00,1554873,Panathinaikos,Grasshoppers,Friendlies Clubs,P2_LOW_COVERAGE_SCORING,DRY_RUN_ONLY_NO_API_CALLS,recent_stats; standings; odds; coverage_probe; context_manual_review,YES,YES,YES,NO,NO,5,NO,NO,HIGH_LOW_COVERAGE,"Low-coverage league: dry-run recommends coverage probe before full enrichment. Context/manual review needed due cup, friendly or playoff environment.",NO,NO
2026-07-11,2026-07-11T23:21:17+01:00,1583244,Pelikan Łowicz,Polonia Warszawa,Friendlies Clubs,P2_LOW_COVERAGE_SCORING,DRY_RUN_ONLY_NO_API_CALLS,recent_stats; standings; odds; coverage_probe; context_manual_review,YES,YES,YES,NO,NO,5,NO,NO,HIGH_LOW_COVERAGE,"Low-coverage league: dry-run recommends coverage probe before full enrichment. Context/manual review needed due cup, friendly or playoff environment.",NO,NO
2026-07-11,2026-07-11T23:21:17+01:00,1546647,Plymouth Parkway,Plymouth,Friendlies Clubs,P2_LOW_COVERAGE_SCORING,DRY_RUN_ONLY_NO_API_CALLS,recent_stats; standings; odds; coverage_probe; context_manual_review,YES,YES,YES,NO,NO,5,NO,NO,HIGH_LOW_COVERAGE,"Low-coverage league: dry-run recommends coverage probe before full enrichment. Context/manual review needed due cup, friendly or playoff environment.",NO,NO
2026-07-11,2026-07-11T23:21:17+01:00,1583273,Polonia Słubice,Mieszko Gniezno,Friendlies Clubs,P2_LOW_COVERAGE_SCORING,DRY_RUN_ONLY_NO_API_CALLS,recent_stats; standings; odds; coverage_probe; context_manual_review,YES,YES,YES,NO,NO,5,NO,NO,HIGH_LOW_COVERAGE,"Low-coverage league: dry-run recommends coverage probe before full enrichment. Context/manual review needed due cup, friendly or playoff environment.",NO,NO
2026-07-11,2026-07-11T23:21:17+01:00,1567607,Progres Niederkorn,Thionville Lusitanos,Friendlies Clubs,P2_LOW_COVERAGE_SCORING,DRY_RUN_ONLY_NO_API_CALLS,recent_stats; standings; odds; coverage_probe; context_manual_review,YES,YES,YES,NO,NO,5,NO,NO,HIGH_LOW_COVERAGE,"Low-coverage league: dry-run recommends coverage probe before full enrichment. Context/manual review needed due cup, friendly or playoff environment.",NO,NO
2026-07-11,2026-07-11T23:21:17+01:00,1560591,Pwllheli,Llandudno,Friendlies Clubs,P2_LOW_COVERAGE_SCORING,DRY_RUN_ONLY_NO_API_CALLS,recent_stats; standings; odds; coverage_probe; context_manual_review,YES,YES,YES,NO,NO,5,NO,NO,HIGH_LOW_COVERAGE,"Low-coverage league: dry-run recommends coverage probe before full enrichment. Context/manual review needed due cup, friendly or playoff environment.",NO,NO
2026-07-11,2026-07-11T23:21:17+01:00,1562900,Queen's University,Bangor,Friendlies Clubs,P2_LOW_COVERAGE_SCORING,DRY_RUN_ONLY_NO_API_CALLS,recent_stats; standings; odds; coverage_probe; context_manual_review,YES,YES,YES,NO,NO,5,NO,NO,HIGH_LOW_COVERAGE,"Low-coverage league: dry-run recommends coverage probe before full enrichment. Context/manual review needed due cup, friendly or playoff environment.",NO,NO
2026-07-11,2026-07-11T23:21:17+01:00,1584818,RB Bragantino,Atletico Paranaense,Friendlies Clubs,P2_LOW_COVERAGE_SCORING,DRY_RUN_ONLY_NO_API_CALLS,recent_stats; standings; odds; coverage_probe; context_manual_review,YES,YES,YES,NO,NO,5,NO,NO,HIGH_LOW_COVERAGE,"Low-coverage league: dry-run recommends coverage probe before full enrichment. Context/manual review needed due cup, friendly or playoff environment.",NO,NO
2026-07-11,2026-07-11T23:21:17+01:00,1584800,RSV Eintracht,Tennis Borussia,Friendlies Clubs,P2_LOW_COVERAGE_SCORING,DRY_RUN_ONLY_NO_API_CALLS,recent_stats; standings; odds; coverage_probe; context_manual_review,YES,YES,YES,NO,NO,5,NO,NO,HIGH_LOW_COVERAGE,"Low-coverage league: dry-run recommends coverage probe before full enrichment. Context/manual review needed due cup, friendly or playoff environment.",NO,NO
2026-07-11,2026-07-11T23:21:17+01:00,1583252,Real Sociedad,PAU,Friendlies Clubs,P2_LOW_COVERAGE_SCORING,DRY_RUN_ONLY_NO_API_CALLS,recent_stats; standings; odds; coverage_probe; context_manual_review,YES,YES,YES,NO,NO,5,NO,NO,HIGH_LOW_COVERAGE,"Low-coverage league: dry-run recommends coverage probe before full enrichment. Context/manual review needed due cup, friendly or playoff environment.",NO,NO
2026-07-11,2026-07-11T23:21:17+01:00,1546649,Redbridge,AFC Hornchurch,Friendlies Clubs,P2_LOW_COVERAGE_SCORING,DRY_RUN_ONLY_NO_API_CALLS,recent_stats; standings; odds; coverage_probe; context_manual_review,YES,YES,YES,NO,NO,5,NO,NO,HIGH_LOW_COVERAGE,"Low-coverage league: dry-run recommends coverage probe before full enrichment. Context/manual review needed due cup, friendly or playoff environment.",NO,NO
2026-07-11,2026-07-11T23:21:17+01:00,1584803,Rekord Bielsko-Biała,Wiślanie Jaśkowice,Friendlies Clubs,P2_LOW_COVERAGE_SCORING,DRY_RUN_ONLY_NO_API_CALLS,recent_stats; standings; odds; coverage_probe; context_manual_review,YES,YES,YES,NO,NO,5,NO,NO,HIGH_LOW_COVERAGE,"Low-coverage league: dry-run recommends coverage probe before full enrichment. Context/manual review needed due cup, friendly or playoff environment.",NO,NO
2026-07-11,2026-07-11T23:21:17+01:00,1584814,Resovia Rzeszów,Korona Kielce II,Friendlies Clubs,P2_LOW_COVERAGE_SCORING,DRY_RUN_ONLY_NO_API_CALLS,recent_stats; standings; odds; coverage_probe; context_manual_review,YES,YES,YES,NO,NO,5,NO,NO,HIGH_LOW_COVERAGE,"Low-coverage league: dry-run recommends coverage probe before full enrichment. Context/manual review needed due cup, friendly or playoff environment.",NO,NO
2026-07-11,2026-07-11T23:21:17+01:00,1554876,Rilski Sportist,CSKA Sofia II,Friendlies Clubs,P2_LOW_COVERAGE_SCORING,DRY_RUN_ONLY_NO_API_CALLS,recent_stats; standings; odds; coverage_probe; context_manual_review,YES,YES,YES,NO,NO,5,NO,NO,HIGH_LOW_COVERAGE,"Low-coverage league: dry-run recommends coverage probe before full enrichment. Context/manual review needed due cup, friendly or playoff environment.",NO,NO
2026-07-11,2026-07-11T23:21:17+01:00,1583274,Rio Ave,Arouca,Friendlies Clubs,P2_LOW_COVERAGE_SCORING,DRY_RUN_ONLY_NO_API_CALLS,recent_stats; standings; odds; coverage_probe; context_manual_review,YES,YES,YES,NO,NO,5,NO,NO,HIGH_LOW_COVERAGE,"Low-coverage league: dry-run recommends coverage probe before full enrichment. Context/manual review needed due cup, friendly or playoff environment.",NO,NO
2026-07-11,2026-07-11T23:21:17+01:00,1554905,Rot-Weiß Essen,SW Essen,Friendlies Clubs,P2_LOW_COVERAGE_SCORING,DRY_RUN_ONLY_NO_API_CALLS,recent_stats; standings; odds; coverage_probe; context_manual_review,YES,YES,YES,NO,NO,5,NO,NO,HIGH_LOW_COVERAGE,"Low-coverage league: dry-run recommends coverage probe before full enrichment. Context/manual review needed due cup, friendly or playoff environment.",NO,NO
2026-07-11,2026-07-11T23:21:17+01:00,1583267,Rot-weiss Oberhausen,Hamburger SV II,Friendlies Clubs,P2_LOW_COVERAGE_SCORING,DRY_RUN_ONLY_NO_API_CALLS,recent_stats; standings; odds; coverage_probe; context_manual_review,YES,YES,YES,NO,NO,5,NO,NO,HIGH_LOW_COVERAGE,"Low-coverage league: dry-run recommends coverage probe before full enrichment. Context/manual review needed due cup, friendly or playoff environment.",NO,NO
2026-07-11,2026-07-11T23:21:17+01:00,1554839,Rubin,Krylia Sovetov,Friendlies Clubs,P2_LOW_COVERAGE_SCORING,DRY_RUN_ONLY_NO_API_CALLS,recent_stats; standings; odds; coverage_probe; context_manual_review,YES,YES,YES,NO,NO,5,NO,NO,HIGH_LOW_COVERAGE,"Low-coverage league: dry-run recommends coverage probe before full enrichment. Context/manual review needed due cup, friendly or playoff environment.",NO,NO
2026-07-11,2026-07-11T23:21:17+01:00,1584826,Runcorn Linnets,United of Manchester,Friendlies Clubs,P2_LOW_COVERAGE_SCORING,DRY_RUN_ONLY_NO_API_CALLS,recent_stats; standings; odds; coverage_probe; context_manual_review,YES,YES,YES,NO,NO,5,NO,NO,HIGH_LOW_COVERAGE,"Low-coverage league: dry-run recommends coverage probe before full enrichment. Context/manual review needed due cup, friendly or playoff environment.",NO,NO
2026-07-11,2026-07-11T23:21:17+01:00,1567587,SC Kriens,Schötz,Friendlies Clubs,P2_LOW_COVERAGE_SCORING,DRY_RUN_ONLY_NO_API_CALLS,recent_stats; standings; odds; coverage_probe; context_manual_review,YES,YES,YES,NO,NO,5,NO,NO,HIGH_LOW_COVERAGE,"Low-coverage league: dry-run recommends coverage probe before full enrichment. Context/manual review needed due cup, friendly or playoff environment.",NO,NO
2026-07-11,2026-07-11T23:21:17+01:00,1567598,SC Kriens,YF Juventus,Friendlies Clubs,P2_LOW_COVERAGE_SCORING,DRY_RUN_ONLY_NO_API_CALLS,recent_stats; standings; odds; coverage_probe; context_manual_review,YES,YES,YES,NO,NO,5,NO,NO,HIGH_LOW_COVERAGE,"Low-coverage league: dry-run recommends coverage probe before full enrichment. Context/manual review needed due cup, friendly or playoff environment.",NO,NO
2026-07-11,2026-07-11T23:21:17+01:00,1554861,SGV Freiberg,Hoffenheim II,Friendlies Clubs,P2_LOW_COVERAGE_SCORING,DRY_RUN_ONLY_NO_API_CALLS,recent_stats; standings; odds; coverage_probe; context_manual_review,YES,YES,YES,NO,NO,5,NO,NO,HIGH_LOW_COVERAGE,"Low-coverage league: dry-run recommends coverage probe before full enrichment. Context/manual review needed due cup, friendly or playoff environment.",NO,NO
2026-07-11,2026-07-11T23:21:17+01:00,1546654,SV Babelsberg 03,FC St. Pauli,Friendlies Clubs,P2_LOW_COVERAGE_SCORING,DRY_RUN_ONLY_NO_API_CALLS,recent_stats; standings; odds; coverage_probe; context_manual_review,YES,YES,YES,NO,NO,5,NO,NO,HIGH_LOW_COVERAGE,"Low-coverage league: dry-run recommends coverage probe before full enrichment. Context/manual review needed due cup, friendly or playoff environment.",NO,NO
2026-07-11,2026-07-11T23:21:17+01:00,1554859,SV Drochtersen/Assel,Victoria Hamburg,Friendlies Clubs,P2_LOW_COVERAGE_SCORING,DRY_RUN_ONLY_NO_API_CALLS,recent_stats; standings; odds; coverage_probe; context_manual_review,YES,YES,YES,NO,NO,5,NO,NO,HIGH_LOW_COVERAGE,"Low-coverage league: dry-run recommends coverage probe before full enrichment. Context/manual review needed due cup, friendly or playoff environment.",NO,NO
2026-07-11,2026-07-11T23:21:17+01:00,1560570,SV Eichede,Eintracht Norderstedt,Friendlies Clubs,P2_LOW_COVERAGE_SCORING,DRY_RUN_ONLY_NO_API_CALLS,recent_stats; standings; odds; coverage_probe; context_manual_review,YES,YES,YES,NO,NO,5,NO,NO,HIGH_LOW_COVERAGE,"Low-coverage league: dry-run recommends coverage probe before full enrichment. Context/manual review needed due cup, friendly or playoff environment.",NO,NO
2026-07-11,2026-07-11T23:21:17+01:00,1583290,Saint Etienne,Biel-Bienne,Friendlies Clubs,P2_LOW_COVERAGE_SCORING,DRY_RUN_ONLY_NO_API_CALLS,recent_stats; standings; odds; coverage_probe; context_manual_review,YES,YES,YES,NO,NO,5,NO,NO,HIGH_LOW_COVERAGE,"Low-coverage league: dry-run recommends coverage probe before full enrichment. Context/manual review needed due cup, friendly or playoff environment.",NO,NO
2026-07-11,2026-07-11T23:21:17+01:00,1546652,Salisbury,Bristol Rovers,Friendlies Clubs,P2_LOW_COVERAGE_SCORING,DRY_RUN_ONLY_NO_API_CALLS,recent_stats; standings; odds; coverage_probe; context_manual_review,YES,YES,YES,NO,NO,5,NO,NO,HIGH_LOW_COVERAGE,"Low-coverage league: dry-run recommends coverage probe before full enrichment. Context/manual review needed due cup, friendly or playoff environment.",NO,NO
2026-07-11,2026-07-11T23:21:17+01:00,1567602,Sandecja Nowy Sącz,Nieciecza,Friendlies Clubs,P2_LOW_COVERAGE_SCORING,DRY_RUN_ONLY_NO_API_CALLS,recent_stats; standings; odds; coverage_probe; context_manual_review,YES,YES,YES,NO,NO,5,NO,NO,HIGH_LOW_COVERAGE,"Low-coverage league: dry-run recommends coverage probe before full enrichment. Context/manual review needed due cup, friendly or playoff environment.",NO,NO
2026-07-11,2026-07-11T23:21:17+01:00,1584815,Sardarapat,Syunik,Friendlies Clubs,P2_LOW_COVERAGE_SCORING,DRY_RUN_ONLY_NO_API_CALLS,recent_stats; standings; odds; coverage_probe; context_manual_review,YES,YES,YES,NO,NO,5,NO,NO,HIGH_LOW_COVERAGE,"Low-coverage league: dry-run recommends coverage probe before full enrichment. Context/manual review needed due cup, friendly or playoff environment.",NO,NO
2026-07-11,2026-07-11T23:21:17+01:00,1560596,Schwarz-Weiß Bregenz,Hohenems,Friendlies Clubs,P2_LOW_COVERAGE_SCORING,DRY_RUN_ONLY_NO_API_CALLS,recent_stats; standings; odds; coverage_probe; context_manual_review,YES,YES,YES,NO,NO,5,NO,NO,HIGH_LOW_COVERAGE,"Low-coverage league: dry-run recommends coverage probe before full enrichment. Context/manual review needed due cup, friendly or playoff environment.",NO,NO
2026-07-11,2026-07-11T23:21:17+01:00,1550558,Schöningen,VfL Wolfsburg,Friendlies Clubs,P2_LOW_COVERAGE_SCORING,DRY_RUN_ONLY_NO_API_CALLS,recent_stats; standings; odds; coverage_probe; context_manual_review,YES,YES,YES,NO,NO,5,NO,NO,HIGH_LOW_COVERAGE,"Low-coverage league: dry-run recommends coverage probe before full enrichment. Context/manual review needed due cup, friendly or playoff environment.",NO,NO
2026-07-11,2026-07-11T23:21:17+01:00,1554842,Servette FC,Étoile Carouge,Friendlies Clubs,P2_LOW_COVERAGE_SCORING,DRY_RUN_ONLY_NO_API_CALLS,recent_stats; standings; odds; coverage_probe; context_manual_review,YES,YES,YES,NO,NO,5,NO,NO,HIGH_LOW_COVERAGE,"Low-coverage league: dry-run recommends coverage probe before full enrichment. Context/manual review needed due cup, friendly or playoff environment.",NO,NO
2026-07-11,2026-07-11T23:21:17+01:00,1562912,Sevilla,Juventud Torremolinos,Friendlies Clubs,P2_LOW_COVERAGE_SCORING,DRY_RUN_ONLY_NO_API_CALLS,recent_stats; standings; odds; coverage_probe; context_manual_review,YES,YES,YES,NO,NO,5,NO,NO,HIGH_LOW_COVERAGE,"Low-coverage league: dry-run recommends coverage probe before full enrichment. Context/manual review needed due cup, friendly or playoff environment.",NO,NO
2026-07-11,2026-07-11T23:21:17+01:00,1554878,Sheffield Wednesday,West Brom,Friendlies Clubs,P2_LOW_COVERAGE_SCORING,DRY_RUN_ONLY_NO_API_CALLS,recent_stats; standings; odds; coverage_probe; context_manual_review,YES,YES,YES,NO,NO,5,NO,NO,HIGH_LOW_COVERAGE,"Low-coverage league: dry-run recommends coverage probe before full enrichment. Context/manual review needed due cup, friendly or playoff environment.",NO,NO
2026-07-11,2026-07-11T23:21:17+01:00,1554906,Sholing,Woking,Friendlies Clubs,P2_LOW_COVERAGE_SCORING,DRY_RUN_ONLY_NO_API_CALLS,recent_stats; standings; odds; coverage_probe; context_manual_review,YES,YES,YES,NO,NO,5,NO,NO,HIGH_LOW_COVERAGE,"Low-coverage league: dry-run recommends coverage probe before full enrichment. Context/manual review needed due cup, friendly or playoff environment.",NO,NO
2026-07-11,2026-07-11T23:21:17+01:00,1584798,Silkeborg,Thisted FC,Friendlies Clubs,P2_LOW_COVERAGE_SCORING,DRY_RUN_ONLY_NO_API_CALLS,recent_stats; standings; odds; coverage_probe; context_manual_review,YES,YES,YES,NO,NO,5,NO,NO,HIGH_LOW_COVERAGE,"Low-coverage league: dry-run recommends coverage probe before full enrichment. Context/manual review needed due cup, friendly or playoff environment.",NO,NO
2026-07-11,2026-07-11T23:21:17+01:00,1547942,Slask Wroclaw,Odra Opole,Friendlies Clubs,P2_LOW_COVERAGE_SCORING,DRY_RUN_ONLY_NO_API_CALLS,recent_stats; standings; odds; coverage_probe; context_manual_review,YES,YES,YES,NO,NO,5,NO,NO,HIGH_LOW_COVERAGE,"Low-coverage league: dry-run recommends coverage probe before full enrichment. Context/manual review needed due cup, friendly or playoff environment.",NO,NO
2026-07-11,2026-07-11T23:21:17+01:00,1554914,Slavia Praha,Slovan Bratislava,Friendlies Clubs,P2_LOW_COVERAGE_SCORING,DRY_RUN_ONLY_NO_API_CALLS,recent_stats; standings; odds; coverage_probe; context_manual_review,YES,YES,YES,NO,NO,5,NO,NO,HIGH_LOW_COVERAGE,"Low-coverage league: dry-run recommends coverage probe before full enrichment. Context/manual review needed due cup, friendly or playoff environment.",NO,NO
2026-07-11,2026-07-11T23:21:17+01:00,1560583,Slavia Praha II,Śląsk Wrocław II,Friendlies Clubs,P2_LOW_COVERAGE_SCORING,DRY_RUN_ONLY_NO_API_CALLS,recent_stats; standings; odds; coverage_probe; context_manual_review,YES,YES,YES,NO,NO,5,NO,NO,HIGH_LOW_COVERAGE,"Low-coverage league: dry-run recommends coverage probe before full enrichment. Context/manual review needed due cup, friendly or playoff environment.",NO,NO
2026-07-11,2026-07-11T23:21:17+01:00,1562908,Slavia Sofia,Montana,Friendlies Clubs,P2_LOW_COVERAGE_SCORING,DRY_RUN_ONLY_NO_API_CALLS,recent_stats; standings; odds; coverage_probe; context_manual_review,YES,YES,YES,NO,NO,5,NO,NO,HIGH_LOW_COVERAGE,"Low-coverage league: dry-run recommends coverage probe before full enrichment. Context/manual review needed due cup, friendly or playoff environment.",NO,NO
2026-07-11,2026-07-11T23:21:17+01:00,1547953,Sparta Praha,Gamba Osaka,Friendlies Clubs,P2_LOW_COVERAGE_SCORING,DRY_RUN_ONLY_NO_API_CALLS,recent_stats; standings; odds; coverage_probe; context_manual_review,YES,YES,YES,NO,NO,5,NO,NO,HIGH_LOW_COVERAGE,"Low-coverage league: dry-run recommends coverage probe before full enrichment. Context/manual review needed due cup, friendly or playoff environment.",NO,NO
2026-07-11,2026-07-11T23:21:17+01:00,1548821,Sparta Rotterdam,Telstar,Friendlies Clubs,P2_LOW_COVERAGE_SCORING,DRY_RUN_ONLY_NO_API_CALLS,recent_stats; standings; odds; coverage_probe; context_manual_review,YES,YES,YES,NO,NO,5,NO,NO,HIGH_LOW_COVERAGE,"Low-coverage league: dry-run recommends coverage probe before full enrichment. Context/manual review needed due cup, friendly or playoff environment.",NO,NO
2026-07-11,2026-07-11T23:21:17+01:00,1560584,Spartak Pleven,Lokomotiv G. Oryahovitsa,Friendlies Clubs,P2_LOW_COVERAGE_SCORING,DRY_RUN_ONLY_NO_API_CALLS,recent_stats; standings; odds; coverage_probe; context_manual_review,YES,YES,YES,NO,NO,5,NO,NO,HIGH_LOW_COVERAGE,"Low-coverage league: dry-run recommends coverage probe before full enrichment. Context/manual review needed due cup, friendly or playoff environment.",NO,NO
2026-07-11,2026-07-11T23:21:17+01:00,1554881,Spartak Varna,Dobrudzha,Friendlies Clubs,P2_LOW_COVERAGE_SCORING,DRY_RUN_ONLY_NO_API_CALLS,recent_stats; standings; odds; coverage_probe; context_manual_review,YES,YES,YES,NO,NO,5,NO,NO,HIGH_LOW_COVERAGE,"Low-coverage league: dry-run recommends coverage probe before full enrichment. Context/manual review needed due cup, friendly or playoff environment.",NO,NO
2026-07-11,2026-07-11T23:21:17+01:00,1548822,Sportfreunde Schwaig,SpVgg Unterhaching,Friendlies Clubs,P2_LOW_COVERAGE_SCORING,DRY_RUN_ONLY_NO_API_CALLS,recent_stats; standings; odds; coverage_probe; context_manual_review,YES,YES,YES,NO,NO,5,NO,NO,HIGH_LOW_COVERAGE,"Low-coverage league: dry-run recommends coverage probe before full enrichment. Context/manual review needed due cup, friendly or playoff environment.",NO,NO
2026-07-11,2026-07-11T23:21:17+01:00,1547946,Sportfreunde Siegen,TuS Koblenz,Friendlies Clubs,P2_LOW_COVERAGE_SCORING,DRY_RUN_ONLY_NO_API_CALLS,recent_stats; standings; odds; coverage_probe; context_manual_review,YES,YES,YES,NO,NO,5,NO,NO,HIGH_LOW_COVERAGE,"Low-coverage league: dry-run recommends coverage probe before full enrichment. Context/manual review needed due cup, friendly or playoff environment.",NO,NO
2026-07-11,2026-07-11T23:21:17+01:00,1548814,Sporting Hasselt,KV Mechelen,Friendlies Clubs,P2_LOW_COVERAGE_SCORING,DRY_RUN_ONLY_NO_API_CALLS,recent_stats; standings; odds; coverage_probe; context_manual_review,YES,YES,YES,NO,NO,5,NO,NO,HIGH_LOW_COVERAGE,"Low-coverage league: dry-run recommends coverage probe before full enrichment. Context/manual review needed due cup, friendly or playoff environment.",NO,NO
2026-07-11,2026-07-11T23:21:17+01:00,1567604,Sportist Svoge,Vihren,Friendlies Clubs,P2_LOW_COVERAGE_SCORING,DRY_RUN_ONLY_NO_API_CALLS,recent_stats; standings; odds; coverage_probe; context_manual_review,YES,YES,YES,NO,NO,5,NO,NO,HIGH_LOW_COVERAGE,"Low-coverage league: dry-run recommends coverage probe before full enrichment. Context/manual review needed due cup, friendly or playoff environment.",NO,NO
2026-07-11,2026-07-11T23:21:17+01:00,1583279,Stal Stalowa Wola,Avia Świdnik,Friendlies Clubs,P2_LOW_COVERAGE_SCORING,DRY_RUN_ONLY_NO_API_CALLS,recent_stats; standings; odds; coverage_probe; context_manual_review,YES,YES,YES,NO,NO,5,NO,NO,HIGH_LOW_COVERAGE,"Low-coverage league: dry-run recommends coverage probe before full enrichment. Context/manual review needed due cup, friendly or playoff environment.",NO,NO
2026-07-11,2026-07-11T23:21:17+01:00,1560594,Standard Liege,Francs Borains,Friendlies Clubs,P2_LOW_COVERAGE_SCORING,DRY_RUN_ONLY_NO_API_CALLS,recent_stats; standings; odds; coverage_probe; context_manual_review,YES,YES,YES,NO,NO,5,NO,NO,HIGH_LOW_COVERAGE,"Low-coverage league: dry-run recommends coverage probe before full enrichment. Context/manual review needed due cup, friendly or playoff environment.",NO,NO
2026-07-11,2026-07-11T23:21:17+01:00,1554915,Sturm Graz,Sanfrecce Hiroshima,Friendlies Clubs,P2_LOW_COVERAGE_SCORING,DRY_RUN_ONLY_NO_API_CALLS,recent_stats; standings; odds; coverage_probe; context_manual_review,YES,YES,YES,NO,NO,5,NO,NO,HIGH_LOW_COVERAGE,"Low-coverage league: dry-run recommends coverage probe before full enrichment. Context/manual review needed due cup, friendly or playoff environment.",NO,NO
2026-07-11,2026-07-11T23:21:17+01:00,1554882,TSV Steinbach,Fortuna Köln,Friendlies Clubs,P2_LOW_COVERAGE_SCORING,DRY_RUN_ONLY_NO_API_CALLS,recent_stats; standings; odds; coverage_probe; context_manual_review,YES,YES,YES,NO,NO,5,NO,NO,HIGH_LOW_COVERAGE,"Low-coverage league: dry-run recommends coverage probe before full enrichment. Context/manual review needed due cup, friendly or playoff environment.",NO,NO
2026-07-11,2026-07-11T23:21:17+01:00,1583287,Tamworth,Walton & Hersham,Friendlies Clubs,P2_LOW_COVERAGE_SCORING,DRY_RUN_ONLY_NO_API_CALLS,recent_stats; standings; odds; coverage_probe; context_manual_review,YES,YES,YES,NO,NO,5,NO,NO,HIGH_LOW_COVERAGE,"Low-coverage league: dry-run recommends coverage probe before full enrichment. Context/manual review needed due cup, friendly or playoff environment.",NO,NO
2026-07-11,2026-07-11T23:21:17+01:00,1584827,Tonbridge Angels,Biggleswade,Friendlies Clubs,P2_LOW_COVERAGE_SCORING,DRY_RUN_ONLY_NO_API_CALLS,recent_stats; standings; odds; coverage_probe; context_manual_review,YES,YES,YES,NO,NO,5,NO,NO,HIGH_LOW_COVERAGE,"Low-coverage league: dry-run recommends coverage probe before full enrichment. Context/manual review needed due cup, friendly or playoff environment.",NO,NO
2026-07-11,2026-07-11T23:21:17+01:00,1584828,Tranent Juniors,Auchinleck Talbot,Friendlies Clubs,P2_LOW_COVERAGE_SCORING,DRY_RUN_ONLY_NO_API_CALLS,recent_stats; standings; odds; coverage_probe; context_manual_review,YES,YES,YES,NO,NO,5,NO,NO,HIGH_LOW_COVERAGE,"Low-coverage league: dry-run recommends coverage probe before full enrichment. Context/manual review needed due cup, friendly or playoff environment.",NO,NO
2026-07-11,2026-07-11T23:21:17+01:00,1554883,Tychy 71,Sigma Olomouc II,Friendlies Clubs,P2_LOW_COVERAGE_SCORING,DRY_RUN_ONLY_NO_API_CALLS,recent_stats; standings; odds; coverage_probe; context_manual_review,YES,YES,YES,NO,NO,5,NO,NO,HIGH_LOW_COVERAGE,"Low-coverage league: dry-run recommends coverage probe before full enrichment. Context/manual review needed due cup, friendly or playoff environment.",NO,NO
2026-07-11,2026-07-11T23:21:17+01:00,1554850,Union Klosterfelde,Luckenwalde,Friendlies Clubs,P2_LOW_COVERAGE_SCORING,DRY_RUN_ONLY_NO_API_CALLS,recent_stats; standings; odds; coverage_probe; context_manual_review,YES,YES,YES,NO,NO,5,NO,NO,HIGH_LOW_COVERAGE,"Low-coverage league: dry-run recommends coverage probe before full enrichment. Context/manual review needed due cup, friendly or playoff environment.",NO,NO
2026-07-11,2026-07-11T23:21:17+01:00,1554877,Union St. Gilloise,Aarhus,Friendlies Clubs,P2_LOW_COVERAGE_SCORING,DRY_RUN_ONLY_NO_API_CALLS,recent_stats; standings; odds; coverage_probe; context_manual_review,YES,YES,YES,NO,NO,5,NO,NO,HIGH_LOW_COVERAGE,"Low-coverage league: dry-run recommends coverage probe before full enrichment. Context/manual review needed due cup, friendly or playoff environment.",NO,NO
2026-07-11,2026-07-11T23:21:17+01:00,1567612,Universitario,Millonarios,Friendlies Clubs,P2_LOW_COVERAGE_SCORING,DRY_RUN_ONLY_NO_API_CALLS,recent_stats; standings; odds; coverage_probe; context_manual_review,YES,YES,YES,NO,NO,5,NO,NO,HIGH_LOW_COVERAGE,"Low-coverage league: dry-run recommends coverage probe before full enrichment. Context/manual review needed due cup, friendly or playoff environment.",NO,NO
2026-07-11,2026-07-11T23:21:17+01:00,1583255,Uzwil,Dietikon,Friendlies Clubs,P2_LOW_COVERAGE_SCORING,DRY_RUN_ONLY_NO_API_CALLS,recent_stats; standings; odds; coverage_probe; context_manual_review,YES,YES,YES,NO,NO,5,NO,NO,HIGH_LOW_COVERAGE,"Low-coverage league: dry-run recommends coverage probe before full enrichment. Context/manual review needed due cup, friendly or playoff environment.",NO,NO
2026-07-11,2026-07-11T23:21:17+01:00,1567606,Vanløse,Nykobing FC,Friendlies Clubs,P2_LOW_COVERAGE_SCORING,DRY_RUN_ONLY_NO_API_CALLS,recent_stats; standings; odds; coverage_probe; context_manual_review,YES,YES,YES,NO,NO,5,NO,NO,HIGH_LOW_COVERAGE,"Low-coverage league: dry-run recommends coverage probe before full enrichment. Context/manual review needed due cup, friendly or playoff environment.",NO,NO
2026-07-11,2026-07-11T23:21:17+01:00,1515513,Varbergs BoIS FC,Norrby IF,Friendlies Clubs,P2_LOW_COVERAGE_SCORING,DRY_RUN_ONLY_NO_API_CALLS,recent_stats; standings; odds; coverage_probe; context_manual_review,YES,YES,YES,NO,NO,5,NO,NO,HIGH_LOW_COVERAGE,"Low-coverage league: dry-run recommends coverage probe before full enrichment. Context/manual review needed due cup, friendly or playoff environment.",NO,NO
2026-07-11,2026-07-11T23:21:17+01:00,1554884,Vasas,Kecskeméti TE,Friendlies Clubs,P2_LOW_COVERAGE_SCORING,DRY_RUN_ONLY_NO_API_CALLS,recent_stats; standings; odds; coverage_probe; context_manual_review,YES,YES,YES,NO,NO,5,NO,NO,HIGH_LOW_COVERAGE,"Low-coverage league: dry-run recommends coverage probe before full enrichment. Context/manual review needed due cup, friendly or playoff environment.",NO,NO
2026-07-11,2026-07-11T23:21:17+01:00,1554907,Vauxhall Motors,Chester,Friendlies Clubs,P2_LOW_COVERAGE_SCORING,DRY_RUN_ONLY_NO_API_CALLS,recent_stats; standings; odds; coverage_probe; context_manual_review,YES,YES,YES,NO,NO,5,NO,NO,HIGH_LOW_COVERAGE,"Low-coverage league: dry-run recommends coverage probe before full enrichment. Context/manual review needed due cup, friendly or playoff environment.",NO,NO
2026-07-11,2026-07-11T23:21:17+01:00,1547938,Vejle,Hillerød,Friendlies Clubs,P2_LOW_COVERAGE_SCORING,DRY_RUN_ONLY_NO_API_CALLS,recent_stats; standings; odds; coverage_probe; context_manual_review,YES,YES,YES,NO,NO,5,NO,NO,HIGH_LOW_COVERAGE,"Low-coverage league: dry-run recommends coverage probe before full enrichment. Context/manual review needed due cup, friendly or playoff environment.",NO,NO
2026-07-11,2026-07-11T23:21:17+01:00,1548823,VfB Oldenburg,Wiedenbrück,Friendlies Clubs,P2_LOW_COVERAGE_SCORING,DRY_RUN_ONLY_NO_API_CALLS,recent_stats; standings; odds; coverage_probe; context_manual_review,YES,YES,YES,NO,NO,5,NO,NO,HIGH_LOW_COVERAGE,"Low-coverage league: dry-run recommends coverage probe before full enrichment. Context/manual review needed due cup, friendly or playoff environment.",NO,NO
2026-07-11,2026-07-11T23:21:17+01:00,1584804,VfL Bochum,Antwerp,Friendlies Clubs,P2_LOW_COVERAGE_SCORING,DRY_RUN_ONLY_NO_API_CALLS,recent_stats; standings; odds; coverage_probe; context_manual_review,YES,YES,YES,NO,NO,5,NO,NO,HIGH_LOW_COVERAGE,"Low-coverage league: dry-run recommends coverage probe before full enrichment. Context/manual review needed due cup, friendly or playoff environment.",NO,NO
2026-07-11,2026-07-11T23:21:17+01:00,1548809,Viborg,Notts County,Friendlies Clubs,P2_LOW_COVERAGE_SCORING,DRY_RUN_ONLY_NO_API_CALLS,recent_stats; standings; odds; coverage_probe; context_manual_review,YES,YES,YES,NO,NO,5,NO,NO,HIGH_LOW_COVERAGE,"Low-coverage league: dry-run recommends coverage probe before full enrichment. Context/manual review needed due cup, friendly or playoff environment.",NO,NO
2026-07-11,2026-07-11T23:21:17+01:00,1560585,Vilzing,Gebenbach,Friendlies Clubs,P2_LOW_COVERAGE_SCORING,DRY_RUN_ONLY_NO_API_CALLS,recent_stats; standings; odds; coverage_probe; context_manual_review,YES,YES,YES,NO,NO,5,NO,NO,HIGH_LOW_COVERAGE,"Low-coverage league: dry-run recommends coverage probe before full enrichment. Context/manual review needed due cup, friendly or playoff environment.",NO,NO
2026-07-11,2026-07-11T23:21:17+01:00,1554885,Vitesse,Borussia Dortmund II,Friendlies Clubs,P2_LOW_COVERAGE_SCORING,DRY_RUN_ONLY_NO_API_CALLS,recent_stats; standings; odds; coverage_probe; context_manual_review,YES,YES,YES,NO,NO,5,NO,NO,HIGH_LOW_COVERAGE,"Low-coverage league: dry-run recommends coverage probe before full enrichment. Context/manual review needed due cup, friendly or playoff environment.",NO,NO
2026-07-11,2026-07-11T23:21:17+01:00,1567605,Vizela,Fafe,Friendlies Clubs,P2_LOW_COVERAGE_SCORING,DRY_RUN_ONLY_NO_API_CALLS,recent_stats; standings; odds; coverage_probe; context_manual_review,YES,YES,YES,NO,NO,5,NO,NO,HIGH_LOW_COVERAGE,"Low-coverage league: dry-run recommends coverage probe before full enrichment. Context/manual review needed due cup, friendly or playoff environment.",NO,NO
2026-07-11,2026-07-11T23:21:17+01:00,1583280,Warta Gorzów,Carina Gubin,Friendlies Clubs,P2_LOW_COVERAGE_SCORING,DRY_RUN_ONLY_NO_API_CALLS,recent_stats; standings; odds; coverage_probe; context_manual_review,YES,YES,YES,NO,NO,5,NO,NO,HIGH_LOW_COVERAGE,"Low-coverage league: dry-run recommends coverage probe before full enrichment. Context/manual review needed due cup, friendly or playoff environment.",NO,NO
2026-07-11,2026-07-11T23:21:17+01:00,1584794,Warta Sieradz,Elana Toruń,Friendlies Clubs,P2_LOW_COVERAGE_SCORING,DRY_RUN_ONLY_NO_API_CALLS,recent_stats; standings; odds; coverage_probe; context_manual_review,YES,YES,YES,NO,NO,5,NO,NO,HIGH_LOW_COVERAGE,"Low-coverage league: dry-run recommends coverage probe before full enrichment. Context/manual review needed due cup, friendly or playoff environment.",NO,NO
2026-07-11,2026-07-11T23:21:17+01:00,1583291,Wegberg-Beeck,AS Eupen,Friendlies Clubs,P2_LOW_COVERAGE_SCORING,DRY_RUN_ONLY_NO_API_CALLS,recent_stats; standings; odds; coverage_probe; context_manual_review,YES,YES,YES,NO,NO,5,NO,NO,HIGH_LOW_COVERAGE,"Low-coverage league: dry-run recommends coverage probe before full enrichment. Context/manual review needed due cup, friendly or playoff environment.",NO,NO
2026-07-11,2026-07-11T23:21:17+01:00,1560588,Widzew II,Baník Ostrava II,Friendlies Clubs,P2_LOW_COVERAGE_SCORING,DRY_RUN_ONLY_NO_API_CALLS,recent_stats; standings; odds; coverage_probe; context_manual_review,YES,YES,YES,NO,NO,5,NO,NO,HIGH_LOW_COVERAGE,"Low-coverage league: dry-run recommends coverage probe before full enrichment. Context/manual review needed due cup, friendly or playoff environment.",NO,NO
2026-07-11,2026-07-11T23:21:17+01:00,1562909,Wilhelmshaven,SSV Jeddeloh,Friendlies Clubs,P2_LOW_COVERAGE_SCORING,DRY_RUN_ONLY_NO_API_CALLS,recent_stats; standings; odds; coverage_probe; context_manual_review,YES,YES,YES,NO,NO,5,NO,NO,HIGH_LOW_COVERAGE,"Low-coverage league: dry-run recommends coverage probe before full enrichment. Context/manual review needed due cup, friendly or playoff environment.",NO,NO
2026-07-11,2026-07-11T23:21:17+01:00,1546653,Wisla Krakow,Wrexham,Friendlies Clubs,P2_LOW_COVERAGE_SCORING,DRY_RUN_ONLY_NO_API_CALLS,recent_stats; standings; odds; coverage_probe; context_manual_review,YES,YES,YES,NO,NO,5,NO,NO,HIGH_LOW_COVERAGE,"Low-coverage league: dry-run recommends coverage probe before full enrichment. Context/manual review needed due cup, friendly or playoff environment.",NO,NO
2026-07-11,2026-07-11T23:21:17+01:00,1584783,Wisła Kraków II,Podhale Nowy Targ,Friendlies Clubs,P2_LOW_COVERAGE_SCORING,DRY_RUN_ONLY_NO_API_CALLS,recent_stats; standings; odds; coverage_probe; context_manual_review,YES,YES,YES,NO,NO,5,NO,NO,HIGH_LOW_COVERAGE,"Low-coverage league: dry-run recommends coverage probe before full enrichment. Context/manual review needed due cup, friendly or playoff environment.",NO,NO
2026-07-11,2026-07-11T23:21:17+01:00,1583272,Wisła Płock II,Chemik Bydgoszcz,Friendlies Clubs,P2_LOW_COVERAGE_SCORING,DRY_RUN_ONLY_NO_API_CALLS,recent_stats; standings; odds; coverage_probe; context_manual_review,YES,YES,YES,NO,NO,5,NO,NO,HIGH_LOW_COVERAGE,"Low-coverage league: dry-run recommends coverage probe before full enrichment. Context/manual review needed due cup, friendly or playoff environment.",NO,NO
2026-07-11,2026-07-11T23:21:17+01:00,1546664,Witton Albion,Crewe,Friendlies Clubs,P2_LOW_COVERAGE_SCORING,DRY_RUN_ONLY_NO_API_CALLS,recent_stats; standings; odds; coverage_probe; context_manual_review,YES,YES,YES,NO,NO,5,NO,NO,HIGH_LOW_COVERAGE,"Low-coverage league: dry-run recommends coverage probe before full enrichment. Context/manual review needed due cup, friendly or playoff environment.",NO,NO
2026-07-11,2026-07-11T23:21:17+01:00,1583288,Worksop Town,Ilkeston Town,Friendlies Clubs,P2_LOW_COVERAGE_SCORING,DRY_RUN_ONLY_NO_API_CALLS,recent_stats; standings; odds; coverage_probe; context_manual_review,YES,YES,YES,NO,NO,5,NO,NO,HIGH_LOW_COVERAGE,"Low-coverage league: dry-run recommends coverage probe before full enrichment. Context/manual review needed due cup, friendly or playoff environment.",NO,NO
2026-07-11,2026-07-11T23:21:17+01:00,1584784,Wycombe,Ebbsfleet United,Friendlies Clubs,P2_LOW_COVERAGE_SCORING,DRY_RUN_ONLY_NO_API_CALLS,recent_stats; standings; odds; coverage_probe; context_manual_review,YES,YES,YES,NO,NO,5,NO,NO,HIGH_LOW_COVERAGE,"Low-coverage league: dry-run recommends coverage probe before full enrichment. Context/manual review needed due cup, friendly or playoff environment.",NO,NO
2026-07-11,2026-07-11T23:21:17+01:00,1583281,Würzburger Kickers,SG Wattenscheid 09,Friendlies Clubs,P2_LOW_COVERAGE_SCORING,DRY_RUN_ONLY_NO_API_CALLS,recent_stats; standings; odds; coverage_probe; context_manual_review,YES,YES,YES,NO,NO,5,NO,NO,HIGH_LOW_COVERAGE,"Low-coverage league: dry-run recommends coverage probe before full enrichment. Context/manual review needed due cup, friendly or playoff environment.",NO,NO
2026-07-11,2026-07-11T23:21:17+01:00,1554908,Yate Town,Barry Town,Friendlies Clubs,P2_LOW_COVERAGE_SCORING,DRY_RUN_ONLY_NO_API_CALLS,recent_stats; standings; odds; coverage_probe; context_manual_review,YES,YES,YES,NO,NO,5,NO,NO,HIGH_LOW_COVERAGE,"Low-coverage league: dry-run recommends coverage probe before full enrichment. Context/manual review needed due cup, friendly or playoff environment.",NO,NO
2026-07-11,2026-07-11T23:21:17+01:00,1554909,York,Barnsley,Friendlies Clubs,P2_LOW_COVERAGE_SCORING,DRY_RUN_ONLY_NO_API_CALLS,recent_stats; standings; odds; coverage_probe; context_manual_review,YES,YES,YES,NO,NO,5,NO,NO,HIGH_LOW_COVERAGE,"Low-coverage league: dry-run recommends coverage probe before full enrichment. Context/manual review needed due cup, friendly or playoff environment.",NO,NO
2026-07-11,2026-07-11T23:21:17+01:00,1584810,ZFC Meuselwitz,BFC Preussen,Friendlies Clubs,P2_LOW_COVERAGE_SCORING,DRY_RUN_ONLY_NO_API_CALLS,recent_stats; standings; odds; coverage_probe; context_manual_review,YES,YES,YES,NO,NO,5,NO,NO,HIGH_LOW_COVERAGE,"Low-coverage league: dry-run recommends coverage probe before full enrichment. Context/manual review needed due cup, friendly or playoff environment.",NO,NO
2026-07-11,2026-07-11T23:21:17+01:00,1584808,Zaglebie Sosnowiec,Kalisz,Friendlies Clubs,P2_LOW_COVERAGE_SCORING,DRY_RUN_ONLY_NO_API_CALLS,recent_stats; standings; odds; coverage_probe; context_manual_review,YES,YES,YES,NO,NO,5,NO,NO,HIGH_LOW_COVERAGE,"Low-coverage league: dry-run recommends coverage probe before full enrichment. Context/manual review needed due cup, friendly or playoff environment.",NO,NO
2026-07-11,2026-07-11T23:21:17+01:00,1554888,Zawisza Bydgoszcz,ŁKS Łódź II,Friendlies Clubs,P2_LOW_COVERAGE_SCORING,DRY_RUN_ONLY_NO_API_CALLS,recent_stats; standings; odds; coverage_probe; context_manual_review,YES,YES,YES,NO,NO,5,NO,NO,HIGH_LOW_COVERAGE,"Low-coverage league: dry-run recommends coverage probe before full enrichment. Context/manual review needed due cup, friendly or playoff environment.",NO,NO
2026-07-11,2026-07-11T23:21:17+01:00,1554869,Zemplín Michalovce,Bukovyna,Friendlies Clubs,P2_LOW_COVERAGE_SCORING,DRY_RUN_ONLY_NO_API_CALLS,recent_stats; standings; odds; coverage_probe; context_manual_review,YES,YES,YES,NO,NO,5,NO,NO,HIGH_LOW_COVERAGE,"Low-coverage league: dry-run recommends coverage probe before full enrichment. Context/manual review needed due cup, friendly or playoff environment.",NO,NO
2026-07-11,2026-07-11T23:21:17+01:00,1584796,Zulte Waregem,Kryvbas KR,Friendlies Clubs,P2_LOW_COVERAGE_SCORING,DRY_RUN_ONLY_NO_API_CALLS,recent_stats; standings; odds; coverage_probe; context_manual_review,YES,YES,YES,NO,NO,5,NO,NO,HIGH_LOW_COVERAGE,"Low-coverage league: dry-run recommends coverage probe before full enrichment. Context/manual review needed due cup, friendly or playoff environment.",NO,NO
2026-07-11,2026-07-11T23:21:17+01:00,1584817,Ząbkovia Ząbki,Łomża,Friendlies Clubs,P2_LOW_COVERAGE_SCORING,DRY_RUN_ONLY_NO_API_CALLS,recent_stats; standings; odds; coverage_probe; context_manual_review,YES,YES,YES,NO,NO,5,NO,NO,HIGH_LOW_COVERAGE,"Low-coverage league: dry-run recommends coverage probe before full enrichment. Context/manual review needed due cup, friendly or playoff environment.",NO,NO
2026-07-11,2026-07-11T23:21:17+01:00,1583246,Ústí nad Labem II,Chomutov,Friendlies Clubs,P2_LOW_COVERAGE_SCORING,DRY_RUN_ONLY_NO_API_CALLS,recent_stats; standings; odds; coverage_probe; context_manual_review,YES,YES,YES,NO,NO,5,NO,NO,HIGH_LOW_COVERAGE,"Low-coverage league: dry-run recommends coverage probe before full enrichment. Context/manual review needed due cup, friendly or playoff environment.",NO,NO
2026-07-11,2026-07-11T23:21:17+01:00,1548818,ŁKS Łódź,Unia Skierniewice,Friendlies Clubs,P2_LOW_COVERAGE_SCORING,DRY_RUN_ONLY_NO_API_CALLS,recent_stats; standings; odds; coverage_probe; context_manual_review,YES,YES,YES,NO,NO,5,NO,NO,HIGH_LOW_COVERAGE,"Low-coverage league: dry-run recommends coverage probe before full enrichment. Context/manual review needed due cup, friendly or playoff environment.",NO,NO
2026-07-11,2026-07-11T23:21:17+01:00,1567580,Świt Skolwin,Flota Świnoujście,Friendlies Clubs,P2_LOW_COVERAGE_SCORING,DRY_RUN_ONLY_NO_API_CALLS,recent_stats; standings; odds; coverage_probe; context_manual_review,YES,YES,YES,NO,NO,5,NO,NO,HIGH_LOW_COVERAGE,"Low-coverage league: dry-run recommends coverage probe before full enrichment. Context/manual review needed due cup, friendly or playoff environment.",NO,NO
2026-07-11,2026-07-11T23:21:17+01:00,1549963,SAT Moreno,Estrella de Berisso,Torneo Promocional Amateur,P1_TRUSTED_MISSING_SCORING,DRY_RUN_ONLY_NO_API_CALLS,recent_stats; standings; odds; injuries_optional; lineups_prelock_optional,YES,YES,YES,OPTIONAL,PRELOCK_OPTIONAL,5,NO,NO,MEDIUM,"Core enrichment needed before scoring: recent stats, standings and odds.",NO,NO
2026-07-11,2026-07-11T23:21:17+01:00,1549975,Uribelarrea,Alumni Los Hornos,Torneo Promocional Amateur,P1_TRUSTED_MISSING_SCORING,DRY_RUN_ONLY_NO_API_CALLS,recent_stats; standings; odds; injuries_optional; lineups_prelock_optional,YES,YES,YES,OPTIONAL,PRELOCK_OPTIONAL,5,NO,NO,MEDIUM,"Core enrichment needed before scoring: recent stats, standings and odds.",NO,NO
