date,fixture_datetime_utc,fixture_timestamp,league,league_id,season,fixture_id,status,home_team,home_team_id,away_team,away_team_id,country,fixture_status_short,fixture_status_long,fixture_status_elapsed,goals_home,goals_away,score_fulltime_home,score_fulltime_away,score_halftime_home,score_halftime_away,score_extratime_home,score_extratime_away,score_penalty_home,score_penalty_away,home_xg_for,home_xg_against,away_xg_for,away_xg_against,home_sot_for,away_sot_for,home_big_for,away_big_for,home_motivation,away_motivation,home_absences,away_absences,today_pipeline_fetched_at,league_coverage_class,league_has_odds_coverage,league_has_fixture_stats_coverage,league_has_injuries_coverage,league_has_lineups_coverage,league_has_predictions_coverage,league_coverage_rich_flag,league_data_reliability_score,league_coverage_source_status,league_coverage_note,home_recent_matches,away_recent_matches,home_form_pts,away_form_pts,home_goals_for_pg,away_goals_for_pg,home_goals_against_pg,away_goals_against_pg,home_scored_rate,away_scored_rate,home_clean_sheet_rate,away_clean_sheet_rate,home_btts_rate,away_btts_rate,home_over15_rate,away_over15_rate,home_over25_rate,away_over25_rate,home_stats_season_used,away_stats_season_used,data_enrichment_level,home_recent_stats_matches_requested,home_recent_stats_matches_used,home_recent_stats_coverage_ratio,home_recent_stats_available_flag,home_recent_shots_for_pg,home_recent_shots_against_pg,home_recent_sot_for_pg,home_recent_sot_against_pg,home_recent_possession_pct,home_recent_corners_for_pg,home_recent_corners_against_pg,home_recent_fouls_pg,home_recent_yellow_pg,home_recent_offsides_pg,home_recent_blocked_shots_pg,away_recent_stats_matches_requested,away_recent_stats_matches_used,away_recent_stats_coverage_ratio,away_recent_stats_available_flag,away_recent_shots_for_pg,away_recent_shots_against_pg,away_recent_sot_for_pg,away_recent_sot_against_pg,away_recent_possession_pct,away_recent_corners_for_pg,away_recent_corners_against_pg,away_recent_fouls_pg,away_recent_yellow_pg,away_recent_offsides_pg,away_recent_blocked_shots_pg,recent_stats_quality_flag,recent_fixture_statistics_updated_at,home_injuries_count,away_injuries_count,home_injuries_available_flag,away_injuries_available_flag,home_absence_risk_score,away_absence_risk_score,home_injuries_coverage_flag,away_injuries_coverage_flag,home_absence_severity_flag,away_absence_severity_flag,injuries_quality_flag,injuries_availability_updated_at,home_lineup_available_flag,away_lineup_available_flag,home_lineup_known_starters_count,away_lineup_known_starters_count,home_lineup_bench_known_flag,away_lineup_bench_known_flag,home_lineup_attacker_count,away_lineup_attacker_count,home_lineup_defender_count,away_lineup_defender_count,home_lineup_midfielder_count,away_lineup_midfielder_count,home_lineup_goalkeeper_known_flag,away_lineup_goalkeeper_known_flag,home_lineup_attack_continuity_score,away_lineup_attack_continuity_score,home_lineup_defense_continuity_score,away_lineup_defense_continuity_score,lineup_confirmation_score,lineup_uncertainty_penalty,lineup_activation_window_minutes,lineup_minutes_to_kickoff,lineup_timing_eligible_flag,lineup_structural_confidence_flag,home_lineup_quality_flag,away_lineup_quality_flag,lineup_quality_flag,lineup_activation_state,fixture_lineups_updated_at,home_rank,home_points,home_goals_diff,home_played,home_table_goals_for,home_table_goals_against,home_urgency_score,away_rank,away_points,away_goals_diff,away_played,away_table_goals_for,away_table_goals_against,away_urgency_score,league_team_count,standings_context_updated_at,odds_1_home_v3,odds_1_draw_v3,odds_1_away_v3,odds_btts_yes_v3,odds_btts_no_v3,odds_over_1_5_v3,odds_under_1_5_v3,odds_over_2_5_v3,odds_under_2_5_v3,odds_over_3_5_v3,odds_under_3_5_v3,odds_dc_1x_v3,odds_dc_x2_v3,odds_dc_12_v3,odds_home_dnb_v3,odds_away_dnb_v3,odds_bookmakers_count_v3,odds_market_count_v3,odds_values_count_v3,imp_1_home,imp_1_draw,imp_1_away,imp_btts_yes,imp_btts_no,imp_over_1_5,imp_under_1_5,imp_over_2_5,imp_under_2_5,imp_over_3_5,imp_under_3_5,imp_dc_1x,imp_dc_x2,imp_dc_12,imp_home_dnb,imp_away_dnb,odds_context_v3_updated_at,odds_context_v3_status
2026-07-05,2026-07-05T01:30:00+01:00,1783211400,USL Championship,255,2026,1493561,PST,FC Tulsa,4022,Sacramento Republic,4015,USA,PST,Match Postponed,,,,,,,,,,,,0.0,0.0,0.0,0.0,0.0,0.0,0.0,0.0,0.0,0.0,,,2026-07-05T10:25:53.537176+00:00,COVERAGE_UNKNOWN,,,,,,0,1.0,COVERAGE_NOT_LOADED,,,,,,,,,,,,,,,,,,,,,,,,,,,,,,,,,,,,,,,,,,,,,,,,,,,,,NONE,,,,,,,,,,,,,,,,,,,,,,,,,,,,,,,,,,,,,,,,,,,,,,,,,,,,,,,,,,,,,,,,,,,,,,,,,,,,,,,,,,,,,,,,,,,,,,,
2026-07-05,2026-07-05T10:00:00+01:00,1783242000,Friendlies Clubs,667,2026,1560533,NS,Koper,4374,LNZ Cherkasy,17161,World,NS,Not Started,,,,,,,,,,,,0.0,0.0,0.0,0.0,0.0,0.0,0.0,0.0,0.0,0.0,,,2026-07-05T10:25:53.537386+00:00,COVERAGE_UNKNOWN,,,,,,0,1.0,COVERAGE_NOT_LOADED,,,,,,,,,,,,,,,,,,,,,,,,,,,,,,,,,,,,,,,,,,,,,,,,,,,,,NONE,,,,,,,,,,,,,,,,,,,,,,,,,,,,,,,,,,,,,,,,,,,,,,,,,,,,,,,,,,,,,,,,,,,,,,,,,,,,,,,,,,,,,,,,,,,,,,,
2026-07-05,2026-07-05T11:30:00+01:00,1783247400,K League 1,292,2026,1506989,NS,Gimcheon Sangmu FC,2768,Jeju United FC,2761,South-Korea,NS,Not Started,,,,,,,,,,,,0.0,0.0,0.0,0.0,0.0,0.0,0.0,0.0,0.0,0.0,,,2026-07-05T10:25:53.537419+00:00,COVERAGE_RICH,1.0,1.0,0.0,1.0,1.0,1,0.95,OFFICIAL_API,,8.0,8.0,1.125,1.75,1.125,0.875,1.375,0.625,0.75,0.75,0.25,0.5,0.625,0.25,0.875,0.5,0.5,0.0,2026.0,2026.0,TEAM_LAST_8_ALL_COMPETITIONS,5.0,2.0,0.4,1.0,10.5,8.5,3.5,4.0,61.0,5.5,1.0,18.5,4.0,2.0,3.5,5.0,2.0,0.4,1.0,8.0,5.0,4.0,2.0,40.0,2.0,4.5,17.0,1.0,1.0,2.5,SPARSE,2026-07-05T10:26:14.503532+00:00,,,0.0,0.0,,,NONE,NONE,UNKNOWN,UNKNOWN,NONE,2026-07-05T10:26:19.986652+00:00,0.0,0.0,,,,,,,,,,,,,,,,,,0.12,90.0,3.62,1.0,0.0,NONE,NONE,NONE,INACTIVE,2026-07-05T10:26:22.545908+00:00,11.0,14.0,-6.0,15.0,15.0,21.0,1.0,8.0,18.0,-3.0,15.0,13.0,16.0,0.0,12.0,2026-07-05T10:26:24.311271+00:00,2.52,3.46,2.95,1.8,1.95,1.35,3.36,2.1,1.8,3.75,1.29,,,,,,13.0,127.0,3081.0,0.3968,0.289,0.339,0.5556,0.5128,0.7407,0.2976,0.4762,0.5556,0.2667,0.7752,,,,,,2026-07-05T10:26:26.952099+00:00,OK
2026-07-05,2026-07-05T11:30:00+01:00,1783247400,K League 1,292,2026,1506990,NS,Gwangju FC,2759,Ulsan Hyundai FC,2767,South-Korea,NS,Not Started,,,,,,,,,,,,0.0,0.0,0.0,0.0,0.0,0.0,0.0,0.0,0.0,0.0,,,2026-07-05T10:25:53.537424+00:00,COVERAGE_RICH,1.0,1.0,0.0,1.0,1.0,1,0.95,OFFICIAL_API,,8.0,8.0,0.0,1.25,0.375,1.5,3.625,1.875,0.25,0.75,0.0,0.0,0.25,0.75,0.75,0.875,0.75,0.625,2026.0,2026.0,TEAM_LAST_8_ALL_COMPETITIONS,5.0,1.0,0.2,1.0,15.0,13.0,5.0,12.0,45.0,4.0,2.0,10.0,5.0,1.0,6.0,5.0,1.0,0.2,1.0,20.0,15.0,4.0,9.0,58.0,6.0,4.0,20.0,3.0,2.0,11.0,SPARSE,2026-07-05T10:26:17.698214+00:00,,,0.0,0.0,,,NONE,NONE,UNKNOWN,UNKNOWN,NONE,2026-07-05T10:26:19.988755+00:00,0.0,0.0,,,,,,,,,,,,,,,,,,0.12,90.0,3.62,1.0,0.0,NONE,NONE,NONE,INACTIVE,2026-07-05T10:26:22.954555+00:00,12.0,7.0,-30.0,15.0,7.0,37.0,1.0,4.0,26.0,2.0,15.0,22.0,20.0,0.5,12.0,2026-07-05T10:26:24.313820+00:00,7.57,4.65,1.47,2.05,1.75,1.31,3.66,2.01,1.95,3.36,1.35,,,,,,13.0,126.0,3076.0,0.1321,0.2151,0.6803,0.4878,0.5714,0.7634,0.2732,0.4975,0.5128,0.2976,0.7407,,,,,,2026-07-05T10:26:27.350083+00:00,OK
2026-07-05,2026-07-05T11:30:00+01:00,1783247400,K League 1,292,2026,1506991,NS,FC Seoul,2766,Incheon United,2763,South-Korea,NS,Not Started,,,,,,,,,,,,0.0,0.0,0.0,0.0,0.0,0.0,0.0,0.0,0.0,0.0,,,2026-07-05T10:25:53.537429+00:00,COVERAGE_RICH,1.0,1.0,0.0,1.0,1.0,1,0.95,OFFICIAL_API,,8.0,8.0,1.75,1.75,1.625,1.125,0.875,0.875,0.75,0.75,0.375,0.375,0.5,0.5,0.625,0.5,0.5,0.5,2026.0,2026.0,TEAM_LAST_8_ALL_COMPETITIONS,5.0,2.0,0.4,1.0,10.0,13.0,4.0,3.0,55.5,4.0,6.5,12.0,0.0,1.5,1.5,5.0,2.0,0.4,1.0,8.5,11.5,2.5,5.0,55.5,5.0,2.5,15.5,2.0,1.0,2.5,SPARSE,2026-07-05T10:26:11.692929+00:00,,,0.0,0.0,,,NONE,NONE,UNKNOWN,UNKNOWN,NONE,2026-07-05T10:26:19.984504+00:00,0.0,0.0,,,,,,,,,,,,,,,,,,0.12,90.0,3.63,1.0,0.0,NONE,NONE,NONE,INACTIVE,2026-07-05T10:26:22.155269+00:00,1.0,32.0,15.0,15.0,27.0,12.0,1.0,6.0,21.0,4.0,15.0,21.0,17.0,0.0,12.0,2026-07-05T10:26:24.308629+00:00,2.0,3.59,4.37,1.86,2.0,1.34,3.41,2.12,1.83,3.7,1.3,,,,,,13.0,127.0,3064.0,0.5,0.2786,0.2288,0.5376,0.5,0.7463,0.2933,0.4717,0.5464,0.2703,0.7692,,,,,,2026-07-05T10:26:26.552434+00:00,OK
2026-07-05,2026-07-05T11:30:00+01:00,1783247400,K League 2,293,2026,1510367,NS,Gimhae City,7076,Seoul E-Land FC,2749,South-Korea,NS,Not Started,,,,,,,,,,,,0.0,0.0,0.0,0.0,0.0,0.0,0.0,0.0,0.0,0.0,,,2026-07-05T10:25:53.537434+00:00,COVERAGE_UNKNOWN,,,,,,0,1.0,COVERAGE_NOT_LOADED,,,,,,,,,,,,,,,,,,,,,,,,,,,,,,,,,,,,,,,,,,,,,,,,,,,,,NONE,,,,,,,,,,,,,,,,,,,,,,,,,,,,,,,,,,,,,,,,,,,,,,,,,,,,,,,,,,,,,,,,,,,,,,,,,,,,,,,,,,,,,,,,,,,,,,,
2026-07-05,2026-07-05T11:30:00+01:00,1783247400,K League 2,293,2026,1510368,NS,Gimpo Citizen,7078,Asan Mugunghwa,2753,South-Korea,NS,Not Started,,,,,,,,,,,,0.0,0.0,0.0,0.0,0.0,0.0,0.0,0.0,0.0,0.0,,,2026-07-05T10:25:53.537439+00:00,COVERAGE_UNKNOWN,,,,,,0,1.0,COVERAGE_NOT_LOADED,,,,,,,,,,,,,,,,,,,,,,,,,,,,,,,,,,,,,,,,,,,,,,,,,,,,,NONE,,,,,,,,,,,,,,,,,,,,,,,,,,,,,,,,,,,,,,,,,,,,,,,,,,,,,,,,,,,,,,,,,,,,,,,,,,,,,,,,,,,,,,,,,,,,,,,
2026-07-05,2026-07-05T11:30:00+01:00,1783247400,K League 2,293,2026,1510369,NS,Gyeongnam FC,2751,Cheonan City,7060,South-Korea,NS,Not Started,,,,,,,,,,,,0.0,0.0,0.0,0.0,0.0,0.0,0.0,0.0,0.0,0.0,,,2026-07-05T10:25:53.537444+00:00,COVERAGE_UNKNOWN,,,,,,0,1.0,COVERAGE_NOT_LOADED,,,,,,,,,,,,,,,,,,,,,,,,,,,,,,,,,,,,,,,,,,,,,,,,,,,,,NONE,,,,,,,,,,,,,,,,,,,,,,,,,,,,,,,,,,,,,,,,,,,,,,,,,,,,,,,,,,,,,,,,,,,,,,,,,,,,,,,,,,,,,,,,,,,,,,,
2026-07-05,2026-07-05T11:30:00+01:00,1783247400,K League 2,293,2026,1510370,NS,Jeonnam Dragons,2760,Busan I Park,2752,South-Korea,NS,Not Started,,,,,,,,,,,,0.0,0.0,0.0,0.0,0.0,0.0,0.0,0.0,0.0,0.0,,,2026-07-05T10:25:53.537449+00:00,COVERAGE_UNKNOWN,,,,,,0,1.0,COVERAGE_NOT_LOADED,,,,,,,,,,,,,,,,,,,,,,,,,,,,,,,,,,,,,,,,,,,,,,,,,,,,,NONE,,,,,,,,,,,,,,,,,,,,,,,,,,,,,,,,,,,,,,,,,,,,,,,,,,,,,,,,,,,,,,,,,,,,,,,,,,,,,,,,,,,,,,,,,,,,,,,
2026-07-05,2026-07-05T12:00:00+01:00,1783249200,Super League,169,2026,1523193,NS,Qingdao Jonoon,1431,Chengdu Better City,5648,China,NS,Not Started,,,,,,,,,,,,0.0,0.0,0.0,0.0,0.0,0.0,0.0,0.0,0.0,0.0,,,2026-07-05T10:25:53.537454+00:00,COVERAGE_UNKNOWN,,,,,,0,1.0,COVERAGE_NOT_LOADED,,,,,,,,,,,,,,,,,,,,,,,,,,,,,,,,,,,,,,,,,,,,,,,,,,,,,NONE,,,,,,,,,,,,,,,,,,,,,,,,,,,,,,,,,,,,,,,,,,,,,,,,,,,,,,,,,,,,,,,,,,,,,,,,,,,,,,,,,,,,,,,,,,,,,,,
2026-07-05,2026-07-05T12:00:00+01:00,1783249200,League Two,929,2026,1532803,NS,Dalian Yingbo B,27621,Qingdao Red Lions,5679,China,NS,Not Started,,,,,,,,,,,,0.0,0.0,0.0,0.0,0.0,0.0,0.0,0.0,0.0,0.0,,,2026-07-05T10:25:53.537459+00:00,COVERAGE_UNKNOWN,,,,,,0,1.0,COVERAGE_NOT_LOADED,,,,,,,,,,,,,,,,,,,,,,,,,,,,,,,,,,,,,,,,,,,,,,,,,,,,,NONE,,,,,,,,,,,,,,,,,,,,,,,,,,,,,,,,,,,,,,,,,,,,,,,,,,,,,,,,,,,,,,,,,,,,,,,,,,,,,,,,,,,,,,,,,,,,,,,
2026-07-05,2026-07-05T12:00:00+01:00,1783249200,League Two,929,2026,1532804,NS,Tai'an Tiankuang,19321,Changchun Xidu,23132,China,NS,Not Started,,,,,,,,,,,,0.0,0.0,0.0,0.0,0.0,0.0,0.0,0.0,0.0,0.0,,,2026-07-05T10:25:53.537464+00:00,COVERAGE_UNKNOWN,,,,,,0,1.0,COVERAGE_NOT_LOADED,,,,,,,,,,,,,,,,,,,,,,,,,,,,,,,,,,,,,,,,,,,,,,,,,,,,,NONE,,,,,,,,,,,,,,,,,,,,,,,,,,,,,,,,,,,,,,,,,,,,,,,,,,,,,,,,,,,,,,,,,,,,,,,,,,,,,,,,,,,,,,,,,,,,,,,
2026-07-05,2026-07-05T12:00:00+01:00,1783249200,1. Division,117,2026,1534361,NS,Smorgon,3393,Volna,3395,Belarus,NS,Not Started,,,,,,,,,,,,0.0,0.0,0.0,0.0,0.0,0.0,0.0,0.0,0.0,0.0,,,2026-07-05T10:25:53.537469+00:00,COVERAGE_UNKNOWN,,,,,,0,1.0,COVERAGE_NOT_LOADED,,,,,,,,,,,,,,,,,,,,,,,,,,,,,,,,,,,,,,,,,,,,,,,,,,,,,NONE,,,,,,,,,,,,,,,,,,,,,,,,,,,,,,,,,,,,,,,,,,,,,,,,,,,,,,,,,,,,,,,,,,,,,,,,,,,,,,,,,,,,,,,,,,,,,,,
2026-07-05,2026-07-05T12:00:00+01:00,1783249200,Kakkonen - Lohko B,248,2026,1541520,NS,Ilves II,9185,EPS,9182,Finland,NS,Not Started,,,,,,,,,,,,0.0,0.0,0.0,0.0,0.0,0.0,0.0,0.0,0.0,0.0,,,2026-07-05T10:25:53.537474+00:00,COVERAGE_UNKNOWN,,,,,,0,1.0,COVERAGE_NOT_LOADED,,,,,,,,,,,,,,,,,,,,,,,,,,,,,,,,,,,,,,,,,,,,,,,,,,,,,NONE,,,,,,,,,,,,,,,,,,,,,,,,,,,,,,,,,,,,,,,,,,,,,,,,,,,,,,,,,,,,,,,,,,,,,,,,,,,,,,,,,,,,,,,,,,,,,,,
2026-07-05,2026-07-05T12:00:00+01:00,1783249200,Friendlies Clubs,667,2026,1554746,NS,FC WIL 1900,2179,Grasshoppers,1013,World,NS,Not Started,,,,,,,,,,,,0.0,0.0,0.0,0.0,0.0,0.0,0.0,0.0,0.0,0.0,,,2026-07-05T10:25:53.537479+00:00,COVERAGE_UNKNOWN,,,,,,0,1.0,COVERAGE_NOT_LOADED,,,,,,,,,,,,,,,,,,,,,,,,,,,,,,,,,,,,,,,,,,,,,,,,,,,,,NONE,,,,,,,,,,,,,,,,,,,,,,,,,,,,,,,,,,,,,,,,,,,,,,,,,,,,,,,,,,,,,,,,,,,,,,,,,,,,,,,,,,,,,,,,,,,,,,,
2026-07-05,2026-07-05T12:00:00+01:00,1783249200,Friendlies Clubs,667,2026,1560532,NS,Union St. Gilloise,1393,FCSB,559,World,NS,Not Started,,,,,,,,,,,,0.0,0.0,0.0,0.0,0.0,0.0,0.0,0.0,0.0,0.0,,,2026-07-05T10:25:53.537484+00:00,COVERAGE_UNKNOWN,,,,,,0,1.0,COVERAGE_NOT_LOADED,,,,,,,,,,,,,,,,,,,,,,,,,,,,,,,,,,,,,,,,,,,,,,,,,,,,,NONE,,,,,,,,,,,,,,,,,,,,,,,,,,,,,,,,,,,,,,,,,,,,,,,,,,,,,,,,,,,,,,,,,,,,,,,,,,,,,,,,,,,,,,,,,,,,,,,
2026-07-05,2026-07-05T12:00:00+01:00,1783249200,Friendlies Clubs,667,2026,1567553,NS,Bergisch Gladbach,9366,SSVg Velbert,12847,World,NS,Not Started,,,,,,,,,,,,0.0,0.0,0.0,0.0,0.0,0.0,0.0,0.0,0.0,0.0,,,2026-07-05T10:25:53.537488+00:00,COVERAGE_UNKNOWN,,,,,,0,1.0,COVERAGE_NOT_LOADED,,,,,,,,,,,,,,,,,,,,,,,,,,,,,,,,,,,,,,,,,,,,,,,,,,,,,NONE,,,,,,,,,,,,,,,,,,,,,,,,,,,,,,,,,,,,,,,,,,,,,,,,,,,,,,,,,,,,,,,,,,,,,,,,,,,,,,,,,,,,,,,,,,,,,,,
2026-07-05,2026-07-05T12:30:00+01:00,1783251000,League One,170,2026,1528641,NS,Guangxi Hengchen,23268,Dalian Huayi,5652,China,NS,Not Started,,,,,,,,,,,,0.0,0.0,0.0,0.0,0.0,0.0,0.0,0.0,0.0,0.0,,,2026-07-05T10:25:53.537494+00:00,COVERAGE_UNKNOWN,,,,,,0,1.0,COVERAGE_NOT_LOADED,,,,,,,,,,,,,,,,,,,,,,,,,,,,,,,,,,,,,,,,,,,,,,,,,,,,,NONE,,,,,,,,,,,,,,,,,,,,,,,,,,,,,,,,,,,,,,,,,,,,,,,,,,,,,,,,,,,,,,,,,,,,,,,,,,,,,,,,,,,,,,,,,,,,,,,
2026-07-05,2026-07-05T12:30:00+01:00,1783251000,League One,170,2026,1528642,NS,Meizhou Kejia,1439,Changchun Yatai,834,China,NS,Not Started,,,,,,,,,,,,0.0,0.0,0.0,0.0,0.0,0.0,0.0,0.0,0.0,0.0,,,2026-07-05T10:25:53.537499+00:00,COVERAGE_UNKNOWN,,,,,,0,1.0,COVERAGE_NOT_LOADED,,,,,,,,,,,,,,,,,,,,,,,,,,,,,,,,,,,,,,,,,,,,,,,,,,,,,NONE,,,,,,,,,,,,,,,,,,,,,,,,,,,,,,,,,,,,,,,,,,,,,,,,,,,,,,,,,,,,,,,,,,,,,,,,,,,,,,,,,,,,,,,,,,,,,,,
2026-07-05,2026-07-05T12:30:00+01:00,1783251000,League One,170,2026,1528643,NS,Nanjing City,16619,Dongguan United,17263,China,NS,Not Started,,,,,,,,,,,,0.0,0.0,0.0,0.0,0.0,0.0,0.0,0.0,0.0,0.0,,,2026-07-05T10:25:53.537504+00:00,COVERAGE_UNKNOWN,,,,,,0,1.0,COVERAGE_NOT_LOADED,,,,,,,,,,,,,,,,,,,,,,,,,,,,,,,,,,,,,,,,,,,,,,,,,,,,,NONE,,,,,,,,,,,,,,,,,,,,,,,,,,,,,,,,,,,,,,,,,,,,,,,,,,,,,,,,,,,,,,,,,,,,,,,,,,,,,,,,,,,,,,,,,,,,,,,
2026-07-05,2026-07-05T12:30:00+01:00,1783251000,League Two,929,2026,1532805,NS,Guizhou Zhucheng,25775,Jiangxi Liansheng,5665,China,NS,Not Started,,,,,,,,,,,,0.0,0.0,0.0,0.0,0.0,0.0,0.0,0.0,0.0,0.0,,,2026-07-05T10:25:53.537509+00:00,COVERAGE_UNKNOWN,,,,,,0,1.0,COVERAGE_NOT_LOADED,,,,,,,,,,,,,,,,,,,,,,,,,,,,,,,,,,,,,,,,,,,,,,,,,,,,,NONE,,,,,,,,,,,,,,,,,,,,,,,,,,,,,,,,,,,,,,,,,,,,,,,,,,,,,,,,,,,,,,,,,,,,,,,,,,,,,,,,,,,,,,,,,,,,,,,
2026-07-05,2026-07-05T12:30:00+01:00,1783251000,League Two,929,2026,1532806,NS,Langfang Glory City,23270,Yichun Grand Tiger,17272,China,NS,Not Started,,,,,,,,,,,,0.0,0.0,0.0,0.0,0.0,0.0,0.0,0.0,0.0,0.0,,,2026-07-05T10:25:53.537513+00:00,COVERAGE_UNKNOWN,,,,,,0,1.0,COVERAGE_NOT_LOADED,,,,,,,,,,,,,,,,,,,,,,,,,,,,,,,,,,,,,,,,,,,,,,,,,,,,,NONE,,,,,,,,,,,,,,,,,,,,,,,,,,,,,,,,,,,,,,,,,,,,,,,,,,,,,,,,,,,,,,,,,,,,,,,,,,,,,,,,,,,,,,,,,,,,,,,
2026-07-05,2026-07-05T12:30:00+01:00,1783251000,Friendlies Clubs,667,2026,1567554,NS,Bayreuth,9325,SpVgg Greuther Fürth,178,World,NS,Not Started,,,,,,,,,,,,0.0,0.0,0.0,0.0,0.0,0.0,0.0,0.0,0.0,0.0,,,2026-07-05T10:25:53.537518+00:00,COVERAGE_UNKNOWN,,,,,,0,1.0,COVERAGE_NOT_LOADED,,,,,,,,,,,,,,,,,,,,,,,,,,,,,,,,,,,,,,,,,,,,,,,,,,,,,NONE,,,,,,,,,,,,,,,,,,,,,,,,,,,,,,,,,,,,,,,,,,,,,,,,,,,,,,,,,,,,,,,,,,,,,,,,,,,,,,,,,,,,,,,,,,,,,,,
2026-07-05,2026-07-05T12:35:00+01:00,1783251300,Super League,169,2026,1523194,NS,Shanghai Shenhua,833,Hangzhou Greentown,848,China,NS,Not Started,,,,,,,,,,,,0.0,0.0,0.0,0.0,0.0,0.0,0.0,0.0,0.0,0.0,,,2026-07-05T10:25:53.537528+00:00,COVERAGE_UNKNOWN,,,,,,0,1.0,COVERAGE_NOT_LOADED,,,,,,,,,,,,,,,,,,,,,,,,,,,,,,,,,,,,,,,,,,,,,,,,,,,,,NONE,,,,,,,,,,,,,,,,,,,,,,,,,,,,,,,,,,,,,,,,,,,,,,,,,,,,,,,,,,,,,,,,,,,,,,,,,,,,,,,,,,,,,,,,,,,,,,,
2026-07-05,2026-07-05T13:00:00+01:00,1783252800,Allsvenskan,113,2026,1494196,NS,IFK Goteborg,366,AIK Stockholm,377,Sweden,NS,Not Started,,,,,,,,,,,,0.0,0.0,0.0,0.0,0.0,0.0,0.0,0.0,0.0,0.0,10.0,12.0,2026-07-05T10:25:53.537533+00:00,COVERAGE_RICH,1.0,1.0,1.0,1.0,1.0,1,0.95,OFFICIAL_API,,8.0,8.0,0.875,1.375,1.125,1.5,2.25,1.375,0.625,0.875,0.0,0.125,0.625,0.75,1.0,0.75,0.5,0.625,2026.0,2026.0,TEAM_LAST_8_ALL_COMPETITIONS,5.0,5.0,1.0,1.0,15.4,13.6,5.2,6.0,53.2,5.4,4.8,11.2,2.2,1.6,4.4,5.0,5.0,1.0,1.0,12.4,12.2,5.6,3.2,55.0,8.2,4.6,10.6,2.8,0.4,3.2,FULL,2026-07-05T10:26:05.293900+00:00,10.0,12.0,1.0,1.0,9.2,11.2,FULL,FULL,HIGH,HIGH,FULL,2026-07-05T10:26:19.576651+00:00,0.0,0.0,,,,,,,,,,,,,,,,,,0.12,90.0,93.64,0.0,0.0,NONE,NONE,NONE,INACTIVE,2026-07-05T10:26:21.347563+00:00,14.0,10.0,-9.0,10.0,13.0,22.0,1.0,11.0,12.0,-4.0,10.0,12.0,16.0,0.0,16.0,2026-07-05T10:26:24.303485+00:00,2.21,3.75,3.35,1.57,2.45,1.23,4.5,1.75,2.17,2.85,1.45,,,,,,13.0,129.0,3488.0,0.4525,0.2667,0.2985,0.6369,0.4082,0.813,0.2222,0.5714,0.4608,0.3509,0.6897,,,,,,2026-07-05T10:26:25.751563+00:00,OK
2026-07-05,2026-07-05T13:00:00+01:00,1783252800,Allsvenskan,113,2026,1494199,NS,Kalmar FF,374,Orgryte IS,2166,Sweden,NS,Not Started,,,,,,,,,,,,0.0,0.0,0.0,0.0,0.0,0.0,0.0,0.0,0.0,0.0,4.0,4.0,2026-07-05T10:25:53.537538+00:00,COVERAGE_RICH,1.0,1.0,1.0,1.0,1.0,1,0.95,OFFICIAL_API,,8.0,8.0,1.0,1.375,1.375,1.0,1.625,2.0,0.75,0.875,0.0,0.375,0.75,0.5,0.75,0.75,0.5,0.375,2026.0,2026.0,TEAM_LAST_8_ALL_COMPETITIONS,5.0,5.0,1.0,1.0,12.8,13.4,5.0,5.8,43.0,4.8,4.6,13.4,1.6,1.4,5.0,5.0,5.0,1.0,1.0,9.8,17.8,3.8,7.0,46.4,3.6,5.4,12.4,1.8,2.0,3.2,FULL,2026-07-05T10:26:07.699242+00:00,4.0,4.0,1.0,1.0,4.0,3.6,FULL,FULL,HIGH,HIGH,FULL,2026-07-05T10:26:19.981789+00:00,0.0,0.0,,,,,,,,,,,,,,,,,,0.12,90.0,93.64,0.0,0.0,NONE,NONE,NONE,INACTIVE,2026-07-05T10:26:21.749498+00:00,12.0,10.0,-4.0,10.0,11.0,15.0,0.5,16.0,6.0,-15.0,10.0,10.0,25.0,1.0,16.0,2026-07-05T10:26:24.306088+00:00,1.56,4.52,6.0,1.8,2.05,1.23,4.5,1.71,2.2,2.77,1.48,,,,,,13.0,128.0,3424.0,0.641,0.2212,0.1667,0.5556,0.4878,0.813,0.2222,0.5848,0.4545,0.361,0.6757,,,,,,2026-07-05T10:26:26.154321+00:00,OK
2026-07-05,2026-07-05T13:00:00+01:00,1783252800,Ykkönen,245,2026,1517205,NS,TPV,2244,JJK,1171,Finland,NS,Not Started,,,,,,,,,,,,0.0,0.0,0.0,0.0,0.0,0.0,0.0,0.0,0.0,0.0,,,2026-07-05T10:25:53.537543+00:00,COVERAGE_UNKNOWN,,,,,,0,1.0,COVERAGE_NOT_LOADED,,,,,,,,,,,,,,,,,,,,,,,,,,,,,,,,,,,,,,,,,,,,,,,,,,,,,NONE,,,,,,,,,,,,,,,,,,,,,,,,,,,,,,,,,,,,,,,,,,,,,,,,,,,,,,,,,,,,,,,,,,,,,,,,,,,,,,,,,,,,,,,,,,,,,,,
2026-07-05,2026-07-05T13:00:00+01:00,1783252800,Esiliiga A,328,2026,1519590,NS,Nõmme Kalju II,13826,Elva,3516,Estonia,NS,Not Started,,,,,,,,,,,,0.0,0.0,0.0,0.0,0.0,0.0,0.0,0.0,0.0,0.0,,,2026-07-05T10:25:53.537548+00:00,COVERAGE_UNKNOWN,,,,,,0,1.0,COVERAGE_NOT_LOADED,,,,,,,,,,,,,,,,,,,,,,,,,,,,,,,,,,,,,,,,,,,,,,,,,,,,,NONE,,,,,,,,,,,,,,,,,,,,,,,,,,,,,,,,,,,,,,,,,,,,,,,,,,,,,,,,,,,,,,,,,,,,,,,,,,,,,,,,,,,,,,,,,,,,,,,
2026-07-05,2026-07-05T13:00:00+01:00,1783252800,Esiliiga A,328,2026,1519591,NS,Flora II,3518,FCI Levadia II,3517,Estonia,NS,Not Started,,,,,,,,,,,,0.0,0.0,0.0,0.0,0.0,0.0,0.0,0.0,0.0,0.0,,,2026-07-05T10:25:53.537553+00:00,COVERAGE_UNKNOWN,,,,,,0,1.0,COVERAGE_NOT_LOADED,,,,,,,,,,,,,,,,,,,,,,,,,,,,,,,,,,,,,,,,,,,,,,,,,,,,,NONE,,,,,,,,,,,,,,,,,,,,,,,,,,,,,,,,,,,,,,,,,,,,,,,,,,,,,,,,,,,,,,,,,,,,,,,,,,,,,,,,,,,,,,,,,,,,,,,
2026-07-05,2026-07-05T13:00:00+01:00,1783252800,Esiliiga B,1126,2026,1521637,NS,Narva U21,24236,Tulevik,3531,Estonia,NS,Not Started,,,,,,,,,,,,0.0,0.0,0.0,0.0,0.0,0.0,0.0,0.0,0.0,0.0,,,2026-07-05T10:25:53.537558+00:00,COVERAGE_UNKNOWN,,,,,,0,1.0,COVERAGE_NOT_LOADED,,,,,,,,,,,,,,,,,,,,,,,,,,,,,,,,,,,,,,,,,,,,,,,,,,,,,NONE,,,,,,,,,,,,,,,,,,,,,,,,,,,,,,,,,,,,,,,,,,,,,,,,,,,,,,,,,,,,,,,,,,,,,,,,,,,,,,,,,,,,,,,,,,,,,,,
2026-07-05,2026-07-05T13:00:00+01:00,1783252800,Esiliiga B,1126,2026,1521638,NS,JK Tabasalu,16718,Parnu JK Vaprus U21,25403,Estonia,NS,Not Started,,,,,,,,,,,,0.0,0.0,0.0,0.0,0.0,0.0,0.0,0.0,0.0,0.0,,,2026-07-05T10:25:53.537562+00:00,COVERAGE_UNKNOWN,,,,,,0,1.0,COVERAGE_NOT_LOADED,,,,,,,,,,,,,,,,,,,,,,,,,,,,,,,,,,,,,,,,,,,,,,,,,,,,,NONE,,,,,,,,,,,,,,,,,,,,,,,,,,,,,,,,,,,,,,,,,,,,,,,,,,,,,,,,,,,,,,,,,,,,,,,,,,,,,,,,,,,,,,,,,,,,,,,
2026-07-05,2026-07-05T13:00:00+01:00,1783252800,1. Liga,364,2026,1529566,NS,Rīgas FS II,18836,Super Nova 2,27565,Latvia,NS,Not Started,,,,,,,,,,,,0.0,0.0,0.0,0.0,0.0,0.0,0.0,0.0,0.0,0.0,,,2026-07-05T10:25:53.537567+00:00,COVERAGE_UNKNOWN,,,,,,0,1.0,COVERAGE_NOT_LOADED,,,,,,,,,,,,,,,,,,,,,,,,,,,,,,,,,,,,,,,,,,,,,,,,,,,,,NONE,,,,,,,,,,,,,,,,,,,,,,,,,,,,,,,,,,,,,,,,,,,,,,,,,,,,,,,,,,,,,,,,,,,,,,,,,,,,,,,,,,,,,,,,,,,,,,,
2026-07-05,2026-07-05T13:00:00+01:00,1783252800,1. Liga,364,2026,1529567,NS,Valmiera / BSS,4153,Leevon / PPK,23266,Latvia,NS,Not Started,,,,,,,,,,,,0.0,0.0,0.0,0.0,0.0,0.0,0.0,0.0,0.0,0.0,,,2026-07-05T10:25:53.537572+00:00,COVERAGE_UNKNOWN,,,,,,0,1.0,COVERAGE_NOT_LOADED,,,,,,,,,,,,,,,,,,,,,,,,,,,,,,,,,,,,,,,,,,,,,,,,,,,,,NONE,,,,,,,,,,,,,,,,,,,,,,,,,,,,,,,,,,,,,,,,,,,,,,,,,,,,,,,,,,,,,,,,,,,,,,,,,,,,,,,,,,,,,,,,,,,,,,,
2026-07-05,2026-07-05T13:00:00+01:00,1783252800,1. Division,117,2026,1534358,NS,Osipovichy,4273,Molodechno-DYuSSh 4,7798,Belarus,NS,Not Started,,,,,,,,,,,,0.0,0.0,0.0,0.0,0.0,0.0,0.0,0.0,0.0,0.0,,,2026-07-05T10:25:53.537577+00:00,COVERAGE_UNKNOWN,,,,,,0,1.0,COVERAGE_NOT_LOADED,,,,,,,,,,,,,,,,,,,,,,,,,,,,,,,,,,,,,,,,,,,,,,,,,,,,,NONE,,,,,,,,,,,,,,,,,,,,,,,,,,,,,,,,,,,,,,,,,,,,,,,,,,,,,,,,,,,,,,,,,,,,,,,,,,,,,,,,,,,,,,,,,,,,,,,
2026-07-05,2026-07-05T13:00:00+01:00,1783252800,Second League - Group 4,653,2026,1536844,NS,Nosta,6818,Orenburg II,14141,Russia,NS,Not Started,,,,,,,,,,,,0.0,0.0,0.0,0.0,0.0,0.0,0.0,0.0,0.0,0.0,,,2026-07-05T10:25:53.537582+00:00,COVERAGE_UNKNOWN,,,,,,0,1.0,COVERAGE_NOT_LOADED,,,,,,,,,,,,,,,,,,,,,,,,,,,,,,,,,,,,,,,,,,,,,,,,,,,,,NONE,,,,,,,,,,,,,,,,,,,,,,,,,,,,,,,,,,,,,,,,,,,,,,,,,,,,,,,,,,,,,,,,,,,,,,,,,,,,,,,,,,,,,,,,,,,,,,,
2026-07-05,2026-07-05T13:00:00+01:00,1783252800,Friendlies Clubs,667,2026,1554745,NS,Aarhus,406,Motherwell,256,World,NS,Not Started,,,,,,,,,,,,0.0,0.0,0.0,0.0,0.0,0.0,0.0,0.0,0.0,0.0,,,2026-07-05T10:25:53.537587+00:00,COVERAGE_UNKNOWN,,,,,,0,1.0,COVERAGE_NOT_LOADED,,,,,,,,,,,,,,,,,,,,,,,,,,,,,,,,,,,,,,,,,,,,,,,,,,,,,NONE,,,,,,,,,,,,,,,,,,,,,,,,,,,,,,,,,,,,,,,,,,,,,,,,,,,,,,,,,,,,,,,,,,,,,,,,,,,,,,,,,,,,,,,,,,,,,,,
2026-07-05,2026-07-05T13:00:00+01:00,1783252800,Friendlies Clubs,667,2026,1562878,NS,Kästorf,21128,Germania Halberstadt,1643,World,NS,Not Started,,,,,,,,,,,,0.0,0.0,0.0,0.0,0.0,0.0,0.0,0.0,0.0,0.0,,,2026-07-05T10:25:53.537596+00:00,COVERAGE_UNKNOWN,,,,,,0,1.0,COVERAGE_NOT_LOADED,,,,,,,,,,,,,,,,,,,,,,,,,,,,,,,,,,,,,,,,,,,,,,,,,,,,,NONE,,,,,,,,,,,,,,,,,,,,,,,,,,,,,,,,,,,,,,,,,,,,,,,,,,,,,,,,,,,,,,,,,,,,,,,,,,,,,,,,,,,,,,,,,,,,,,,
2026-07-05,2026-07-05T13:30:00+01:00,1783254600,Super League,391,2026,1538641,NS,Masters FC,27655,Kamuzu Barracks,4588,Malawi,NS,Not Started,,,,,,,,,,,,0.0,0.0,0.0,0.0,0.0,0.0,0.0,0.0,0.0,0.0,,,2026-07-05T10:25:53.537601+00:00,COVERAGE_UNKNOWN,,,,,,0,1.0,COVERAGE_NOT_LOADED,,,,,,,,,,,,,,,,,,,,,,,,,,,,,,,,,,,,,,,,,,,,,,,,,,,,,NONE,,,,,,,,,,,,,,,,,,,,,,,,,,,,,,,,,,,,,,,,,,,,,,,,,,,,,,,,,,,,,,,,,,,,,,,,,,,,,,,,,,,,,,,,,,,,,,,
2026-07-05,2026-07-05T13:30:00+01:00,1783254600,Super League,391,2026,1538642,NS,Chitipa United,4585,Silver Strikers,4597,Malawi,NS,Not Started,,,,,,,,,,,,0.0,0.0,0.0,0.0,0.0,0.0,0.0,0.0,0.0,0.0,,,2026-07-05T10:25:53.537606+00:00,COVERAGE_UNKNOWN,,,,,,0,1.0,COVERAGE_NOT_LOADED,,,,,,,,,,,,,,,,,,,,,,,,,,,,,,,,,,,,,,,,,,,,,,,,,,,,,NONE,,,,,,,,,,,,,,,,,,,,,,,,,,,,,,,,,,,,,,,,,,,,,,,,,,,,,,,,,,,,,,,,,,,,,,,,,,,,,,,,,,,,,,,,,,,,,,,
2026-07-05,2026-07-05T13:30:00+01:00,1783254600,Super League,391,2026,1538643,NS,Be Forward Wanderers,4583,MAFCO,11127,Malawi,NS,Not Started,,,,,,,,,,,,0.0,0.0,0.0,0.0,0.0,0.0,0.0,0.0,0.0,0.0,,,2026-07-05T10:25:53.537611+00:00,COVERAGE_UNKNOWN,,,,,,0,1.0,COVERAGE_NOT_LOADED,,,,,,,,,,,,,,,,,,,,,,,,,,,,,,,,,,,,,,,,,,,,,,,,,,,,,NONE,,,,,,,,,,,,,,,,,,,,,,,,,,,,,,,,,,,,,,,,,,,,,,,,,,,,,,,,,,,,,,,,,,,,,,,,,,,,,,,,,,,,,,,,,,,,,,,
2026-07-05,2026-07-05T13:30:00+01:00,1783254600,Super League,391,2026,1538644,NS,Mitundu Baptist,27656,Ekhaya,25893,Malawi,NS,Not Started,,,,,,,,,,,,0.0,0.0,0.0,0.0,0.0,0.0,0.0,0.0,0.0,0.0,,,2026-07-05T10:25:53.537615+00:00,COVERAGE_UNKNOWN,,,,,,0,1.0,COVERAGE_NOT_LOADED,,,,,,,,,,,,,,,,,,,,,,,,,,,,,,,,,,,,,,,,,,,,,,,,,,,,,NONE,,,,,,,,,,,,,,,,,,,,,,,,,,,,,,,,,,,,,,,,,,,,,,,,,,,,,,,,,,,,,,,,,,,,,,,,,,,,,,,,,,,,,,,,,,,,,,,
2026-07-05,2026-07-05T13:30:00+01:00,1783254600,Super League,391,2026,1538645,NS,Red Lions,4601,CIVO United,11125,Malawi,NS,Not Started,,,,,,,,,,,,0.0,0.0,0.0,0.0,0.0,0.0,0.0,0.0,0.0,0.0,,,2026-07-05T10:25:53.537620+00:00,COVERAGE_UNKNOWN,,,,,,0,1.0,COVERAGE_NOT_LOADED,,,,,,,,,,,,,,,,,,,,,,,,,,,,,,,,,,,,,,,,,,,,,,,,,,,,,NONE,,,,,,,,,,,,,,,,,,,,,,,,,,,,,,,,,,,,,,,,,,,,,,,,,,,,,,,,,,,,,,,,,,,,,,,,,,,,,,,,,,,,,,,,,,,,,,,
2026-07-05,2026-07-05T13:30:00+01:00,1783254600,Friendlies Clubs,667,2026,1554750,NS,RKAV Volendam,1238,FC Volendam,416,World,NS,Not Started,,,,,,,,,,,,0.0,0.0,0.0,0.0,0.0,0.0,0.0,0.0,0.0,0.0,,,2026-07-05T10:25:53.537625+00:00,COVERAGE_UNKNOWN,,,,,,0,1.0,COVERAGE_NOT_LOADED,,,,,,,,,,,,,,,,,,,,,,,,,,,,,,,,,,,,,,,,,,,,,,,,,,,,,NONE,,,,,,,,,,,,,,,,,,,,,,,,,,,,,,,,,,,,,,,,,,,,,,,,,,,,,,,,,,,,,,,,,,,,,,,,,,,,,,,,,,,,,,,,,,,,,,,
2026-07-05,2026-07-05T14:00:00+01:00,1783256400,Virsliga,365,2026,1515882,NS,Grobiņa,4138,Tukums,4144,Latvia,NS,Not Started,,,,,,,,,,,,0.0,0.0,0.0,0.0,0.0,0.0,0.0,0.0,0.0,0.0,,,2026-07-05T10:25:53.537630+00:00,COVERAGE_UNKNOWN,,,,,,0,1.0,COVERAGE_NOT_LOADED,,,,,,,,,,,,,,,,,,,,,,,,,,,,,,,,,,,,,,,,,,,,,,,,,,,,,NONE,,,,,,,,,,,,,,,,,,,,,,,,,,,,,,,,,,,,,,,,,,,,,,,,,,,,,,,,,,,,,,,,,,,,,,,,,,,,,,,,,,,,,,,,,,,,,,,
2026-07-05,2026-07-05T14:00:00+01:00,1783256400,Ykkönen,245,2026,1517207,NS,Rops,1167,PKKU,9203,Finland,NS,Not Started,,,,,,,,,,,,0.0,0.0,0.0,0.0,0.0,0.0,0.0,0.0,0.0,0.0,,,2026-07-05T10:25:53.537634+00:00,COVERAGE_UNKNOWN,,,,,,0,1.0,COVERAGE_NOT_LOADED,,,,,,,,,,,,,,,,,,,,,,,,,,,,,,,,,,,,,,,,,,,,,,,,,,,,,NONE,,,,,,,,,,,,,,,,,,,,,,,,,,,,,,,,,,,,,,,,,,,,,,,,,,,,,,,,,,,,,,,,,,,,,,,,,,,,,,,,,,,,,,,,,,,,,,,
2026-07-05,2026-07-05T14:00:00+01:00,1783256400,Esiliiga B,1126,2026,1521634,NS,Legion,13152,Tallinna Kalev II,3522,Estonia,NS,Not Started,,,,,,,,,,,,0.0,0.0,0.0,0.0,0.0,0.0,0.0,0.0,0.0,0.0,,,2026-07-05T10:25:53.537639+00:00,COVERAGE_UNKNOWN,,,,,,0,1.0,COVERAGE_NOT_LOADED,,,,,,,,,,,,,,,,,,,,,,,,,,,,,,,,,,,,,,,,,,,,,,,,,,,,,NONE,,,,,,,,,,,,,,,,,,,,,,,,,,,,,,,,,,,,,,,,,,,,,,,,,,,,,,,,,,,,,,,,,,,,,,,,,,,,,,,,,,,,,,,,,,,,,,,
2026-07-05,2026-07-05T14:00:00+01:00,1783256400,Second League - Group 2,652,2026,1536404,NS,Luki-Energiya,6812,Cherepovets,24450,Russia,NS,Not Started,,,,,,,,,,,,0.0,0.0,0.0,0.0,0.0,0.0,0.0,0.0,0.0,0.0,,,2026-07-05T10:25:53.537644+00:00,COVERAGE_UNKNOWN,,,,,,0,1.0,COVERAGE_NOT_LOADED,,,,,,,,,,,,,,,,,,,,,,,,,,,,,,,,,,,,,,,,,,,,,,,,,,,,,NONE,,,,,,,,,,,,,,,,,,,,,,,,,,,,,,,,,,,,,,,,,,,,,,,,,,,,,,,,,,,,,,,,,,,,,,,,,,,,,,,,,,,,,,,,,,,,,,,
2026-07-05,2026-07-05T14:00:00+01:00,1783256400,Second League - Group 4,653,2026,1536845,NS,Pobeda Nizhniy Novgorod,27651,Khimik Dzerzhinsk,16858,Russia,NS,Not Started,,,,,,,,,,,,0.0,0.0,0.0,0.0,0.0,0.0,0.0,0.0,0.0,0.0,,,2026-07-05T10:25:53.537648+00:00,COVERAGE_UNKNOWN,,,,,,0,1.0,COVERAGE_NOT_LOADED,,,,,,,,,,,,,,,,,,,,,,,,,,,,,,,,,,,,,,,,,,,,,,,,,,,,,NONE,,,,,,,,,,,,,,,,,,,,,,,,,,,,,,,,,,,,,,,,,,,,,,,,,,,,,,,,,,,,,,,,,,,,,,,,,,,,,,,,,,,,,,,,,,,,,,,
2026-07-05,2026-07-05T14:00:00+01:00,1783256400,Kansallinen Liiga,640,2026,1539061,NS,VIFK W,25564,IF Gnistan,27659,Finland,NS,Not Started,,,,,,,,,,,,0.0,0.0,0.0,0.0,0.0,0.0,0.0,0.0,0.0,0.0,,,2026-07-05T10:25:53.537653+00:00,COVERAGE_UNKNOWN,,,,,,0,1.0,COVERAGE_NOT_LOADED,,,,,,,,,,,,,,,,,,,,,,,,,,,,,,,,,,,,,,,,,,,,,,,,,,,,,NONE,,,,,,,,,,,,,,,,,,,,,,,,,,,,,,,,,,,,,,,,,,,,,,,,,,,,,,,,,,,,,,,,,,,,,,,,,,,,,,,,,,,,,,,,,,,,,,,
2026-07-05,2026-07-05T14:00:00+01:00,1783256400,Premier League,363,2025,1541123,NS,Sidama Bunna,4123,Mebrat Hayl,4127,Ethiopia,NS,Not Started,,,,,,,,,,,,0.0,0.0,0.0,0.0,0.0,0.0,0.0,0.0,0.0,0.0,,,2026-07-05T10:25:53.537658+00:00,COVERAGE_UNKNOWN,,,,,,0,1.0,COVERAGE_NOT_LOADED,,,,,,,,,,,,,,,,,,,,,,,,,,,,,,,,,,,,,,,,,,,,,,,,,,,,,NONE,,,,,,,,,,,,,,,,,,,,,,,,,,,,,,,,,,,,,,,,,,,,,,,,,,,,,,,,,,,,,,,,,,,,,,,,,,,,,,,,,,,,,,,,,,,,,,,
2026-07-05,2026-07-05T14:00:00+01:00,1783256400,Brasiliense U20,1100,2026,1546258,NS,Brazlândia FC SAF U20,27753,Planaltina U20,16472,Brazil,NS,Not Started,,,,,,,,,,,,0.0,0.0,0.0,0.0,0.0,0.0,0.0,0.0,0.0,0.0,,,2026-07-05T10:25:53.537662+00:00,COVERAGE_UNKNOWN,,,,,,0,1.0,COVERAGE_NOT_LOADED,,,,,,,,,,,,,,,,,,,,,,,,,,,,,,,,,,,,,,,,,,,,,,,,,,,,,NONE,,,,,,,,,,,,,,,,,,,,,,,,,,,,,,,,,,,,,,,,,,,,,,,,,,,,,,,,,,,,,,,,,,,,,,,,,,,,,,,,,,,,,,,,,,,,,,,
2026-07-05,2026-07-05T14:00:00+01:00,1783256400,Paulista - U20,1086,2026,1547303,NS,Novorizontino U20,13033,Velo Clube U20,13069,Brazil,NS,Not Started,,,,,,,,,,,,0.0,0.0,0.0,0.0,0.0,0.0,0.0,0.0,0.0,0.0,,,2026-07-05T10:25:53.537667+00:00,COVERAGE_UNKNOWN,,,,,,0,1.0,COVERAGE_NOT_LOADED,,,,,,,,,,,,,,,,,,,,,,,,,,,,,,,,,,,,,,,,,,,,,,,,,,,,,NONE,,,,,,,,,,,,,,,,,,,,,,,,,,,,,,,,,,,,,,,,,,,,,,,,,,,,,,,,,,,,,,,,,,,,,,,,,,,,,,,,,,,,,,,,,,,,,,,
2026-07-05,2026-07-05T14:00:00+01:00,1783256400,Paulista - U20,1086,2026,1547306,NS,Porto Football U20,23483,Palmeiras U20,12968,Brazil,NS,Not Started,,,,,,,,,,,,0.0,0.0,0.0,0.0,0.0,0.0,0.0,0.0,0.0,0.0,,,2026-07-05T10:25:53.537672+00:00,COVERAGE_UNKNOWN,,,,,,0,1.0,COVERAGE_NOT_LOADED,,,,,,,,,,,,,,,,,,,,,,,,,,,,,,,,,,,,,,,,,,,,,,,,,,,,,NONE,,,,,,,,,,,,,,,,,,,,,,,,,,,,,,,,,,,,,,,,,,,,,,,,,,,,,,,,,,,,,,,,,,,,,,,,,,,,,,,,,,,,,,,,,,,,,,,
2026-07-05,2026-07-05T14:00:00+01:00,1783256400,Paulista - U20,1086,2026,1547308,NS,Referencia U20,23485,RB Bragantino U20,18345,Brazil,NS,Not Started,,,,,,,,,,,,0.0,0.0,0.0,0.0,0.0,0.0,0.0,0.0,0.0,0.0,,,2026-07-05T10:25:53.537676+00:00,COVERAGE_UNKNOWN,,,,,,0,1.0,COVERAGE_NOT_LOADED,,,,,,,,,,,,,,,,,,,,,,,,,,,,,,,,,,,,,,,,,,,,,,,,,,,,,NONE,,,,,,,,,,,,,,,,,,,,,,,,,,,,,,,,,,,,,,,,,,,,,,,,,,,,,,,,,,,,,,,,,,,,,,,,,,,,,,,,,,,,,,,,,,,,,,,
2026-07-05,2026-07-05T14:00:00+01:00,1783256400,Paulista - U20,1086,2026,1547309,NS,União Suzano U20,20775,Mirassol U20,13027,Brazil,NS,Not Started,,,,,,,,,,,,0.0,0.0,0.0,0.0,0.0,0.0,0.0,0.0,0.0,0.0,,,2026-07-05T10:25:53.537681+00:00,COVERAGE_UNKNOWN,,,,,,0,1.0,COVERAGE_NOT_LOADED,,,,,,,,,,,,,,,,,,,,,,,,,,,,,,,,,,,,,,,,,,,,,,,,,,,,,NONE,,,,,,,,,,,,,,,,,,,,,,,,,,,,,,,,,,,,,,,,,,,,,,,,,,,,,,,,,,,,,,,,,,,,,,,,,,,,,,,,,,,,,,,,,,,,,,,
2026-07-05,2026-07-05T14:00:00+01:00,1783256400,Mineiro - 2,619,2026,1547712,NS,Coimbra,13129,Valeriodoce,23247,Brazil,NS,Not Started,,,,,,,,,,,,0.0,0.0,0.0,0.0,0.0,0.0,0.0,0.0,0.0,0.0,,,2026-07-05T10:25:53.537686+00:00,COVERAGE_UNKNOWN,,,,,,0,1.0,COVERAGE_NOT_LOADED,,,,,,,,,,,,,,,,,,,,,,,,,,,,,,,,,,,,,,,,,,,,,,,,,,,,,NONE,,,,,,,,,,,,,,,,,,,,,,,,,,,,,,,,,,,,,,,,,,,,,,,,,,,,,,,,,,,,,,,,,,,,,,,,,,,,,,,,,,,,,,,,,,,,,,,
2026-07-05,2026-07-05T14:00:00+01:00,1783256400,Friendlies Clubs,667,2026,1554751,NS,Rapid Vienna,781,Pardubice,3724,World,NS,Not Started,,,,,,,,,,,,0.0,0.0,0.0,0.0,0.0,0.0,0.0,0.0,0.0,0.0,,,2026-07-05T10:25:53.537690+00:00,COVERAGE_UNKNOWN,,,,,,0,1.0,COVERAGE_NOT_LOADED,,,,,,,,,,,,,,,,,,,,,,,,,,,,,,,,,,,,,,,,,,,,,,,,,,,,,NONE,,,,,,,,,,,,,,,,,,,,,,,,,,,,,,,,,,,,,,,,,,,,,,,,,,,,,,,,,,,,,,,,,,,,,,,,,,,,,,,,,,,,,,,,,,,,,,,
2026-07-05,2026-07-05T14:00:00+01:00,1783256400,Paulista Série B,1098,2026,1559582,NS,Independente SP,22948,Tupa,23582,Brazil,NS,Not Started,,,,,,,,,,,,0.0,0.0,0.0,0.0,0.0,0.0,0.0,0.0,0.0,0.0,,,2026-07-05T10:25:53.537695+00:00,COVERAGE_UNKNOWN,,,,,,0,1.0,COVERAGE_NOT_LOADED,,,,,,,,,,,,,,,,,,,,,,,,,,,,,,,,,,,,,,,,,,,,,,,,,,,,,NONE,,,,,,,,,,,,,,,,,,,,,,,,,,,,,,,,,,,,,,,,,,,,,,,,,,,,,,,,,,,,,,,,,,,,,,,,,,,,,,,,,,,,,,,,,,,,,,,
2026-07-05,2026-07-05T14:00:00+01:00,1783256400,Paulista Série B,1098,2026,1559584,NS,José Bonifácio,27687,Manthiqueira,23577,Brazil,NS,Not Started,,,,,,,,,,,,0.0,0.0,0.0,0.0,0.0,0.0,0.0,0.0,0.0,0.0,,,2026-07-05T10:25:53.537700+00:00,COVERAGE_UNKNOWN,,,,,,0,1.0,COVERAGE_NOT_LOADED,,,,,,,,,,,,,,,,,,,,,,,,,,,,,,,,,,,,,,,,,,,,,,,,,,,,,NONE,,,,,,,,,,,,,,,,,,,,,,,,,,,,,,,,,,,,,,,,,,,,,,,,,,,,,,,,,,,,,,,,,,,,,,,,,,,,,,,,,,,,,,,,,,,,,,,
2026-07-05,2026-07-05T14:00:00+01:00,1783256400,Paulista Série B,1098,2026,1559587,NS,Sporting Paulinense,27690,Sao Carlos,23580,Brazil,NS,Not Started,,,,,,,,,,,,0.0,0.0,0.0,0.0,0.0,0.0,0.0,0.0,0.0,0.0,,,2026-07-05T10:25:53.537704+00:00,COVERAGE_UNKNOWN,,,,,,0,1.0,COVERAGE_NOT_LOADED,,,,,,,,,,,,,,,,,,,,,,,,,,,,,,,,,,,,,,,,,,,,,,,,,,,,,NONE,,,,,,,,,,,,,,,,,,,,,,,,,,,,,,,,,,,,,,,,,,,,,,,,,,,,,,,,,,,,,,,,,,,,,,,,,,,,,,,,,,,,,,,,,,,,,,,
2026-07-05,2026-07-05T14:00:00+01:00,1783256400,Division Intermedia,251,2026,1567829,NS,Deportivo Santani,1189,General Caballero,1181,Paraguay,NS,Not Started,,,,,,,,,,,,0.0,0.0,0.0,0.0,0.0,0.0,0.0,0.0,0.0,0.0,,,2026-07-05T10:25:53.537709+00:00,COVERAGE_UNKNOWN,,,,,,0,1.0,COVERAGE_NOT_LOADED,,,,,,,,,,,,,,,,,,,,,,,,,,,,,,,,,,,,,,,,,,,,,,,,,,,,,NONE,,,,,,,,,,,,,,,,,,,,,,,,,,,,,,,,,,,,,,,,,,,,,,,,,,,,,,,,,,,,,,,,,,,,,,,,,,,,,,,,,,,,,,,,,,,,,,,
2026-07-05,2026-07-05T14:00:00+01:00,1783256400,Premier Soccer League,401,2026,1567838,NS,Dynamos,5221,Agama,27273,Zimbabwe,NS,Not Started,,,,,,,,,,,,0.0,0.0,0.0,0.0,0.0,0.0,0.0,0.0,0.0,0.0,,,2026-07-05T10:25:53.537713+00:00,COVERAGE_UNKNOWN,,,,,,0,1.0,COVERAGE_NOT_LOADED,,,,,,,,,,,,,,,,,,,,,,,,,,,,,,,,,,,,,,,,,,,,,,,,,,,,,NONE,,,,,,,,,,,,,,,,,,,,,,,,,,,,,,,,,,,,,,,,,,,,,,,,,,,,,,,,,,,,,,,,,,,,,,,,,,,,,,,,,,,,,,,,,,,,,,,
2026-07-05,2026-07-05T14:00:00+01:00,1783256400,Premier Soccer League,401,2026,1567839,NS,Hardrock,27274,CAPS United,5218,Zimbabwe,NS,Not Started,,,,,,,,,,,,0.0,0.0,0.0,0.0,0.0,0.0,0.0,0.0,0.0,0.0,,,2026-07-05T10:25:53.537718+00:00,COVERAGE_UNKNOWN,,,,,,0,1.0,COVERAGE_NOT_LOADED,,,,,,,,,,,,,,,,,,,,,,,,,,,,,,,,,,,,,,,,,,,,,,,,,,,,,NONE,,,,,,,,,,,,,,,,,,,,,,,,,,,,,,,,,,,,,,,,,,,,,,,,,,,,,,,,,,,,,,,,,,,,,,,,,,,,,,,,,,,,,,,,,,,,,,,
2026-07-05,2026-07-05T14:00:00+01:00,1783256400,Premier Soccer League,401,2026,1567840,NS,Highlanders,5224,Simba Bhora,21055,Zimbabwe,NS,Not Started,,,,,,,,,,,,0.0,0.0,0.0,0.0,0.0,0.0,0.0,0.0,0.0,0.0,,,2026-07-05T10:25:53.537723+00:00,COVERAGE_UNKNOWN,,,,,,0,1.0,COVERAGE_NOT_LOADED,,,,,,,,,,,,,,,,,,,,,,,,,,,,,,,,,,,,,,,,,,,,,,,,,,,,,NONE,,,,,,,,,,,,,,,,,,,,,,,,,,,,,,,,,,,,,,,,,,,,,,,,,,,,,,,,,,,,,,,,,,,,,,,,,,,,,,,,,,,,,,,,,,,,,,,
2026-07-05,2026-07-05T14:00:00+01:00,1783256400,Premier Soccer League,401,2026,1567841,NS,Manica Diamonds,5227,Kariba,5226,Zimbabwe,NS,Not Started,,,,,,,,,,,,0.0,0.0,0.0,0.0,0.0,0.0,0.0,0.0,0.0,0.0,,,2026-07-05T10:25:53.537727+00:00,COVERAGE_UNKNOWN,,,,,,0,1.0,COVERAGE_NOT_LOADED,,,,,,,,,,,,,,,,,,,,,,,,,,,,,,,,,,,,,,,,,,,,,,,,,,,,,NONE,,,,,,,,,,,,,,,,,,,,,,,,,,,,,,,,,,,,,,,,,,,,,,,,,,,,,,,,,,,,,,,,,,,,,,,,,,,,,,,,,,,,,,,,,,,,,,,
2026-07-05,2026-07-05T14:00:00+01:00,1783256400,Premier Soccer League,401,2026,1567842,NS,Triangle United,5232,Herentals,5223,Zimbabwe,NS,Not Started,,,,,,,,,,,,0.0,0.0,0.0,0.0,0.0,0.0,0.0,0.0,0.0,0.0,,,2026-07-05T10:25:53.537732+00:00,COVERAGE_UNKNOWN,,,,,,0,1.0,COVERAGE_NOT_LOADED,,,,,,,,,,,,,,,,,,,,,,,,,,,,,,,,,,,,,,,,,,,,,,,,,,,,,NONE,,,,,,,,,,,,,,,,,,,,,,,,,,,,,,,,,,,,,,,,,,,,,,,,,,,,,,,,,,,,,,,,,,,,,,,,,,,,,,,,,,,,,,,,,,,,,,,
2026-07-05,2026-07-05T14:00:00+01:00,1783256400,Ligi kuu Bara,567,2025,1576132,NS,Polisi Tanzania,12199,Mbeya Kwanza,17753,Tanzania,NS,Not Started,,,,,,,,,,,,0.0,0.0,0.0,0.0,0.0,0.0,0.0,0.0,0.0,0.0,,,2026-07-05T10:25:53.537737+00:00,COVERAGE_UNKNOWN,,,,,,0,1.0,COVERAGE_NOT_LOADED,,,,,,,,,,,,,,,,,,,,,,,,,,,,,,,,,,,,,,,,,,,,,,,,,,,,,NONE,,,,,,,,,,,,,,,,,,,,,,,,,,,,,,,,,,,,,,,,,,,,,,,,,,,,,,,,,,,,,,,,,,,,,,,,,,,,,,,,,,,,,,,,,,,,,,,
2026-07-05,2026-07-05T14:00:00+01:00,1783256400,Ligi kuu Bara,567,2025,1576133,NS,Tanzania Prisons,12202,Mbeya City,12194,Tanzania,NS,Not Started,,,,,,,,,,,,0.0,0.0,0.0,0.0,0.0,0.0,0.0,0.0,0.0,0.0,,,2026-07-05T10:25:53.537741+00:00,COVERAGE_UNKNOWN,,,,,,0,1.0,COVERAGE_NOT_LOADED,,,,,,,,,,,,,,,,,,,,,,,,,,,,,,,,,,,,,,,,,,,,,,,,,,,,,NONE,,,,,,,,,,,,,,,,,,,,,,,,,,,,,,,,,,,,,,,,,,,,,,,,,,,,,,,,,,,,,,,,,,,,,,,,,,,,,,,,,,,,,,,,,,,,,,,
2026-07-05,2026-07-05T14:30:00+01:00,1783258200,Second League - Group 1,651,2026,1536236,NS,Dynamo Makhachkala II,21853,Shahter Taganrog,27648,Russia,NS,Not Started,,,,,,,,,,,,0.0,0.0,0.0,0.0,0.0,0.0,0.0,0.0,0.0,0.0,,,2026-07-05T10:25:53.537746+00:00,COVERAGE_UNKNOWN,,,,,,0,1.0,COVERAGE_NOT_LOADED,,,,,,,,,,,,,,,,,,,,,,,,,,,,,,,,,,,,,,,,,,,,,,,,,,,,,NONE,,,,,,,,,,,,,,,,,,,,,,,,,,,,,,,,,,,,,,,,,,,,,,,,,,,,,,,,,,,,,,,,,,,,,,,,,,,,,,,,,,,,,,,,,,,,,,,
2026-07-05,2026-07-05T14:30:00+01:00,1783258200,Mineiro - 2,619,2026,1547711,NS,Uberaba,18795,Mamoré,13082,Brazil,NS,Not Started,,,,,,,,,,,,0.0,0.0,0.0,0.0,0.0,0.0,0.0,0.0,0.0,0.0,,,2026-07-05T10:25:53.537751+00:00,COVERAGE_UNKNOWN,,,,,,0,1.0,COVERAGE_NOT_LOADED,,,,,,,,,,,,,,,,,,,,,,,,,,,,,,,,,,,,,,,,,,,,,,,,,,,,,NONE,,,,,,,,,,,,,,,,,,,,,,,,,,,,,,,,,,,,,,,,,,,,,,,,,,,,,,,,,,,,,,,,,,,,,,,,,,,,,,,,,,,,,,,,,,,,,,,
2026-07-05,2026-07-05T14:30:00+01:00,1783258200,Mineiro - 2,619,2026,1547713,NS,BOA,153,Caldense,7769,Brazil,NS,Not Started,,,,,,,,,,,,0.0,0.0,0.0,0.0,0.0,0.0,0.0,0.0,0.0,0.0,,,2026-07-05T10:25:53.537756+00:00,COVERAGE_UNKNOWN,,,,,,0,1.0,COVERAGE_NOT_LOADED,,,,,,,,,,,,,,,,,,,,,,,,,,,,,,,,,,,,,,,,,,,,,,,,,,,,,NONE,,,,,,,,,,,,,,,,,,,,,,,,,,,,,,,,,,,,,,,,,,,,,,,,,,,,,,,,,,,,,,,,,,,,,,,,,,,,,,,,,,,,,,,,,,,,,,,
2026-07-05,2026-07-05T14:30:00+01:00,1783258200,Friendlies Clubs,667,2026,1550525,NS,Rosenborg,331,Molde,329,World,NS,Not Started,,,,,,,,,,,,0.0,0.0,0.0,0.0,0.0,0.0,0.0,0.0,0.0,0.0,,,2026-07-05T10:25:53.537760+00:00,COVERAGE_UNKNOWN,,,,,,0,1.0,COVERAGE_NOT_LOADED,,,,,,,,,,,,,,,,,,,,,,,,,,,,,,,,,,,,,,,,,,,,,,,,,,,,,NONE,,,,,,,,,,,,,,,,,,,,,,,,,,,,,,,,,,,,,,,,,,,,,,,,,,,,,,,,,,,,,,,,,,,,,,,,,,,,,,,,,,,,,,,,,,,,,,,
2026-07-05,2026-07-05T15:00:00+01:00,1783260000,1. Division,104,2026,1495884,NS,ODD Ballklubb,330,Haugesund,328,Norway,NS,Not Started,,,,,,,,,,,,0.0,0.0,0.0,0.0,0.0,0.0,0.0,0.0,0.0,0.0,,,2026-07-05T10:25:53.537765+00:00,COVERAGE_UNKNOWN,,,,,,0,1.0,COVERAGE_NOT_LOADED,,,,,,,,,,,,,,,,,,,,,,,,,,,,,,,,,,,,,,,,,,,,,,,,,,,,,NONE,,,,,,,,,,,,,,,,,,,,,,,,,,,,,,,,,,,,,,,,,,,,,,,,,,,,,,,,,,,,,,,,,,,,,,,,,,,,,,,,,,,,,,,,,,,,,,,
2026-07-05,2026-07-05T15:00:00+01:00,1783260000,Primera C,132,2026,1499969,NS,Berazategui,8382,Puerto Nuevo,8397,Argentina,NS,Not Started,,,,,,,,,,,,0.0,0.0,0.0,0.0,0.0,0.0,0.0,0.0,0.0,0.0,,,2026-07-05T10:25:53.537770+00:00,COVERAGE_UNKNOWN,,,,,,0,1.0,COVERAGE_NOT_LOADED,,,,,,,,,,,,,,,,,,,,,,,,,,,,,,,,,,,,,,,,,,,,,,,,,,,,,NONE,,,,,,,,,,,,,,,,,,,,,,,,,,,,,,,,,,,,,,,,,,,,,,,,,,,,,,,,,,,,,,,,,,,,,,,,,,,,,,,,,,,,,,,,,,,,,,,
2026-07-05,2026-07-05T15:00:00+01:00,1783260000,Meistaradeildin,367,2026,1506501,NS,07 Vestur,4174,HB Torshavn,4133,Faroe-Islands,NS,Not Started,,,,,,,,,,,,0.0,0.0,0.0,0.0,0.0,0.0,0.0,0.0,0.0,0.0,,,2026-07-05T10:25:53.537774+00:00,COVERAGE_UNKNOWN,,,,,,0,1.0,COVERAGE_NOT_LOADED,,,,,,,,,,,,,,,,,,,,,,,,,,,,,,,,,,,,,,,,,,,,,,,,,,,,,NONE,,,,,,,,,,,,,,,,,,,,,,,,,,,,,,,,,,,,,,,,,,,,,,,,,,,,,,,,,,,,,,,,,,,,,,,,,,,,,,,,,,,,,,,,,,,,,,,
2026-07-05,2026-07-05T15:00:00+01:00,1783260000,Serie C,75,2026,1526884,NS,Ypiranga-RS,1221,Paysandu,149,Brazil,NS,Not Started,,,,,,,,,,,,0.0,0.0,0.0,0.0,0.0,0.0,0.0,0.0,0.0,0.0,,,2026-07-05T10:25:53.537779+00:00,COVERAGE_PARTIAL,1.0,0.0,0.0,1.0,1.0,0,0.7,OFFICIAL_API,,,,,,,,,,,,,,,,,,,,,,,,,,,,,,,,,,,,,,,,,,,,,,,,,,,,,NONE,,,,,,,,,,,,,,,,,,,,,,,,,,,,,,,,,,,,,,,,,,,,,,,,,,,,,,,,,,,,,,,,,,,,,,,,,,,,,,,,,,,,,,,,,,,,,,,
2026-07-05,2026-07-05T15:00:00+01:00,1783260000,Premier League,389,2026,1528012,NS,Aktobe,4563,Zhetysu,4560,Kazakhstan,NS,Not Started,,,,,,,,,,,,0.0,0.0,0.0,0.0,0.0,0.0,0.0,0.0,0.0,0.0,,,2026-07-05T10:25:53.537783+00:00,COVERAGE_UNKNOWN,,,,,,0,1.0,COVERAGE_NOT_LOADED,,,,,,,,,,,,,,,,,,,,,,,,,,,,,,,,,,,,,,,,,,,,,,,,,,,,,NONE,,,,,,,,,,,,,,,,,,,,,,,,,,,,,,,,,,,,,,,,,,,,,,,,,,,,,,,,,,,,,,,,,,,,,,,,,,,,,,,,,,,,,,,,,,,,,,,
2026-07-05,2026-07-05T15:00:00+01:00,1783260000,Premier League,389,2026,1528014,NS,Atyrau,4564,Kaspiy,4552,Kazakhstan,NS,Not Started,,,,,,,,,,,,0.0,0.0,0.0,0.0,0.0,0.0,0.0,0.0,0.0,0.0,,,2026-07-05T10:25:53.537788+00:00,COVERAGE_UNKNOWN,,,,,,0,1.0,COVERAGE_NOT_LOADED,,,,,,,,,,,,,,,,,,,,,,,,,,,,,,,,,,,,,,,,,,,,,,,,,,,,,NONE,,,,,,,,,,,,,,,,,,,,,,,,,,,,,,,,,,,,,,,,,,,,,,,,,,,,,,,,,,,,,,,,,,,,,,,,,,,,,,,,,,,,,,,,,,,,,,,
2026-07-05,2026-07-05T15:00:00+01:00,1783260000,1. Division,117,2026,1534355,NS,Lida,3387,Uni Minsk,18857,Belarus,NS,Not Started,,,,,,,,,,,,0.0,0.0,0.0,0.0,0.0,0.0,0.0,0.0,0.0,0.0,,,2026-07-05T10:25:53.537793+00:00,COVERAGE_UNKNOWN,,,,,,0,1.0,COVERAGE_NOT_LOADED,,,,,,,,,,,,,,,,,,,,,,,,,,,,,,,,,,,,,,,,,,,,,,,,,,,,,NONE,,,,,,,,,,,,,,,,,,,,,,,,,,,,,,,,,,,,,,,,,,,,,,,,,,,,,,,,,,,,,,,,,,,,,,,,,,,,,,,,,,,,,,,,,,,,,,,
2026-07-05,2026-07-05T15:00:00+01:00,1783260000,Catarinense - 2,936,2026,1541993,NS,Tubarao,1204,Nação,19637,Brazil,NS,Not Started,,,,,,,,,,,,0.0,0.0,0.0,0.0,0.0,0.0,0.0,0.0,0.0,0.0,,,2026-07-05T10:25:53.537798+00:00,COVERAGE_UNKNOWN,,,,,,0,1.0,COVERAGE_NOT_LOADED,,,,,,,,,,,,,,,,,,,,,,,,,,,,,,,,,,,,,,,,,,,,,,,,,,,,,NONE,,,,,,,,,,,,,,,,,,,,,,,,,,,,,,,,,,,,,,,,,,,,,,,,,,,,,,,,,,,,,,,,,,,,,,,,,,,,,,,,,,,,,,,,,,,,,,,
2026-07-05,2026-07-05T15:00:00+01:00,1783260000,Catarinense - 2,936,2026,1541996,NS,Metropolitano,7860,Caravaggio,21209,Brazil,NS,Not Started,,,,,,,,,,,,0.0,0.0,0.0,0.0,0.0,0.0,0.0,0.0,0.0,0.0,,,2026-07-05T10:25:53.537802+00:00,COVERAGE_UNKNOWN,,,,,,0,1.0,COVERAGE_NOT_LOADED,,,,,,,,,,,,,,,,,,,,,,,,,,,,,,,,,,,,,,,,,,,,,,,,,,,,,NONE,,,,,,,,,,,,,,,,,,,,,,,,,,,,,,,,,,,,,,,,,,,,,,,,,,,,,,,,,,,,,,,,,,,,,,,,,,,,,,,,,,,,,,,,,,,,,,,
2026-07-05,2026-07-05T15:00:00+01:00,1783260000,Paulista - U20,1086,2026,1547307,NS,Corinthians U20,12998,Sertãozinho U20,13057,Brazil,NS,Not Started,,,,,,,,,,,,0.0,0.0,0.0,0.0,0.0,0.0,0.0,0.0,0.0,0.0,,,2026-07-05T10:25:53.537807+00:00,COVERAGE_UNKNOWN,,,,,,0,1.0,COVERAGE_NOT_LOADED,,,,,,,,,,,,,,,,,,,,,,,,,,,,,,,,,,,,,,,,,,,,,,,,,,,,,NONE,,,,,,,,,,,,,,,,,,,,,,,,,,,,,,,,,,,,,,,,,,,,,,,,,,,,,,,,,,,,,,,,,,,,,,,,,,,,,,,,,,,,,,,,,,,,,,,
2026-07-05,2026-07-05T15:00:00+01:00,1783260000,Friendlies Clubs,667,2026,1554752,NS,Metalist 1925 Kharkiv,3628,BSC Young Boys,565,World,NS,Not Started,,,,,,,,,,,,0.0,0.0,0.0,0.0,0.0,0.0,0.0,0.0,0.0,0.0,,,2026-07-05T10:25:53.537811+00:00,COVERAGE_UNKNOWN,,,,,,0,1.0,COVERAGE_NOT_LOADED,,,,,,,,,,,,,,,,,,,,,,,,,,,,,,,,,,,,,,,,,,,,,,,,,,,,,NONE,,,,,,,,,,,,,,,,,,,,,,,,,,,,,,,,,,,,,,,,,,,,,,,,,,,,,,,,,,,,,,,,,,,,,,,,,,,,,,,,,,,,,,,,,,,,,,,
2026-07-05,2026-07-05T15:00:00+01:00,1783260000,Friendlies Clubs,667,2026,1560534,NS,TSV Berg,22121,SSV Ulm 1846,1652,World,NS,Not Started,,,,,,,,,,,,0.0,0.0,0.0,0.0,0.0,0.0,0.0,0.0,0.0,0.0,,,2026-07-05T10:25:53.537816+00:00,COVERAGE_UNKNOWN,,,,,,0,1.0,COVERAGE_NOT_LOADED,,,,,,,,,,,,,,,,,,,,,,,,,,,,,,,,,,,,,,,,,,,,,,,,,,,,,NONE,,,,,,,,,,,,,,,,,,,,,,,,,,,,,,,,,,,,,,,,,,,,,,,,,,,,,,,,,,,,,,,,,,,,,,,,,,,,,,,,,,,,,,,,,,,,,,,
2026-07-05,2026-07-05T15:00:00+01:00,1783260000,Reserve League,906,2026,1567793,NS,Vélez Sársfield Res.,18702,Racing Club Res.,18694,Argentina,NS,Not Started,,,,,,,,,,,,0.0,0.0,0.0,0.0,0.0,0.0,0.0,0.0,0.0,0.0,,,2026-07-05T10:25:53.537821+00:00,COVERAGE_UNKNOWN,,,,,,0,1.0,COVERAGE_NOT_LOADED,,,,,,,,,,,,,,,,,,,,,,,,,,,,,,,,,,,,,,,,,,,,,,,,,,,,,NONE,,,,,,,,,,,,,,,,,,,,,,,,,,,,,,,,,,,,,,,,,,,,,,,,,,,,,,,,,,,,,,,,,,,,,,,,,,,,,,,,,,,,,,,,,,,,,,,
2026-07-05,2026-07-05T15:30:00+01:00,1783261800,Allsvenskan,113,2026,1494195,NS,IF Elfsborg,372,Hammarby FF,363,Sweden,NS,Not Started,,,,,,,,,,,,0.0,0.0,0.0,0.0,0.0,0.0,0.0,0.0,0.0,0.0,6.0,2.0,2026-07-05T10:25:53.537825+00:00,COVERAGE_RICH,1.0,1.0,1.0,1.0,1.0,1,0.95,OFFICIAL_API,,8.0,8.0,2.125,1.875,1.75,2.625,0.875,1.125,1.0,0.875,0.375,0.25,0.625,0.625,0.875,1.0,0.5,0.625,2026.0,2026.0,TEAM_LAST_8_ALL_COMPETITIONS,5.0,5.0,1.0,1.0,9.0,12.8,3.4,4.0,41.8,3.0,5.6,12.6,2.4,1.0,2.4,5.0,5.0,1.0,1.0,23.6,8.6,7.6,2.8,66.4,5.2,2.0,10.2,1.2,1.6,6.2,FULL,2026-07-05T10:26:01.695927+00:00,6.0,2.0,1.0,1.0,4.8,2.0,FULL,FULL,HIGH,MEDIUM,FULL,2026-07-05T10:26:19.182625+00:00,0.0,0.0,,,,,,,,,,,,,,,,,,0.12,90.0,243.65,0.0,0.0,NONE,NONE,NONE,INACTIVE,2026-07-05T10:26:20.954738+00:00,3.0,18.0,5.0,11.0,16.0,11.0,0.5,4.0,17.0,11.0,11.0,24.0,13.0,0.5,16.0,2026-07-05T10:26:24.300370+00:00,4.04,3.79,1.93,1.65,2.2,1.25,4.38,1.75,2.18,2.88,1.46,,,,,,12.0,129.0,3256.0,0.2475,0.2639,0.5181,0.6061,0.4545,0.8,0.2283,0.5714,0.4587,0.3472,0.6849,,,,,,2026-07-05T10:26:25.364969+00:00,OK
2026-07-05,2026-07-05T16:00:00+01:00,1783263600,MLS Next Pro,909,2026,1513202,NS,New England II,10281,Philadelphia Union II,3988,USA,NS,Not Started,,,,,,,,,,,,0.0,0.0,0.0,0.0,0.0,0.0,0.0,0.0,0.0,0.0,,,2026-07-05T10:25:53.537830+00:00,COVERAGE_UNKNOWN,,,,,,0,1.0,COVERAGE_NOT_LOADED,,,,,,,,,,,,,,,,,,,,,,,,,,,,,,,,,,,,,,,,,,,,,,,,,,,,,NONE,,,,,,,,,,,,,,,,,,,,,,,,,,,,,,,,,,,,,,,,,,,,,,,,,,,,,,,,,,,,,,,,,,,,,,,,,,,,,,,,,,,,,,,,,,,,,,,
2026-07-05,2026-07-05T16:00:00+01:00,1783263600,Premier League,116,2026,1525912,NS,Belshina,3384,Baranovichi,3383,Belarus,NS,Not Started,,,,,,,,,,,,0.0,0.0,0.0,0.0,0.0,0.0,0.0,0.0,0.0,0.0,,,2026-07-05T10:25:53.537835+00:00,COVERAGE_UNKNOWN,,,,,,0,1.0,COVERAGE_NOT_LOADED,,,,,,,,,,,,,,,,,,,,,,,,,,,,,,,,,,,,,,,,,,,,,,,,,,,,,NONE,,,,,,,,,,,,,,,,,,,,,,,,,,,,,,,,,,,,,,,,,,,,,,,,,,,,,,,,,,,,,,,,,,,,,,,,,,,,,,,,,,,,,,,,,,,,,,,
2026-07-05,2026-07-05T16:00:00+01:00,1783263600,Premier League,389,2026,1528016,NS,Kaisar,4562,Irtysh,4565,Kazakhstan,NS,Not Started,,,,,,,,,,,,0.0,0.0,0.0,0.0,0.0,0.0,0.0,0.0,0.0,0.0,,,2026-07-05T10:25:53.537857+00:00,COVERAGE_UNKNOWN,,,,,,0,1.0,COVERAGE_NOT_LOADED,,,,,,,,,,,,,,,,,,,,,,,,,,,,,,,,,,,,,,,,,,,,,,,,,,,,,NONE,,,,,,,,,,,,,,,,,,,,,,,,,,,,,,,,,,,,,,,,,,,,,,,,,,,,,,,,,,,,,,,,,,,,,,,,,,,,,,,,,,,,,,,,,,,,,,,
2026-07-05,2026-07-05T16:00:00+01:00,1783263600,Premier League,389,2026,1528019,NS,Ordabasy,692,Ulytau,21010,Kazakhstan,NS,Not Started,,,,,,,,,,,,0.0,0.0,0.0,0.0,0.0,0.0,0.0,0.0,0.0,0.0,,,2026-07-05T10:25:53.537862+00:00,COVERAGE_UNKNOWN,,,,,,0,1.0,COVERAGE_NOT_LOADED,,,,,,,,,,,,,,,,,,,,,,,,,,,,,,,,,,,,,,,,,,,,,,,,,,,,,NONE,,,,,,,,,,,,,,,,,,,,,,,,,,,,,,,,,,,,,,,,,,,,,,,,,,,,,,,,,,,,,,,,,,,,,,,,,,,,,,,,,,,,,,,,,,,,,,,
2026-07-05,2026-07-05T16:00:00+01:00,1783263600,Second League - Group 2,652,2026,1536405,NS,Spartak Moscow 2,2003,Murom,6817,Russia,NS,Not Started,,,,,,,,,,,,0.0,0.0,0.0,0.0,0.0,0.0,0.0,0.0,0.0,0.0,,,2026-07-05T10:25:53.537867+00:00,COVERAGE_UNKNOWN,,,,,,0,1.0,COVERAGE_NOT_LOADED,,,,,,,,,,,,,,,,,,,,,,,,,,,,,,,,,,,,,,,,,,,,,,,,,,,,,NONE,,,,,,,,,,,,,,,,,,,,,,,,,,,,,,,,,,,,,,,,,,,,,,,,,,,,,,,,,,,,,,,,,,,,,,,,,,,,,,,,,,,,,,,,,,,,,,,
2026-07-05,2026-07-05T16:00:00+01:00,1783263600,Second League - Group 2,652,2026,1536406,NS,Torpedo Vladimir,6830,Kosmos Dolgoprudny,19452,Russia,NS,Not Started,,,,,,,,,,,,0.0,0.0,0.0,0.0,0.0,0.0,0.0,0.0,0.0,0.0,,,2026-07-05T10:25:53.537872+00:00,COVERAGE_UNKNOWN,,,,,,0,1.0,COVERAGE_NOT_LOADED,,,,,,,,,,,,,,,,,,,,,,,,,,,,,,,,,,,,,,,,,,,,,,,,,,,,,NONE,,,,,,,,,,,,,,,,,,,,,,,,,,,,,,,,,,,,,,,,,,,,,,,,,,,,,,,,,,,,,,,,,,,,,,,,,,,,,,,,,,,,,,,,,,,,,,,
2026-07-05,2026-07-05T16:00:00+01:00,1783263600,Second League - Group 4,653,2026,1536846,NS,Rubin Kazan 2,21032,Krylya Sovetov II,14140,Russia,NS,Not Started,,,,,,,,,,,,0.0,0.0,0.0,0.0,0.0,0.0,0.0,0.0,0.0,0.0,,,2026-07-05T10:25:53.537877+00:00,COVERAGE_UNKNOWN,,,,,,0,1.0,COVERAGE_NOT_LOADED,,,,,,,,,,,,,,,,,,,,,,,,,,,,,,,,,,,,,,,,,,,,,,,,,,,,,NONE,,,,,,,,,,,,,,,,,,,,,,,,,,,,,,,,,,,,,,,,,,,,,,,,,,,,,,,,,,,,,,,,,,,,,,,,,,,,,,,,,,,,,,,,,,,,,,,
2026-07-05,2026-07-05T16:00:00+01:00,1783263600,Kakkonen - Lohko C,249,2026,1541709,NS,VPS II,9200,Huima / Urho,22980,Finland,NS,Not Started,,,,,,,,,,,,0.0,0.0,0.0,0.0,0.0,0.0,0.0,0.0,0.0,0.0,,,2026-07-05T10:25:53.537882+00:00,COVERAGE_UNKNOWN,,,,,,0,1.0,COVERAGE_NOT_LOADED,,,,,,,,,,,,,,,,,,,,,,,,,,,,,,,,,,,,,,,,,,,,,,,,,,,,,NONE,,,,,,,,,,,,,,,,,,,,,,,,,,,,,,,,,,,,,,,,,,,,,,,,,,,,,,,,,,,,,,,,,,,,,,,,,,,,,,,,,,,,,,,,,,,,,,,
2026-07-05,2026-07-05T16:00:00+01:00,1783263600,UEFA U19 Championship,493,2026,1543340,NS,Serbia U19,10346,Croatia U19,10329,World,NS,Not Started,,,,,,,,,,,,0.0,0.0,0.0,0.0,0.0,0.0,0.0,0.0,0.0,0.0,,,2026-07-05T10:25:53.537886+00:00,COVERAGE_UNKNOWN,,,,,,0,1.0,COVERAGE_NOT_LOADED,,,,,,,,,,,,,,,,,,,,,,,,,,,,,,,,,,,,,,,,,,,,,,,,,,,,,NONE,,,,,,,,,,,,,,,,,,,,,,,,,,,,,,,,,,,,,,,,,,,,,,,,,,,,,,,,,,,,,,,,,,,,,,,,,,,,,,,,,,,,,,,,,,,,,,,
2026-07-05,2026-07-05T16:00:00+01:00,1783263600,UEFA U19 Championship,493,2026,1543341,NS,Ukraine U19,10352,Italy U19,10338,World,NS,Not Started,,,,,,,,,,,,0.0,0.0,0.0,0.0,0.0,0.0,0.0,0.0,0.0,0.0,,,2026-07-05T10:25:53.537891+00:00,COVERAGE_UNKNOWN,,,,,,0,1.0,COVERAGE_NOT_LOADED,,,,,,,,,,,,,,,,,,,,,,,,,,,,,,,,,,,,,,,,,,,,,,,,,,,,,NONE,,,,,,,,,,,,,,,,,,,,,,,,,,,,,,,,,,,,,,,,,,,,,,,,,,,,,,,,,,,,,,,,,,,,,,,,,,,,,,,,,,,,,,,,,,,,,,,
2026-07-05,2026-07-05T16:00:00+01:00,1783263600,Friendlies Clubs,667,2026,1554749,NS,Wieczysta Kraków,17115,Slavia Praha,560,World,NS,Not Started,,,,,,,,,,,,0.0,0.0,0.0,0.0,0.0,0.0,0.0,0.0,0.0,0.0,,,2026-07-05T10:25:53.537899+00:00,COVERAGE_UNKNOWN,,,,,,0,1.0,COVERAGE_NOT_LOADED,,,,,,,,,,,,,,,,,,,,,,,,,,,,,,,,,,,,,,,,,,,,,,,,,,,,,NONE,,,,,,,,,,,,,,,,,,,,,,,,,,,,,,,,,,,,,,,,,,,,,,,,,,,,,,,,,,,,,,,,,,,,,,,,,,,,,,,,,,,,,,,,,,,,,,,
2026-07-05,2026-07-05T16:00:00+01:00,1783263600,Friendlies Clubs,667,2026,1554753,NS,FT Braunschweig,12766,Eintracht Braunschweig,744,World,NS,Not Started,,,,,,,,,,,,0.0,0.0,0.0,0.0,0.0,0.0,0.0,0.0,0.0,0.0,,,2026-07-05T10:25:53.537904+00:00,COVERAGE_UNKNOWN,,,,,,0,1.0,COVERAGE_NOT_LOADED,,,,,,,,,,,,,,,,,,,,,,,,,,,,,,,,,,,,,,,,,,,,,,,,,,,,,NONE,,,,,,,,,,,,,,,,,,,,,,,,,,,,,,,,,,,,,,,,,,,,,,,,,,,,,,,,,,,,,,,,,,,,,,,,,,,,,,,,,,,,,,,,,,,,,,,
2026-07-05,2026-07-05T16:00:00+01:00,1783263600,Super Liga,394,2026,1558483,NS,Dacia-Buiucani,5375,Sireți,5379,Moldova,NS,Not Started,,,,,,,,,,,,0.0,0.0,0.0,0.0,0.0,0.0,0.0,0.0,0.0,0.0,,,2026-07-05T10:25:53.537909+00:00,COVERAGE_UNKNOWN,,,,,,0,1.0,COVERAGE_NOT_LOADED,,,,,,,,,,,,,,,,,,,,,,,,,,,,,,,,,,,,,,,,,,,,,,,,,,,,,NONE,,,,,,,,,,,,,,,,,,,,,,,,,,,,,,,,,,,,,,,,,,,,,,,,,,,,,,,,,,,,,,,,,,,,,,,,,,,,,,,,,,,,,,,,,,,,,,,
2026-07-05,2026-07-05T16:00:00+01:00,1783263600,Friendlies Clubs,667,2026,1562879,NS,Widzew Łódź,6962,New England Revolution,1609,World,NS,Not Started,,,,,,,,,,,,0.0,0.0,0.0,0.0,0.0,0.0,0.0,0.0,0.0,0.0,,,2026-07-05T10:25:53.537914+00:00,COVERAGE_UNKNOWN,,,,,,0,1.0,COVERAGE_NOT_LOADED,,,,,,,,,,,,,,,,,,,,,,,,,,,,,,,,,,,,,,,,,,,,,,,,,,,,,NONE,,,,,,,,,,,,,,,,,,,,,,,,,,,,,,,,,,,,,,,,,,,,,,,,,,,,,,,,,,,,,,,,,,,,,,,,,,,,,,,,,,,,,,,,,,,,,,,
2026-07-05,2026-07-05T16:00:00+01:00,1783263600,Friendlies Clubs,667,2026,1567556,NS,MTE 1904,2412,Beşiktaş,549,World,NS,Not Started,,,,,,,,,,,,0.0,0.0,0.0,0.0,0.0,0.0,0.0,0.0,0.0,0.0,,,2026-07-05T10:25:53.537918+00:00,COVERAGE_UNKNOWN,,,,,,0,1.0,COVERAGE_NOT_LOADED,,,,,,,,,,,,,,,,,,,,,,,,,,,,,,,,,,,,,,,,,,,,,,,,,,,,,NONE,,,,,,,,,,,,,,,,,,,,,,,,,,,,,,,,,,,,,,,,,,,,,,,,,,,,,,,,,,,,,,,,,,,,,,,,,,,,,,,,,,,,,,,,,,,,,,,
2026-07-05,2026-07-05T16:00:00+01:00,1783263600,Botola 2,201,2025,1576124,NS,Chabab Atl. Khenifra,970,Amal Tiznit,18753,Morocco,NS,Not Started,,,,,,,,,,,,0.0,0.0,0.0,0.0,0.0,0.0,0.0,0.0,0.0,0.0,,,2026-07-05T10:25:53.537923+00:00,COVERAGE_UNKNOWN,,,,,,0,1.0,COVERAGE_NOT_LOADED,,,,,,,,,,,,,,,,,,,,,,,,,,,,,,,,,,,,,,,,,,,,,,,,,,,,,NONE,,,,,,,,,,,,,,,,,,,,,,,,,,,,,,,,,,,,,,,,,,,,,,,,,,,,,,,,,,,,,,,,,,,,,,,,,,,,,,,,,,,,,,,,,,,,,,,
2026-07-05,2026-07-05T16:00:00+01:00,1783263600,Botola 2,201,2025,1576125,NS,Chabab Mohammédia,6387,KAC Kenitra,979,Morocco,NS,Not Started,,,,,,,,,,,,0.0,0.0,0.0,0.0,0.0,0.0,0.0,0.0,0.0,0.0,,,2026-07-05T10:25:53.537928+00:00,COVERAGE_UNKNOWN,,,,,,0,1.0,COVERAGE_NOT_LOADED,,,,,,,,,,,,,,,,,,,,,,,,,,,,,,,,,,,,,,,,,,,,,,,,,,,,,NONE,,,,,,,,,,,,,,,,,,,,,,,,,,,,,,,,,,,,,,,,,,,,,,,,,,,,,,,,,,,,,,,,,,,,,,,,,,,,,,,,,,,,,,,,,,,,,,,
2026-07-05,2026-07-05T16:00:00+01:00,1783263600,Botola 2,201,2025,1576126,NS,El Massira,3451,Raja Beni Mellal,3455,Morocco,NS,Not Started,,,,,,,,,,,,0.0,0.0,0.0,0.0,0.0,0.0,0.0,0.0,0.0,0.0,,,2026-07-05T10:25:53.537932+00:00,COVERAGE_UNKNOWN,,,,,,0,1.0,COVERAGE_NOT_LOADED,,,,,,,,,,,,,,,,,,,,,,,,,,,,,,,,,,,,,,,,,,,,,,,,,,,,,NONE,,,,,,,,,,,,,,,,,,,,,,,,,,,,,,,,,,,,,,,,,,,,,,,,,,,,,,,,,,,,,,,,,,,,,,,,,,,,,,,,,,,,,,,,,,,,,,,
2026-07-05,2026-07-05T16:00:00+01:00,1783263600,Botola 2,201,2025,1576127,NS,Riadi Salmi,3456,Chabab Ben Guerir,3450,Morocco,NS,Not Started,,,,,,,,,,,,0.0,0.0,0.0,0.0,0.0,0.0,0.0,0.0,0.0,0.0,,,2026-07-05T10:25:53.537937+00:00,COVERAGE_UNKNOWN,,,,,,0,1.0,COVERAGE_NOT_LOADED,,,,,,,,,,,,,,,,,,,,,,,,,,,,,,,,,,,,,,,,,,,,,,,,,,,,,NONE,,,,,,,,,,,,,,,,,,,,,,,,,,,,,,,,,,,,,,,,,,,,,,,,,,,,,,,,,,,,,,,,,,,,,,,,,,,,,,,,,,,,,,,,,,,,,,,
2026-07-05,2026-07-05T16:00:00+01:00,1783263600,Botola 2,201,2025,1576128,NS,Moghreb Tetouan,965,Stade Marocain,15549,Morocco,NS,Not Started,,,,,,,,,,,,0.0,0.0,0.0,0.0,0.0,0.0,0.0,0.0,0.0,0.0,,,2026-07-05T10:25:53.537942+00:00,COVERAGE_UNKNOWN,,,,,,0,1.0,COVERAGE_NOT_LOADED,,,,,,,,,,,,,,,,,,,,,,,,,,,,,,,,,,,,,,,,,,,,,,,,,,,,,NONE,,,,,,,,,,,,,,,,,,,,,,,,,,,,,,,,,,,,,,,,,,,,,,,,,,,,,,,,,,,,,,,,,,,,,,,,,,,,,,,,,,,,,,,,,,,,,,,
2026-07-05,2026-07-05T16:00:00+01:00,1783263600,Botola 2,201,2025,1576129,NS,Mouloudia Oujda,1075,Wydad Fès,3459,Morocco,NS,Not Started,,,,,,,,,,,,0.0,0.0,0.0,0.0,0.0,0.0,0.0,0.0,0.0,0.0,,,2026-07-05T10:25:53.537946+00:00,COVERAGE_UNKNOWN,,,,,,0,1.0,COVERAGE_NOT_LOADED,,,,,,,,,,,,,,,,,,,,,,,,,,,,,,,,,,,,,,,,,,,,,,,,,,,,,NONE,,,,,,,,,,,,,,,,,,,,,,,,,,,,,,,,,,,,,,,,,,,,,,,,,,,,,,,,,,,,,,,,,,,,,,,,,,,,,,,,,,,,,,,,,,,,,,,
2026-07-05,2026-07-05T16:00:00+01:00,1783263600,Botola 2,201,2025,1576130,NS,Union Sportive Boujaad,26496,Racing de Casablanca,966,Morocco,NS,Not Started,,,,,,,,,,,,0.0,0.0,0.0,0.0,0.0,0.0,0.0,0.0,0.0,0.0,,,2026-07-05T10:25:53.537951+00:00,COVERAGE_UNKNOWN,,,,,,0,1.0,COVERAGE_NOT_LOADED,,,,,,,,,,,,,,,,,,,,,,,,,,,,,,,,,,,,,,,,,,,,,,,,,,,,,NONE,,,,,,,,,,,,,,,,,,,,,,,,,,,,,,,,,,,,,,,,,,,,,,,,,,,,,,,,,,,,,,,,,,,,,,,,,,,,,,,,,,,,,,,,,,,,,,,
2026-07-05,2026-07-05T16:00:00+01:00,1783263600,Botola 2,201,2025,1576131,NS,Widad Témara,3458,USM Oujda,17716,Morocco,NS,Not Started,,,,,,,,,,,,0.0,0.0,0.0,0.0,0.0,0.0,0.0,0.0,0.0,0.0,,,2026-07-05T10:25:53.537955+00:00,COVERAGE_UNKNOWN,,,,,,0,1.0,COVERAGE_NOT_LOADED,,,,,,,,,,,,,,,,,,,,,,,,,,,,,,,,,,,,,,,,,,,,,,,,,,,,,NONE,,,,,,,,,,,,,,,,,,,,,,,,,,,,,,,,,,,,,,,,,,,,,,,,,,,,,,,,,,,,,,,,,,,,,,,,,,,,,,,,,,,,,,,,,,,,,,,
2026-07-05,2026-07-05T16:15:00+01:00,1783264500,Friendlies Clubs,667,2026,1548783,NS,Rapid Vienna,781,Rapid,6231,World,NS,Not Started,,,,,,,,,,,,0.0,0.0,0.0,0.0,0.0,0.0,0.0,0.0,0.0,0.0,,,2026-07-05T10:25:53.537960+00:00,COVERAGE_UNKNOWN,,,,,,0,1.0,COVERAGE_NOT_LOADED,,,,,,,,,,,,,,,,,,,,,,,,,,,,,,,,,,,,,,,,,,,,,,,,,,,,,NONE,,,,,,,,,,,,,,,,,,,,,,,,,,,,,,,,,,,,,,,,,,,,,,,,,,,,,,,,,,,,,,,,,,,,,,,,,,,,,,,,,,,,,,,,,,,,,,,
2026-07-05,2026-07-05T16:30:00+01:00,1783265400,Ykkösliiga,1087,2026,1504255,NS,MP,9175,Haka,2080,Finland,NS,Not Started,,,,,,,,,,,,0.0,0.0,0.0,0.0,0.0,0.0,0.0,0.0,0.0,0.0,,,2026-07-05T10:25:53.537965+00:00,COVERAGE_UNKNOWN,,,,,,0,1.0,COVERAGE_NOT_LOADED,,,,,,,,,,,,,,,,,,,,,,,,,,,,,,,,,,,,,,,,,,,,,,,,,,,,,NONE,,,,,,,,,,,,,,,,,,,,,,,,,,,,,,,,,,,,,,,,,,,,,,,,,,,,,,,,,,,,,,,,,,,,,,,,,,,,,,,,,,,,,,,,,,,,,,,
2026-07-05,2026-07-05T16:45:00+01:00,1783266300,A Lyga,362,2026,1547582,NS,Šiauliai,3870,FK Zalgiris Vilnius,586,Lithuania,NS,Not Started,,,,,,,,,,,,0.0,0.0,0.0,0.0,0.0,0.0,0.0,0.0,0.0,0.0,,,2026-07-05T10:25:53.537970+00:00,COVERAGE_PARTIAL,1.0,0.0,0.0,1.0,1.0,0,0.7,OFFICIAL_API,,,,,,,,,,,,,,,,,,,,,,,,,,,,,,,,,,,,,,,,,,,,,,,,,,,,,NONE,,,,,,,,,,,,,,,,,,,,,,,,,,,,,,,,,,,,,,,,,,,,,,,,,,,,,,,,,,,,,,,,,,,,,,,,,,,,,,,,,,,,,,,,,,,,,,,
2026-07-05,2026-07-05T17:00:00+01:00,1783267200,Primera B Metropolitana,131,2026,1499496,NS,Argentino Quilmes,8376,Talleres Remedios,1927,Argentina,NS,Not Started,,,,,,,,,,,,0.0,0.0,0.0,0.0,0.0,0.0,0.0,0.0,0.0,0.0,,,2026-07-05T10:25:53.537975+00:00,COVERAGE_UNKNOWN,,,,,,0,1.0,COVERAGE_NOT_LOADED,,,,,,,,,,,,,,,,,,,,,,,,,,,,,,,,,,,,,,,,,,,,,,,,,,,,,NONE,,,,,,,,,,,,,,,,,,,,,,,,,,,,,,,,,,,,,,,,,,,,,,,,,,,,,,,,,,,,,,,,,,,,,,,,,,,,,,,,,,,,,,,,,,,,,,,
2026-07-05,2026-07-05T17:00:00+01:00,1783267200,Primera B Metropolitana,131,2026,1499506,NS,Sportivo Italiano,8388,Real Pilar,2422,Argentina,NS,Not Started,,,,,,,,,,,,0.0,0.0,0.0,0.0,0.0,0.0,0.0,0.0,0.0,0.0,,,2026-07-05T10:25:53.537979+00:00,COVERAGE_UNKNOWN,,,,,,0,1.0,COVERAGE_NOT_LOADED,,,,,,,,,,,,,,,,,,,,,,,,,,,,,,,,,,,,,,,,,,,,,,,,,,,,,NONE,,,,,,,,,,,,,,,,,,,,,,,,,,,,,,,,,,,,,,,,,,,,,,,,,,,,,,,,,,,,,,,,,,,,,,,,,,,,,,,,,,,,,,,,,,,,,,,
2026-07-05,2026-07-05T17:00:00+01:00,1783267200,Primera C,132,2026,1499977,NS,Sacachispas,1942,Juventud Unida,486,Argentina,NS,Not Started,,,,,,,,,,,,0.0,0.0,0.0,0.0,0.0,0.0,0.0,0.0,0.0,0.0,,,2026-07-05T10:25:53.537984+00:00,COVERAGE_UNKNOWN,,,,,,0,1.0,COVERAGE_NOT_LOADED,,,,,,,,,,,,,,,,,,,,,,,,,,,,,,,,,,,,,,,,,,,,,,,,,,,,,NONE,,,,,,,,,,,,,,,,,,,,,,,,,,,,,,,,,,,,,,,,,,,,,,,,,,,,,,,,,,,,,,,,,,,,,,,,,,,,,,,,,,,,,,,,,,,,,,,
2026-07-05,2026-07-05T17:00:00+01:00,1783267200,Primera C,132,2026,1499979,NS,Victoriano Arenas,1964,Deportivo Paraguayo,8394,Argentina,NS,Not Started,,,,,,,,,,,,0.0,0.0,0.0,0.0,0.0,0.0,0.0,0.0,0.0,0.0,,,2026-07-05T10:25:53.537989+00:00,COVERAGE_UNKNOWN,,,,,,0,1.0,COVERAGE_NOT_LOADED,,,,,,,,,,,,,,,,,,,,,,,,,,,,,,,,,,,,,,,,,,,,,,,,,,,,,NONE,,,,,,,,,,,,,,,,,,,,,,,,,,,,,,,,,,,,,,,,,,,,,,,,,,,,,,,,,,,,,,,,,,,,,,,,,,,,,,,,,,,,,,,,,,,,,,,
2026-07-05,2026-07-05T17:00:00+01:00,1783267200,NWSL Women,254,2026,1508454,NS,Boston Legacy W,27377,Bay FC W,22943,USA,NS,Not Started,,,,,,,,,,,,0.0,0.0,0.0,0.0,0.0,0.0,0.0,0.0,0.0,0.0,,,2026-07-05T10:25:53.537994+00:00,COVERAGE_UNKNOWN,,,,,,0,1.0,COVERAGE_NOT_LOADED,,,,,,,,,,,,,,,,,,,,,,,,,,,,,,,,,,,,,,,,,,,,,,,,,,,,,NONE,,,,,,,,,,,,,,,,,,,,,,,,,,,,,,,,,,,,,,,,,,,,,,,,,,,,,,,,,,,,,,,,,,,,,,,,,,,,,,,,,,,,,,,,,,,,,,,
2026-07-05,2026-07-05T17:00:00+01:00,1783267200,Meistriliiga,329,2026,1513583,NS,Tammeka,3530,Laagri,18657,Estonia,NS,Not Started,,,,,,,,,,,,0.0,0.0,0.0,0.0,0.0,0.0,0.0,0.0,0.0,0.0,,,2026-07-05T10:25:53.537999+00:00,COVERAGE_UNKNOWN,,,,,,0,1.0,COVERAGE_NOT_LOADED,,,,,,,,,,,,,,,,,,,,,,,,,,,,,,,,,,,,,,,,,,,,,,,,,,,,,NONE,,,,,,,,,,,,,,,,,,,,,,,,,,,,,,,,,,,,,,,,,,,,,,,,,,,,,,,,,,,,,,,,,,,,,,,,,,,,,,,,,,,,,,,,,,,,,,,
2026-07-05,2026-07-05T17:00:00+01:00,1783267200,Segunda División,711,2026,1529123,NS,Municipal Salamanca,18775,Concón National,21114,Chile,NS,Not Started,,,,,,,,,,,,0.0,0.0,0.0,0.0,0.0,0.0,0.0,0.0,0.0,0.0,,,2026-07-05T10:25:53.538003+00:00,COVERAGE_UNKNOWN,,,,,,0,1.0,COVERAGE_NOT_LOADED,,,,,,,,,,,,,,,,,,,,,,,,,,,,,,,,,,,,,,,,,,,,,,,,,,,,,NONE,,,,,,,,,,,,,,,,,,,,,,,,,,,,,,,,,,,,,,,,,,,,,,,,,,,,,,,,,,,,,,,,,,,,,,,,,,,,,,,,,,,,,,,,,,,,,,,
2026-07-05,2026-07-05T17:00:00+01:00,1783267200,Second League - Group 2,652,2026,1536402,NS,Dinamo Vologda,19447,Yenisey II,17724,Russia,NS,Not Started,,,,,,,,,,,,0.0,0.0,0.0,0.0,0.0,0.0,0.0,0.0,0.0,0.0,,,2026-07-05T10:25:53.538008+00:00,COVERAGE_UNKNOWN,,,,,,0,1.0,COVERAGE_NOT_LOADED,,,,,,,,,,,,,,,,,,,,,,,,,,,,,,,,,,,,,,,,,,,,,,,,,,,,,NONE,,,,,,,,,,,,,,,,,,,,,,,,,,,,,,,,,,,,,,,,,,,,,,,,,,,,,,,,,,,,,,,,,,,,,,,,,,,,,,,,,,,,,,,,,,,,,,,
2026-07-05,2026-07-05T17:00:00+01:00,1783267200,Friendlies Clubs,667,2026,1560535,NS,Beltinci,4366,Mura,4197,World,NS,Not Started,,,,,,,,,,,,0.0,0.0,0.0,0.0,0.0,0.0,0.0,0.0,0.0,0.0,,,2026-07-05T10:25:53.538013+00:00,COVERAGE_UNKNOWN,,,,,,0,1.0,COVERAGE_NOT_LOADED,,,,,,,,,,,,,,,,,,,,,,,,,,,,,,,,,,,,,,,,,,,,,,,,,,,,,NONE,,,,,,,,,,,,,,,,,,,,,,,,,,,,,,,,,,,,,,,,,,,,,,,,,,,,,,,,,,,,,,,,,,,,,,,,,,,,,,,,,,,,,,,,,,,,,,,
2026-07-05,2026-07-05T17:00:00+01:00,1783267200,Friendlies Clubs,667,2026,1560536,NS,Sint-Denijs Sport,14201,Lokeren-Temse,14128,World,NS,Not Started,,,,,,,,,,,,0.0,0.0,0.0,0.0,0.0,0.0,0.0,0.0,0.0,0.0,,,2026-07-05T10:25:53.538018+00:00,COVERAGE_UNKNOWN,,,,,,0,1.0,COVERAGE_NOT_LOADED,,,,,,,,,,,,,,,,,,,,,,,,,,,,,,,,,,,,,,,,,,,,,,,,,,,,,NONE,,,,,,,,,,,,,,,,,,,,,,,,,,,,,,,,,,,,,,,,,,,,,,,,,,,,,,,,,,,,,,,,,,,,,,,,,,,,,,,,,,,,,,,,,,,,,,,
2026-07-05,2026-07-05T17:00:00+01:00,1783267200,Friendlies Clubs,667,2026,1560537,NS,Zenit,596,Gimnasia L.P.,434,World,NS,Not Started,,,,,,,,,,,,0.0,0.0,0.0,0.0,0.0,0.0,0.0,0.0,0.0,0.0,,,2026-07-05T10:25:53.538022+00:00,COVERAGE_UNKNOWN,,,,,,0,1.0,COVERAGE_NOT_LOADED,,,,,,,,,,,,,,,,,,,,,,,,,,,,,,,,,,,,,,,,,,,,,,,,,,,,,NONE,,,,,,,,,,,,,,,,,,,,,,,,,,,,,,,,,,,,,,,,,,,,,,,,,,,,,,,,,,,,,,,,,,,,,,,,,,,,,,,,,,,,,,,,,,,,,,,
2026-07-05,2026-07-05T17:00:00+01:00,1783267200,Friendlies Clubs,667,2026,1562880,NS,Omonia Nicosia,3402,Hapoel Beer Sheva,563,World,NS,Not Started,,,,,,,,,,,,0.0,0.0,0.0,0.0,0.0,0.0,0.0,0.0,0.0,0.0,,,2026-07-05T10:25:53.538027+00:00,COVERAGE_UNKNOWN,,,,,,0,1.0,COVERAGE_NOT_LOADED,,,,,,,,,,,,,,,,,,,,,,,,,,,,,,,,,,,,,,,,,,,,,,,,,,,,,NONE,,,,,,,,,,,,,,,,,,,,,,,,,,,,,,,,,,,,,,,,,,,,,,,,,,,,,,,,,,,,,,,,,,,,,,,,,,,,,,,,,,,,,,,,,,,,,,,
2026-07-05,2026-07-05T17:30:00+01:00,1783269000,Copa Chile,267,2026,1544475,NS,Santiago Wanderers,2333,Universidad de Chile,2323,Chile,NS,Not Started,,,,,,,,,,,,0.0,0.0,0.0,0.0,0.0,0.0,0.0,0.0,0.0,0.0,,,2026-07-05T10:25:53.538031+00:00,COVERAGE_UNKNOWN,,,,,,0,1.0,COVERAGE_NOT_LOADED,,,,,,,,,,,,,,,,,,,,,,,,,,,,,,,,,,,,,,,,,,,,,,,,,,,,,NONE,,,,,,,,,,,,,,,,,,,,,,,,,,,,,,,,,,,,,,,,,,,,,,,,,,,,,,,,,,,,,,,,,,,,,,,,,,,,,,,,,,,,,,,,,,,,,,,
2026-07-05,2026-07-05T17:30:00+01:00,1783269000,Copa Chile,267,2026,1544478,NS,D. La Serena,2341,Antofagasta,2327,Chile,NS,Not Started,,,,,,,,,,,,0.0,0.0,0.0,0.0,0.0,0.0,0.0,0.0,0.0,0.0,,,2026-07-05T10:25:53.538037+00:00,COVERAGE_UNKNOWN,,,,,,0,1.0,COVERAGE_NOT_LOADED,,,,,,,,,,,,,,,,,,,,,,,,,,,,,,,,,,,,,,,,,,,,,,,,,,,,,NONE,,,,,,,,,,,,,,,,,,,,,,,,,,,,,,,,,,,,,,,,,,,,,,,,,,,,,,,,,,,,,,,,,,,,,,,,,,,,,,,,,,,,,,,,,,,,,,,
2026-07-05,2026-07-05T18:00:00+01:00,1783270800,Canadian Premier League,479,2026,1517307,NS,Supra du Quebec,27461,Forge,3830,Canada,NS,Not Started,,,,,,,,,,,,0.0,0.0,0.0,0.0,0.0,0.0,0.0,0.0,0.0,0.0,,,2026-07-05T10:25:53.538042+00:00,COVERAGE_UNKNOWN,,,,,,0,1.0,COVERAGE_NOT_LOADED,,,,,,,,,,,,,,,,,,,,,,,,,,,,,,,,,,,,,,,,,,,,,,,,,,,,,NONE,,,,,,,,,,,,,,,,,,,,,,,,,,,,,,,,,,,,,,,,,,,,,,,,,,,,,,,,,,,,,,,,,,,,,,,,,,,,,,,,,,,,,,,,,,,,,,,
2026-07-05,2026-07-05T18:00:00+01:00,1783270800,Torneo Federal A,134,2026,1530435,NS,Alvarado,1962,Germinal de Rawson,3972,Argentina,NS,Not Started,,,,,,,,,,,,0.0,0.0,0.0,0.0,0.0,0.0,0.0,0.0,0.0,0.0,,,2026-07-05T10:25:53.538046+00:00,COVERAGE_UNKNOWN,,,,,,0,1.0,COVERAGE_NOT_LOADED,,,,,,,,,,,,,,,,,,,,,,,,,,,,,,,,,,,,,,,,,,,,,,,,,,,,,NONE,,,,,,,,,,,,,,,,,,,,,,,,,,,,,,,,,,,,,,,,,,,,,,,,,,,,,,,,,,,,,,,,,,,,,,,,,,,,,,,,,,,,,,,,,,,,,,,
2026-07-05,2026-07-05T18:00:00+01:00,1783270800,Copa Gaúcha,1158,2026,1557277,NS,Gramadense,25079,Bagé,10044,Brazil,NS,Not Started,,,,,,,,,,,,0.0,0.0,0.0,0.0,0.0,0.0,0.0,0.0,0.0,0.0,,,2026-07-05T10:25:53.538051+00:00,COVERAGE_UNKNOWN,,,,,,0,1.0,COVERAGE_NOT_LOADED,,,,,,,,,,,,,,,,,,,,,,,,,,,,,,,,,,,,,,,,,,,,,,,,,,,,,NONE,,,,,,,,,,,,,,,,,,,,,,,,,,,,,,,,,,,,,,,,,,,,,,,,,,,,,,,,,,,,,,,,,,,,,,,,,,,,,,,,,,,,,,,,,,,,,,,
2026-07-05,2026-07-05T18:00:00+01:00,1783270800,Super Liga,394,2026,1558484,NS,Zimbru,4633,CSF Bălți,14008,Moldova,NS,Not Started,,,,,,,,,,,,0.0,0.0,0.0,0.0,0.0,0.0,0.0,0.0,0.0,0.0,,,2026-07-05T10:25:53.538056+00:00,COVERAGE_UNKNOWN,,,,,,0,1.0,COVERAGE_NOT_LOADED,,,,,,,,,,,,,,,,,,,,,,,,,,,,,,,,,,,,,,,,,,,,,,,,,,,,,NONE,,,,,,,,,,,,,,,,,,,,,,,,,,,,,,,,,,,,,,,,,,,,,,,,,,,,,,,,,,,,,,,,,,,,,,,,,,,,,,,,,,,,,,,,,,,,,,,
2026-07-05,2026-07-05T18:00:00+01:00,1783270800,Segunda División,269,2026,1561322,NS,Fenix,2357,Sportivo Huracan,2377,Uruguay,NS,Not Started,,,,,,,,,,,,0.0,0.0,0.0,0.0,0.0,0.0,0.0,0.0,0.0,0.0,,,2026-07-05T10:25:53.538061+00:00,COVERAGE_UNKNOWN,,,,,,0,1.0,COVERAGE_NOT_LOADED,,,,,,,,,,,,,,,,,,,,,,,,,,,,,,,,,,,,,,,,,,,,,,,,,,,,,NONE,,,,,,,,,,,,,,,,,,,,,,,,,,,,,,,,,,,,,,,,,,,,,,,,,,,,,,,,,,,,,,,,,,,,,,,,,,,,,,,,,,,,,,,,,,,,,,,
2026-07-05,2026-07-05T18:00:00+01:00,1783270800,Reserve League,906,2026,1567792,NS,Boca Juniors Res.,18681,River Plate Res.,18695,Argentina,NS,Not Started,,,,,,,,,,,,0.0,0.0,0.0,0.0,0.0,0.0,0.0,0.0,0.0,0.0,,,2026-07-05T10:25:53.538065+00:00,COVERAGE_UNKNOWN,,,,,,0,1.0,COVERAGE_NOT_LOADED,,,,,,,,,,,,,,,,,,,,,,,,,,,,,,,,,,,,,,,,,,,,,,,,,,,,,NONE,,,,,,,,,,,,,,,,,,,,,,,,,,,,,,,,,,,,,,,,,,,,,,,,,,,,,,,,,,,,,,,,,,,,,,,,,,,,,,,,,,,,,,,,,,,,,,,
2026-07-05,2026-07-05T18:00:00+01:00,1783270800,Primera División - Apertura,268,2026,1567825,NS,Danubio,2352,Juventud,2353,Uruguay,NS,Not Started,,,,,,,,,,,,0.0,0.0,0.0,0.0,0.0,0.0,0.0,0.0,0.0,0.0,,,2026-07-05T10:25:53.538070+00:00,COVERAGE_UNKNOWN,,,,,,0,1.0,COVERAGE_NOT_LOADED,,,,,,,,,,,,,,,,,,,,,,,,,,,,,,,,,,,,,,,,,,,,,,,,,,,,,NONE,,,,,,,,,,,,,,,,,,,,,,,,,,,,,,,,,,,,,,,,,,,,,,,,,,,,,,,,,,,,,,,,,,,,,,,,,,,,,,,,,,,,,,,,,,,,,,,
2026-07-05,2026-07-05T18:00:00+01:00,1783270800,Botola Pro,200,2025,1571476,NS,Difaa EL Jadida,964,Renaissance Berkane,962,Morocco,NS,Not Started,,,,,,,,,,,,0.0,0.0,0.0,0.0,0.0,0.0,0.0,0.0,0.0,0.0,,,2026-07-05T10:25:53.538074+00:00,COVERAGE_UNKNOWN,,,,,,0,1.0,COVERAGE_NOT_LOADED,,,,,,,,,,,,,,,,,,,,,,,,,,,,,,,,,,,,,,,,,,,,,,,,,,,,,NONE,,,,,,,,,,,,,,,,,,,,,,,,,,,,,,,,,,,,,,,,,,,,,,,,,,,,,,,,,,,,,,,,,,,,,,,,,,,,,,,,,,,,,,,,,,,,,,,
2026-07-05,2026-07-05T18:00:00+01:00,1783270800,Botola Pro,200,2025,1571477,NS,FAR Rabat,969,CR Khemis Zemamra,3449,Morocco,NS,Not Started,,,,,,,,,,,,0.0,0.0,0.0,0.0,0.0,0.0,0.0,0.0,0.0,0.0,,,2026-07-05T10:25:53.538079+00:00,COVERAGE_UNKNOWN,,,,,,0,1.0,COVERAGE_NOT_LOADED,,,,,,,,,,,,,,,,,,,,,,,,,,,,,,,,,,,,,,,,,,,,,,,,,,,,,NONE,,,,,,,,,,,,,,,,,,,,,,,,,,,,,,,,,,,,,,,,,,,,,,,,,,,,,,,,,,,,,,,,,,,,,,,,,,,,,,,,,,,,,,,,,,,,,,,
2026-07-05,2026-07-05T18:00:00+01:00,1783270800,Botola Pro,200,2025,1571478,NS,FUS Rabat,977,Yacoub El Mansour,25058,Morocco,NS,Not Started,,,,,,,,,,,,0.0,0.0,0.0,0.0,0.0,0.0,0.0,0.0,0.0,0.0,,,2026-07-05T10:25:53.538084+00:00,COVERAGE_UNKNOWN,,,,,,0,1.0,COVERAGE_NOT_LOADED,,,,,,,,,,,,,,,,,,,,,,,,,,,,,,,,,,,,,,,,,,,,,,,,,,,,,NONE,,,,,,,,,,,,,,,,,,,,,,,,,,,,,,,,,,,,,,,,,,,,,,,,,,,,,,,,,,,,,,,,,,,,,,,,,,,,,,,,,,,,,,,,,,,,,,,
2026-07-05,2026-07-05T18:00:00+01:00,1783270800,Botola Pro,200,2025,1571479,NS,Hassania Agadir,973,Kawkab Marrakech,971,Morocco,NS,Not Started,,,,,,,,,,,,0.0,0.0,0.0,0.0,0.0,0.0,0.0,0.0,0.0,0.0,,,2026-07-05T10:25:53.538089+00:00,COVERAGE_UNKNOWN,,,,,,0,1.0,COVERAGE_NOT_LOADED,,,,,,,,,,,,,,,,,,,,,,,,,,,,,,,,,,,,,,,,,,,,,,,,,,,,,NONE,,,,,,,,,,,,,,,,,,,,,,,,,,,,,,,,,,,,,,,,,,,,,,,,,,,,,,,,,,,,,,,,,,,,,,,,,,,,,,,,,,,,,,,,,,,,,,,
2026-07-05,2026-07-05T18:00:00+01:00,1783270800,Botola Pro,200,2025,1571480,NS,Ittihad Tanger,974,CODM Meknès,22218,Morocco,NS,Not Started,,,,,,,,,,,,0.0,0.0,0.0,0.0,0.0,0.0,0.0,0.0,0.0,0.0,,,2026-07-05T10:25:53.538272+00:00,COVERAGE_UNKNOWN,,,,,,0,1.0,COVERAGE_NOT_LOADED,,,,,,,,,,,,,,,,,,,,,,,,,,,,,,,,,,,,,,,,,,,,,,,,,,,,,NONE,,,,,,,,,,,,,,,,,,,,,,,,,,,,,,,,,,,,,,,,,,,,,,,,,,,,,,,,,,,,,,,,,,,,,,,,,,,,,,,,,,,,,,,,,,,,,,,
2026-07-05,2026-07-05T18:00:00+01:00,1783270800,Botola Pro,200,2025,1571481,NS,Maghreb Fès,3453,Olympique Dcheïra,3454,Morocco,NS,Not Started,,,,,,,,,,,,0.0,0.0,0.0,0.0,0.0,0.0,0.0,0.0,0.0,0.0,,,2026-07-05T10:25:53.538279+00:00,COVERAGE_UNKNOWN,,,,,,0,1.0,COVERAGE_NOT_LOADED,,,,,,,,,,,,,,,,,,,,,,,,,,,,,,,,,,,,,,,,,,,,,,,,,,,,,NONE,,,,,,,,,,,,,,,,,,,,,,,,,,,,,,,,,,,,,,,,,,,,,,,,,,,,,,,,,,,,,,,,,,,,,,,,,,,,,,,,,,,,,,,,,,,,,,,
2026-07-05,2026-07-05T18:00:00+01:00,1783270800,Botola Pro,200,2025,1571482,NS,Olympique Safi,975,Raja Casablanca,976,Morocco,NS,Not Started,,,,,,,,,,,,0.0,0.0,0.0,0.0,0.0,0.0,0.0,0.0,0.0,0.0,,,2026-07-05T10:25:53.538291+00:00,COVERAGE_UNKNOWN,,,,,,0,1.0,COVERAGE_NOT_LOADED,,,,,,,,,,,,,,,,,,,,,,,,,,,,,,,,,,,,,,,,,,,,,,,,,,,,,NONE,,,,,,,,,,,,,,,,,,,,,,,,,,,,,,,,,,,,,,,,,,,,,,,,,,,,,,,,,,,,,,,,,,,,,,,,,,,,,,,,,,,,,,,,,,,,,,,
2026-07-05,2026-07-05T18:00:00+01:00,1783270800,Botola Pro,200,2025,1571483,NS,Wydad AC,968,UTS Rabat,14806,Morocco,NS,Not Started,,,,,,,,,,,,0.0,0.0,0.0,0.0,0.0,0.0,0.0,0.0,0.0,0.0,,,2026-07-05T10:25:53.538297+00:00,COVERAGE_UNKNOWN,,,,,,0,1.0,COVERAGE_NOT_LOADED,,,,,,,,,,,,,,,,,,,,,,,,,,,,,,,,,,,,,,,,,,,,,,,,,,,,,NONE,,,,,,,,,,,,,,,,,,,,,,,,,,,,,,,,,,,,,,,,,,,,,,,,,,,,,,,,,,,,,,,,,,,,,,,,,,,,,,,,,,,,,,,,,,,,,,,
2026-07-05,2026-07-05T18:55:00+01:00,1783274100,Premier League,116,2026,1525918,NS,Torpedo Zhodino,385,FC Isloch Minsk R.,391,Belarus,NS,Not Started,,,,,,,,,,,,0.0,0.0,0.0,0.0,0.0,0.0,0.0,0.0,0.0,0.0,,,2026-07-05T10:25:53.538302+00:00,COVERAGE_UNKNOWN,,,,,,0,1.0,COVERAGE_NOT_LOADED,,,,,,,,,,,,,,,,,,,,,,,,,,,,,,,,,,,,,,,,,,,,,,,,,,,,,NONE,,,,,,,,,,,,,,,,,,,,,,,,,,,,,,,,,,,,,,,,,,,,,,,,,,,,,,,,,,,,,,,,,,,,,,,,,,,,,,,,,,,,,,,,,,,,,,,
2026-07-05,2026-07-05T19:00:00+01:00,1783274400,Primera Nacional,129,2026,1498615,NS,CA Estudiantes,1936,Racing Cordoba,1957,Argentina,NS,Not Started,,,,,,,,,,,,0.0,0.0,0.0,0.0,0.0,0.0,0.0,0.0,0.0,0.0,,,2026-07-05T10:25:53.538306+00:00,COVERAGE_UNKNOWN,,,,,,0,1.0,COVERAGE_NOT_LOADED,,,,,,,,,,,,,,,,,,,,,,,,,,,,,,,,,,,,,,,,,,,,,,,,,,,,,NONE,,,,,,,,,,,,,,,,,,,,,,,,,,,,,,,,,,,,,,,,,,,,,,,,,,,,,,,,,,,,,,,,,,,,,,,,,,,,,,,,,,,,,,,,,,,,,,,
2026-07-05,2026-07-05T19:00:00+01:00,1783274400,Primera Nacional,129,2026,1498622,NS,Deportivo Madryn,1929,Colon Santa Fe,448,Argentina,NS,Not Started,,,,,,,,,,,,0.0,0.0,0.0,0.0,0.0,0.0,0.0,0.0,0.0,0.0,,,2026-07-05T10:25:53.538311+00:00,COVERAGE_UNKNOWN,,,,,,0,1.0,COVERAGE_NOT_LOADED,,,,,,,,,,,,,,,,,,,,,,,,,,,,,,,,,,,,,,,,,,,,,,,,,,,,,NONE,,,,,,,,,,,,,,,,,,,,,,,,,,,,,,,,,,,,,,,,,,,,,,,,,,,,,,,,,,,,,,,,,,,,,,,,,,,,,,,,,,,,,,,,,,,,,,,
2026-07-05,2026-07-05T19:00:00+01:00,1783274400,Primera B Metropolitana,131,2026,1499498,NS,Defensores Unidos,1945,Argentino de Merlo,2430,Argentina,NS,Not Started,,,,,,,,,,,,0.0,0.0,0.0,0.0,0.0,0.0,0.0,0.0,0.0,0.0,,,2026-07-05T10:25:53.538316+00:00,COVERAGE_UNKNOWN,,,,,,0,1.0,COVERAGE_NOT_LOADED,,,,,,,,,,,,,,,,,,,,,,,,,,,,,,,,,,,,,,,,,,,,,,,,,,,,,NONE,,,,,,,,,,,,,,,,,,,,,,,,,,,,,,,,,,,,,,,,,,,,,,,,,,,,,,,,,,,,,,,,,,,,,,,,,,,,,,,,,,,,,,,,,,,,,,,
2026-07-05,2026-07-05T19:00:00+01:00,1783274400,Primera B Metropolitana,131,2026,1499505,NS,San Martín Burzaco,8387,Liniers,8395,Argentina,NS,Not Started,,,,,,,,,,,,0.0,0.0,0.0,0.0,0.0,0.0,0.0,0.0,0.0,0.0,,,2026-07-05T10:25:53.538321+00:00,COVERAGE_UNKNOWN,,,,,,0,1.0,COVERAGE_NOT_LOADED,,,,,,,,,,,,,,,,,,,,,,,,,,,,,,,,,,,,,,,,,,,,,,,,,,,,,NONE,,,,,,,,,,,,,,,,,,,,,,,,,,,,,,,,,,,,,,,,,,,,,,,,,,,,,,,,,,,,,,,,,,,,,,,,,,,,,,,,,,,,,,,,,,,,,,,
2026-07-05,2026-07-05T19:00:00+01:00,1783274400,Primera C,132,2026,1499968,NS,Atletico Atlas,1937,Claypole,8391,Argentina,NS,Not Started,,,,,,,,,,,,0.0,0.0,0.0,0.0,0.0,0.0,0.0,0.0,0.0,0.0,,,2026-07-05T10:25:53.538325+00:00,COVERAGE_UNKNOWN,,,,,,0,1.0,COVERAGE_NOT_LOADED,,,,,,,,,,,,,,,,,,,,,,,,,,,,,,,,,,,,,,,,,,,,,,,,,,,,,NONE,,,,,,,,,,,,,,,,,,,,,,,,,,,,,,,,,,,,,,,,,,,,,,,,,,,,,,,,,,,,,,,,,,,,,,,,,,,,,,,,,,,,,,,,,,,,,,,
2026-07-05,2026-07-05T19:00:00+01:00,1783274400,Primera C,132,2026,1499970,NS,Canuelas,1947,Central Cordoba,790,Argentina,NS,Not Started,,,,,,,,,,,,0.0,0.0,0.0,0.0,0.0,0.0,0.0,0.0,0.0,0.0,,,2026-07-05T10:25:53.538330+00:00,COVERAGE_UNKNOWN,,,,,,0,1.0,COVERAGE_NOT_LOADED,,,,,,,,,,,,,,,,,,,,,,,,,,,,,,,,,,,,,,,,,,,,,,,,,,,,,NONE,,,,,,,,,,,,,,,,,,,,,,,,,,,,,,,,,,,,,,,,,,,,,,,,,,,,,,,,,,,,,,,,,,,,,,,,,,,,,,,,,,,,,,,,,,,,,,,
2026-07-05,2026-07-05T19:00:00+01:00,1783274400,Primera C,132,2026,1499971,NS,Lujan,1958,Fénix,8374,Argentina,NS,Not Started,,,,,,,,,,,,0.0,0.0,0.0,0.0,0.0,0.0,0.0,0.0,0.0,0.0,,,2026-07-05T10:25:53.538335+00:00,COVERAGE_UNKNOWN,,,,,,0,1.0,COVERAGE_NOT_LOADED,,,,,,,,,,,,,,,,,,,,,,,,,,,,,,,,,,,,,,,,,,,,,,,,,,,,,NONE,,,,,,,,,,,,,,,,,,,,,,,,,,,,,,,,,,,,,,,,,,,,,,,,,,,,,,,,,,,,,,,,,,,,,,,,,,,,,,,,,,,,,,,,,,,,,,,
2026-07-05,2026-07-05T19:00:00+01:00,1783274400,Primera C,132,2026,1499975,NS,General Lamadrid,1955,El Porvenir,8384,Argentina,NS,Not Started,,,,,,,,,,,,0.0,0.0,0.0,0.0,0.0,0.0,0.0,0.0,0.0,0.0,,,2026-07-05T10:25:53.538339+00:00,COVERAGE_UNKNOWN,,,,,,0,1.0,COVERAGE_NOT_LOADED,,,,,,,,,,,,,,,,,,,,,,,,,,,,,,,,,,,,,,,,,,,,,,,,,,,,,NONE,,,,,,,,,,,,,,,,,,,,,,,,,,,,,,,,,,,,,,,,,,,,,,,,,,,,,,,,,,,,,,,,,,,,,,,,,,,,,,,,,,,,,,,,,,,,,,,
2026-07-05,2026-07-05T19:00:00+01:00,1783274400,Liga Pro,242,2026,1519389,NS,Macara,1155,LDU de Quito,1158,Ecuador,NS,Not Started,,,,,,,,,,,,0.0,0.0,0.0,0.0,0.0,0.0,0.0,0.0,0.0,0.0,,,2026-07-05T10:25:53.538344+00:00,COVERAGE_UNKNOWN,,,,,,0,1.0,COVERAGE_NOT_LOADED,,,,,,,,,,,,,,,,,,,,,,,,,,,,,,,,,,,,,,,,,,,,,,,,,,,,,NONE,,,,,,,,,,,,,,,,,,,,,,,,,,,,,,,,,,,,,,,,,,,,,,,,,,,,,,,,,,,,,,,,,,,,,,,,,,,,,,,,,,,,,,,,,,,,,,,
2026-07-05,2026-07-05T19:00:00+01:00,1783274400,Torneo Federal A,134,2026,1530436,NS,Atenas,21043,Fundacion Amigos,27574,Argentina,NS,Not Started,,,,,,,,,,,,0.0,0.0,0.0,0.0,0.0,0.0,0.0,0.0,0.0,0.0,,,2026-07-05T10:25:53.538349+00:00,COVERAGE_UNKNOWN,,,,,,0,1.0,COVERAGE_NOT_LOADED,,,,,,,,,,,,,,,,,,,,,,,,,,,,,,,,,,,,,,,,,,,,,,,,,,,,,NONE,,,,,,,,,,,,,,,,,,,,,,,,,,,,,,,,,,,,,,,,,,,,,,,,,,,,,,,,,,,,,,,,,,,,,,,,,,,,,,,,,,,,,,,,,,,,,,,
2026-07-05,2026-07-05T19:00:00+01:00,1783274400,Torneo Federal A,134,2026,1530442,NS,Douglas Haig,789,Sportivo Las Parejas,1950,Argentina,NS,Not Started,,,,,,,,,,,,0.0,0.0,0.0,0.0,0.0,0.0,0.0,0.0,0.0,0.0,,,2026-07-05T10:25:53.538353+00:00,COVERAGE_UNKNOWN,,,,,,0,1.0,COVERAGE_NOT_LOADED,,,,,,,,,,,,,,,,,,,,,,,,,,,,,,,,,,,,,,,,,,,,,,,,,,,,,NONE,,,,,,,,,,,,,,,,,,,,,,,,,,,,,,,,,,,,,,,,,,,,,,,,,,,,,,,,,,,,,,,,,,,,,,,,,,,,,,,,,,,,,,,,,,,,,,,
2026-07-05,2026-07-05T19:00:00+01:00,1783274400,Torneo Federal A,134,2026,1530443,NS,Gimnasia Concepción,3945,9 de Julio Rafaela,21040,Argentina,NS,Not Started,,,,,,,,,,,,0.0,0.0,0.0,0.0,0.0,0.0,0.0,0.0,0.0,0.0,,,2026-07-05T10:25:53.538358+00:00,COVERAGE_UNKNOWN,,,,,,0,1.0,COVERAGE_NOT_LOADED,,,,,,,,,,,,,,,,,,,,,,,,,,,,,,,,,,,,,,,,,,,,,,,,,,,,,NONE,,,,,,,,,,,,,,,,,,,,,,,,,,,,,,,,,,,,,,,,,,,,,,,,,,,,,,,,,,,,,,,,,,,,,,,,,,,,,,,,,,,,,,,,,,,,,,,
2026-07-05,2026-07-05T19:00:00+01:00,1783274400,Torneo Federal A,134,2026,1530444,NS,Guillermo Brown,472,Circulo Deportivo,8399,Argentina,NS,Not Started,,,,,,,,,,,,0.0,0.0,0.0,0.0,0.0,0.0,0.0,0.0,0.0,0.0,,,2026-07-05T10:25:53.538362+00:00,COVERAGE_UNKNOWN,,,,,,0,1.0,COVERAGE_NOT_LOADED,,,,,,,,,,,,,,,,,,,,,,,,,,,,,,,,,,,,,,,,,,,,,,,,,,,,,NONE,,,,,,,,,,,,,,,,,,,,,,,,,,,,,,,,,,,,,,,,,,,,,,,,,,,,,,,,,,,,,,,,,,,,,,,,,,,,,,,,,,,,,,,,,,,,,,,
2026-07-05,2026-07-05T19:00:00+01:00,1783274400,Torneo Federal A,134,2026,1530446,NS,Olimpo Bahia Blanca,443,Villa Mitre,1938,Argentina,NS,Not Started,,,,,,,,,,,,0.0,0.0,0.0,0.0,0.0,0.0,0.0,0.0,0.0,0.0,,,2026-07-05T10:25:53.538367+00:00,COVERAGE_UNKNOWN,,,,,,0,1.0,COVERAGE_NOT_LOADED,,,,,,,,,,,,,,,,,,,,,,,,,,,,,,,,,,,,,,,,,,,,,,,,,,,,,NONE,,,,,,,,,,,,,,,,,,,,,,,,,,,,,,,,,,,,,,,,,,,,,,,,,,,,,,,,,,,,,,,,,,,,,,,,,,,,,,,,,,,,,,,,,,,,,,,
2026-07-05,2026-07-05T19:00:00+01:00,1783274400,Torneo Federal A,134,2026,1530449,NS,Sol de Mayo,1941,Kimberley Mar del Plata,3975,Argentina,NS,Not Started,,,,,,,,,,,,0.0,0.0,0.0,0.0,0.0,0.0,0.0,0.0,0.0,0.0,,,2026-07-05T10:25:53.538372+00:00,COVERAGE_UNKNOWN,,,,,,0,1.0,COVERAGE_NOT_LOADED,,,,,,,,,,,,,,,,,,,,,,,,,,,,,,,,,,,,,,,,,,,,,,,,,,,,,NONE,,,,,,,,,,,,,,,,,,,,,,,,,,,,,,,,,,,,,,,,,,,,,,,,,,,,,,,,,,,,,,,,,,,,,,,,,,,,,,,,,,,,,,,,,,,,,,,
2026-07-05,2026-07-05T19:00:00+01:00,1783274400,Northern Super League,1182,2026,1534060,NS,Ottawa Rapid W,25900,Calgary Wild W,25897,Canada,NS,Not Started,,,,,,,,,,,,0.0,0.0,0.0,0.0,0.0,0.0,0.0,0.0,0.0,0.0,,,2026-07-05T10:25:53.538376+00:00,COVERAGE_UNKNOWN,,,,,,0,1.0,COVERAGE_NOT_LOADED,,,,,,,,,,,,,,,,,,,,,,,,,,,,,,,,,,,,,,,,,,,,,,,,,,,,,NONE,,,,,,,,,,,,,,,,,,,,,,,,,,,,,,,,,,,,,,,,,,,,,,,,,,,,,,,,,,,,,,,,,,,,,,,,,,,,,,,,,,,,,,,,,,,,,,,
2026-07-05,2026-07-05T19:00:00+01:00,1783274400,Baiano - 2,613,2026,1543624,NS,Vitoria Da Conquista,1225,Fluminense De Feira,1200,Brazil,NS,Not Started,,,,,,,,,,,,0.0,0.0,0.0,0.0,0.0,0.0,0.0,0.0,0.0,0.0,,,2026-07-05T10:25:53.538381+00:00,COVERAGE_UNKNOWN,,,,,,0,1.0,COVERAGE_NOT_LOADED,,,,,,,,,,,,,,,,,,,,,,,,,,,,,,,,,,,,,,,,,,,,,,,,,,,,,NONE,,,,,,,,,,,,,,,,,,,,,,,,,,,,,,,,,,,,,,,,,,,,,,,,,,,,,,,,,,,,,,,,,,,,,,,,,,,,,,,,,,,,,,,,,,,,,,,
2026-07-05,2026-07-05T19:00:00+01:00,1783274400,Baiano - 2,613,2026,1543625,NS,Grapiuna Itabuna,16672,Leonico,21169,Brazil,NS,Not Started,,,,,,,,,,,,0.0,0.0,0.0,0.0,0.0,0.0,0.0,0.0,0.0,0.0,,,2026-07-05T10:25:53.538386+00:00,COVERAGE_UNKNOWN,,,,,,0,1.0,COVERAGE_NOT_LOADED,,,,,,,,,,,,,,,,,,,,,,,,,,,,,,,,,,,,,,,,,,,,,,,,,,,,,NONE,,,,,,,,,,,,,,,,,,,,,,,,,,,,,,,,,,,,,,,,,,,,,,,,,,,,,,,,,,,,,,,,,,,,,,,,,,,,,,,,,,,,,,,,,,,,,,,
2026-07-05,2026-07-05T19:00:00+01:00,1783274400,Baiano - 2,613,2026,1543653,NS,Jacobina,7858,Feira FC,27727,Brazil,NS,Not Started,,,,,,,,,,,,0.0,0.0,0.0,0.0,0.0,0.0,0.0,0.0,0.0,0.0,,,2026-07-05T10:25:53.538390+00:00,COVERAGE_UNKNOWN,,,,,,0,1.0,COVERAGE_NOT_LOADED,,,,,,,,,,,,,,,,,,,,,,,,,,,,,,,,,,,,,,,,,,,,,,,,,,,,,NONE,,,,,,,,,,,,,,,,,,,,,,,,,,,,,,,,,,,,,,,,,,,,,,,,,,,,,,,,,,,,,,,,,,,,,,,,,,,,,,,,,,,,,,,,,,,,,,,
2026-07-05,2026-07-05T19:00:00+01:00,1783274400,Baiano - 2,613,2026,1543654,NS,SSA,23592,Barreiras FC,27726,Brazil,NS,Not Started,,,,,,,,,,,,0.0,0.0,0.0,0.0,0.0,0.0,0.0,0.0,0.0,0.0,,,2026-07-05T10:25:53.538395+00:00,COVERAGE_UNKNOWN,,,,,,0,1.0,COVERAGE_NOT_LOADED,,,,,,,,,,,,,,,,,,,,,,,,,,,,,,,,,,,,,,,,,,,,,,,,,,,,,NONE,,,,,,,,,,,,,,,,,,,,,,,,,,,,,,,,,,,,,,,,,,,,,,,,,,,,,,,,,,,,,,,,,,,,,,,,,,,,,,,,,,,,,,,,,,,,,,,
2026-07-05,2026-07-05T19:00:00+01:00,1783274400,Baiano - 2,613,2026,1543655,NS,Redenção FC,27728,Camaçari,16670,Brazil,NS,Not Started,,,,,,,,,,,,0.0,0.0,0.0,0.0,0.0,0.0,0.0,0.0,0.0,0.0,,,2026-07-05T10:25:53.538400+00:00,COVERAGE_UNKNOWN,,,,,,0,1.0,COVERAGE_NOT_LOADED,,,,,,,,,,,,,,,,,,,,,,,,,,,,,,,,,,,,,,,,,,,,,,,,,,,,,NONE,,,,,,,,,,,,,,,,,,,,,,,,,,,,,,,,,,,,,,,,,,,,,,,,,,,,,,,,,,,,,,,,,,,,,,,,,,,,,,,,,,,,,,,,,,,,,,,
2026-07-05,2026-07-05T19:00:00+01:00,1783274400,Torneo Promocional Amateur,1067,2026,1549955,NS,Provincial,23105,Nautico Hacoaj,23104,Argentina,NS,Not Started,,,,,,,,,,,,0.0,0.0,0.0,0.0,0.0,0.0,0.0,0.0,0.0,0.0,,,2026-07-05T10:25:53.538404+00:00,COVERAGE_UNKNOWN,,,,,,0,1.0,COVERAGE_NOT_LOADED,,,,,,,,,,,,,,,,,,,,,,,,,,,,,,,,,,,,,,,,,,,,,,,,,,,,,NONE,,,,,,,,,,,,,,,,,,,,,,,,,,,,,,,,,,,,,,,,,,,,,,,,,,,,,,,,,,,,,,,,,,,,,,,,,,,,,,,,,,,,,,,,,,,,,,,
2026-07-05,2026-07-05T19:00:00+01:00,1783274400,Torneo Promocional Amateur,1067,2026,1549965,NS,Everton La Plata,23101,Belgrano Zarate,23096,Argentina,NS,Not Started,,,,,,,,,,,,0.0,0.0,0.0,0.0,0.0,0.0,0.0,0.0,0.0,0.0,,,2026-07-05T10:25:53.538409+00:00,COVERAGE_UNKNOWN,,,,,,0,1.0,COVERAGE_NOT_LOADED,,,,,,,,,,,,,,,,,,,,,,,,,,,,,,,,,,,,,,,,,,,,,,,,,,,,,NONE,,,,,,,,,,,,,,,,,,,,,,,,,,,,,,,,,,,,,,,,,,,,,,,,,,,,,,,,,,,,,,,,,,,,,,,,,,,,,,,,,,,,,,,,,,,,,,,
2026-07-05,2026-07-05T19:00:00+01:00,1783274400,Friendlies Clubs,667,2026,1554748,NS,Macva,2637,Mladost Lucani,699,World,NS,Not Started,,,,,,,,,,,,0.0,0.0,0.0,0.0,0.0,0.0,0.0,0.0,0.0,0.0,,,2026-07-05T10:25:53.538414+00:00,COVERAGE_UNKNOWN,,,,,,0,1.0,COVERAGE_NOT_LOADED,,,,,,,,,,,,,,,,,,,,,,,,,,,,,,,,,,,,,,,,,,,,,,,,,,,,,NONE,,,,,,,,,,,,,,,,,,,,,,,,,,,,,,,,,,,,,,,,,,,,,,,,,,,,,,,,,,,,,,,,,,,,,,,,,,,,,,,,,,,,,,,,,,,,,,,
2026-07-05,2026-07-05T19:00:00+01:00,1783274400,Division Intermedia,251,2026,1567828,NS,Sportivo Carapeguá,20786,SOL DE America,1177,Paraguay,NS,Not Started,,,,,,,,,,,,0.0,0.0,0.0,0.0,0.0,0.0,0.0,0.0,0.0,0.0,,,2026-07-05T10:25:53.538418+00:00,COVERAGE_UNKNOWN,,,,,,0,1.0,COVERAGE_NOT_LOADED,,,,,,,,,,,,,,,,,,,,,,,,,,,,,,,,,,,,,,,,,,,,,,,,,,,,,NONE,,,,,,,,,,,,,,,,,,,,,,,,,,,,,,,,,,,,,,,,,,,,,,,,,,,,,,,,,,,,,,,,,,,,,,,,,,,,,,,,,,,,,,,,,,,,,,,
2026-07-05,2026-07-05T19:00:00+01:00,1783274400,Division Intermedia,251,2026,1567830,NS,12 de Junio VH,23154,Resistencia,2135,Paraguay,NS,Not Started,,,,,,,,,,,,0.0,0.0,0.0,0.0,0.0,0.0,0.0,0.0,0.0,0.0,,,2026-07-05T10:25:53.538423+00:00,COVERAGE_UNKNOWN,,,,,,0,1.0,COVERAGE_NOT_LOADED,,,,,,,,,,,,,,,,,,,,,,,,,,,,,,,,,,,,,,,,,,,,,,,,,,,,,NONE,,,,,,,,,,,,,,,,,,,,,,,,,,,,,,,,,,,,,,,,,,,,,,,,,,,,,,,,,,,,,,,,,,,,,,,,,,,,,,,,,,,,,,,,,,,,,,,
2026-07-05,2026-07-05T19:30:00+01:00,1783276200,Primera Nacional,129,2026,1498618,NS,Chaco For Ever,1946,Acassuso,2425,Argentina,NS,Not Started,,,,,,,,,,,,0.0,0.0,0.0,0.0,0.0,0.0,0.0,0.0,0.0,0.0,,,2026-07-05T10:25:53.538428+00:00,COVERAGE_UNKNOWN,,,,,,0,1.0,COVERAGE_NOT_LOADED,,,,,,,,,,,,,,,,,,,,,,,,,,,,,,,,,,,,,,,,,,,,,,,,,,,,,NONE,,,,,,,,,,,,,,,,,,,,,,,,,,,,,,,,,,,,,,,,,,,,,,,,,,,,,,,,,,,,,,,,,,,,,,,,,,,,,,,,,,,,,,,,,,,,,,,
2026-07-05,2026-07-05T19:30:00+01:00,1783276200,Primera Nacional,129,2026,1498624,NS,Ferro Carril Oeste,470,San Telmo,1932,Argentina,NS,Not Started,,,,,,,,,,,,0.0,0.0,0.0,0.0,0.0,0.0,0.0,0.0,0.0,0.0,,,2026-07-05T10:25:53.538433+00:00,COVERAGE_UNKNOWN,,,,,,0,1.0,COVERAGE_NOT_LOADED,,,,,,,,,,,,,,,,,,,,,,,,,,,,,,,,,,,,,,,,,,,,,,,,,,,,,NONE,,,,,,,,,,,,,,,,,,,,,,,,,,,,,,,,,,,,,,,,,,,,,,,,,,,,,,,,,,,,,,,,,,,,,,,,,,,,,,,,,,,,,,,,,,,,,,,
2026-07-05,2026-07-05T19:30:00+01:00,1783276200,Primera Nacional,129,2026,1498627,NS,Patronato,444,San Martin Tucuman,485,Argentina,NS,Not Started,,,,,,,,,,,,0.0,0.0,0.0,0.0,0.0,0.0,0.0,0.0,0.0,0.0,,,2026-07-05T10:25:53.538437+00:00,COVERAGE_UNKNOWN,,,,,,0,1.0,COVERAGE_NOT_LOADED,,,,,,,,,,,,,,,,,,,,,,,,,,,,,,,,,,,,,,,,,,,,,,,,,,,,,NONE,,,,,,,,,,,,,,,,,,,,,,,,,,,,,,,,,,,,,,,,,,,,,,,,,,,,,,,,,,,,,,,,,,,,,,,,,,,,,,,,,,,,,,,,,,,,,,,
2026-07-05,2026-07-05T19:30:00+01:00,1783276200,Torneo Federal A,134,2026,1530437,NS,Boca Unidos,467,Sarmiento Resistencia,1953,Argentina,NS,Not Started,,,,,,,,,,,,0.0,0.0,0.0,0.0,0.0,0.0,0.0,0.0,0.0,0.0,,,2026-07-05T10:25:53.538442+00:00,COVERAGE_UNKNOWN,,,,,,0,1.0,COVERAGE_NOT_LOADED,,,,,,,,,,,,,,,,,,,,,,,,,,,,,,,,,,,,,,,,,,,,,,,,,,,,,NONE,,,,,,,,,,,,,,,,,,,,,,,,,,,,,,,,,,,,,,,,,,,,,,,,,,,,,,,,,,,,,,,,,,,,,,,,,,,,,,,,,,,,,,,,,,,,,,,
2026-07-05,2026-07-05T19:30:00+01:00,1783276200,Torneo Federal A,134,2026,1530439,NS,Cipolletti,1949,Argentino Monte Maíz,18764,Argentina,NS,Not Started,,,,,,,,,,,,0.0,0.0,0.0,0.0,0.0,0.0,0.0,0.0,0.0,0.0,,,2026-07-05T10:25:53.538447+00:00,COVERAGE_UNKNOWN,,,,,,0,1.0,COVERAGE_NOT_LOADED,,,,,,,,,,,,,,,,,,,,,,,,,,,,,,,,,,,,,,,,,,,,,,,,,,,,,NONE,,,,,,,,,,,,,,,,,,,,,,,,,,,,,,,,,,,,,,,,,,,,,,,,,,,,,,,,,,,,,,,,,,,,,,,,,,,,,,,,,,,,,,,,,,,,,,,
2026-07-05,2026-07-05T19:30:00+01:00,1783276200,Torneo Federal A,134,2026,1530440,NS,Defensores de Belgrano VR,2426,Atletico Escobar,27571,Argentina,NS,Not Started,,,,,,,,,,,,0.0,0.0,0.0,0.0,0.0,0.0,0.0,0.0,0.0,0.0,,,2026-07-05T10:25:53.538451+00:00,COVERAGE_UNKNOWN,,,,,,0,1.0,COVERAGE_NOT_LOADED,,,,,,,,,,,,,,,,,,,,,,,,,,,,,,,,,,,,,,,,,,,,,,,,,,,,,NONE,,,,,,,,,,,,,,,,,,,,,,,,,,,,,,,,,,,,,,,,,,,,,,,,,,,,,,,,,,,,,,,,,,,,,,,,,,,,,,,,,,,,,,,,,,,,,,,
2026-07-05,2026-07-05T20:00:00+01:00,1783278000,Primera Nacional,129,2026,1498616,NS,Atletico Mitre,466,All Boys,464,Argentina,NS,Not Started,,,,,,,,,,,,0.0,0.0,0.0,0.0,0.0,0.0,0.0,0.0,0.0,0.0,,,2026-07-05T10:25:53.538456+00:00,COVERAGE_UNKNOWN,,,,,,0,1.0,COVERAGE_NOT_LOADED,,,,,,,,,,,,,,,,,,,,,,,,,,,,,,,,,,,,,,,,,,,,,,,,,,,,,NONE,,,,,,,,,,,,,,,,,,,,,,,,,,,,,,,,,,,,,,,,,,,,,,,,,,,,,,,,,,,,,,,,,,,,,,,,,,,,,,,,,,,,,,,,,,,,,,,
2026-07-05,2026-07-05T20:00:00+01:00,1783278000,Primera Nacional,129,2026,1498625,NS,Midland,1963,Gimnasia Jujuy,479,Argentina,NS,Not Started,,,,,,,,,,,,0.0,0.0,0.0,0.0,0.0,0.0,0.0,0.0,0.0,0.0,,,2026-07-05T10:25:53.538461+00:00,COVERAGE_UNKNOWN,,,,,,0,1.0,COVERAGE_NOT_LOADED,,,,,,,,,,,,,,,,,,,,,,,,,,,,,,,,,,,,,,,,,,,,,,,,,,,,,NONE,,,,,,,,,,,,,,,,,,,,,,,,,,,,,,,,,,,,,,,,,,,,,,,,,,,,,,,,,,,,,,,,,,,,,,,,,,,,,,,,,,,,,,,,,,,,,,,
2026-07-05,2026-07-05T20:00:00+01:00,1783278000,Primera Nacional,129,2026,1498629,NS,San Martin S.J.,461,Chacarita Juniors,447,Argentina,NS,Not Started,,,,,,,,,,,,0.0,0.0,0.0,0.0,0.0,0.0,0.0,0.0,0.0,0.0,,,2026-07-05T10:25:53.538466+00:00,COVERAGE_UNKNOWN,,,,,,0,1.0,COVERAGE_NOT_LOADED,,,,,,,,,,,,,,,,,,,,,,,,,,,,,,,,,,,,,,,,,,,,,,,,,,,,,NONE,,,,,,,,,,,,,,,,,,,,,,,,,,,,,,,,,,,,,,,,,,,,,,,,,,,,,,,,,,,,,,,,,,,,,,,,,,,,,,,,,,,,,,,,,,,,,,,
2026-07-05,2026-07-05T20:00:00+01:00,1783278000,USL League Two,256,2026,1525249,NS,St. Croix,18910,Edgewater Castle,27515,USA,NS,Not Started,,,,,,,,,,,,0.0,0.0,0.0,0.0,0.0,0.0,0.0,0.0,0.0,0.0,,,2026-07-05T10:25:53.538470+00:00,COVERAGE_UNKNOWN,,,,,,0,1.0,COVERAGE_NOT_LOADED,,,,,,,,,,,,,,,,,,,,,,,,,,,,,,,,,,,,,,,,,,,,,,,,,,,,,NONE,,,,,,,,,,,,,,,,,,,,,,,,,,,,,,,,,,,,,,,,,,,,,,,,,,,,,,,,,,,,,,,,,,,,,,,,,,,,,,,,,,,,,,,,,,,,,,,
2026-07-05,2026-07-05T20:00:00+01:00,1783278000,Segunda División,711,2026,1529127,NS,Real San Joaquín,18779,Trasandino,5646,Chile,NS,Not Started,,,,,,,,,,,,0.0,0.0,0.0,0.0,0.0,0.0,0.0,0.0,0.0,0.0,,,2026-07-05T10:25:53.538475+00:00,COVERAGE_UNKNOWN,,,,,,0,1.0,COVERAGE_NOT_LOADED,,,,,,,,,,,,,,,,,,,,,,,,,,,,,,,,,,,,,,,,,,,,,,,,,,,,,NONE,,,,,,,,,,,,,,,,,,,,,,,,,,,,,,,,,,,,,,,,,,,,,,,,,,,,,,,,,,,,,,,,,,,,,,,,,,,,,,,,,,,,,,,,,,,,,,,
2026-07-05,2026-07-05T20:00:00+01:00,1783278000,Torneo Federal A,134,2026,1530438,NS,Gimnasia Chivilcoy,25758,El Linqueño,21041,Argentina,NS,Not Started,,,,,,,,,,,,0.0,0.0,0.0,0.0,0.0,0.0,0.0,0.0,0.0,0.0,,,2026-07-05T10:25:53.538480+00:00,COVERAGE_UNKNOWN,,,,,,0,1.0,COVERAGE_NOT_LOADED,,,,,,,,,,,,,,,,,,,,,,,,,,,,,,,,,,,,,,,,,,,,,,,,,,,,,NONE,,,,,,,,,,,,,,,,,,,,,,,,,,,,,,,,,,,,,,,,,,,,,,,,,,,,,,,,,,,,,,,,,,,,,,,,,,,,,,,,,,,,,,,,,,,,,,,
2026-07-05,2026-07-05T20:00:00+01:00,1783278000,Torneo Federal A,134,2026,1530447,NS,San Martin Formosa,1935,Juventud Antoniana,1961,Argentina,NS,Not Started,,,,,,,,,,,,0.0,0.0,0.0,0.0,0.0,0.0,0.0,0.0,0.0,0.0,,,2026-07-05T10:25:53.538484+00:00,COVERAGE_UNKNOWN,,,,,,0,1.0,COVERAGE_NOT_LOADED,,,,,,,,,,,,,,,,,,,,,,,,,,,,,,,,,,,,,,,,,,,,,,,,,,,,,NONE,,,,,,,,,,,,,,,,,,,,,,,,,,,,,,,,,,,,,,,,,,,,,,,,,,,,,,,,,,,,,,,,,,,,,,,,,,,,,,,,,,,,,,,,,,,,,,,
2026-07-05,2026-07-05T20:00:00+01:00,1783278000,Torneo Federal A,134,2026,1530448,NS,San Martín Mendoza,21042,Deportivo Rincon,1959,Argentina,NS,Not Started,,,,,,,,,,,,0.0,0.0,0.0,0.0,0.0,0.0,0.0,0.0,0.0,0.0,,,2026-07-05T10:25:53.538489+00:00,COVERAGE_UNKNOWN,,,,,,0,1.0,COVERAGE_NOT_LOADED,,,,,,,,,,,,,,,,,,,,,,,,,,,,,,,,,,,,,,,,,,,,,,,,,,,,,NONE,,,,,,,,,,,,,,,,,,,,,,,,,,,,,,,,,,,,,,,,,,,,,,,,,,,,,,,,,,,,,,,,,,,,,,,,,,,,,,,,,,,,,,,,,,,,,,,
2026-07-05,2026-07-05T20:00:00+01:00,1783278000,Torneo Federal A,134,2026,1530450,NS,Sportivo Belgrano,1966,Independiente De Chivilcoy,1960,Argentina,NS,Not Started,,,,,,,,,,,,0.0,0.0,0.0,0.0,0.0,0.0,0.0,0.0,0.0,0.0,,,2026-07-05T10:25:53.538494+00:00,COVERAGE_UNKNOWN,,,,,,0,1.0,COVERAGE_NOT_LOADED,,,,,,,,,,,,,,,,,,,,,,,,,,,,,,,,,,,,,,,,,,,,,,,,,,,,,NONE,,,,,,,,,,,,,,,,,,,,,,,,,,,,,,,,,,,,,,,,,,,,,,,,,,,,,,,,,,,,,,,,,,,,,,,,,,,,,,,,,,,,,,,,,,,,,,,
2026-07-05,2026-07-05T20:00:00+01:00,1783278000,Torneo Federal A,134,2026,1530451,NS,Tucuman Central,27573,Sol de América,3982,Argentina,NS,Not Started,,,,,,,,,,,,0.0,0.0,0.0,0.0,0.0,0.0,0.0,0.0,0.0,0.0,,,2026-07-05T10:25:53.538498+00:00,COVERAGE_UNKNOWN,,,,,,0,1.0,COVERAGE_NOT_LOADED,,,,,,,,,,,,,,,,,,,,,,,,,,,,,,,,,,,,,,,,,,,,,,,,,,,,,NONE,,,,,,,,,,,,,,,,,,,,,,,,,,,,,,,,,,,,,,,,,,,,,,,,,,,,,,,,,,,,,,,,,,,,,,,,,,,,,,,,,,,,,,,,,,,,,,,
2026-07-05,2026-07-05T20:00:00+01:00,1783278000,Copa Chile,267,2026,1544476,NS,Cobresal,2331,Cobreloa,2332,Chile,NS,Not Started,,,,,,,,,,,,0.0,0.0,0.0,0.0,0.0,0.0,0.0,0.0,0.0,0.0,,,2026-07-05T10:25:53.538503+00:00,COVERAGE_UNKNOWN,,,,,,0,1.0,COVERAGE_NOT_LOADED,,,,,,,,,,,,,,,,,,,,,,,,,,,,,,,,,,,,,,,,,,,,,,,,,,,,,NONE,,,,,,,,,,,,,,,,,,,,,,,,,,,,,,,,,,,,,,,,,,,,,,,,,,,,,,,,,,,,,,,,,,,,,,,,,,,,,,,,,,,,,,,,,,,,,,,
2026-07-05,2026-07-05T20:00:00+01:00,1783278000,Copa Chile,267,2026,1544477,NS,D. Puerto Montt,2342,Huachipato,2328,Chile,NS,Not Started,,,,,,,,,,,,0.0,0.0,0.0,0.0,0.0,0.0,0.0,0.0,0.0,0.0,,,2026-07-05T10:25:53.538508+00:00,COVERAGE_UNKNOWN,,,,,,0,1.0,COVERAGE_NOT_LOADED,,,,,,,,,,,,,,,,,,,,,,,,,,,,,,,,,,,,,,,,,,,,,,,,,,,,,NONE,,,,,,,,,,,,,,,,,,,,,,,,,,,,,,,,,,,,,,,,,,,,,,,,,,,,,,,,,,,,,,,,,,,,,,,,,,,,,,,,,,,,,,,,,,,,,,,
2026-07-05,2026-07-05T20:00:00+01:00,1783278000,Copa Chile,267,2026,1544479,NS,Nublense,2337,Curico Unido,2316,Chile,NS,Not Started,,,,,,,,,,,,0.0,0.0,0.0,0.0,0.0,0.0,0.0,0.0,0.0,0.0,,,2026-07-05T10:25:53.538512+00:00,COVERAGE_UNKNOWN,,,,,,0,1.0,COVERAGE_NOT_LOADED,,,,,,,,,,,,,,,,,,,,,,,,,,,,,,,,,,,,,,,,,,,,,,,,,,,,,NONE,,,,,,,,,,,,,,,,,,,,,,,,,,,,,,,,,,,,,,,,,,,,,,,,,,,,,,,,,,,,,,,,,,,,,,,,,,,,,,,,,,,,,,,,,,,,,,,
2026-07-05,2026-07-05T20:00:00+01:00,1783278000,Copa Chile,267,2026,1544480,NS,Universidad de Concepcion,2324,Rangers de Talca,2344,Chile,NS,Not Started,,,,,,,,,,,,0.0,0.0,0.0,0.0,0.0,0.0,0.0,0.0,0.0,0.0,,,2026-07-05T10:25:53.538517+00:00,COVERAGE_UNKNOWN,,,,,,0,1.0,COVERAGE_NOT_LOADED,,,,,,,,,,,,,,,,,,,,,,,,,,,,,,,,,,,,,,,,,,,,,,,,,,,,,NONE,,,,,,,,,,,,,,,,,,,,,,,,,,,,,,,,,,,,,,,,,,,,,,,,,,,,,,,,,,,,,,,,,,,,,,,,,,,,,,,,,,,,,,,,,,,,,,,
2026-07-05,2026-07-05T20:30:00+01:00,1783279800,Primera Nacional,129,2026,1498617,NS,Central Norte,1951,San Miguel,8379,Argentina,NS,Not Started,,,,,,,,,,,,0.0,0.0,0.0,0.0,0.0,0.0,0.0,0.0,0.0,0.0,,,2026-07-05T10:25:53.538522+00:00,COVERAGE_UNKNOWN,,,,,,0,1.0,COVERAGE_NOT_LOADED,,,,,,,,,,,,,,,,,,,,,,,,,,,,,,,,,,,,,,,,,,,,,,,,,,,,,NONE,,,,,,,,,,,,,,,,,,,,,,,,,,,,,,,,,,,,,,,,,,,,,,,,,,,,,,,,,,,,,,,,,,,,,,,,,,,,,,,,,,,,,,,,,,,,,,,
2026-07-05,2026-07-05T20:30:00+01:00,1783279800,Primera Nacional,129,2026,1498623,NS,Deportivo Maipu,1954,Agropecuario,462,Argentina,NS,Not Started,,,,,,,,,,,,0.0,0.0,0.0,0.0,0.0,0.0,0.0,0.0,0.0,0.0,,,2026-07-05T10:25:53.538526+00:00,COVERAGE_UNKNOWN,,,,,,0,1.0,COVERAGE_NOT_LOADED,,,,,,,,,,,,,,,,,,,,,,,,,,,,,,,,,,,,,,,,,,,,,,,,,,,,,NONE,,,,,,,,,,,,,,,,,,,,,,,,,,,,,,,,,,,,,,,,,,,,,,,,,,,,,,,,,,,,,,,,,,,,,,,,,,,,,,,,,,,,,,,,,,,,,,,
2026-07-05,2026-07-05T21:00:00+01:00,1783281600,USL League Two,256,2026,1525247,NS,Project 51O,18908,Davis Legacy,18893,USA,NS,Not Started,,,,,,,,,,,,0.0,0.0,0.0,0.0,0.0,0.0,0.0,0.0,0.0,0.0,,,2026-07-05T10:25:53.538531+00:00,COVERAGE_UNKNOWN,,,,,,0,1.0,COVERAGE_NOT_LOADED,,,,,,,,,,,,,,,,,,,,,,,,,,,,,,,,,,,,,,,,,,,,,,,,,,,,,NONE,,,,,,,,,,,,,,,,,,,,,,,,,,,,,,,,,,,,,,,,,,,,,,,,,,,,,,,,,,,,,,,,,,,,,,,,,,,,,,,,,,,,,,,,,,,,,,,
2026-07-05,2026-07-05T21:00:00+01:00,1783281600,USL League Two,256,2026,1525420,NS,Eagle FC,27756,West Chester United,9037,USA,NS,Not Started,,,,,,,,,,,,0.0,0.0,0.0,0.0,0.0,0.0,0.0,0.0,0.0,0.0,,,2026-07-05T10:25:53.538535+00:00,COVERAGE_UNKNOWN,,,,,,0,1.0,COVERAGE_NOT_LOADED,,,,,,,,,,,,,,,,,,,,,,,,,,,,,,,,,,,,,,,,,,,,,,,,,,,,,NONE,,,,,,,,,,,,,,,,,,,,,,,,,,,,,,,,,,,,,,,,,,,,,,,,,,,,,,,,,,,,,,,,,,,,,,,,,,,,,,,,,,,,,,,,,,,,,,,
2026-07-05,2026-07-05T21:00:00+01:00,1783281600,Segunda División,711,2026,1531893,NS,Colchagua,5633,Lota Schwager,27606,Chile,NS,Not Started,,,,,,,,,,,,0.0,0.0,0.0,0.0,0.0,0.0,0.0,0.0,0.0,0.0,,,2026-07-05T10:25:53.538541+00:00,COVERAGE_UNKNOWN,,,,,,0,1.0,COVERAGE_NOT_LOADED,,,,,,,,,,,,,,,,,,,,,,,,,,,,,,,,,,,,,,,,,,,,,,,,,,,,,NONE,,,,,,,,,,,,,,,,,,,,,,,,,,,,,,,,,,,,,,,,,,,,,,,,,,,,,,,,,,,,,,,,,,,,,,,,,,,,,,,,,,,,,,,,,,,,,,,
2026-07-05,2026-07-05T21:00:00+01:00,1783281600,Copa Chile,267,2026,1544481,NS,Deportes Santa Cruz,2346,A. Italiano,2329,Chile,NS,Not Started,,,,,,,,,,,,0.0,0.0,0.0,0.0,0.0,0.0,0.0,0.0,0.0,0.0,,,2026-07-05T10:25:53.538545+00:00,COVERAGE_UNKNOWN,,,,,,0,1.0,COVERAGE_NOT_LOADED,,,,,,,,,,,,,,,,,,,,,,,,,,,,,,,,,,,,,,,,,,,,,,,,,,,,,NONE,,,,,,,,,,,,,,,,,,,,,,,,,,,,,,,,,,,,,,,,,,,,,,,,,,,,,,,,,,,,,,,,,,,,,,,,,,,,,,,,,,,,,,,,,,,,,,,
2026-07-05,2026-07-05T21:00:00+01:00,1783281600,Carioca C,1106,2026,1550773,NS,Ceres,27824,Brescia Clube,27827,Brazil,NS,Not Started,,,,,,,,,,,,0.0,0.0,0.0,0.0,0.0,0.0,0.0,0.0,0.0,0.0,,,2026-07-05T10:25:53.538555+00:00,COVERAGE_UNKNOWN,,,,,,0,1.0,COVERAGE_NOT_LOADED,,,,,,,,,,,,,,,,,,,,,,,,,,,,,,,,,,,,,,,,,,,,,,,,,,,,,NONE,,,,,,,,,,,,,,,,,,,,,,,,,,,,,,,,,,,,,,,,,,,,,,,,,,,,,,,,,,,,,,,,,,,,,,,,,,,,,,,,,,,,,,,,,,,,,,,
2026-07-05,2026-07-05T21:00:00+01:00,1783281600,Copa Venezuela,1113,2026,1560825,PST,Academia Anzoátegui,18806,Petare FC,2853,Venezuela,PST,Match Postponed,,,,,,,,,,,,0.0,0.0,0.0,0.0,0.0,0.0,0.0,0.0,0.0,0.0,,,2026-07-05T10:25:53.538564+00:00,COVERAGE_UNKNOWN,,,,,,0,1.0,COVERAGE_NOT_LOADED,,,,,,,,,,,,,,,,,,,,,,,,,,,,,,,,,,,,,,,,,,,,,,,,,,,,,NONE,,,,,,,,,,,,,,,,,,,,,,,,,,,,,,,,,,,,,,,,,,,,,,,,,,,,,,,,,,,,,,,,,,,,,,,,,,,,,,,,,,,,,,,,,,,,,,,
2026-07-05,2026-07-05T21:00:00+01:00,1783281600,Copa Venezuela,1113,2026,1560826,PST,Club Atletico Barinas,27528,Atletico el Vigia FC,2832,Venezuela,PST,Match Postponed,,,,,,,,,,,,0.0,0.0,0.0,0.0,0.0,0.0,0.0,0.0,0.0,0.0,,,2026-07-05T10:25:53.538569+00:00,COVERAGE_UNKNOWN,,,,,,0,1.0,COVERAGE_NOT_LOADED,,,,,,,,,,,,,,,,,,,,,,,,,,,,,,,,,,,,,,,,,,,,,,,,,,,,,NONE,,,,,,,,,,,,,,,,,,,,,,,,,,,,,,,,,,,,,,,,,,,,,,,,,,,,,,,,,,,,,,,,,,,,,,,,,,,,,,,,,,,,,,,,,,,,,,,
2026-07-05,2026-07-05T21:00:00+01:00,1783281600,Copa Venezuela,1113,2026,1560827,PST,Atletico Avila FC,27527,Marítimo,21208,Venezuela,PST,Match Postponed,,,,,,,,,,,,0.0,0.0,0.0,0.0,0.0,0.0,0.0,0.0,0.0,0.0,,,2026-07-05T10:25:53.538573+00:00,COVERAGE_UNKNOWN,,,,,,0,1.0,COVERAGE_NOT_LOADED,,,,,,,,,,,,,,,,,,,,,,,,,,,,,,,,,,,,,,,,,,,,,,,,,,,,,NONE,,,,,,,,,,,,,,,,,,,,,,,,,,,,,,,,,,,,,,,,,,,,,,,,,,,,,,,,,,,,,,,,,,,,,,,,,,,,,,,,,,,,,,,,,,,,,,,
2026-07-05,2026-07-05T21:00:00+01:00,1783281600,Copa Venezuela,1113,2026,1560828,PST,Fundación Lara Deportiva,10091,Caracas FC,2808,Venezuela,PST,Match Postponed,,,,,,,,,,,,0.0,0.0,0.0,0.0,0.0,0.0,0.0,0.0,0.0,0.0,,,2026-07-05T10:25:53.538578+00:00,COVERAGE_UNKNOWN,,,,,,0,1.0,COVERAGE_NOT_LOADED,,,,,,,,,,,,,,,,,,,,,,,,,,,,,,,,,,,,,,,,,,,,,,,,,,,,,NONE,,,,,,,,,,,,,,,,,,,,,,,,,,,,,,,,,,,,,,,,,,,,,,,,,,,,,,,,,,,,,,,,,,,,,,,,,,,,,,,,,,,,,,,,,,,,,,,
2026-07-05,2026-07-05T21:00:00+01:00,1783281600,Copa Venezuela,1113,2026,1560829,PST,Dinamo de Puerto La Cruz,2858,Mineros de Guyana,2824,Venezuela,PST,Match Postponed,,,,,,,,,,,,0.0,0.0,0.0,0.0,0.0,0.0,0.0,0.0,0.0,0.0,,,2026-07-05T10:25:53.538582+00:00,COVERAGE_UNKNOWN,,,,,,0,1.0,COVERAGE_NOT_LOADED,,,,,,,,,,,,,,,,,,,,,,,,,,,,,,,,,,,,,,,,,,,,,,,,,,,,,NONE,,,,,,,,,,,,,,,,,,,,,,,,,,,,,,,,,,,,,,,,,,,,,,,,,,,,,,,,,,,,,,,,,,,,,,,,,,,,,,,,,,,,,,,,,,,,,,,
2026-07-05,2026-07-05T21:00:00+01:00,1783281600,Copa Venezuela,1113,2026,1560830,PST,Real Frontera,2847,Zamora FC,2806,Venezuela,PST,Match Postponed,,,,,,,,,,,,0.0,0.0,0.0,0.0,0.0,0.0,0.0,0.0,0.0,0.0,,,2026-07-05T10:25:53.538587+00:00,COVERAGE_UNKNOWN,,,,,,0,1.0,COVERAGE_NOT_LOADED,,,,,,,,,,,,,,,,,,,,,,,,,,,,,,,,,,,,,,,,,,,,,,,,,,,,,NONE,,,,,,,,,,,,,,,,,,,,,,,,,,,,,,,,,,,,,,,,,,,,,,,,,,,,,,,,,,,,,,,,,,,,,,,,,,,,,,,,,,,,,,,,,,,,,,,
2026-07-05,2026-07-05T21:00:00+01:00,1783281600,Copa Venezuela,1113,2026,1560831,PST,Deportivo Lara,2812,Trujillanos FC,2815,Venezuela,PST,Match Postponed,,,,,,,,,,,,0.0,0.0,0.0,0.0,0.0,0.0,0.0,0.0,0.0,0.0,,,2026-07-05T10:25:53.538592+00:00,COVERAGE_UNKNOWN,,,,,,0,1.0,COVERAGE_NOT_LOADED,,,,,,,,,,,,,,,,,,,,,,,,,,,,,,,,,,,,,,,,,,,,,,,,,,,,,NONE,,,,,,,,,,,,,,,,,,,,,,,,,,,,,,,,,,,,,,,,,,,,,,,,,,,,,,,,,,,,,,,,,,,,,,,,,,,,,,,,,,,,,,,,,,,,,,,
2026-07-05,2026-07-05T21:00:00+01:00,1783281600,Copa Venezuela,1113,2026,1560832,PST,Monagas SC,2811,Bolívar,21231,Venezuela,PST,Match Postponed,,,,,,,,,,,,0.0,0.0,0.0,0.0,0.0,0.0,0.0,0.0,0.0,0.0,,,2026-07-05T10:25:53.538596+00:00,COVERAGE_UNKNOWN,,,,,,0,1.0,COVERAGE_NOT_LOADED,,,,,,,,,,,,,,,,,,,,,,,,,,,,,,,,,,,,,,,,,,,,,,,,,,,,,NONE,,,,,,,,,,,,,,,,,,,,,,,,,,,,,,,,,,,,,,,,,,,,,,,,,,,,,,,,,,,,,,,,,,,,,,,,,,,,,,,,,,,,,,,,,,,,,,,
2026-07-05,2026-07-05T21:00:00+01:00,1783281600,Copa Venezuela,1113,2026,1560833,PST,Urena SC,2816,Rayo Zuliano,16847,Venezuela,PST,Match Postponed,,,,,,,,,,,,0.0,0.0,0.0,0.0,0.0,0.0,0.0,0.0,0.0,0.0,,,2026-07-05T10:25:53.538601+00:00,COVERAGE_UNKNOWN,,,,,,0,1.0,COVERAGE_NOT_LOADED,,,,,,,,,,,,,,,,,,,,,,,,,,,,,,,,,,,,,,,,,,,,,,,,,,,,,NONE,,,,,,,,,,,,,,,,,,,,,,,,,,,,,,,,,,,,,,,,,,,,,,,,,,,,,,,,,,,,,,,,,,,,,,,,,,,,,,,,,,,,,,,,,,,,,,,
2026-07-05,2026-07-05T21:00:00+01:00,1783281600,Copa Venezuela,1113,2026,1560834,PST,Yaracuyanos FC,2829,Aragua FC,2817,Venezuela,PST,Match Postponed,,,,,,,,,,,,0.0,0.0,0.0,0.0,0.0,0.0,0.0,0.0,0.0,0.0,,,2026-07-05T10:25:53.538605+00:00,COVERAGE_UNKNOWN,,,,,,0,1.0,COVERAGE_NOT_LOADED,,,,,,,,,,,,,,,,,,,,,,,,,,,,,,,,,,,,,,,,,,,,,,,,,,,,,NONE,,,,,,,,,,,,,,,,,,,,,,,,,,,,,,,,,,,,,,,,,,,,,,,,,,,,,,,,,,,,,,,,,,,,,,,,,,,,,,,,,,,,,,,,,,,,,,,
2026-07-05,2026-07-05T21:00:00+01:00,1783281600,Segunda División,269,2026,1561323,NS,Tacuarembo,2374,Cerrito,2367,Uruguay,NS,Not Started,,,,,,,,,,,,0.0,0.0,0.0,0.0,0.0,0.0,0.0,0.0,0.0,0.0,,,2026-07-05T10:25:53.538611+00:00,COVERAGE_UNKNOWN,,,,,,0,1.0,COVERAGE_NOT_LOADED,,,,,,,,,,,,,,,,,,,,,,,,,,,,,,,,,,,,,,,,,,,,,,,,,,,,,NONE,,,,,,,,,,,,,,,,,,,,,,,,,,,,,,,,,,,,,,,,,,,,,,,,,,,,,,,,,,,,,,,,,,,,,,,,,,,,,,,,,,,,,,,,,,,,,,,
2026-07-05,2026-07-05T21:00:00+01:00,1783281600,World Cup,1,2026,1568100,NS,Brazil,6,Norway,1090,World,NS,Not Started,,,,,,,,,,,,0.0,0.0,0.0,0.0,0.0,0.0,0.0,0.0,0.0,0.0,,,2026-07-05T10:25:53.538616+00:00,COVERAGE_UNKNOWN,,,,,,0,1.0,COVERAGE_NOT_LOADED,,,,,,,,,,,,,,,,,,,,,,,,,,,,,,,,,,,,,,,,,,,,,,,,,,,,,NONE,,,,,,,,,,,,,,,,,,,,,,,,,,,,,,,,,,,,,,,,,,,,,,,,,,,,,,,,,,,,,,,,,,,,,,,,,,,,,,,,,,,,,,,,,,,,,,,
2026-07-05,2026-07-05T21:30:00+01:00,1783283400,MLS Next Pro,909,2026,1513201,NS,Houston Dynamo FC II,18813,Minnesota United II,18814,USA,NS,Not Started,,,,,,,,,,,,0.0,0.0,0.0,0.0,0.0,0.0,0.0,0.0,0.0,0.0,,,2026-07-05T10:25:53.538620+00:00,COVERAGE_UNKNOWN,,,,,,0,1.0,COVERAGE_NOT_LOADED,,,,,,,,,,,,,,,,,,,,,,,,,,,,,,,,,,,,,,,,,,,,,,,,,,,,,NONE,,,,,,,,,,,,,,,,,,,,,,,,,,,,,,,,,,,,,,,,,,,,,,,,,,,,,,,,,,,,,,,,,,,,,,,,,,,,,,,,,,,,,,,,,,,,,,,
2026-07-05,2026-07-05T22:00:00+01:00,1783285200,NWSL Women,254,2026,1508455,NS,Chicago Red Stars W,2997,Utah Royals W,3004,USA,NS,Not Started,,,,,,,,,,,,0.0,0.0,0.0,0.0,0.0,0.0,0.0,0.0,0.0,0.0,,,2026-07-05T10:25:53.538625+00:00,COVERAGE_UNKNOWN,,,,,,0,1.0,COVERAGE_NOT_LOADED,,,,,,,,,,,,,,,,,,,,,,,,,,,,,,,,,,,,,,,,,,,,,,,,,,,,,NONE,,,,,,,,,,,,,,,,,,,,,,,,,,,,,,,,,,,,,,,,,,,,,,,,,,,,,,,,,,,,,,,,,,,,,,,,,,,,,,,,,,,,,,,,,,,,,,,
2026-07-05,2026-07-05T22:00:00+01:00,1783285200,USL League Two,256,2026,1525246,NS,Virginia Marauders,21293,Bethesda SC,27513,USA,NS,Not Started,,,,,,,,,,,,0.0,0.0,0.0,0.0,0.0,0.0,0.0,0.0,0.0,0.0,,,2026-07-05T10:25:53.538629+00:00,COVERAGE_UNKNOWN,,,,,,0,1.0,COVERAGE_NOT_LOADED,,,,,,,,,,,,,,,,,,,,,,,,,,,,,,,,,,,,,,,,,,,,,,,,,,,,,NONE,,,,,,,,,,,,,,,,,,,,,,,,,,,,,,,,,,,,,,,,,,,,,,,,,,,,,,,,,,,,,,,,,,,,,,,,,,,,,,,,,,,,,,,,,,,,,,,
2026-07-05,2026-07-05T22:00:00+01:00,1783285200,USL League Two,256,2026,1525248,NS,Ballard,18882,Tacoma Stars,23124,USA,NS,Not Started,,,,,,,,,,,,0.0,0.0,0.0,0.0,0.0,0.0,0.0,0.0,0.0,0.0,,,2026-07-05T10:25:53.538634+00:00,COVERAGE_UNKNOWN,,,,,,0,1.0,COVERAGE_NOT_LOADED,,,,,,,,,,,,,,,,,,,,,,,,,,,,,,,,,,,,,,,,,,,,,,,,,,,,,NONE,,,,,,,,,,,,,,,,,,,,,,,,,,,,,,,,,,,,,,,,,,,,,,,,,,,,,,,,,,,,,,,,,,,,,,,,,,,,,,,,,,,,,,,,,,,,,,,
2026-07-05,2026-07-05T22:00:00+01:00,1783285200,USL League Two,256,2026,1525250,NS,West Seattle Junction,23128,Oly Town,18904,USA,NS,Not Started,,,,,,,,,,,,0.0,0.0,0.0,0.0,0.0,0.0,0.0,0.0,0.0,0.0,,,2026-07-05T10:25:53.538638+00:00,COVERAGE_UNKNOWN,,,,,,0,1.0,COVERAGE_NOT_LOADED,,,,,,,,,,,,,,,,,,,,,,,,,,,,,,,,,,,,,,,,,,,,,,,,,,,,,NONE,,,,,,,,,,,,,,,,,,,,,,,,,,,,,,,,,,,,,,,,,,,,,,,,,,,,,,,,,,,,,,,,,,,,,,,,,,,,,,,,,,,,,,,,,,,,,,,
2026-07-05,2026-07-05T22:00:00+01:00,1783285200,Northern Super League,1182,2026,1534061,NS,Halifax Tides W,25898,AFC Toronto W,25896,Canada,NS,Not Started,,,,,,,,,,,,0.0,0.0,0.0,0.0,0.0,0.0,0.0,0.0,0.0,0.0,,,2026-07-05T10:25:53.538643+00:00,COVERAGE_UNKNOWN,,,,,,0,1.0,COVERAGE_NOT_LOADED,,,,,,,,,,,,,,,,,,,,,,,,,,,,,,,,,,,,,,,,,,,,,,,,,,,,,NONE,,,,,,,,,,,,,,,,,,,,,,,,,,,,,,,,,,,,,,,,,,,,,,,,,,,,,,,,,,,,,,,,,,,,,,,,,,,,,,,,,,,,,,,,,,,,,,,
2026-07-05,2026-07-05T22:30:00+01:00,1783287000,USL League Two,256,2026,1525254,NS,City SC,25937,Redlands,21287,USA,NS,Not Started,,,,,,,,,,,,0.0,0.0,0.0,0.0,0.0,0.0,0.0,0.0,0.0,0.0,,,2026-07-05T10:25:53.538647+00:00,COVERAGE_UNKNOWN,,,,,,0,1.0,COVERAGE_NOT_LOADED,,,,,,,,,,,,,,,,,,,,,,,,,,,,,,,,,,,,,,,,,,,,,,,,,,,,,NONE,,,,,,,,,,,,,,,,,,,,,,,,,,,,,,,,,,,,,,,,,,,,,,,,,,,,,,,,,,,,,,,,,,,,,,,,,,,,,,,,,,,,,,,,,,,,,,,
2026-07-05,2026-07-05T22:30:00+01:00,1783287000,Copa Chile,267,2026,1544482,NS,Union Espanola,2321,O'Higgins,2320,Chile,NS,Not Started,,,,,,,,,,,,0.0,0.0,0.0,0.0,0.0,0.0,0.0,0.0,0.0,0.0,,,2026-07-05T10:25:53.538652+00:00,COVERAGE_UNKNOWN,,,,,,0,1.0,COVERAGE_NOT_LOADED,,,,,,,,,,,,,,,,,,,,,,,,,,,,,,,,,,,,,,,,,,,,,,,,,,,,,NONE,,,,,,,,,,,,,,,,,,,,,,,,,,,,,,,,,,,,,,,,,,,,,,,,,,,,,,,,,,,,,,,,,,,,,,,,,,,,,,,,,,,,,,,,,,,,,,,
2026-07-05,2026-07-05T23:00:00+01:00,1783288800,MLS Next Pro,909,2026,1513198,NS,FC Cincinnati II,18812,New York RB II,4004,USA,NS,Not Started,,,,,,,,,,,,0.0,0.0,0.0,0.0,0.0,0.0,0.0,0.0,0.0,0.0,,,2026-07-05T10:25:53.538657+00:00,COVERAGE_UNKNOWN,,,,,,0,1.0,COVERAGE_NOT_LOADED,,,,,,,,,,,,,,,,,,,,,,,,,,,,,,,,,,,,,,,,,,,,,,,,,,,,,NONE,,,,,,,,,,,,,,,,,,,,,,,,,,,,,,,,,,,,,,,,,,,,,,,,,,,,,,,,,,,,,,,,,,,,,,,,,,,,,,,,,,,,,,,,,,,,,,,
2026-07-05,2026-07-05T23:00:00+01:00,1783288800,MLS Next Pro,909,2026,1513199,NS,Connecticut FC,27420,Carolina Core,23063,USA,NS,Not Started,,,,,,,,,,,,0.0,0.0,0.0,0.0,0.0,0.0,0.0,0.0,0.0,0.0,,,2026-07-05T10:25:53.538661+00:00,COVERAGE_UNKNOWN,,,,,,0,1.0,COVERAGE_NOT_LOADED,,,,,,,,,,,,,,,,,,,,,,,,,,,,,,,,,,,,,,,,,,,,,,,,,,,,,NONE,,,,,,,,,,,,,,,,,,,,,,,,,,,,,,,,,,,,,,,,,,,,,,,,,,,,,,,,,,,,,,,,,,,,,,,,,,,,,,,,,,,,,,,,,,,,,,,
2026-07-05,2026-07-05T23:00:00+01:00,1783288800,Canadian Premier League,479,2026,1517308,NS,Pacific FC,2622,HFX Wanderers FC,2621,Canada,NS,Not Started,,,,,,,,,,,,0.0,0.0,0.0,0.0,0.0,0.0,0.0,0.0,0.0,0.0,,,2026-07-05T10:25:53.538666+00:00,COVERAGE_UNKNOWN,,,,,,0,1.0,COVERAGE_NOT_LOADED,,,,,,,,,,,,,,,,,,,,,,,,,,,,,,,,,,,,,,,,,,,,,,,,,,,,,NONE,,,,,,,,,,,,,,,,,,,,,,,,,,,,,,,,,,,,,,,,,,,,,,,,,,,,,,,,,,,,,,,,,,,,,,,,,,,,,,,,,,,,,,,,,,,,,,,
2026-07-05,2026-07-05T23:00:00+01:00,1783288800,Liga Pro,242,2026,1519386,NS,Delfin SC,1149,Emelec,1148,Ecuador,NS,Not Started,,,,,,,,,,,,0.0,0.0,0.0,0.0,0.0,0.0,0.0,0.0,0.0,0.0,,,2026-07-05T10:25:53.538670+00:00,COVERAGE_UNKNOWN,,,,,,0,1.0,COVERAGE_NOT_LOADED,,,,,,,,,,,,,,,,,,,,,,,,,,,,,,,,,,,,,,,,,,,,,,,,,,,,,NONE,,,,,,,,,,,,,,,,,,,,,,,,,,,,,,,,,,,,,,,,,,,,,,,,,,,,,,,,,,,,,,,,,,,,,,,,,,,,,,,,,,,,,,,,,,,,,,,
2026-07-05,2026-07-05T23:00:00+01:00,1783288800,USL League Two,256,2026,1525251,NS,San Francisco City,4079,Academica,10145,USA,NS,Not Started,,,,,,,,,,,,0.0,0.0,0.0,0.0,0.0,0.0,0.0,0.0,0.0,0.0,,,2026-07-05T10:25:53.538675+00:00,COVERAGE_UNKNOWN,,,,,,0,1.0,COVERAGE_NOT_LOADED,,,,,,,,,,,,,,,,,,,,,,,,,,,,,,,,,,,,,,,,,,,,,,,,,,,,,NONE,,,,,,,,,,,,,,,,,,,,,,,,,,,,,,,,,,,,,,,,,,,,,,,,,,,,,,,,,,,,,,,,,,,,,,,,,,,,,,,,,,,,,,,,,,,,,,,
2026-07-05,2026-07-05T23:00:00+01:00,1783288800,USL League Two,256,2026,1525256,NS,North Carolina II,4067,Asheville City,10094,USA,NS,Not Started,,,,,,,,,,,,0.0,0.0,0.0,0.0,0.0,0.0,0.0,0.0,0.0,0.0,,,2026-07-05T10:25:53.538679+00:00,COVERAGE_UNKNOWN,,,,,,0,1.0,COVERAGE_NOT_LOADED,,,,,,,,,,,,,,,,,,,,,,,,,,,,,,,,,,,,,,,,,,,,,,,,,,,,,NONE,,,,,,,,,,,,,,,,,,,,,,,,,,,,,,,,,,,,,,,,,,,,,,,,,,,,,,,,,,,,,,,,,,,,,,,,,,,,,,,,,,,,,,,,,,,,,,,
