target_date,generated_at,fixture_id,home_team,away_team,team_side,source_name,source_url_hash,source_url_host,fetch_status,marker,marker_count,snippet_excerpt,snippet_chars,debug_status,copyright_guard,source_guard,auto_apply,production_change
2026-07-30,2026-07-30T11:00:58+01:00,1494711,KFUM Oslo,Molde,home,sportsmole,e5a72d8a1c4fe5f4,sportsmole.co.uk,OK,possible starting lineup,2,"but against Brann, putting him in contention to replace Oskar Spiten. KFUM Oslo possible starting lineup: Odegaard; Saunes, Skaret, Schneider; Sjokvist, Rasch, Soras, Hjorth; Vinge, Grodem, Njie Molde possible starting lineup: Posiadala; Lovik, Amundsen, Hanse…",261,DEBUG_SNIPPET,short_excerpt_only_no_full_html,data/processed/today/2026-07-30/vsigma_probable_lineup_sources.csv;data/processed/governance/vsigma_probable_lineup_sources.csv;data/processed/today/2026-07-30/vsigma_probable_lineup_sources_quarantine.csv;data/processed/governance/vsigma_probable_lineup_sources_quarantine.csv;data/processed/today/2026-07-30/probable_lineup_sources_autonomous.csv;data/processed/governance/probable_lineup_sources_autonomous.csv,NO,NO
2026-07-30,2026-07-30T11:00:58+01:00,1494711,KFUM Oslo,Molde,home,sportsmole,e5a72d8a1c4fe5f4,sportsmole.co.uk,OK,possible starting lineup,2,"s, Skaret, Schneider; Sjokvist, Rasch, Soras, Hjorth; Vinge, Grodem, Njie Molde possible starting lineup: Posiadala; Lovik, Amundsen, Hansen, Kabini; Daga, Breivik; Hestad, Granaas, Diop; Abdullai We say: KFUM Oslo 1-2 Molde Having resumed the campaign in poor…",261,DEBUG_SNIPPET,short_excerpt_only_no_full_html,data/processed/today/2026-07-30/vsigma_probable_lineup_sources.csv;data/processed/governance/vsigma_probable_lineup_sources.csv;data/processed/today/2026-07-30/vsigma_probable_lineup_sources_quarantine.csv;data/processed/governance/vsigma_probable_lineup_sources_quarantine.csv;data/processed/today/2026-07-30/probable_lineup_sources_autonomous.csv;data/processed/governance/probable_lineup_sources_autonomous.csv,NO,NO
2026-07-30,2026-07-30T11:00:58+01:00,1494711,KFUM Oslo,Molde,home,sportsmole,e5a72d8a1c4fe5f4,sportsmole.co.uk,OK,team news,7,"Preview: KFUM Oslo vs Molde - prediction, team news, lineups - Sports Mole Live scores Previews Search the website Menu Loading... Norwegian Eliteserien Gameweek 15 KFUM Jul 26, 2026 4.00pm 2 4 HT : 1 1 FT KFUM Arena Molde Rasmus E",231,DEBUG_SNIPPET,short_excerpt_only_no_full_html,data/processed/today/2026-07-30/vsigma_probable_lineup_sources.csv;data/processed/governance/vsigma_probable_lineup_sources.csv;data/processed/today/2026-07-30/vsigma_probable_lineup_sources_quarantine.csv;data/processed/governance/vsigma_probable_lineup_sources_quarantine.csv;data/processed/today/2026-07-30/probable_lineup_sources_autonomous.csv;data/processed/governance/probable_lineup_sources_autonomous.csv,NO,NO
2026-07-30,2026-07-30T11:00:58+01:00,1494711,KFUM Oslo,Molde,home,sportsmole,e5a72d8a1c4fe5f4,sportsmole.co.uk,OK,team news,7,"ini 90'+3' Sports Mole Football Molde Preview: KFUM Oslo vs Molde - prediction, team news, lineups By Darren Plant | 24 Jul 2026 10:16 © Iconsport / Beautiful Sports International, BEAUTIFUL SPORTS Pressphoto Agency, Alamy, Tomasz Kluczynski, Arena Akcji Molde…",261,DEBUG_SNIPPET,short_excerpt_only_no_full_html,data/processed/today/2026-07-30/vsigma_probable_lineup_sources.csv;data/processed/governance/vsigma_probable_lineup_sources.csv;data/processed/today/2026-07-30/vsigma_probable_lineup_sources_quarantine.csv;data/processed/governance/vsigma_probable_lineup_sources_quarantine.csv;data/processed/today/2026-07-30/probable_lineup_sources_autonomous.csv;data/processed/governance/probable_lineup_sources_autonomous.csv,NO,NO
2026-07-30,2026-07-30T11:00:58+01:00,1494711,KFUM Oslo,Molde,home,sportsmole,e5a72d8a1c4fe5f4,sportsmole.co.uk,OK,team news,7,"ian Eliteserien form: L L W D L L Molde Norwegian Eliteserien form: L W L W D L Team News © Imago / STEINSIEK.CH Having only lost to Lillestrom through an 85th-minute goal, Isnes may be prepared to name the same KFUM Oslo side. Rasmus Eggen Vinge ended a four-…",261,DEBUG_SNIPPET,short_excerpt_only_no_full_html,data/processed/today/2026-07-30/vsigma_probable_lineup_sources.csv;data/processed/governance/vsigma_probable_lineup_sources.csv;data/processed/today/2026-07-30/vsigma_probable_lineup_sources_quarantine.csv;data/processed/governance/vsigma_probable_lineup_sources_quarantine.csv;data/processed/today/2026-07-30/probable_lineup_sources_autonomous.csv;data/processed/governance/probable_lineup_sources_autonomous.csv,NO,NO
2026-07-30,2026-07-30T11:00:58+01:00,1494711,KFUM Oslo,Molde,home,sportsmole,e5a72d8a1c4fe5f4,sportsmole.co.uk,OK,lineups,6,"Preview: KFUM Oslo vs Molde - prediction, team news, lineups - Sports Mole Live scores Previews Search the website Menu Loading... Norwegian Eliteserien Gameweek 15 KFUM Jul 26, 2026 4.00pm 2 4 HT : 1 1 FT KFUM Arena Molde Rasmus Eggen Ving",240,DEBUG_SNIPPET,short_excerpt_only_no_full_html,data/processed/today/2026-07-30/vsigma_probable_lineup_sources.csv;data/processed/governance/vsigma_probable_lineup_sources.csv;data/processed/today/2026-07-30/vsigma_probable_lineup_sources_quarantine.csv;data/processed/governance/vsigma_probable_lineup_sources_quarantine.csv;data/processed/today/2026-07-30/probable_lineup_sources_autonomous.csv;data/processed/governance/probable_lineup_sources_autonomous.csv,NO,NO
2026-07-30,2026-07-30T11:00:58+01:00,1494711,KFUM Oslo,Molde,home,sportsmole,e5a72d8a1c4fe5f4,sportsmole.co.uk,OK,lineups,6,"Sports Mole Football Molde Preview: KFUM Oslo vs Molde - prediction, team news, lineups By Darren Plant | 24 Jul 2026 10:16 © Iconsport / Beautiful Sports International, BEAUTIFUL SPORTS Pressphoto Agency, Alamy, Tomasz Kluczynski, Arena Akcji Molde make the t…",261,DEBUG_SNIPPET,short_excerpt_only_no_full_html,data/processed/today/2026-07-30/vsigma_probable_lineup_sources.csv;data/processed/governance/vsigma_probable_lineup_sources.csv;data/processed/today/2026-07-30/vsigma_probable_lineup_sources_quarantine.csv;data/processed/governance/vsigma_probable_lineup_sources_quarantine.csv;data/processed/today/2026-07-30/probable_lineup_sources_autonomous.csv;data/processed/governance/probable_lineup_sources_autonomous.csv,NO,NO
2026-07-30,2026-07-30T11:00:58+01:00,1494711,KFUM Oslo,Molde,home,sportsmole,e5a72d8a1c4fe5f4,sportsmole.co.uk,OK,lineups,6,"UM Oslo Molde related articles Preview: Molde vs Brann - prediction, team news, lineups Football | 17 Jul 2026 02:39 Preview: Aalesund vs Molde - prediction, team news, lineups Football | 09 Jul 2026 18:43 Preview: Molde vs Sandefjord - prediction, team news,…",260,DEBUG_SNIPPET,short_excerpt_only_no_full_html,data/processed/today/2026-07-30/vsigma_probable_lineup_sources.csv;data/processed/governance/vsigma_probable_lineup_sources.csv;data/processed/today/2026-07-30/vsigma_probable_lineup_sources_quarantine.csv;data/processed/governance/vsigma_probable_lineup_sources_quarantine.csv;data/processed/today/2026-07-30/probable_lineup_sources_autonomous.csv;data/processed/governance/probable_lineup_sources_autonomous.csv,NO,NO
2026-07-30,2026-07-30T11:00:58+01:00,1492307,Remo,Vitoria,home,sportsmole,25879f536aaa103d,sportsmole.co.uk,OK,possible starting lineup,2,"lso been included in the squad and is competing for a place at right-back. Remo possible starting lineup: Rangel; Marcelinho, Ze Ivaldo, Felipe, Mayk; Ze Welison, Patrick, Ze Ricardo; Pikachu, Jaja, Manga Vitoria possible starting lineup: Arcanjo; Jamerson, Ca…",261,DEBUG_SNIPPET,short_excerpt_only_no_full_html,data/processed/today/2026-07-30/vsigma_probable_lineup_sources.csv;data/processed/governance/vsigma_probable_lineup_sources.csv;data/processed/today/2026-07-30/vsigma_probable_lineup_sources_quarantine.csv;data/processed/governance/vsigma_probable_lineup_sources_quarantine.csv;data/processed/today/2026-07-30/probable_lineup_sources_autonomous.csv;data/processed/governance/probable_lineup_sources_autonomous.csv,NO,NO
2026-07-30,2026-07-30T11:00:58+01:00,1492307,Remo,Vitoria,home,sportsmole,25879f536aaa103d,sportsmole.co.uk,OK,possible starting lineup,2,"do, Felipe, Mayk; Ze Welison, Patrick, Ze Ricardo; Pikachu, Jaja, Manga Vitoria possible starting lineup: Arcanjo; Jamerson, Caca, Candido, Ramon; Baralhas, Ze Vitor, Pochettino; Erick, Matheuzinho, Kayzer We say: Remo 2-1 Vitoria The recent form of both sides…",261,DEBUG_SNIPPET,short_excerpt_only_no_full_html,data/processed/today/2026-07-30/vsigma_probable_lineup_sources.csv;data/processed/governance/vsigma_probable_lineup_sources.csv;data/processed/today/2026-07-30/vsigma_probable_lineup_sources_quarantine.csv;data/processed/governance/vsigma_probable_lineup_sources_quarantine.csv;data/processed/today/2026-07-30/probable_lineup_sources_autonomous.csv;data/processed/governance/probable_lineup_sources_autonomous.csv,NO,NO
2026-07-30,2026-07-30T11:00:58+01:00,1492307,Remo,Vitoria,home,sportsmole,25879f536aaa103d,sportsmole.co.uk,OK,team news,9,"Preview: Remo vs Vitoria - prediction, team news, lineups - Sports Mole Live scores Previews Search the website Menu Loading... Brasileiro Gameweek 20 Remo Jul 26, 2026 11.30pm 2 0 HT : 1 0 FT Estádio Estadual Jornalista Edgar A",228,DEBUG_SNIPPET,short_excerpt_only_no_full_html,data/processed/today/2026-07-30/vsigma_probable_lineup_sources.csv;data/processed/governance/vsigma_probable_lineup_sources.csv;data/processed/today/2026-07-30/vsigma_probable_lineup_sources_quarantine.csv;data/processed/governance/vsigma_probable_lineup_sources_quarantine.csv;data/processed/today/2026-07-30/probable_lineup_sources_autonomous.csv;data/processed/governance/probable_lineup_sources_autonomous.csv,NO,NO
2026-07-30,2026-07-30T11:00:58+01:00,1492307,Remo,Vitoria,home,sportsmole,25879f536aaa103d,sportsmole.co.uk,OK,team news,9,"a 54' Cacá 41' Sports Mole Football Remo Preview: Remo vs Vitoria - prediction, team news, lineups By Adepoju Marvellous | 25 Jul 2026 22:20 , Last updated: 26 Jul 2026 20:09 © Iconsport / SUSA Remo and Vitoria meet on Sunday at the Mangueirao in their first a…",261,DEBUG_SNIPPET,short_excerpt_only_no_full_html,data/processed/today/2026-07-30/vsigma_probable_lineup_sources.csv;data/processed/governance/vsigma_probable_lineup_sources.csv;data/processed/today/2026-07-30/vsigma_probable_lineup_sources_quarantine.csv;data/processed/governance/vsigma_probable_lineup_sources_quarantine.csv;data/processed/today/2026-07-30/probable_lineup_sources_autonomous.csv;data/processed/governance/probable_lineup_sources_autonomous.csv,NO,NO
2026-07-30,2026-07-30T11:00:58+01:00,1492307,Remo,Vitoria,home,sportsmole,25879f536aaa103d,sportsmole.co.uk,OK,team news,9,"toria Brasileiro form: D L W L W D Vitoria form (all competitions): W L W W W D Team News © Imago Remo will be without Marllon, who was one booking away from a ban, picked up a yellow card in the defeat to Corinthians and now serves an automatic suspension. Th…",261,DEBUG_SNIPPET,short_excerpt_only_no_full_html,data/processed/today/2026-07-30/vsigma_probable_lineup_sources.csv;data/processed/governance/vsigma_probable_lineup_sources.csv;data/processed/today/2026-07-30/vsigma_probable_lineup_sources_quarantine.csv;data/processed/governance/vsigma_probable_lineup_sources_quarantine.csv;data/processed/today/2026-07-30/probable_lineup_sources_autonomous.csv;data/processed/governance/probable_lineup_sources_autonomous.csv,NO,NO
2026-07-30,2026-07-30T11:00:58+01:00,1492307,Remo,Vitoria,home,sportsmole,25879f536aaa103d,sportsmole.co.uk,OK,lineups,8,"Preview: Remo vs Vitoria - prediction, team news, lineups - Sports Mole Live scores Previews Search the website Menu Loading... Brasileiro Gameweek 20 Remo Jul 26, 2026 11.30pm 2 0 HT : 1 0 FT Estádio Estadual Jornalista Edgar Augusto Pr",237,DEBUG_SNIPPET,short_excerpt_only_no_full_html,data/processed/today/2026-07-30/vsigma_probable_lineup_sources.csv;data/processed/governance/vsigma_probable_lineup_sources.csv;data/processed/today/2026-07-30/vsigma_probable_lineup_sources_quarantine.csv;data/processed/governance/vsigma_probable_lineup_sources_quarantine.csv;data/processed/today/2026-07-30/probable_lineup_sources_autonomous.csv;data/processed/governance/probable_lineup_sources_autonomous.csv,NO,NO
2026-07-30,2026-07-30T11:00:58+01:00,1492307,Remo,Vitoria,home,sportsmole,25879f536aaa103d,sportsmole.co.uk,OK,lineups,8,"41' Sports Mole Football Remo Preview: Remo vs Vitoria - prediction, team news, lineups By Adepoju Marvellous | 25 Jul 2026 22:20 , Last updated: 26 Jul 2026 20:09 © Iconsport / SUSA Remo and Vitoria meet on Sunday at the Mangueirao in their first assignment o…",261,DEBUG_SNIPPET,short_excerpt_only_no_full_html,data/processed/today/2026-07-30/vsigma_probable_lineup_sources.csv;data/processed/governance/vsigma_probable_lineup_sources.csv;data/processed/today/2026-07-30/vsigma_probable_lineup_sources_quarantine.csv;data/processed/governance/vsigma_probable_lineup_sources_quarantine.csv;data/processed/today/2026-07-30/probable_lineup_sources_autonomous.csv;data/processed/governance/probable_lineup_sources_autonomous.csv,NO,NO
2026-07-30,2026-07-30T11:00:58+01:00,1492307,Remo,Vitoria,home,sportsmole,25879f536aaa103d,sportsmole.co.uk,OK,lineups,8,"ria Remo related articles Preview: Corinthians vs Remo - prediction, team news, lineups Football | 21 Jul 2026 21:37 Preview: Remo vs Sao Paulo - prediction, team news, lineups Football | 30 May 2026 12:18 Preview: Remo vs Athletico PR - prediction, team news,…",261,DEBUG_SNIPPET,short_excerpt_only_no_full_html,data/processed/today/2026-07-30/vsigma_probable_lineup_sources.csv;data/processed/governance/vsigma_probable_lineup_sources.csv;data/processed/today/2026-07-30/vsigma_probable_lineup_sources_quarantine.csv;data/processed/governance/vsigma_probable_lineup_sources_quarantine.csv;data/processed/today/2026-07-30/probable_lineup_sources_autonomous.csv;data/processed/governance/probable_lineup_sources_autonomous.csv,NO,NO
2026-07-30,2026-07-30T11:00:58+01:00,1492307,Remo,Vitoria,away,sportsmole,25879f536aaa103d,sportsmole.co.uk,OK,possible starting lineup,2,"lso been included in the squad and is competing for a place at right-back. Remo possible starting lineup: Rangel; Marcelinho, Ze Ivaldo, Felipe, Mayk; Ze Welison, Patrick, Ze Ricardo; Pikachu, Jaja, Manga Vitoria possible starting lineup: Arcanjo; Jamerson, Ca…",261,DEBUG_SNIPPET,short_excerpt_only_no_full_html,data/processed/today/2026-07-30/vsigma_probable_lineup_sources.csv;data/processed/governance/vsigma_probable_lineup_sources.csv;data/processed/today/2026-07-30/vsigma_probable_lineup_sources_quarantine.csv;data/processed/governance/vsigma_probable_lineup_sources_quarantine.csv;data/processed/today/2026-07-30/probable_lineup_sources_autonomous.csv;data/processed/governance/probable_lineup_sources_autonomous.csv,NO,NO
2026-07-30,2026-07-30T11:00:58+01:00,1492307,Remo,Vitoria,away,sportsmole,25879f536aaa103d,sportsmole.co.uk,OK,possible starting lineup,2,"do, Felipe, Mayk; Ze Welison, Patrick, Ze Ricardo; Pikachu, Jaja, Manga Vitoria possible starting lineup: Arcanjo; Jamerson, Caca, Candido, Ramon; Baralhas, Ze Vitor, Pochettino; Erick, Matheuzinho, Kayzer We say: Remo 2-1 Vitoria The recent form of both sides…",261,DEBUG_SNIPPET,short_excerpt_only_no_full_html,data/processed/today/2026-07-30/vsigma_probable_lineup_sources.csv;data/processed/governance/vsigma_probable_lineup_sources.csv;data/processed/today/2026-07-30/vsigma_probable_lineup_sources_quarantine.csv;data/processed/governance/vsigma_probable_lineup_sources_quarantine.csv;data/processed/today/2026-07-30/probable_lineup_sources_autonomous.csv;data/processed/governance/probable_lineup_sources_autonomous.csv,NO,NO
2026-07-30,2026-07-30T11:00:58+01:00,1492307,Remo,Vitoria,away,sportsmole,25879f536aaa103d,sportsmole.co.uk,OK,team news,9,"Preview: Remo vs Vitoria - prediction, team news, lineups - Sports Mole Live scores Previews Search the website Menu Loading... Brasileiro Gameweek 20 Remo Jul 26, 2026 11.30pm 2 0 HT : 1 0 FT Estádio Estadual Jornalista Edgar A",228,DEBUG_SNIPPET,short_excerpt_only_no_full_html,data/processed/today/2026-07-30/vsigma_probable_lineup_sources.csv;data/processed/governance/vsigma_probable_lineup_sources.csv;data/processed/today/2026-07-30/vsigma_probable_lineup_sources_quarantine.csv;data/processed/governance/vsigma_probable_lineup_sources_quarantine.csv;data/processed/today/2026-07-30/probable_lineup_sources_autonomous.csv;data/processed/governance/probable_lineup_sources_autonomous.csv,NO,NO
2026-07-30,2026-07-30T11:00:58+01:00,1492307,Remo,Vitoria,away,sportsmole,25879f536aaa103d,sportsmole.co.uk,OK,team news,9,"a 54' Cacá 41' Sports Mole Football Remo Preview: Remo vs Vitoria - prediction, team news, lineups By Adepoju Marvellous | 25 Jul 2026 22:20 , Last updated: 26 Jul 2026 20:09 © Iconsport / SUSA Remo and Vitoria meet on Sunday at the Mangueirao in their first a…",261,DEBUG_SNIPPET,short_excerpt_only_no_full_html,data/processed/today/2026-07-30/vsigma_probable_lineup_sources.csv;data/processed/governance/vsigma_probable_lineup_sources.csv;data/processed/today/2026-07-30/vsigma_probable_lineup_sources_quarantine.csv;data/processed/governance/vsigma_probable_lineup_sources_quarantine.csv;data/processed/today/2026-07-30/probable_lineup_sources_autonomous.csv;data/processed/governance/probable_lineup_sources_autonomous.csv,NO,NO
2026-07-30,2026-07-30T11:00:58+01:00,1492307,Remo,Vitoria,away,sportsmole,25879f536aaa103d,sportsmole.co.uk,OK,team news,9,"toria Brasileiro form: D L W L W D Vitoria form (all competitions): W L W W W D Team News © Imago Remo will be without Marllon, who was one booking away from a ban, picked up a yellow card in the defeat to Corinthians and now serves an automatic suspension. Th…",261,DEBUG_SNIPPET,short_excerpt_only_no_full_html,data/processed/today/2026-07-30/vsigma_probable_lineup_sources.csv;data/processed/governance/vsigma_probable_lineup_sources.csv;data/processed/today/2026-07-30/vsigma_probable_lineup_sources_quarantine.csv;data/processed/governance/vsigma_probable_lineup_sources_quarantine.csv;data/processed/today/2026-07-30/probable_lineup_sources_autonomous.csv;data/processed/governance/probable_lineup_sources_autonomous.csv,NO,NO
2026-07-30,2026-07-30T11:00:58+01:00,1492307,Remo,Vitoria,away,sportsmole,25879f536aaa103d,sportsmole.co.uk,OK,lineups,8,"Preview: Remo vs Vitoria - prediction, team news, lineups - Sports Mole Live scores Previews Search the website Menu Loading... Brasileiro Gameweek 20 Remo Jul 26, 2026 11.30pm 2 0 HT : 1 0 FT Estádio Estadual Jornalista Edgar Augusto Pr",237,DEBUG_SNIPPET,short_excerpt_only_no_full_html,data/processed/today/2026-07-30/vsigma_probable_lineup_sources.csv;data/processed/governance/vsigma_probable_lineup_sources.csv;data/processed/today/2026-07-30/vsigma_probable_lineup_sources_quarantine.csv;data/processed/governance/vsigma_probable_lineup_sources_quarantine.csv;data/processed/today/2026-07-30/probable_lineup_sources_autonomous.csv;data/processed/governance/probable_lineup_sources_autonomous.csv,NO,NO
2026-07-30,2026-07-30T11:00:58+01:00,1492307,Remo,Vitoria,away,sportsmole,25879f536aaa103d,sportsmole.co.uk,OK,lineups,8,"41' Sports Mole Football Remo Preview: Remo vs Vitoria - prediction, team news, lineups By Adepoju Marvellous | 25 Jul 2026 22:20 , Last updated: 26 Jul 2026 20:09 © Iconsport / SUSA Remo and Vitoria meet on Sunday at the Mangueirao in their first assignment o…",261,DEBUG_SNIPPET,short_excerpt_only_no_full_html,data/processed/today/2026-07-30/vsigma_probable_lineup_sources.csv;data/processed/governance/vsigma_probable_lineup_sources.csv;data/processed/today/2026-07-30/vsigma_probable_lineup_sources_quarantine.csv;data/processed/governance/vsigma_probable_lineup_sources_quarantine.csv;data/processed/today/2026-07-30/probable_lineup_sources_autonomous.csv;data/processed/governance/probable_lineup_sources_autonomous.csv,NO,NO
2026-07-30,2026-07-30T11:00:58+01:00,1492307,Remo,Vitoria,away,sportsmole,25879f536aaa103d,sportsmole.co.uk,OK,lineups,8,"ria Remo related articles Preview: Corinthians vs Remo - prediction, team news, lineups Football | 21 Jul 2026 21:37 Preview: Remo vs Sao Paulo - prediction, team news, lineups Football | 30 May 2026 12:18 Preview: Remo vs Athletico PR - prediction, team news,…",261,DEBUG_SNIPPET,short_excerpt_only_no_full_html,data/processed/today/2026-07-30/vsigma_probable_lineup_sources.csv;data/processed/governance/vsigma_probable_lineup_sources.csv;data/processed/today/2026-07-30/vsigma_probable_lineup_sources_quarantine.csv;data/processed/governance/vsigma_probable_lineup_sources_quarantine.csv;data/processed/today/2026-07-30/probable_lineup_sources_autonomous.csv;data/processed/governance/probable_lineup_sources_autonomous.csv,NO,NO
2026-07-30,2026-07-30T11:00:58+01:00,1492307,Remo,Vitoria,away,sportsmole,8252513fb4cd10ea,sportsmole.co.uk,OK,possible starting lineup,2,"ins without a timeline to return after tearing his right knee meniscus. Vitoria possible starting lineup: Arcanjo; Jamerson, Caca, Luan Candido, Ramon; Martinez, Gabriel Baralhas, Ze Vitor; Erick, Tarzia, Rene Palmeiras possible starting lineup: Miguel; Murilo…",261,DEBUG_SNIPPET,short_excerpt_only_no_full_html,data/processed/today/2026-07-30/vsigma_probable_lineup_sources.csv;data/processed/governance/vsigma_probable_lineup_sources.csv;data/processed/today/2026-07-30/vsigma_probable_lineup_sources_quarantine.csv;data/processed/governance/vsigma_probable_lineup_sources_quarantine.csv;data/processed/today/2026-07-30/probable_lineup_sources_autonomous.csv;data/processed/governance/probable_lineup_sources_autonomous.csv,NO,NO
2026-07-30,2026-07-30T11:00:58+01:00,1492307,Remo,Vitoria,away,sportsmole,8252513fb4cd10ea,sportsmole.co.uk,OK,possible starting lineup,2,"ido, Ramon; Martinez, Gabriel Baralhas, Ze Vitor; Erick, Tarzia, Rene Palmeiras possible starting lineup: Miguel; Murilo, Gomez, Alexander Barboza; Khellven, Marlon Freitas, Pereira, Piquerez; Arias, Mauricio; Roque We say: Vitoria 1-2 Palmeiras Palmeiras poss…",261,DEBUG_SNIPPET,short_excerpt_only_no_full_html,data/processed/today/2026-07-30/vsigma_probable_lineup_sources.csv;data/processed/governance/vsigma_probable_lineup_sources.csv;data/processed/today/2026-07-30/vsigma_probable_lineup_sources_quarantine.csv;data/processed/governance/vsigma_probable_lineup_sources_quarantine.csv;data/processed/today/2026-07-30/probable_lineup_sources_autonomous.csv;data/processed/governance/probable_lineup_sources_autonomous.csv,NO,NO
2026-07-30,2026-07-30T11:00:58+01:00,1492307,Remo,Vitoria,away,sportsmole,8252513fb4cd10ea,sportsmole.co.uk,OK,team news,9,"Preview: Vitoria vs Palmeiras - prediction, team news, lineups - Sports Mole Live scores Previews Search the website Menu Loading... Brasileiro Gameweek 21 Vitoria Jul 30, 2026 1.30am 0 4 HT : 0 2 FT Estádio Manoel Barradas Palmeiras",233,DEBUG_SNIPPET,short_excerpt_only_no_full_html,data/processed/today/2026-07-30/vsigma_probable_lineup_sources.csv;data/processed/governance/vsigma_probable_lineup_sources.csv;data/processed/today/2026-07-30/vsigma_probable_lineup_sources_quarantine.csv;data/processed/governance/vsigma_probable_lineup_sources_quarantine.csv;data/processed/today/2026-07-30/probable_lineup_sources_autonomous.csv;data/processed/governance/probable_lineup_sources_autonomous.csv,NO,NO
2026-07-30,2026-07-30T11:00:58+01:00,1492307,Remo,Vitoria,away,sportsmole,8252513fb4cd10ea,sportsmole.co.uk,OK,team news,9,"sa 84' Sports Mole Football Vitoria Preview: Vitoria vs Palmeiras - prediction, team news, lineups By Adepoju Marvellous | 28 Jul 2026 17:04 , Last updated: 28 Jul 2026 17:10 © Iconsport / SUSA Round 21 of the 2026 Brasileiro sees Vitoria and Palmeiras face ea…",261,DEBUG_SNIPPET,short_excerpt_only_no_full_html,data/processed/today/2026-07-30/vsigma_probable_lineup_sources.csv;data/processed/governance/vsigma_probable_lineup_sources.csv;data/processed/today/2026-07-30/vsigma_probable_lineup_sources_quarantine.csv;data/processed/governance/vsigma_probable_lineup_sources_quarantine.csv;data/processed/today/2026-07-30/probable_lineup_sources_autonomous.csv;data/processed/governance/probable_lineup_sources_autonomous.csv,NO,NO
2026-07-30,2026-07-30T11:00:58+01:00,1492307,Remo,Vitoria,away,sportsmole,8252513fb4cd10ea,sportsmole.co.uk,OK,team news,9,ras Brasileiro form: D D W W W L Palmeiras form (all competitions): L W W W W L Team News © Imago / Sports Press Photo Vitoria have gained an important return to reorganise their midfield. Emmanuel Martinez served his suspension and should reclaim his spot alo…,261,DEBUG_SNIPPET,short_excerpt_only_no_full_html,data/processed/today/2026-07-30/vsigma_probable_lineup_sources.csv;data/processed/governance/vsigma_probable_lineup_sources.csv;data/processed/today/2026-07-30/vsigma_probable_lineup_sources_quarantine.csv;data/processed/governance/vsigma_probable_lineup_sources_quarantine.csv;data/processed/today/2026-07-30/probable_lineup_sources_autonomous.csv;data/processed/governance/probable_lineup_sources_autonomous.csv,NO,NO
2026-07-30,2026-07-30T11:00:58+01:00,1492307,Remo,Vitoria,away,sportsmole,8252513fb4cd10ea,sportsmole.co.uk,OK,lineups,8,"Preview: Vitoria vs Palmeiras - prediction, team news, lineups - Sports Mole Live scores Previews Search the website Menu Loading... Brasileiro Gameweek 21 Vitoria Jul 30, 2026 1.30am 0 4 HT : 0 2 FT Estádio Manoel Barradas Palmeiras Emmanuel",242,DEBUG_SNIPPET,short_excerpt_only_no_full_html,data/processed/today/2026-07-30/vsigma_probable_lineup_sources.csv;data/processed/governance/vsigma_probable_lineup_sources.csv;data/processed/today/2026-07-30/vsigma_probable_lineup_sources_quarantine.csv;data/processed/governance/vsigma_probable_lineup_sources_quarantine.csv;data/processed/today/2026-07-30/probable_lineup_sources_autonomous.csv;data/processed/governance/probable_lineup_sources_autonomous.csv,NO,NO
2026-07-30,2026-07-30T11:00:58+01:00,1492307,Remo,Vitoria,away,sportsmole,8252513fb4cd10ea,sportsmole.co.uk,OK,lineups,8,"ts Mole Football Vitoria Preview: Vitoria vs Palmeiras - prediction, team news, lineups By Adepoju Marvellous | 28 Jul 2026 17:04 , Last updated: 28 Jul 2026 17:10 © Iconsport / SUSA Round 21 of the 2026 Brasileiro sees Vitoria and Palmeiras face each other on…",261,DEBUG_SNIPPET,short_excerpt_only_no_full_html,data/processed/today/2026-07-30/vsigma_probable_lineup_sources.csv;data/processed/governance/vsigma_probable_lineup_sources.csv;data/processed/today/2026-07-30/vsigma_probable_lineup_sources_quarantine.csv;data/processed/governance/vsigma_probable_lineup_sources_quarantine.csv;data/processed/today/2026-07-30/probable_lineup_sources_autonomous.csv;data/processed/governance/probable_lineup_sources_autonomous.csv,NO,NO
2026-07-30,2026-07-30T11:00:58+01:00,1492307,Remo,Vitoria,away,sportsmole,8252513fb4cd10ea,sportsmole.co.uk,OK,lineups,8,"iras Vitoria related articles Preview: Remo vs Vitoria - prediction, team news, lineups Football | 25 Jul 2026 22:20 Preview: Botafogo vs Vitoria - prediction, team news, lineups Football | 22 Jul 2026 18:27 Preview: Vitoria vs Vasco - prediction, team news, l…",261,DEBUG_SNIPPET,short_excerpt_only_no_full_html,data/processed/today/2026-07-30/vsigma_probable_lineup_sources.csv;data/processed/governance/vsigma_probable_lineup_sources.csv;data/processed/today/2026-07-30/vsigma_probable_lineup_sources_quarantine.csv;data/processed/governance/vsigma_probable_lineup_sources_quarantine.csv;data/processed/today/2026-07-30/probable_lineup_sources_autonomous.csv;data/processed/governance/probable_lineup_sources_autonomous.csv,NO,NO
2026-07-30,2026-07-30T11:00:58+01:00,1492307,Remo,Vitoria,home,sportsmole,edfee656dfad494c,sportsmole.co.uk,OK,possible starting lineup,2,"the short turnaround and the trip to the interior of Sao Paulo state. Mirassol possible starting lineup: Carlos Thomazella; Igor Formiga, Joao Victor, Gabriel Knesowitsch, Reinaldo; Eduardo, Denilson, Japa; Gustavo Silva, Bruno Santos, Edson Carioca Remo possi…",261,DEBUG_SNIPPET,short_excerpt_only_no_full_html,data/processed/today/2026-07-30/vsigma_probable_lineup_sources.csv;data/processed/governance/vsigma_probable_lineup_sources.csv;data/processed/today/2026-07-30/vsigma_probable_lineup_sources_quarantine.csv;data/processed/governance/vsigma_probable_lineup_sources_quarantine.csv;data/processed/today/2026-07-30/probable_lineup_sources_autonomous.csv;data/processed/governance/probable_lineup_sources_autonomous.csv,NO,NO
2026-07-30,2026-07-30T11:00:58+01:00,1492307,Remo,Vitoria,home,sportsmole,edfee656dfad494c,sportsmole.co.uk,OK,possible starting lineup,2,"naldo; Eduardo, Denilson, Japa; Gustavo Silva, Bruno Santos, Edson Carioca Remo possible starting lineup: Marcelo Rangel; Marcelo Rodrigues, Marllon Borges, Ze Ivaldo, Mayk; Ze Welison, Leonel Picco, Ze Ricardo; Yago Pikachu, Jaja, Alef Manga We say: Mirassol…",260,DEBUG_SNIPPET,short_excerpt_only_no_full_html,data/processed/today/2026-07-30/vsigma_probable_lineup_sources.csv;data/processed/governance/vsigma_probable_lineup_sources.csv;data/processed/today/2026-07-30/vsigma_probable_lineup_sources_quarantine.csv;data/processed/governance/vsigma_probable_lineup_sources_quarantine.csv;data/processed/today/2026-07-30/probable_lineup_sources_autonomous.csv;data/processed/governance/probable_lineup_sources_autonomous.csv,NO,NO
2026-07-30,2026-07-30T11:00:58+01:00,1492307,Remo,Vitoria,home,sportsmole,edfee656dfad494c,sportsmole.co.uk,OK,team news,9,"Preview: Mirassol vs Remo - prediction, team news, lineups - Sports Mole Live scores Previews Search the website Menu Loading... Brasileiro Gameweek 21 Mirassol Jul 29, 2026 11.30pm 2 1 HT : 1 1 FT Estádio José Maria de Campos Ma",229,DEBUG_SNIPPET,short_excerpt_only_no_full_html,data/processed/today/2026-07-30/vsigma_probable_lineup_sources.csv;data/processed/governance/vsigma_probable_lineup_sources.csv;data/processed/today/2026-07-30/vsigma_probable_lineup_sources_quarantine.csv;data/processed/governance/vsigma_probable_lineup_sources_quarantine.csv;data/processed/today/2026-07-30/probable_lineup_sources_autonomous.csv;data/processed/governance/probable_lineup_sources_autonomous.csv,NO,NO
2026-07-30,2026-07-30T11:00:58+01:00,1492307,Remo,Vitoria,home,sportsmole,edfee656dfad494c,sportsmole.co.uk,OK,team news,9,"valdo 72' Sports Mole Football Mirassol Preview: Mirassol vs Remo - prediction, team news, lineups By Nsidibe Akpan | 28 Jul 2026 18:01 , Last updated: 28 Jul 2026 18:18 © Imago / Sports Press Photo Mirassol and Remo meet at the Estadio Jose Maria de Campos Ma…",261,DEBUG_SNIPPET,short_excerpt_only_no_full_html,data/processed/today/2026-07-30/vsigma_probable_lineup_sources.csv;data/processed/governance/vsigma_probable_lineup_sources.csv;data/processed/today/2026-07-30/vsigma_probable_lineup_sources_quarantine.csv;data/processed/governance/vsigma_probable_lineup_sources_quarantine.csv;data/processed/today/2026-07-30/probable_lineup_sources_autonomous.csv;data/processed/governance/probable_lineup_sources_autonomous.csv,NO,NO
2026-07-30,2026-07-30T11:00:58+01:00,1492307,Remo,Vitoria,home,sportsmole,edfee656dfad494c,sportsmole.co.uk,OK,team news,9,ions): WWLLWD Remo Brasileiro form: DWLWLW Remo form (all competitions): WWLWLW Team News © Imago / Carneiro Images Mirassol will be forced into a significant change in goal after Walter collected his third yellow card of the season against Vasco and received…,260,DEBUG_SNIPPET,short_excerpt_only_no_full_html,data/processed/today/2026-07-30/vsigma_probable_lineup_sources.csv;data/processed/governance/vsigma_probable_lineup_sources.csv;data/processed/today/2026-07-30/vsigma_probable_lineup_sources_quarantine.csv;data/processed/governance/vsigma_probable_lineup_sources_quarantine.csv;data/processed/today/2026-07-30/probable_lineup_sources_autonomous.csv;data/processed/governance/probable_lineup_sources_autonomous.csv,NO,NO
2026-07-30,2026-07-30T11:00:58+01:00,1492307,Remo,Vitoria,home,sportsmole,edfee656dfad494c,sportsmole.co.uk,OK,lineups,8,"Preview: Mirassol vs Remo - prediction, team news, lineups - Sports Mole Live scores Previews Search the website Menu Loading... Brasileiro Gameweek 21 Mirassol Jul 29, 2026 11.30pm 2 1 HT : 1 1 FT Estádio José Maria de Campos Maia Remo I",238,DEBUG_SNIPPET,short_excerpt_only_no_full_html,data/processed/today/2026-07-30/vsigma_probable_lineup_sources.csv;data/processed/governance/vsigma_probable_lineup_sources.csv;data/processed/today/2026-07-30/vsigma_probable_lineup_sources_quarantine.csv;data/processed/governance/vsigma_probable_lineup_sources_quarantine.csv;data/processed/today/2026-07-30/probable_lineup_sources_autonomous.csv;data/processed/governance/probable_lineup_sources_autonomous.csv,NO,NO
2026-07-30,2026-07-30T11:00:58+01:00,1492307,Remo,Vitoria,home,sportsmole,edfee656dfad494c,sportsmole.co.uk,OK,lineups,8,"ports Mole Football Mirassol Preview: Mirassol vs Remo - prediction, team news, lineups By Nsidibe Akpan | 28 Jul 2026 18:01 , Last updated: 28 Jul 2026 18:18 © Imago / Sports Press Photo Mirassol and Remo meet at the Estadio Jose Maria de Campos Maia on Wedne…",261,DEBUG_SNIPPET,short_excerpt_only_no_full_html,data/processed/today/2026-07-30/vsigma_probable_lineup_sources.csv;data/processed/governance/vsigma_probable_lineup_sources.csv;data/processed/today/2026-07-30/vsigma_probable_lineup_sources_quarantine.csv;data/processed/governance/vsigma_probable_lineup_sources_quarantine.csv;data/processed/today/2026-07-30/probable_lineup_sources_autonomous.csv;data/processed/governance/probable_lineup_sources_autonomous.csv,NO,NO
2026-07-30,2026-07-30T11:00:58+01:00,1492307,Remo,Vitoria,home,sportsmole,edfee656dfad494c,sportsmole.co.uk,OK,lineups,8,"o Mirassol related articles Preview: Vasco vs Mirassol - prediction, team news, lineups Football | 24 Jul 2026 23:28 Preview: Mirassol vs Gremio - prediction, team news, lineups Football | 16 Jul 2026 17:52 Preview: Athletico PR vs Mirassol - prediction, team…",260,DEBUG_SNIPPET,short_excerpt_only_no_full_html,data/processed/today/2026-07-30/vsigma_probable_lineup_sources.csv;data/processed/governance/vsigma_probable_lineup_sources.csv;data/processed/today/2026-07-30/vsigma_probable_lineup_sources_quarantine.csv;data/processed/governance/vsigma_probable_lineup_sources_quarantine.csv;data/processed/today/2026-07-30/probable_lineup_sources_autonomous.csv;data/processed/governance/probable_lineup_sources_autonomous.csv,NO,NO
2026-07-30,2026-07-30T11:00:58+01:00,1494709,Aalesund,Viking,away,sportsmole,cc18101f0cd88fe0,sportsmole.co.uk,OK,possible starting lineup,2,"ffer Askildsen, Joe Bell and Simen Kvia-Egeskog must be at their best. Aalesund possible starting lineup: Larsen; Haram, Syversen, Gudmundsson; Charles, Christensen, Melland, Hagen, Nesso; Osenbroch, Lonebu Viking FK possible starting lineup: Belko; Bjorshol,…",260,DEBUG_SNIPPET,short_excerpt_only_no_full_html,data/processed/today/2026-07-30/vsigma_probable_lineup_sources.csv;data/processed/governance/vsigma_probable_lineup_sources.csv;data/processed/today/2026-07-30/vsigma_probable_lineup_sources_quarantine.csv;data/processed/governance/vsigma_probable_lineup_sources_quarantine.csv;data/processed/today/2026-07-30/probable_lineup_sources_autonomous.csv;data/processed/governance/probable_lineup_sources_autonomous.csv,NO,NO
2026-07-30,2026-07-30T11:00:58+01:00,1494709,Aalesund,Viking,away,sportsmole,cc18101f0cd88fe0,sportsmole.co.uk,OK,possible starting lineup,2,"dsson; Charles, Christensen, Melland, Hagen, Nesso; Osenbroch, Lonebu Viking FK possible starting lineup: Belko; Bjorshol, Stensness, Baertelsen, Haugen; Askildsen, Bell, Kvia-Egeskog; Fuglestad, Christiansen, Austbo We say: Aalesund 1-4 Viking FK There is lit…",261,DEBUG_SNIPPET,short_excerpt_only_no_full_html,data/processed/today/2026-07-30/vsigma_probable_lineup_sources.csv;data/processed/governance/vsigma_probable_lineup_sources.csv;data/processed/today/2026-07-30/vsigma_probable_lineup_sources_quarantine.csv;data/processed/governance/vsigma_probable_lineup_sources_quarantine.csv;data/processed/today/2026-07-30/probable_lineup_sources_autonomous.csv;data/processed/governance/probable_lineup_sources_autonomous.csv,NO,NO
2026-07-30,2026-07-30T11:00:58+01:00,1494709,Aalesund,Viking,away,sportsmole,cc18101f0cd88fe0,sportsmole.co.uk,OK,team news,8,"Preview: Aalesund vs Viking FK - prediction, team news, lineups - Sports Mole Live scores Previews Search the website Menu Loading... Norwegian Eliteserien Gameweek 15 Aalesund Jul 26, 2026 6.15pm 1 1 HT : 0 1 FT Color Line Stadion Vi",234,DEBUG_SNIPPET,short_excerpt_only_no_full_html,data/processed/today/2026-07-30/vsigma_probable_lineup_sources.csv;data/processed/governance/vsigma_probable_lineup_sources.csv;data/processed/today/2026-07-30/vsigma_probable_lineup_sources_quarantine.csv;data/processed/governance/vsigma_probable_lineup_sources_quarantine.csv;data/processed/today/2026-07-30/probable_lineup_sources_autonomous.csv;data/processed/governance/probable_lineup_sources_autonomous.csv,NO,NO
2026-07-30,2026-07-30T11:00:58+01:00,1494709,Aalesund,Viking,away,sportsmole,cc18101f0cd88fe0,sportsmole.co.uk,OK,team news,8,"87' Sports Mole Football Aalesund Preview: Aalesund vs Viking FK - prediction, team news, lineups By Lewis Nolan | 24 Jul 2026 18:22 © Iconsport / Bildbyran / Icon Sport In a clash that will have significant ramifications on both ends of the Eliteserien table,…",261,DEBUG_SNIPPET,short_excerpt_only_no_full_html,data/processed/today/2026-07-30/vsigma_probable_lineup_sources.csv;data/processed/governance/vsigma_probable_lineup_sources.csv;data/processed/today/2026-07-30/vsigma_probable_lineup_sources_quarantine.csv;data/processed/governance/vsigma_probable_lineup_sources_quarantine.csv;data/processed/today/2026-07-30/probable_lineup_sources_autonomous.csv;data/processed/governance/probable_lineup_sources_autonomous.csv,NO,NO
2026-07-30,2026-07-30T11:00:58+01:00,1494709,Aalesund,Viking,away,sportsmole,cc18101f0cd88fe0,sportsmole.co.uk,OK,team news,8,"Eliteserien form: W W D D D L Viking FK Norwegian Eliteserien form: W W W L W W Team News © Iconsport / Kent Rasmussen, Gonzales Photo / Alamy Aalesund may have to make a change at the back given Aleksander Kjelsen was taken off injured against Valerenga, so p…",261,DEBUG_SNIPPET,short_excerpt_only_no_full_html,data/processed/today/2026-07-30/vsigma_probable_lineup_sources.csv;data/processed/governance/vsigma_probable_lineup_sources.csv;data/processed/today/2026-07-30/vsigma_probable_lineup_sources_quarantine.csv;data/processed/governance/vsigma_probable_lineup_sources_quarantine.csv;data/processed/today/2026-07-30/probable_lineup_sources_autonomous.csv;data/processed/governance/probable_lineup_sources_autonomous.csv,NO,NO
2026-07-30,2026-07-30T11:00:58+01:00,1494709,Aalesund,Viking,away,sportsmole,cc18101f0cd88fe0,sportsmole.co.uk,OK,lineups,7,"Preview: Aalesund vs Viking FK - prediction, team news, lineups - Sports Mole Live scores Previews Search the website Menu Loading... Norwegian Eliteserien Gameweek 15 Aalesund Jul 26, 2026 6.15pm 1 1 HT : 0 1 FT Color Line Stadion Viking FK M",243,DEBUG_SNIPPET,short_excerpt_only_no_full_html,data/processed/today/2026-07-30/vsigma_probable_lineup_sources.csv;data/processed/governance/vsigma_probable_lineup_sources.csv;data/processed/today/2026-07-30/vsigma_probable_lineup_sources_quarantine.csv;data/processed/governance/vsigma_probable_lineup_sources_quarantine.csv;data/processed/today/2026-07-30/probable_lineup_sources_autonomous.csv;data/processed/governance/probable_lineup_sources_autonomous.csv,NO,NO
2026-07-30,2026-07-30T11:00:58+01:00,1494709,Aalesund,Viking,away,sportsmole,cc18101f0cd88fe0,sportsmole.co.uk,OK,lineups,7,"Mole Football Aalesund Preview: Aalesund vs Viking FK - prediction, team news, lineups By Lewis Nolan | 24 Jul 2026 18:22 © Iconsport / Bildbyran / Icon Sport In a clash that will have significant ramifications on both ends of the Eliteserien table, Aalesund w…",261,DEBUG_SNIPPET,short_excerpt_only_no_full_html,data/processed/today/2026-07-30/vsigma_probable_lineup_sources.csv;data/processed/governance/vsigma_probable_lineup_sources.csv;data/processed/today/2026-07-30/vsigma_probable_lineup_sources_quarantine.csv;data/processed/governance/vsigma_probable_lineup_sources_quarantine.csv;data/processed/today/2026-07-30/probable_lineup_sources_autonomous.csv;data/processed/governance/probable_lineup_sources_autonomous.csv,NO,NO
2026-07-30,2026-07-30T11:00:58+01:00,1494709,Aalesund,Viking,away,sportsmole,cc18101f0cd88fe0,sportsmole.co.uk,OK,lineups,7,"lesund related articles Preview: Valerenga vs Aalesund - prediction, team news, lineups Football | 15 Jul 2026 00:49 Preview: Aalesund vs Molde - prediction, team news, lineups Football | 09 Jul 2026 18:43 Preview: Aalesund vs. Stromsgodset - prediction, team…",260,DEBUG_SNIPPET,short_excerpt_only_no_full_html,data/processed/today/2026-07-30/vsigma_probable_lineup_sources.csv;data/processed/governance/vsigma_probable_lineup_sources.csv;data/processed/today/2026-07-30/vsigma_probable_lineup_sources_quarantine.csv;data/processed/governance/vsigma_probable_lineup_sources_quarantine.csv;data/processed/today/2026-07-30/probable_lineup_sources_autonomous.csv;data/processed/governance/probable_lineup_sources_autonomous.csv,NO,NO
2026-07-30,2026-07-30T11:00:58+01:00,1494711,KFUM Oslo,Molde,home,sportsmole,430ea14406ffa1a4,sportsmole.co.uk,OK,possible starting lineup,2,"inue to partner Johannes Nunez in attack for the visitors this weekend. ; Molde possible starting lineup: Karlstrom; Bjornbak, Oyvann, Haugan, Amundsen; Granaas, Daga, Eikrem; Sery, Gulbrandsen, Hestad KFUM Oslo possible starting lineup: Odegaard; Aleesami, Be…",261,DEBUG_SNIPPET,short_excerpt_only_no_full_html,data/processed/today/2026-07-30/vsigma_probable_lineup_sources.csv;data/processed/governance/vsigma_probable_lineup_sources.csv;data/processed/today/2026-07-30/vsigma_probable_lineup_sources_quarantine.csv;data/processed/governance/vsigma_probable_lineup_sources_quarantine.csv;data/processed/today/2026-07-30/probable_lineup_sources_autonomous.csv;data/processed/governance/probable_lineup_sources_autonomous.csv,NO,NO
2026-07-30,2026-07-30T11:00:58+01:00,1494711,KFUM Oslo,Molde,home,sportsmole,430ea14406ffa1a4,sportsmole.co.uk,OK,possible starting lineup,2,"n, Haugan, Amundsen; Granaas, Daga, Eikrem; Sery, Gulbrandsen, Hestad KFUM Oslo possible starting lineup: Odegaard; Aleesami, Berglie, Tonnessen; Hoseth, Sandal, Rasch, Hjorth, Hickson; Okeke, Nunez We say: Molde 1-0 KFUM Oslo While Molde has struggled for pos…",261,DEBUG_SNIPPET,short_excerpt_only_no_full_html,data/processed/today/2026-07-30/vsigma_probable_lineup_sources.csv;data/processed/governance/vsigma_probable_lineup_sources.csv;data/processed/today/2026-07-30/vsigma_probable_lineup_sources_quarantine.csv;data/processed/governance/vsigma_probable_lineup_sources_quarantine.csv;data/processed/today/2026-07-30/probable_lineup_sources_autonomous.csv;data/processed/governance/probable_lineup_sources_autonomous.csv,NO,NO
2026-07-30,2026-07-30T11:00:58+01:00,1494711,KFUM Oslo,Molde,home,sportsmole,430ea14406ffa1a4,sportsmole.co.uk,OK,team news,6,"Preview: Molde vs KFUM Oslo - prediction, team news, lineups - Sports Mole Live scores Previews Search the website Menu Loading... Norwegian Eliteserien Gameweek 11 Molde Jun 29, 2025 4.00pm 2 3 HT : 0 0 FT KFUM Sports Mole Footbal",231,DEBUG_SNIPPET,short_excerpt_only_no_full_html,data/processed/today/2026-07-30/vsigma_probable_lineup_sources.csv;data/processed/governance/vsigma_probable_lineup_sources.csv;data/processed/today/2026-07-30/vsigma_probable_lineup_sources_quarantine.csv;data/processed/governance/vsigma_probable_lineup_sources_quarantine.csv;data/processed/today/2026-07-30/probable_lineup_sources_autonomous.csv;data/processed/governance/probable_lineup_sources_autonomous.csv,NO,NO
2026-07-30,2026-07-30T11:00:58+01:00,1494711,KFUM Oslo,Molde,home,sportsmole,430ea14406ffa1a4,sportsmole.co.uk,OK,team news,6,"0 FT KFUM Sports Mole Football Molde Preview: Molde vs KFUM Oslo - prediction, team news, lineups By Devesh Jaganath | 27 Jun 2025 17:01 , Last updated: 27 Jun 2025 17:19 © Imago Molde will be hoping to move into the top half of the Eliteserien table this week…",261,DEBUG_SNIPPET,short_excerpt_only_no_full_html,data/processed/today/2026-07-30/vsigma_probable_lineup_sources.csv;data/processed/governance/vsigma_probable_lineup_sources.csv;data/processed/today/2026-07-30/vsigma_probable_lineup_sources_quarantine.csv;data/processed/governance/vsigma_probable_lineup_sources_quarantine.csv;data/processed/today/2026-07-30/probable_lineup_sources_autonomous.csv;data/processed/governance/probable_lineup_sources_autonomous.csv,NO,NO
2026-07-30,2026-07-30T11:00:58+01:00,1494711,KFUM Oslo,Molde,home,sportsmole,430ea14406ffa1a4,sportsmole.co.uk,OK,team news,6,"Norwegian Eliteserien form: LLWLLW KFUM Oslo Norwegian Eliteserien form: DLLLDW Team News © Imago Coach Hogmo will be forced to make several alterations to his starting lineup this week, with Halldor Stenevik , Mads Enggard and Emil Breivik all suspended after…",261,DEBUG_SNIPPET,short_excerpt_only_no_full_html,data/processed/today/2026-07-30/vsigma_probable_lineup_sources.csv;data/processed/governance/vsigma_probable_lineup_sources.csv;data/processed/today/2026-07-30/vsigma_probable_lineup_sources_quarantine.csv;data/processed/governance/vsigma_probable_lineup_sources_quarantine.csv;data/processed/today/2026-07-30/probable_lineup_sources_autonomous.csv;data/processed/governance/probable_lineup_sources_autonomous.csv,NO,NO
2026-07-30,2026-07-30T11:00:58+01:00,1494711,KFUM Oslo,Molde,home,sportsmole,430ea14406ffa1a4,sportsmole.co.uk,OK,lineups,5,"Preview: Molde vs KFUM Oslo - prediction, team news, lineups - Sports Mole Live scores Previews Search the website Menu Loading... Norwegian Eliteserien Gameweek 11 Molde Jun 29, 2025 4.00pm 2 3 HT : 0 0 FT KFUM Sports Mole Football Molde P",240,DEBUG_SNIPPET,short_excerpt_only_no_full_html,data/processed/today/2026-07-30/vsigma_probable_lineup_sources.csv;data/processed/governance/vsigma_probable_lineup_sources.csv;data/processed/today/2026-07-30/vsigma_probable_lineup_sources_quarantine.csv;data/processed/governance/vsigma_probable_lineup_sources_quarantine.csv;data/processed/today/2026-07-30/probable_lineup_sources_autonomous.csv;data/processed/governance/probable_lineup_sources_autonomous.csv,NO,NO
2026-07-30,2026-07-30T11:00:58+01:00,1494711,KFUM Oslo,Molde,home,sportsmole,430ea14406ffa1a4,sportsmole.co.uk,OK,lineups,5,"Sports Mole Football Molde Preview: Molde vs KFUM Oslo - prediction, team news, lineups By Devesh Jaganath | 27 Jun 2025 17:01 , Last updated: 27 Jun 2025 17:19 © Imago Molde will be hoping to move into the top half of the Eliteserien table this weekend when t…",261,DEBUG_SNIPPET,short_excerpt_only_no_full_html,data/processed/today/2026-07-30/vsigma_probable_lineup_sources.csv;data/processed/governance/vsigma_probable_lineup_sources.csv;data/processed/today/2026-07-30/vsigma_probable_lineup_sources_quarantine.csv;data/processed/governance/vsigma_probable_lineup_sources_quarantine.csv;data/processed/today/2026-07-30/probable_lineup_sources_autonomous.csv;data/processed/governance/probable_lineup_sources_autonomous.csv,NO,NO
2026-07-30,2026-07-30T11:00:58+01:00,1494711,KFUM Oslo,Molde,home,sportsmole,430ea14406ffa1a4,sportsmole.co.uk,OK,lineups,5,"all | 21 Jul 2025 14:48 Preview: Molde vs Stromsgodset - prediction, team news, lineups Football | 17 Jul 2025 20:37 Preview: Fredrikstad vs Molde - prediction, team news, lineups Football | 10 Jul 2025 21:21 Preview: Tromso vs Molde - prediction, team news, l…",261,DEBUG_SNIPPET,short_excerpt_only_no_full_html,data/processed/today/2026-07-30/vsigma_probable_lineup_sources.csv;data/processed/governance/vsigma_probable_lineup_sources.csv;data/processed/today/2026-07-30/vsigma_probable_lineup_sources_quarantine.csv;data/processed/governance/vsigma_probable_lineup_sources_quarantine.csv;data/processed/today/2026-07-30/probable_lineup_sources_autonomous.csv;data/processed/governance/probable_lineup_sources_autonomous.csv,NO,NO
2026-07-30,2026-07-30T11:00:58+01:00,1494711,KFUM Oslo,Molde,home,sportsmole,95ef7e7c76583509,sportsmole.co.uk,OK,possible starting lineup,2,"he visitors after scoring six goals in 13 league appearances this season. Molde possible starting lineup: Posiadala; Amundsen, Oyvann, Lund; Linnes, Hestad, Daehli, Breivik, Lovik; Planar, Eikrem KFUM Oslo possible starting lineup: Odegaard; Njie, A Aleesami,…",260,DEBUG_SNIPPET,short_excerpt_only_no_full_html,data/processed/today/2026-07-30/vsigma_probable_lineup_sources.csv;data/processed/governance/vsigma_probable_lineup_sources.csv;data/processed/today/2026-07-30/vsigma_probable_lineup_sources_quarantine.csv;data/processed/governance/vsigma_probable_lineup_sources_quarantine.csv;data/processed/today/2026-07-30/probable_lineup_sources_autonomous.csv;data/processed/governance/probable_lineup_sources_autonomous.csv,NO,NO
2026-07-30,2026-07-30T11:00:58+01:00,1494711,KFUM Oslo,Molde,home,sportsmole,95ef7e7c76583509,sportsmole.co.uk,OK,possible starting lineup,2,"Oyvann, Lund; Linnes, Hestad, Daehli, Breivik, Lovik; Planar, Eikrem KFUM Oslo possible starting lineup: Odegaard; Njie, A Aleesami, H Aleesami; Hoseth, Hestnes, Rasch, Hickson; Haltvik, Dahl; Nunez We say: Molde 1-1 KFUM Oslo KFUM have lost just one of their…",260,DEBUG_SNIPPET,short_excerpt_only_no_full_html,data/processed/today/2026-07-30/vsigma_probable_lineup_sources.csv;data/processed/governance/vsigma_probable_lineup_sources.csv;data/processed/today/2026-07-30/vsigma_probable_lineup_sources_quarantine.csv;data/processed/governance/vsigma_probable_lineup_sources_quarantine.csv;data/processed/today/2026-07-30/probable_lineup_sources_autonomous.csv;data/processed/governance/probable_lineup_sources_autonomous.csv,NO,NO
2026-07-30,2026-07-30T11:00:58+01:00,1494711,KFUM Oslo,Molde,home,sportsmole,95ef7e7c76583509,sportsmole.co.uk,OK,team news,8,"Preview: Molde vs. KFUM Oslo - prediction, team news, lineups - Sports Mole Live scores Previews Search the website Menu Loading... Norwegian Eliteserien Gameweek 15 Molde Jul 20, 2024 7.15pm 2 3 HT : 1 2 FT Aker Stadion KFUM Mathia",232,DEBUG_SNIPPET,short_excerpt_only_no_full_html,data/processed/today/2026-07-30/vsigma_probable_lineup_sources.csv;data/processed/governance/vsigma_probable_lineup_sources.csv;data/processed/today/2026-07-30/vsigma_probable_lineup_sources_quarantine.csv;data/processed/governance/vsigma_probable_lineup_sources_quarantine.csv;data/processed/today/2026-07-30/probable_lineup_sources_autonomous.csv;data/processed/governance/probable_lineup_sources_autonomous.csv,NO,NO
2026-07-30,2026-07-30T11:00:58+01:00,1494711,KFUM Oslo,Molde,home,sportsmole,95ef7e7c76583509,sportsmole.co.uk,OK,team news,8,"ri 90'+8' Sports Mole Football Molde Preview: Molde vs. KFUM Oslo - prediction, team news, lineups By Ben Sully | 18 Jul 2024 18:33 , Last updated: 04 Jun 2025 23:45 © Reuters Molde will attempt to extend their unbeaten run to six matches when they welcome KFU…",261,DEBUG_SNIPPET,short_excerpt_only_no_full_html,data/processed/today/2026-07-30/vsigma_probable_lineup_sources.csv;data/processed/governance/vsigma_probable_lineup_sources.csv;data/processed/today/2026-07-30/vsigma_probable_lineup_sources_quarantine.csv;data/processed/governance/vsigma_probable_lineup_sources_quarantine.csv;data/processed/today/2026-07-30/probable_lineup_sources_autonomous.csv;data/processed/governance/probable_lineup_sources_autonomous.csv,NO,NO
2026-07-30,2026-07-30T11:00:58+01:00,1494711,KFUM Oslo,Molde,home,sportsmole,95ef7e7c76583509,sportsmole.co.uk,OK,team news,8,"erien form: L W D W W D ; ; KFUM Oslo Norwegian Eliteserien form: D D D L L W ; Team News © Reuters The hosts are still expected to be without the services of Fredrik Gulbrandsen and Veton Berisha due to injury. Isak Amundsen is available following suspension,…",261,DEBUG_SNIPPET,short_excerpt_only_no_full_html,data/processed/today/2026-07-30/vsigma_probable_lineup_sources.csv;data/processed/governance/vsigma_probable_lineup_sources.csv;data/processed/today/2026-07-30/vsigma_probable_lineup_sources_quarantine.csv;data/processed/governance/vsigma_probable_lineup_sources_quarantine.csv;data/processed/today/2026-07-30/probable_lineup_sources_autonomous.csv;data/processed/governance/probable_lineup_sources_autonomous.csv,NO,NO
2026-07-30,2026-07-30T11:00:58+01:00,1494711,KFUM Oslo,Molde,home,sportsmole,95ef7e7c76583509,sportsmole.co.uk,OK,lineups,7,"Preview: Molde vs. KFUM Oslo - prediction, team news, lineups - Sports Mole Live scores Previews Search the website Menu Loading... Norwegian Eliteserien Gameweek 15 Molde Jul 20, 2024 7.15pm 2 3 HT : 1 2 FT Aker Stadion KFUM Mathias Fjortof",241,DEBUG_SNIPPET,short_excerpt_only_no_full_html,data/processed/today/2026-07-30/vsigma_probable_lineup_sources.csv;data/processed/governance/vsigma_probable_lineup_sources.csv;data/processed/today/2026-07-30/vsigma_probable_lineup_sources_quarantine.csv;data/processed/governance/vsigma_probable_lineup_sources_quarantine.csv;data/processed/today/2026-07-30/probable_lineup_sources_autonomous.csv;data/processed/governance/probable_lineup_sources_autonomous.csv,NO,NO
2026-07-30,2026-07-30T11:00:58+01:00,1494711,KFUM Oslo,Molde,home,sportsmole,95ef7e7c76583509,sportsmole.co.uk,OK,lineups,7,"ports Mole Football Molde Preview: Molde vs. KFUM Oslo - prediction, team news, lineups By Ben Sully | 18 Jul 2024 18:33 , Last updated: 04 Jun 2025 23:45 © Reuters Molde will attempt to extend their unbeaten run to six matches when they welcome KFUM Oslo to A…",261,DEBUG_SNIPPET,short_excerpt_only_no_full_html,data/processed/today/2026-07-30/vsigma_probable_lineup_sources.csv;data/processed/governance/vsigma_probable_lineup_sources.csv;data/processed/today/2026-07-30/vsigma_probable_lineup_sources_quarantine.csv;data/processed/governance/vsigma_probable_lineup_sources_quarantine.csv;data/processed/today/2026-07-30/probable_lineup_sources_autonomous.csv;data/processed/governance/probable_lineup_sources_autonomous.csv,NO,NO
2026-07-30,2026-07-30T11:00:58+01:00,1494711,KFUM Oslo,Molde,home,sportsmole,95ef7e7c76583509,sportsmole.co.uk,OK,lineups,7,"all | 21 Jul 2025 14:48 Preview: Molde vs Stromsgodset - prediction, team news, lineups Football | 17 Jul 2025 20:37 Preview: Fredrikstad vs Molde - prediction, team news, lineups Football | 10 Jul 2025 21:21 Preview: Tromso vs Molde - prediction, team news, l…",261,DEBUG_SNIPPET,short_excerpt_only_no_full_html,data/processed/today/2026-07-30/vsigma_probable_lineup_sources.csv;data/processed/governance/vsigma_probable_lineup_sources.csv;data/processed/today/2026-07-30/vsigma_probable_lineup_sources_quarantine.csv;data/processed/governance/vsigma_probable_lineup_sources_quarantine.csv;data/processed/today/2026-07-30/probable_lineup_sources_autonomous.csv;data/processed/governance/probable_lineup_sources_autonomous.csv,NO,NO
2026-07-30,2026-07-30T11:00:58+01:00,1494711,KFUM Oslo,Molde,away,sportsmole,95ef7e7c76583509,sportsmole.co.uk,OK,possible starting lineup,2,"he visitors after scoring six goals in 13 league appearances this season. Molde possible starting lineup: Posiadala; Amundsen, Oyvann, Lund; Linnes, Hestad, Daehli, Breivik, Lovik; Planar, Eikrem KFUM Oslo possible starting lineup: Odegaard; Njie, A Aleesami,…",260,DEBUG_SNIPPET,short_excerpt_only_no_full_html,data/processed/today/2026-07-30/vsigma_probable_lineup_sources.csv;data/processed/governance/vsigma_probable_lineup_sources.csv;data/processed/today/2026-07-30/vsigma_probable_lineup_sources_quarantine.csv;data/processed/governance/vsigma_probable_lineup_sources_quarantine.csv;data/processed/today/2026-07-30/probable_lineup_sources_autonomous.csv;data/processed/governance/probable_lineup_sources_autonomous.csv,NO,NO
2026-07-30,2026-07-30T11:00:58+01:00,1494711,KFUM Oslo,Molde,away,sportsmole,95ef7e7c76583509,sportsmole.co.uk,OK,possible starting lineup,2,"Oyvann, Lund; Linnes, Hestad, Daehli, Breivik, Lovik; Planar, Eikrem KFUM Oslo possible starting lineup: Odegaard; Njie, A Aleesami, H Aleesami; Hoseth, Hestnes, Rasch, Hickson; Haltvik, Dahl; Nunez We say: Molde 1-1 KFUM Oslo KFUM have lost just one of their…",260,DEBUG_SNIPPET,short_excerpt_only_no_full_html,data/processed/today/2026-07-30/vsigma_probable_lineup_sources.csv;data/processed/governance/vsigma_probable_lineup_sources.csv;data/processed/today/2026-07-30/vsigma_probable_lineup_sources_quarantine.csv;data/processed/governance/vsigma_probable_lineup_sources_quarantine.csv;data/processed/today/2026-07-30/probable_lineup_sources_autonomous.csv;data/processed/governance/probable_lineup_sources_autonomous.csv,NO,NO
2026-07-30,2026-07-30T11:00:58+01:00,1494711,KFUM Oslo,Molde,away,sportsmole,95ef7e7c76583509,sportsmole.co.uk,OK,team news,8,"Preview: Molde vs. KFUM Oslo - prediction, team news, lineups - Sports Mole Live scores Previews Search the website Menu Loading... Norwegian Eliteserien Gameweek 15 Molde Jul 20, 2024 7.15pm 2 3 HT : 1 2 FT Aker Stadion KFUM Mathia",232,DEBUG_SNIPPET,short_excerpt_only_no_full_html,data/processed/today/2026-07-30/vsigma_probable_lineup_sources.csv;data/processed/governance/vsigma_probable_lineup_sources.csv;data/processed/today/2026-07-30/vsigma_probable_lineup_sources_quarantine.csv;data/processed/governance/vsigma_probable_lineup_sources_quarantine.csv;data/processed/today/2026-07-30/probable_lineup_sources_autonomous.csv;data/processed/governance/probable_lineup_sources_autonomous.csv,NO,NO
2026-07-30,2026-07-30T11:00:58+01:00,1494711,KFUM Oslo,Molde,away,sportsmole,95ef7e7c76583509,sportsmole.co.uk,OK,team news,8,"ri 90'+8' Sports Mole Football Molde Preview: Molde vs. KFUM Oslo - prediction, team news, lineups By Ben Sully | 18 Jul 2024 18:33 , Last updated: 04 Jun 2025 23:45 © Reuters Molde will attempt to extend their unbeaten run to six matches when they welcome KFU…",261,DEBUG_SNIPPET,short_excerpt_only_no_full_html,data/processed/today/2026-07-30/vsigma_probable_lineup_sources.csv;data/processed/governance/vsigma_probable_lineup_sources.csv;data/processed/today/2026-07-30/vsigma_probable_lineup_sources_quarantine.csv;data/processed/governance/vsigma_probable_lineup_sources_quarantine.csv;data/processed/today/2026-07-30/probable_lineup_sources_autonomous.csv;data/processed/governance/probable_lineup_sources_autonomous.csv,NO,NO
2026-07-30,2026-07-30T11:00:58+01:00,1494711,KFUM Oslo,Molde,away,sportsmole,95ef7e7c76583509,sportsmole.co.uk,OK,team news,8,"erien form: L W D W W D ; ; KFUM Oslo Norwegian Eliteserien form: D D D L L W ; Team News © Reuters The hosts are still expected to be without the services of Fredrik Gulbrandsen and Veton Berisha due to injury. Isak Amundsen is available following suspension,…",261,DEBUG_SNIPPET,short_excerpt_only_no_full_html,data/processed/today/2026-07-30/vsigma_probable_lineup_sources.csv;data/processed/governance/vsigma_probable_lineup_sources.csv;data/processed/today/2026-07-30/vsigma_probable_lineup_sources_quarantine.csv;data/processed/governance/vsigma_probable_lineup_sources_quarantine.csv;data/processed/today/2026-07-30/probable_lineup_sources_autonomous.csv;data/processed/governance/probable_lineup_sources_autonomous.csv,NO,NO
2026-07-30,2026-07-30T11:00:58+01:00,1494711,KFUM Oslo,Molde,away,sportsmole,95ef7e7c76583509,sportsmole.co.uk,OK,lineups,7,"Preview: Molde vs. KFUM Oslo - prediction, team news, lineups - Sports Mole Live scores Previews Search the website Menu Loading... Norwegian Eliteserien Gameweek 15 Molde Jul 20, 2024 7.15pm 2 3 HT : 1 2 FT Aker Stadion KFUM Mathias Fjortof",241,DEBUG_SNIPPET,short_excerpt_only_no_full_html,data/processed/today/2026-07-30/vsigma_probable_lineup_sources.csv;data/processed/governance/vsigma_probable_lineup_sources.csv;data/processed/today/2026-07-30/vsigma_probable_lineup_sources_quarantine.csv;data/processed/governance/vsigma_probable_lineup_sources_quarantine.csv;data/processed/today/2026-07-30/probable_lineup_sources_autonomous.csv;data/processed/governance/probable_lineup_sources_autonomous.csv,NO,NO
2026-07-30,2026-07-30T11:00:58+01:00,1494711,KFUM Oslo,Molde,away,sportsmole,95ef7e7c76583509,sportsmole.co.uk,OK,lineups,7,"ports Mole Football Molde Preview: Molde vs. KFUM Oslo - prediction, team news, lineups By Ben Sully | 18 Jul 2024 18:33 , Last updated: 04 Jun 2025 23:45 © Reuters Molde will attempt to extend their unbeaten run to six matches when they welcome KFUM Oslo to A…",261,DEBUG_SNIPPET,short_excerpt_only_no_full_html,data/processed/today/2026-07-30/vsigma_probable_lineup_sources.csv;data/processed/governance/vsigma_probable_lineup_sources.csv;data/processed/today/2026-07-30/vsigma_probable_lineup_sources_quarantine.csv;data/processed/governance/vsigma_probable_lineup_sources_quarantine.csv;data/processed/today/2026-07-30/probable_lineup_sources_autonomous.csv;data/processed/governance/probable_lineup_sources_autonomous.csv,NO,NO
2026-07-30,2026-07-30T11:00:58+01:00,1494711,KFUM Oslo,Molde,away,sportsmole,95ef7e7c76583509,sportsmole.co.uk,OK,lineups,7,"all | 21 Jul 2025 14:48 Preview: Molde vs Stromsgodset - prediction, team news, lineups Football | 17 Jul 2025 20:37 Preview: Fredrikstad vs Molde - prediction, team news, lineups Football | 10 Jul 2025 21:21 Preview: Tromso vs Molde - prediction, team news, l…",261,DEBUG_SNIPPET,short_excerpt_only_no_full_html,data/processed/today/2026-07-30/vsigma_probable_lineup_sources.csv;data/processed/governance/vsigma_probable_lineup_sources.csv;data/processed/today/2026-07-30/vsigma_probable_lineup_sources_quarantine.csv;data/processed/governance/vsigma_probable_lineup_sources_quarantine.csv;data/processed/today/2026-07-30/probable_lineup_sources_autonomous.csv;data/processed/governance/probable_lineup_sources_autonomous.csv,NO,NO
2026-07-30,2026-07-30T11:00:58+01:00,1492307,Remo,Vitoria,away,sportsmole,64022ab4fdfedc97,sportsmole.co.uk,OK,possible starting lineup,2,"ndes , shielding Colombian goalkeeper Juan Castillo between the sticks. Alverca possible starting lineup: Gomes; Naves, Gomez, Martinez; Touaizi, Amorim, Abdulai, Chissumba; Lincoln, Milovanovic, Figueiredo Vitoria de Guimaraes possible starting lineup: Castil…",261,DEBUG_SNIPPET,short_excerpt_only_no_full_html,data/processed/today/2026-07-30/vsigma_probable_lineup_sources.csv;data/processed/governance/vsigma_probable_lineup_sources.csv;data/processed/today/2026-07-30/vsigma_probable_lineup_sources_quarantine.csv;data/processed/governance/vsigma_probable_lineup_sources_quarantine.csv;data/processed/today/2026-07-30/probable_lineup_sources_autonomous.csv;data/processed/governance/probable_lineup_sources_autonomous.csv,NO,NO
2026-07-30,2026-07-30T11:00:58+01:00,1492307,Remo,Vitoria,away,sportsmole,64022ab4fdfedc97,sportsmole.co.uk,OK,possible starting lineup,2,"orim, Abdulai, Chissumba; Lincoln, Milovanovic, Figueiredo Vitoria de Guimaraes possible starting lineup: Castillo; Maga, Rivas, Abascal, Mendes; Mukendi, Mitrovic, Nogueira; Arcanjo, Felix, Oliveira We say: Alverca 0-2 Vitoria de Guimaraes While it has been a…",261,DEBUG_SNIPPET,short_excerpt_only_no_full_html,data/processed/today/2026-07-30/vsigma_probable_lineup_sources.csv;data/processed/governance/vsigma_probable_lineup_sources.csv;data/processed/today/2026-07-30/vsigma_probable_lineup_sources_quarantine.csv;data/processed/governance/vsigma_probable_lineup_sources_quarantine.csv;data/processed/today/2026-07-30/probable_lineup_sources_autonomous.csv;data/processed/governance/probable_lineup_sources_autonomous.csv,NO,NO
2026-07-30,2026-07-30T11:00:58+01:00,1492307,Remo,Vitoria,away,sportsmole,64022ab4fdfedc97,sportsmole.co.uk,OK,predicted xi,2,"nt Football | NEW Team News: Aston Villa vs. West Ham injury, suspension lists, predicted XIs Football | NEW Team News: Spurs vs. Forest injury, suspension lists, predicted XIs Football | NEW Subscribe to our newsletter Get FREE daily news and in-depth preview…",261,DEBUG_SNIPPET,short_excerpt_only_no_full_html,data/processed/today/2026-07-30/vsigma_probable_lineup_sources.csv;data/processed/governance/vsigma_probable_lineup_sources.csv;data/processed/today/2026-07-30/vsigma_probable_lineup_sources_quarantine.csv;data/processed/governance/vsigma_probable_lineup_sources_quarantine.csv;data/processed/today/2026-07-30/probable_lineup_sources_autonomous.csv;data/processed/governance/probable_lineup_sources_autonomous.csv,NO,NO
2026-07-30,2026-07-30T11:00:58+01:00,1492307,Remo,Vitoria,away,sportsmole,64022ab4fdfedc97,sportsmole.co.uk,OK,predicted xi,2,"dicted XIs Football | NEW Team News: Spurs vs. Forest injury, suspension lists, predicted XIs Football | NEW Subscribe to our newsletter Get FREE daily news and in-depth previews for games from the biggest leagues and competitions in world football — straight…",260,DEBUG_SNIPPET,short_excerpt_only_no_full_html,data/processed/today/2026-07-30/vsigma_probable_lineup_sources.csv;data/processed/governance/vsigma_probable_lineup_sources.csv;data/processed/today/2026-07-30/vsigma_probable_lineup_sources_quarantine.csv;data/processed/governance/vsigma_probable_lineup_sources_quarantine.csv;data/processed/today/2026-07-30/probable_lineup_sources_autonomous.csv;data/processed/governance/probable_lineup_sources_autonomous.csv,NO,NO
2026-07-30,2026-07-30T11:00:58+01:00,1492307,Remo,Vitoria,away,sportsmole,64022ab4fdfedc97,sportsmole.co.uk,OK,team news,10,"Preview: Alverca vs Vitoria de Guimaraes - prediction, team news, lineups - Sports Mole Live scores Previews Search the website Menu Loading... Primeira Liga Alverca Sep 28, 2025 3.30pm 2 0 HT : 0 0 FT Guimaraes Sports Mole Football Alverca Pre",244,DEBUG_SNIPPET,short_excerpt_only_no_full_html,data/processed/today/2026-07-30/vsigma_probable_lineup_sources.csv;data/processed/governance/vsigma_probable_lineup_sources.csv;data/processed/today/2026-07-30/vsigma_probable_lineup_sources_quarantine.csv;data/processed/governance/vsigma_probable_lineup_sources_quarantine.csv;data/processed/today/2026-07-30/probable_lineup_sources_autonomous.csv;data/processed/governance/probable_lineup_sources_autonomous.csv,NO,NO
2026-07-30,2026-07-30T11:00:58+01:00,1492307,Remo,Vitoria,away,sportsmole,64022ab4fdfedc97,sportsmole.co.uk,OK,team news,10,"ts Mole Football Alverca Preview: Alverca vs Vitoria de Guimaraes - prediction, team news, lineups By Joshua Ojele | 26 Sep 2025 04:58 , Last updated: 30 Sep 2025 12:50 © Imago Alverca will be out to make it two wins from two home games when they welcome Vitor…",261,DEBUG_SNIPPET,short_excerpt_only_no_full_html,data/processed/today/2026-07-30/vsigma_probable_lineup_sources.csv;data/processed/governance/vsigma_probable_lineup_sources.csv;data/processed/today/2026-07-30/vsigma_probable_lineup_sources_quarantine.csv;data/processed/governance/vsigma_probable_lineup_sources_quarantine.csv;data/processed/today/2026-07-30/probable_lineup_sources_autonomous.csv;data/processed/governance/probable_lineup_sources_autonomous.csv,NO,NO
2026-07-30,2026-07-30T11:00:58+01:00,1492307,Remo,Vitoria,away,sportsmole,64022ab4fdfedc97,sportsmole.co.uk,OK,team news,10,"ira Liga form: L L D L W L Vitoria de Guimaraes Primeira Liga form: L W L D W D Team News © Imago Alverca will take to the pitch without the services of Portuguese forward Chiquinho , who has missed the last two games since coming off injured against Benfica o…",261,DEBUG_SNIPPET,short_excerpt_only_no_full_html,data/processed/today/2026-07-30/vsigma_probable_lineup_sources.csv;data/processed/governance/vsigma_probable_lineup_sources.csv;data/processed/today/2026-07-30/vsigma_probable_lineup_sources_quarantine.csv;data/processed/governance/vsigma_probable_lineup_sources_quarantine.csv;data/processed/today/2026-07-30/probable_lineup_sources_autonomous.csv;data/processed/governance/probable_lineup_sources_autonomous.csv,NO,NO
2026-07-30,2026-07-30T11:00:58+01:00,1492307,Remo,Vitoria,away,sportsmole,64022ab4fdfedc97,sportsmole.co.uk,OK,lineups,7,"Preview: Alverca vs Vitoria de Guimaraes - prediction, team news, lineups - Sports Mole Live scores Previews Search the website Menu Loading... Primeira Liga Alverca Sep 28, 2025 3.30pm 2 0 HT : 0 0 FT Guimaraes Sports Mole Football Alverca Preview: Alv",253,DEBUG_SNIPPET,short_excerpt_only_no_full_html,data/processed/today/2026-07-30/vsigma_probable_lineup_sources.csv;data/processed/governance/vsigma_probable_lineup_sources.csv;data/processed/today/2026-07-30/vsigma_probable_lineup_sources_quarantine.csv;data/processed/governance/vsigma_probable_lineup_sources_quarantine.csv;data/processed/today/2026-07-30/probable_lineup_sources_autonomous.csv;data/processed/governance/probable_lineup_sources_autonomous.csv,NO,NO
2026-07-30,2026-07-30T11:00:58+01:00,1492307,Remo,Vitoria,away,sportsmole,64022ab4fdfedc97,sportsmole.co.uk,OK,lineups,7,"tball Alverca Preview: Alverca vs Vitoria de Guimaraes - prediction, team news, lineups By Joshua Ojele | 26 Sep 2025 04:58 , Last updated: 30 Sep 2025 12:50 © Imago Alverca will be out to make it two wins from two home games when they welcome Vitoria de Guima…",261,DEBUG_SNIPPET,short_excerpt_only_no_full_html,data/processed/today/2026-07-30/vsigma_probable_lineup_sources.csv;data/processed/governance/vsigma_probable_lineup_sources.csv;data/processed/today/2026-07-30/vsigma_probable_lineup_sources_quarantine.csv;data/processed/governance/vsigma_probable_lineup_sources_quarantine.csv;data/processed/today/2026-07-30/probable_lineup_sources_autonomous.csv;data/processed/governance/probable_lineup_sources_autonomous.csv,NO,NO
2026-07-30,2026-07-30T11:00:58+01:00,1492307,Remo,Vitoria,away,sportsmole,64022ab4fdfedc97,sportsmole.co.uk,OK,lineups,7,"a related articles Preview: Alverca vs Sporting Lisbon - prediction, team news, lineups Football | 20 Mar 2026 23:49 Gil Vicente vs Alverca - prediction, team news, lineups Football | 12 Mar 2026 23:59 Preview: Alverca vs AVS - prediction, team news, lineups F…",261,DEBUG_SNIPPET,short_excerpt_only_no_full_html,data/processed/today/2026-07-30/vsigma_probable_lineup_sources.csv;data/processed/governance/vsigma_probable_lineup_sources.csv;data/processed/today/2026-07-30/vsigma_probable_lineup_sources_quarantine.csv;data/processed/governance/vsigma_probable_lineup_sources_quarantine.csv;data/processed/today/2026-07-30/probable_lineup_sources_autonomous.csv;data/processed/governance/probable_lineup_sources_autonomous.csv,NO,NO
2026-07-30,2026-07-30T11:00:58+01:00,1494709,Aalesund,Viking,home,sportsmole,7af98276b910e573,sportsmole.co.uk,OK,possible starting lineup,2,"his recovery from an ACL injury and is only expected back next month. Viking FK possible starting lineup: Gunnarsson; Bjorshol, Diop, Brekalo, Pattynama; De Lanlay, Bjarnason, Yazbek; Tripic, Salvesen, D'Agostino Aalesund possible starting lineup: Grytebust; M…",261,DEBUG_SNIPPET,short_excerpt_only_no_full_html,data/processed/today/2026-07-30/vsigma_probable_lineup_sources.csv;data/processed/governance/vsigma_probable_lineup_sources.csv;data/processed/today/2026-07-30/vsigma_probable_lineup_sources_quarantine.csv;data/processed/governance/vsigma_probable_lineup_sources_quarantine.csv;data/processed/today/2026-07-30/probable_lineup_sources_autonomous.csv;data/processed/governance/probable_lineup_sources_autonomous.csv,NO,NO
2026-07-30,2026-07-30T11:00:58+01:00,1494709,Aalesund,Viking,home,sportsmole,7af98276b910e573,sportsmole.co.uk,OK,possible starting lineup,2,"Pattynama; De Lanlay, Bjarnason, Yazbek; Tripic, Salvesen, D'Agostino Aalesund possible starting lineup: Grytebust; Munksgaard, Hopland, Fallman, Kitolano; Barmen, Segberg, Karlsbakk; Atanga, Kristensen, Odemarksbakken We say: Viking FK 3-1 Aalesund With seven…",261,DEBUG_SNIPPET,short_excerpt_only_no_full_html,data/processed/today/2026-07-30/vsigma_probable_lineup_sources.csv;data/processed/governance/vsigma_probable_lineup_sources.csv;data/processed/today/2026-07-30/vsigma_probable_lineup_sources_quarantine.csv;data/processed/governance/vsigma_probable_lineup_sources_quarantine.csv;data/processed/today/2026-07-30/probable_lineup_sources_autonomous.csv;data/processed/governance/probable_lineup_sources_autonomous.csv,NO,NO
2026-07-30,2026-07-30T11:00:58+01:00,1494709,Aalesund,Viking,home,sportsmole,7af98276b910e573,sportsmole.co.uk,OK,team news,7,"Preview: Viking FK vs. Aalesund - prediction, team news, lineups - Sports Mole Live scores Previews Search the website Menu Loading... Norwegian Eliteserien Gameweek 15 Viking FK Jul 24, 2023 6.00pm 3 1 HT : 1 1 FT SR-Bank Arena Aalesu",235,DEBUG_SNIPPET,short_excerpt_only_no_full_html,data/processed/today/2026-07-30/vsigma_probable_lineup_sources.csv;data/processed/governance/vsigma_probable_lineup_sources.csv;data/processed/today/2026-07-30/vsigma_probable_lineup_sources_quarantine.csv;data/processed/governance/vsigma_probable_lineup_sources_quarantine.csv;data/processed/today/2026-07-30/probable_lineup_sources_autonomous.csv;data/processed/governance/probable_lineup_sources_autonomous.csv,NO,NO
2026-07-30,2026-07-30T11:00:58+01:00,1494709,Aalesund,Viking,home,sportsmole,7af98276b910e573,sportsmole.co.uk,OK,team news,7,"2' Sports Mole Football Viking-Fk Preview: Viking FK vs. Aalesund - prediction, team news, lineups By Devesh Jaganath | 22 Jul 2023 10:13 , Last updated: 04 Jun 2025 23:43 © Reuters Two sides at opposite ends of the Eliteserien table will clash this week when…",260,DEBUG_SNIPPET,short_excerpt_only_no_full_html,data/processed/today/2026-07-30/vsigma_probable_lineup_sources.csv;data/processed/governance/vsigma_probable_lineup_sources.csv;data/processed/today/2026-07-30/vsigma_probable_lineup_sources_quarantine.csv;data/processed/governance/vsigma_probable_lineup_sources_quarantine.csv;data/processed/today/2026-07-30/probable_lineup_sources_autonomous.csv;data/processed/governance/probable_lineup_sources_autonomous.csv,NO,NO
2026-07-30,2026-07-30T11:00:58+01:00,1494709,Aalesund,Viking,home,sportsmole,7af98276b910e573,sportsmole.co.uk,OK,team news,7,"serien form: L W W W W W ; ; Aalesund Norwegian Eliteserien form: L L W L L L ; Team News Markus Solbakken will have to serve a one-match suspension here after picking up his fifth yellow card of the season against Stabaek last time out, which could mean that…",260,DEBUG_SNIPPET,short_excerpt_only_no_full_html,data/processed/today/2026-07-30/vsigma_probable_lineup_sources.csv;data/processed/governance/vsigma_probable_lineup_sources.csv;data/processed/today/2026-07-30/vsigma_probable_lineup_sources_quarantine.csv;data/processed/governance/vsigma_probable_lineup_sources_quarantine.csv;data/processed/today/2026-07-30/probable_lineup_sources_autonomous.csv;data/processed/governance/probable_lineup_sources_autonomous.csv,NO,NO
2026-07-30,2026-07-30T11:00:58+01:00,1494709,Aalesund,Viking,home,sportsmole,7af98276b910e573,sportsmole.co.uk,OK,lineups,6,"Preview: Viking FK vs. Aalesund - prediction, team news, lineups - Sports Mole Live scores Previews Search the website Menu Loading... Norwegian Eliteserien Gameweek 15 Viking FK Jul 24, 2023 6.00pm 3 1 HT : 1 1 FT SR-Bank Arena Aalesund David",243,DEBUG_SNIPPET,short_excerpt_only_no_full_html,data/processed/today/2026-07-30/vsigma_probable_lineup_sources.csv;data/processed/governance/vsigma_probable_lineup_sources.csv;data/processed/today/2026-07-30/vsigma_probable_lineup_sources_quarantine.csv;data/processed/governance/vsigma_probable_lineup_sources_quarantine.csv;data/processed/today/2026-07-30/probable_lineup_sources_autonomous.csv;data/processed/governance/probable_lineup_sources_autonomous.csv,NO,NO
2026-07-30,2026-07-30T11:00:58+01:00,1494709,Aalesund,Viking,home,sportsmole,7af98276b910e573,sportsmole.co.uk,OK,lineups,6,"ole Football Viking-Fk Preview: Viking FK vs. Aalesund - prediction, team news, lineups By Devesh Jaganath | 22 Jul 2023 10:13 , Last updated: 04 Jun 2025 23:43 © Reuters Two sides at opposite ends of the Eliteserien table will clash this week when second-plac…",261,DEBUG_SNIPPET,short_excerpt_only_no_full_html,data/processed/today/2026-07-30/vsigma_probable_lineup_sources.csv;data/processed/governance/vsigma_probable_lineup_sources.csv;data/processed/today/2026-07-30/vsigma_probable_lineup_sources_quarantine.csv;data/processed/governance/vsigma_probable_lineup_sources_quarantine.csv;data/processed/today/2026-07-30/probable_lineup_sources_autonomous.csv;data/processed/governance/probable_lineup_sources_autonomous.csv,NO,NO
2026-07-30,2026-07-30T11:00:58+01:00,1494709,Aalesund,Viking,home,sportsmole,7af98276b910e573,sportsmole.co.uk,OK,lineups,6,"Viking FK related articles Preview: Bryne vs Viking FK - prediction, team news, lineups Football | 25 Jul 2025 15:26 Preview: Viking FK vs Bodo/Glimt - prediction, team news, lineups Football | 17 Jul 2025 21:06 Preview: Brann vs Viking FK - prediction, team n…",261,DEBUG_SNIPPET,short_excerpt_only_no_full_html,data/processed/today/2026-07-30/vsigma_probable_lineup_sources.csv;data/processed/governance/vsigma_probable_lineup_sources.csv;data/processed/today/2026-07-30/vsigma_probable_lineup_sources_quarantine.csv;data/processed/governance/vsigma_probable_lineup_sources_quarantine.csv;data/processed/today/2026-07-30/probable_lineup_sources_autonomous.csv;data/processed/governance/probable_lineup_sources_autonomous.csv,NO,NO
2026-07-30,2026-07-30T11:00:58+01:00,1494709,Aalesund,Viking,away,sportsmole,7af98276b910e573,sportsmole.co.uk,OK,possible starting lineup,2,"his recovery from an ACL injury and is only expected back next month. Viking FK possible starting lineup: Gunnarsson; Bjorshol, Diop, Brekalo, Pattynama; De Lanlay, Bjarnason, Yazbek; Tripic, Salvesen, D'Agostino Aalesund possible starting lineup: Grytebust; M…",261,DEBUG_SNIPPET,short_excerpt_only_no_full_html,data/processed/today/2026-07-30/vsigma_probable_lineup_sources.csv;data/processed/governance/vsigma_probable_lineup_sources.csv;data/processed/today/2026-07-30/vsigma_probable_lineup_sources_quarantine.csv;data/processed/governance/vsigma_probable_lineup_sources_quarantine.csv;data/processed/today/2026-07-30/probable_lineup_sources_autonomous.csv;data/processed/governance/probable_lineup_sources_autonomous.csv,NO,NO
2026-07-30,2026-07-30T11:00:58+01:00,1494709,Aalesund,Viking,away,sportsmole,7af98276b910e573,sportsmole.co.uk,OK,possible starting lineup,2,"Pattynama; De Lanlay, Bjarnason, Yazbek; Tripic, Salvesen, D'Agostino Aalesund possible starting lineup: Grytebust; Munksgaard, Hopland, Fallman, Kitolano; Barmen, Segberg, Karlsbakk; Atanga, Kristensen, Odemarksbakken We say: Viking FK 3-1 Aalesund With seven…",261,DEBUG_SNIPPET,short_excerpt_only_no_full_html,data/processed/today/2026-07-30/vsigma_probable_lineup_sources.csv;data/processed/governance/vsigma_probable_lineup_sources.csv;data/processed/today/2026-07-30/vsigma_probable_lineup_sources_quarantine.csv;data/processed/governance/vsigma_probable_lineup_sources_quarantine.csv;data/processed/today/2026-07-30/probable_lineup_sources_autonomous.csv;data/processed/governance/probable_lineup_sources_autonomous.csv,NO,NO
2026-07-30,2026-07-30T11:00:58+01:00,1494709,Aalesund,Viking,away,sportsmole,7af98276b910e573,sportsmole.co.uk,OK,team news,7,"Preview: Viking FK vs. Aalesund - prediction, team news, lineups - Sports Mole Live scores Previews Search the website Menu Loading... Norwegian Eliteserien Gameweek 15 Viking FK Jul 24, 2023 6.00pm 3 1 HT : 1 1 FT SR-Bank Arena Aalesu",235,DEBUG_SNIPPET,short_excerpt_only_no_full_html,data/processed/today/2026-07-30/vsigma_probable_lineup_sources.csv;data/processed/governance/vsigma_probable_lineup_sources.csv;data/processed/today/2026-07-30/vsigma_probable_lineup_sources_quarantine.csv;data/processed/governance/vsigma_probable_lineup_sources_quarantine.csv;data/processed/today/2026-07-30/probable_lineup_sources_autonomous.csv;data/processed/governance/probable_lineup_sources_autonomous.csv,NO,NO
2026-07-30,2026-07-30T11:00:58+01:00,1494709,Aalesund,Viking,away,sportsmole,7af98276b910e573,sportsmole.co.uk,OK,team news,7,"2' Sports Mole Football Viking-Fk Preview: Viking FK vs. Aalesund - prediction, team news, lineups By Devesh Jaganath | 22 Jul 2023 10:13 , Last updated: 04 Jun 2025 23:43 © Reuters Two sides at opposite ends of the Eliteserien table will clash this week when…",260,DEBUG_SNIPPET,short_excerpt_only_no_full_html,data/processed/today/2026-07-30/vsigma_probable_lineup_sources.csv;data/processed/governance/vsigma_probable_lineup_sources.csv;data/processed/today/2026-07-30/vsigma_probable_lineup_sources_quarantine.csv;data/processed/governance/vsigma_probable_lineup_sources_quarantine.csv;data/processed/today/2026-07-30/probable_lineup_sources_autonomous.csv;data/processed/governance/probable_lineup_sources_autonomous.csv,NO,NO
2026-07-30,2026-07-30T11:00:58+01:00,1494709,Aalesund,Viking,away,sportsmole,7af98276b910e573,sportsmole.co.uk,OK,team news,7,"serien form: L W W W W W ; ; Aalesund Norwegian Eliteserien form: L L W L L L ; Team News Markus Solbakken will have to serve a one-match suspension here after picking up his fifth yellow card of the season against Stabaek last time out, which could mean that…",260,DEBUG_SNIPPET,short_excerpt_only_no_full_html,data/processed/today/2026-07-30/vsigma_probable_lineup_sources.csv;data/processed/governance/vsigma_probable_lineup_sources.csv;data/processed/today/2026-07-30/vsigma_probable_lineup_sources_quarantine.csv;data/processed/governance/vsigma_probable_lineup_sources_quarantine.csv;data/processed/today/2026-07-30/probable_lineup_sources_autonomous.csv;data/processed/governance/probable_lineup_sources_autonomous.csv,NO,NO
2026-07-30,2026-07-30T11:00:58+01:00,1494709,Aalesund,Viking,away,sportsmole,7af98276b910e573,sportsmole.co.uk,OK,lineups,6,"Preview: Viking FK vs. Aalesund - prediction, team news, lineups - Sports Mole Live scores Previews Search the website Menu Loading... Norwegian Eliteserien Gameweek 15 Viking FK Jul 24, 2023 6.00pm 3 1 HT : 1 1 FT SR-Bank Arena Aalesund David",243,DEBUG_SNIPPET,short_excerpt_only_no_full_html,data/processed/today/2026-07-30/vsigma_probable_lineup_sources.csv;data/processed/governance/vsigma_probable_lineup_sources.csv;data/processed/today/2026-07-30/vsigma_probable_lineup_sources_quarantine.csv;data/processed/governance/vsigma_probable_lineup_sources_quarantine.csv;data/processed/today/2026-07-30/probable_lineup_sources_autonomous.csv;data/processed/governance/probable_lineup_sources_autonomous.csv,NO,NO
2026-07-30,2026-07-30T11:00:58+01:00,1494709,Aalesund,Viking,away,sportsmole,7af98276b910e573,sportsmole.co.uk,OK,lineups,6,"ole Football Viking-Fk Preview: Viking FK vs. Aalesund - prediction, team news, lineups By Devesh Jaganath | 22 Jul 2023 10:13 , Last updated: 04 Jun 2025 23:43 © Reuters Two sides at opposite ends of the Eliteserien table will clash this week when second-plac…",261,DEBUG_SNIPPET,short_excerpt_only_no_full_html,data/processed/today/2026-07-30/vsigma_probable_lineup_sources.csv;data/processed/governance/vsigma_probable_lineup_sources.csv;data/processed/today/2026-07-30/vsigma_probable_lineup_sources_quarantine.csv;data/processed/governance/vsigma_probable_lineup_sources_quarantine.csv;data/processed/today/2026-07-30/probable_lineup_sources_autonomous.csv;data/processed/governance/probable_lineup_sources_autonomous.csv,NO,NO
2026-07-30,2026-07-30T11:00:58+01:00,1494709,Aalesund,Viking,away,sportsmole,7af98276b910e573,sportsmole.co.uk,OK,lineups,6,"Viking FK related articles Preview: Bryne vs Viking FK - prediction, team news, lineups Football | 25 Jul 2025 15:26 Preview: Viking FK vs Bodo/Glimt - prediction, team news, lineups Football | 17 Jul 2025 21:06 Preview: Brann vs Viking FK - prediction, team n…",261,DEBUG_SNIPPET,short_excerpt_only_no_full_html,data/processed/today/2026-07-30/vsigma_probable_lineup_sources.csv;data/processed/governance/vsigma_probable_lineup_sources.csv;data/processed/today/2026-07-30/vsigma_probable_lineup_sources_quarantine.csv;data/processed/governance/vsigma_probable_lineup_sources_quarantine.csv;data/processed/today/2026-07-30/probable_lineup_sources_autonomous.csv;data/processed/governance/probable_lineup_sources_autonomous.csv,NO,NO
2026-07-30,2026-07-30T11:00:58+01:00,1494711,KFUM Oslo,Molde,away,sportsmole,e5a72d8a1c4fe5f4,sportsmole.co.uk,OK,possible starting lineup,2,"but against Brann, putting him in contention to replace Oskar Spiten. KFUM Oslo possible starting lineup: Odegaard; Saunes, Skaret, Schneider; Sjokvist, Rasch, Soras, Hjorth; Vinge, Grodem, Njie Molde possible starting lineup: Posiadala; Lovik, Amundsen, Hanse…",261,DEBUG_SNIPPET,short_excerpt_only_no_full_html,data/processed/today/2026-07-30/vsigma_probable_lineup_sources.csv;data/processed/governance/vsigma_probable_lineup_sources.csv;data/processed/today/2026-07-30/vsigma_probable_lineup_sources_quarantine.csv;data/processed/governance/vsigma_probable_lineup_sources_quarantine.csv;data/processed/today/2026-07-30/probable_lineup_sources_autonomous.csv;data/processed/governance/probable_lineup_sources_autonomous.csv,NO,NO
2026-07-30,2026-07-30T11:00:58+01:00,1494711,KFUM Oslo,Molde,away,sportsmole,e5a72d8a1c4fe5f4,sportsmole.co.uk,OK,possible starting lineup,2,"s, Skaret, Schneider; Sjokvist, Rasch, Soras, Hjorth; Vinge, Grodem, Njie Molde possible starting lineup: Posiadala; Lovik, Amundsen, Hansen, Kabini; Daga, Breivik; Hestad, Granaas, Diop; Abdullai We say: KFUM Oslo 1-2 Molde Having resumed the campaign in poor…",261,DEBUG_SNIPPET,short_excerpt_only_no_full_html,data/processed/today/2026-07-30/vsigma_probable_lineup_sources.csv;data/processed/governance/vsigma_probable_lineup_sources.csv;data/processed/today/2026-07-30/vsigma_probable_lineup_sources_quarantine.csv;data/processed/governance/vsigma_probable_lineup_sources_quarantine.csv;data/processed/today/2026-07-30/probable_lineup_sources_autonomous.csv;data/processed/governance/probable_lineup_sources_autonomous.csv,NO,NO
2026-07-30,2026-07-30T11:00:58+01:00,1494711,KFUM Oslo,Molde,away,sportsmole,e5a72d8a1c4fe5f4,sportsmole.co.uk,OK,team news,7,"Preview: KFUM Oslo vs Molde - prediction, team news, lineups - Sports Mole Live scores Previews Search the website Menu Loading... Norwegian Eliteserien Gameweek 15 KFUM Jul 26, 2026 4.00pm 2 4 HT : 1 1 FT KFUM Arena Molde Rasmus E",231,DEBUG_SNIPPET,short_excerpt_only_no_full_html,data/processed/today/2026-07-30/vsigma_probable_lineup_sources.csv;data/processed/governance/vsigma_probable_lineup_sources.csv;data/processed/today/2026-07-30/vsigma_probable_lineup_sources_quarantine.csv;data/processed/governance/vsigma_probable_lineup_sources_quarantine.csv;data/processed/today/2026-07-30/probable_lineup_sources_autonomous.csv;data/processed/governance/probable_lineup_sources_autonomous.csv,NO,NO
2026-07-30,2026-07-30T11:00:58+01:00,1494711,KFUM Oslo,Molde,away,sportsmole,e5a72d8a1c4fe5f4,sportsmole.co.uk,OK,team news,7,"ini 90'+3' Sports Mole Football Molde Preview: KFUM Oslo vs Molde - prediction, team news, lineups By Darren Plant | 24 Jul 2026 10:16 © Iconsport / Beautiful Sports International, BEAUTIFUL SPORTS Pressphoto Agency, Alamy, Tomasz Kluczynski, Arena Akcji Molde…",261,DEBUG_SNIPPET,short_excerpt_only_no_full_html,data/processed/today/2026-07-30/vsigma_probable_lineup_sources.csv;data/processed/governance/vsigma_probable_lineup_sources.csv;data/processed/today/2026-07-30/vsigma_probable_lineup_sources_quarantine.csv;data/processed/governance/vsigma_probable_lineup_sources_quarantine.csv;data/processed/today/2026-07-30/probable_lineup_sources_autonomous.csv;data/processed/governance/probable_lineup_sources_autonomous.csv,NO,NO
2026-07-30,2026-07-30T11:00:58+01:00,1494711,KFUM Oslo,Molde,away,sportsmole,e5a72d8a1c4fe5f4,sportsmole.co.uk,OK,team news,7,"ian Eliteserien form: L L W D L L Molde Norwegian Eliteserien form: L W L W D L Team News © Imago / STEINSIEK.CH Having only lost to Lillestrom through an 85th-minute goal, Isnes may be prepared to name the same KFUM Oslo side. Rasmus Eggen Vinge ended a four-…",261,DEBUG_SNIPPET,short_excerpt_only_no_full_html,data/processed/today/2026-07-30/vsigma_probable_lineup_sources.csv;data/processed/governance/vsigma_probable_lineup_sources.csv;data/processed/today/2026-07-30/vsigma_probable_lineup_sources_quarantine.csv;data/processed/governance/vsigma_probable_lineup_sources_quarantine.csv;data/processed/today/2026-07-30/probable_lineup_sources_autonomous.csv;data/processed/governance/probable_lineup_sources_autonomous.csv,NO,NO
2026-07-30,2026-07-30T11:00:58+01:00,1494711,KFUM Oslo,Molde,away,sportsmole,e5a72d8a1c4fe5f4,sportsmole.co.uk,OK,lineups,6,"Preview: KFUM Oslo vs Molde - prediction, team news, lineups - Sports Mole Live scores Previews Search the website Menu Loading... Norwegian Eliteserien Gameweek 15 KFUM Jul 26, 2026 4.00pm 2 4 HT : 1 1 FT KFUM Arena Molde Rasmus Eggen Ving",240,DEBUG_SNIPPET,short_excerpt_only_no_full_html,data/processed/today/2026-07-30/vsigma_probable_lineup_sources.csv;data/processed/governance/vsigma_probable_lineup_sources.csv;data/processed/today/2026-07-30/vsigma_probable_lineup_sources_quarantine.csv;data/processed/governance/vsigma_probable_lineup_sources_quarantine.csv;data/processed/today/2026-07-30/probable_lineup_sources_autonomous.csv;data/processed/governance/probable_lineup_sources_autonomous.csv,NO,NO
2026-07-30,2026-07-30T11:00:58+01:00,1494711,KFUM Oslo,Molde,away,sportsmole,e5a72d8a1c4fe5f4,sportsmole.co.uk,OK,lineups,6,"Sports Mole Football Molde Preview: KFUM Oslo vs Molde - prediction, team news, lineups By Darren Plant | 24 Jul 2026 10:16 © Iconsport / Beautiful Sports International, BEAUTIFUL SPORTS Pressphoto Agency, Alamy, Tomasz Kluczynski, Arena Akcji Molde make the t…",261,DEBUG_SNIPPET,short_excerpt_only_no_full_html,data/processed/today/2026-07-30/vsigma_probable_lineup_sources.csv;data/processed/governance/vsigma_probable_lineup_sources.csv;data/processed/today/2026-07-30/vsigma_probable_lineup_sources_quarantine.csv;data/processed/governance/vsigma_probable_lineup_sources_quarantine.csv;data/processed/today/2026-07-30/probable_lineup_sources_autonomous.csv;data/processed/governance/probable_lineup_sources_autonomous.csv,NO,NO
2026-07-30,2026-07-30T11:00:58+01:00,1494711,KFUM Oslo,Molde,away,sportsmole,e5a72d8a1c4fe5f4,sportsmole.co.uk,OK,lineups,6,"UM Oslo Molde related articles Preview: Molde vs Brann - prediction, team news, lineups Football | 17 Jul 2026 02:39 Preview: Aalesund vs Molde - prediction, team news, lineups Football | 09 Jul 2026 18:43 Preview: Molde vs Sandefjord - prediction, team news,…",260,DEBUG_SNIPPET,short_excerpt_only_no_full_html,data/processed/today/2026-07-30/vsigma_probable_lineup_sources.csv;data/processed/governance/vsigma_probable_lineup_sources.csv;data/processed/today/2026-07-30/vsigma_probable_lineup_sources_quarantine.csv;data/processed/governance/vsigma_probable_lineup_sources_quarantine.csv;data/processed/today/2026-07-30/probable_lineup_sources_autonomous.csv;data/processed/governance/probable_lineup_sources_autonomous.csv,NO,NO
2026-07-30,2026-07-30T11:00:58+01:00,1494711,KFUM Oslo,Molde,away,sportsmole,430ea14406ffa1a4,sportsmole.co.uk,OK,possible starting lineup,2,"inue to partner Johannes Nunez in attack for the visitors this weekend. ; Molde possible starting lineup: Karlstrom; Bjornbak, Oyvann, Haugan, Amundsen; Granaas, Daga, Eikrem; Sery, Gulbrandsen, Hestad KFUM Oslo possible starting lineup: Odegaard; Aleesami, Be…",261,DEBUG_SNIPPET,short_excerpt_only_no_full_html,data/processed/today/2026-07-30/vsigma_probable_lineup_sources.csv;data/processed/governance/vsigma_probable_lineup_sources.csv;data/processed/today/2026-07-30/vsigma_probable_lineup_sources_quarantine.csv;data/processed/governance/vsigma_probable_lineup_sources_quarantine.csv;data/processed/today/2026-07-30/probable_lineup_sources_autonomous.csv;data/processed/governance/probable_lineup_sources_autonomous.csv,NO,NO
2026-07-30,2026-07-30T11:00:58+01:00,1494711,KFUM Oslo,Molde,away,sportsmole,430ea14406ffa1a4,sportsmole.co.uk,OK,possible starting lineup,2,"n, Haugan, Amundsen; Granaas, Daga, Eikrem; Sery, Gulbrandsen, Hestad KFUM Oslo possible starting lineup: Odegaard; Aleesami, Berglie, Tonnessen; Hoseth, Sandal, Rasch, Hjorth, Hickson; Okeke, Nunez We say: Molde 1-0 KFUM Oslo While Molde has struggled for pos…",261,DEBUG_SNIPPET,short_excerpt_only_no_full_html,data/processed/today/2026-07-30/vsigma_probable_lineup_sources.csv;data/processed/governance/vsigma_probable_lineup_sources.csv;data/processed/today/2026-07-30/vsigma_probable_lineup_sources_quarantine.csv;data/processed/governance/vsigma_probable_lineup_sources_quarantine.csv;data/processed/today/2026-07-30/probable_lineup_sources_autonomous.csv;data/processed/governance/probable_lineup_sources_autonomous.csv,NO,NO
2026-07-30,2026-07-30T11:00:58+01:00,1494711,KFUM Oslo,Molde,away,sportsmole,430ea14406ffa1a4,sportsmole.co.uk,OK,team news,6,"Preview: Molde vs KFUM Oslo - prediction, team news, lineups - Sports Mole Live scores Previews Search the website Menu Loading... Norwegian Eliteserien Gameweek 11 Molde Jun 29, 2025 4.00pm 2 3 HT : 0 0 FT KFUM Sports Mole Footbal",231,DEBUG_SNIPPET,short_excerpt_only_no_full_html,data/processed/today/2026-07-30/vsigma_probable_lineup_sources.csv;data/processed/governance/vsigma_probable_lineup_sources.csv;data/processed/today/2026-07-30/vsigma_probable_lineup_sources_quarantine.csv;data/processed/governance/vsigma_probable_lineup_sources_quarantine.csv;data/processed/today/2026-07-30/probable_lineup_sources_autonomous.csv;data/processed/governance/probable_lineup_sources_autonomous.csv,NO,NO
2026-07-30,2026-07-30T11:00:58+01:00,1494711,KFUM Oslo,Molde,away,sportsmole,430ea14406ffa1a4,sportsmole.co.uk,OK,team news,6,"0 FT KFUM Sports Mole Football Molde Preview: Molde vs KFUM Oslo - prediction, team news, lineups By Devesh Jaganath | 27 Jun 2025 17:01 , Last updated: 27 Jun 2025 17:19 © Imago Molde will be hoping to move into the top half of the Eliteserien table this week…",261,DEBUG_SNIPPET,short_excerpt_only_no_full_html,data/processed/today/2026-07-30/vsigma_probable_lineup_sources.csv;data/processed/governance/vsigma_probable_lineup_sources.csv;data/processed/today/2026-07-30/vsigma_probable_lineup_sources_quarantine.csv;data/processed/governance/vsigma_probable_lineup_sources_quarantine.csv;data/processed/today/2026-07-30/probable_lineup_sources_autonomous.csv;data/processed/governance/probable_lineup_sources_autonomous.csv,NO,NO
2026-07-30,2026-07-30T11:00:58+01:00,1494711,KFUM Oslo,Molde,away,sportsmole,430ea14406ffa1a4,sportsmole.co.uk,OK,team news,6,"Norwegian Eliteserien form: LLWLLW KFUM Oslo Norwegian Eliteserien form: DLLLDW Team News © Imago Coach Hogmo will be forced to make several alterations to his starting lineup this week, with Halldor Stenevik , Mads Enggard and Emil Breivik all suspended after…",261,DEBUG_SNIPPET,short_excerpt_only_no_full_html,data/processed/today/2026-07-30/vsigma_probable_lineup_sources.csv;data/processed/governance/vsigma_probable_lineup_sources.csv;data/processed/today/2026-07-30/vsigma_probable_lineup_sources_quarantine.csv;data/processed/governance/vsigma_probable_lineup_sources_quarantine.csv;data/processed/today/2026-07-30/probable_lineup_sources_autonomous.csv;data/processed/governance/probable_lineup_sources_autonomous.csv,NO,NO
2026-07-30,2026-07-30T11:00:58+01:00,1494711,KFUM Oslo,Molde,away,sportsmole,430ea14406ffa1a4,sportsmole.co.uk,OK,lineups,5,"Preview: Molde vs KFUM Oslo - prediction, team news, lineups - Sports Mole Live scores Previews Search the website Menu Loading... Norwegian Eliteserien Gameweek 11 Molde Jun 29, 2025 4.00pm 2 3 HT : 0 0 FT KFUM Sports Mole Football Molde P",240,DEBUG_SNIPPET,short_excerpt_only_no_full_html,data/processed/today/2026-07-30/vsigma_probable_lineup_sources.csv;data/processed/governance/vsigma_probable_lineup_sources.csv;data/processed/today/2026-07-30/vsigma_probable_lineup_sources_quarantine.csv;data/processed/governance/vsigma_probable_lineup_sources_quarantine.csv;data/processed/today/2026-07-30/probable_lineup_sources_autonomous.csv;data/processed/governance/probable_lineup_sources_autonomous.csv,NO,NO
2026-07-30,2026-07-30T11:00:58+01:00,1494711,KFUM Oslo,Molde,away,sportsmole,430ea14406ffa1a4,sportsmole.co.uk,OK,lineups,5,"Sports Mole Football Molde Preview: Molde vs KFUM Oslo - prediction, team news, lineups By Devesh Jaganath | 27 Jun 2025 17:01 , Last updated: 27 Jun 2025 17:19 © Imago Molde will be hoping to move into the top half of the Eliteserien table this weekend when t…",261,DEBUG_SNIPPET,short_excerpt_only_no_full_html,data/processed/today/2026-07-30/vsigma_probable_lineup_sources.csv;data/processed/governance/vsigma_probable_lineup_sources.csv;data/processed/today/2026-07-30/vsigma_probable_lineup_sources_quarantine.csv;data/processed/governance/vsigma_probable_lineup_sources_quarantine.csv;data/processed/today/2026-07-30/probable_lineup_sources_autonomous.csv;data/processed/governance/probable_lineup_sources_autonomous.csv,NO,NO
2026-07-30,2026-07-30T11:00:58+01:00,1494711,KFUM Oslo,Molde,away,sportsmole,430ea14406ffa1a4,sportsmole.co.uk,OK,lineups,5,"all | 21 Jul 2025 14:48 Preview: Molde vs Stromsgodset - prediction, team news, lineups Football | 17 Jul 2025 20:37 Preview: Fredrikstad vs Molde - prediction, team news, lineups Football | 10 Jul 2025 21:21 Preview: Tromso vs Molde - prediction, team news, l…",261,DEBUG_SNIPPET,short_excerpt_only_no_full_html,data/processed/today/2026-07-30/vsigma_probable_lineup_sources.csv;data/processed/governance/vsigma_probable_lineup_sources.csv;data/processed/today/2026-07-30/vsigma_probable_lineup_sources_quarantine.csv;data/processed/governance/vsigma_probable_lineup_sources_quarantine.csv;data/processed/today/2026-07-30/probable_lineup_sources_autonomous.csv;data/processed/governance/probable_lineup_sources_autonomous.csv,NO,NO
2026-07-30,2026-07-30T11:00:58+01:00,1492307,Remo,Vitoria,away,sportsmole,debd74e1acb5db1e,sportsmole.co.uk,OK,possible starting lineup,2,"the return of youngster Francisco to training adds depth to the bench. Vitoria possible starting lineup: Arcanjo; Neris, Caca, Candido; Nathan, Martinez, Baralhas, Cantalapiedra, Matheuzinho; Erick, Kayzer Sao Paulo possible starting lineup: Rafael; Ramon, Tol…",261,DEBUG_SNIPPET,short_excerpt_only_no_full_html,data/processed/today/2026-07-30/vsigma_probable_lineup_sources.csv;data/processed/governance/vsigma_probable_lineup_sources.csv;data/processed/today/2026-07-30/vsigma_probable_lineup_sources_quarantine.csv;data/processed/governance/vsigma_probable_lineup_sources_quarantine.csv;data/processed/today/2026-07-30/probable_lineup_sources_autonomous.csv;data/processed/governance/probable_lineup_sources_autonomous.csv,NO,NO
2026-07-30,2026-07-30T11:00:58+01:00,1492307,Remo,Vitoria,away,sportsmole,debd74e1acb5db1e,sportsmole.co.uk,OK,possible starting lineup,2,"Nathan, Martinez, Baralhas, Cantalapiedra, Matheuzinho; Erick, Kayzer Sao Paulo possible starting lineup: Rafael; Ramon, Toloi, Sabino, Diaz; Antonio, Bobadilla, Danielzinho, Ferreirinha; Luciano, Calleri We say: Vitoria 2-2 Sao Paulo Vitoria have turned the B…",261,DEBUG_SNIPPET,short_excerpt_only_no_full_html,data/processed/today/2026-07-30/vsigma_probable_lineup_sources.csv;data/processed/governance/vsigma_probable_lineup_sources.csv;data/processed/today/2026-07-30/vsigma_probable_lineup_sources_quarantine.csv;data/processed/governance/vsigma_probable_lineup_sources_quarantine.csv;data/processed/today/2026-07-30/probable_lineup_sources_autonomous.csv;data/processed/governance/probable_lineup_sources_autonomous.csv,NO,NO
2026-07-30,2026-07-30T11:00:58+01:00,1492307,Remo,Vitoria,away,sportsmole,debd74e1acb5db1e,sportsmole.co.uk,OK,team news,10,"Preview: Vitoria vs Sao Paulo - prediction, team news, lineups - Sports Mole Live scores Previews Search the website Menu Loading... Brasileiro Gameweek 11 Vitoria Apr 11, 2026 8.30pm 2 0 HT : 1 0 FT Estádio Manoel Barradas Sao Paulo",233,DEBUG_SNIPPET,short_excerpt_only_no_full_html,data/processed/today/2026-07-30/vsigma_probable_lineup_sources.csv;data/processed/governance/vsigma_probable_lineup_sources.csv;data/processed/today/2026-07-30/vsigma_probable_lineup_sources_quarantine.csv;data/processed/governance/vsigma_probable_lineup_sources_quarantine.csv;data/processed/today/2026-07-30/probable_lineup_sources_autonomous.csv;data/processed/governance/probable_lineup_sources_autonomous.csv,NO,NO
2026-07-30,2026-07-30T11:00:58+01:00,1492307,Remo,Vitoria,away,sportsmole,debd74e1acb5db1e,sportsmole.co.uk,OK,team news,10,"ca 79' Sports Mole Football Vitoria Preview: Vitoria vs Sao Paulo - prediction, team news, lineups By Joshua Cole | 10 Apr 2026 13:22 © Iconsport / SUSA Vitoria and Sao Paulo clash in round 11 of the 2026 Brazilian Championship on Saturday, with Leao da Barra…",260,DEBUG_SNIPPET,short_excerpt_only_no_full_html,data/processed/today/2026-07-30/vsigma_probable_lineup_sources.csv;data/processed/governance/vsigma_probable_lineup_sources.csv;data/processed/today/2026-07-30/vsigma_probable_lineup_sources_quarantine.csv;data/processed/governance/vsigma_probable_lineup_sources_quarantine.csv;data/processed/today/2026-07-30/probable_lineup_sources_autonomous.csv;data/processed/governance/probable_lineup_sources_autonomous.csv,NO,NO
2026-07-30,2026-07-30T11:00:58+01:00,1492307,Remo,Vitoria,away,sportsmole,debd74e1acb5db1e,sportsmole.co.uk,OK,team news,10,"ulo Brasileiro form: W W L L D W Sao Paulo form (all competitions): W L L D W W Team News Vitoria manager Ventura faces injury issues in defence with Camutanga out for six months due to a foot fracture, while Ramon (suspension) and Edenilson (red card) are als…",261,DEBUG_SNIPPET,short_excerpt_only_no_full_html,data/processed/today/2026-07-30/vsigma_probable_lineup_sources.csv;data/processed/governance/vsigma_probable_lineup_sources.csv;data/processed/today/2026-07-30/vsigma_probable_lineup_sources_quarantine.csv;data/processed/governance/vsigma_probable_lineup_sources_quarantine.csv;data/processed/today/2026-07-30/probable_lineup_sources_autonomous.csv;data/processed/governance/probable_lineup_sources_autonomous.csv,NO,NO
2026-07-30,2026-07-30T11:00:58+01:00,1492307,Remo,Vitoria,away,sportsmole,debd74e1acb5db1e,sportsmole.co.uk,OK,lineups,9,"Preview: Vitoria vs Sao Paulo - prediction, team news, lineups - Sports Mole Live scores Previews Search the website Menu Loading... Brasileiro Gameweek 11 Vitoria Apr 11, 2026 8.30pm 2 0 HT : 1 0 FT Estádio Manoel Barradas Sao Paulo Cacá 35'",242,DEBUG_SNIPPET,short_excerpt_only_no_full_html,data/processed/today/2026-07-30/vsigma_probable_lineup_sources.csv;data/processed/governance/vsigma_probable_lineup_sources.csv;data/processed/today/2026-07-30/vsigma_probable_lineup_sources_quarantine.csv;data/processed/governance/vsigma_probable_lineup_sources_quarantine.csv;data/processed/today/2026-07-30/probable_lineup_sources_autonomous.csv;data/processed/governance/probable_lineup_sources_autonomous.csv,NO,NO
2026-07-30,2026-07-30T11:00:58+01:00,1492307,Remo,Vitoria,away,sportsmole,debd74e1acb5db1e,sportsmole.co.uk,OK,lineups,9,"ts Mole Football Vitoria Preview: Vitoria vs Sao Paulo - prediction, team news, lineups By Joshua Cole | 10 Apr 2026 13:22 © Iconsport / SUSA Vitoria and Sao Paulo clash in round 11 of the 2026 Brazilian Championship on Saturday, with Leao da Barra desperate t…",261,DEBUG_SNIPPET,short_excerpt_only_no_full_html,data/processed/today/2026-07-30/vsigma_probable_lineup_sources.csv;data/processed/governance/vsigma_probable_lineup_sources.csv;data/processed/today/2026-07-30/vsigma_probable_lineup_sources_quarantine.csv;data/processed/governance/vsigma_probable_lineup_sources_quarantine.csv;data/processed/today/2026-07-30/probable_lineup_sources_autonomous.csv;data/processed/governance/probable_lineup_sources_autonomous.csv,NO,NO
2026-07-30,2026-07-30T11:00:58+01:00,1492307,Remo,Vitoria,away,sportsmole,debd74e1acb5db1e,sportsmole.co.uk,OK,lineups,9,"Vitoria related articles Preview: Cruzeiro vs Vitoria - prediction, team news, lineups Football | 31 Mar 2026 22:26 Preview: Vitoria vs Mirassol - prediction, team news, lineups Football | 21 Mar 2026 20:42 Preview: Palmeiras vs Vitoria - prediction, team news…",261,DEBUG_SNIPPET,short_excerpt_only_no_full_html,data/processed/today/2026-07-30/vsigma_probable_lineup_sources.csv;data/processed/governance/vsigma_probable_lineup_sources.csv;data/processed/today/2026-07-30/vsigma_probable_lineup_sources_quarantine.csv;data/processed/governance/vsigma_probable_lineup_sources_quarantine.csv;data/processed/today/2026-07-30/probable_lineup_sources_autonomous.csv;data/processed/governance/probable_lineup_sources_autonomous.csv,NO,NO
2026-07-30,2026-07-30T11:00:58+01:00,1494709,Aalesund,Viking,home,sportsmole,cc18101f0cd88fe0,sportsmole.co.uk,OK,possible starting lineup,2,"ffer Askildsen, Joe Bell and Simen Kvia-Egeskog must be at their best. Aalesund possible starting lineup: Larsen; Haram, Syversen, Gudmundsson; Charles, Christensen, Melland, Hagen, Nesso; Osenbroch, Lonebu Viking FK possible starting lineup: Belko; Bjorshol,…",260,DEBUG_SNIPPET,short_excerpt_only_no_full_html,data/processed/today/2026-07-30/vsigma_probable_lineup_sources.csv;data/processed/governance/vsigma_probable_lineup_sources.csv;data/processed/today/2026-07-30/vsigma_probable_lineup_sources_quarantine.csv;data/processed/governance/vsigma_probable_lineup_sources_quarantine.csv;data/processed/today/2026-07-30/probable_lineup_sources_autonomous.csv;data/processed/governance/probable_lineup_sources_autonomous.csv,NO,NO
2026-07-30,2026-07-30T11:00:58+01:00,1494709,Aalesund,Viking,home,sportsmole,cc18101f0cd88fe0,sportsmole.co.uk,OK,possible starting lineup,2,"dsson; Charles, Christensen, Melland, Hagen, Nesso; Osenbroch, Lonebu Viking FK possible starting lineup: Belko; Bjorshol, Stensness, Baertelsen, Haugen; Askildsen, Bell, Kvia-Egeskog; Fuglestad, Christiansen, Austbo We say: Aalesund 1-4 Viking FK There is lit…",261,DEBUG_SNIPPET,short_excerpt_only_no_full_html,data/processed/today/2026-07-30/vsigma_probable_lineup_sources.csv;data/processed/governance/vsigma_probable_lineup_sources.csv;data/processed/today/2026-07-30/vsigma_probable_lineup_sources_quarantine.csv;data/processed/governance/vsigma_probable_lineup_sources_quarantine.csv;data/processed/today/2026-07-30/probable_lineup_sources_autonomous.csv;data/processed/governance/probable_lineup_sources_autonomous.csv,NO,NO
2026-07-30,2026-07-30T11:00:58+01:00,1494709,Aalesund,Viking,home,sportsmole,cc18101f0cd88fe0,sportsmole.co.uk,OK,team news,8,"Preview: Aalesund vs Viking FK - prediction, team news, lineups - Sports Mole Live scores Previews Search the website Menu Loading... Norwegian Eliteserien Gameweek 15 Aalesund Jul 26, 2026 6.15pm 1 1 HT : 0 1 FT Color Line Stadion Vi",234,DEBUG_SNIPPET,short_excerpt_only_no_full_html,data/processed/today/2026-07-30/vsigma_probable_lineup_sources.csv;data/processed/governance/vsigma_probable_lineup_sources.csv;data/processed/today/2026-07-30/vsigma_probable_lineup_sources_quarantine.csv;data/processed/governance/vsigma_probable_lineup_sources_quarantine.csv;data/processed/today/2026-07-30/probable_lineup_sources_autonomous.csv;data/processed/governance/probable_lineup_sources_autonomous.csv,NO,NO
2026-07-30,2026-07-30T11:00:58+01:00,1494709,Aalesund,Viking,home,sportsmole,cc18101f0cd88fe0,sportsmole.co.uk,OK,team news,8,"87' Sports Mole Football Aalesund Preview: Aalesund vs Viking FK - prediction, team news, lineups By Lewis Nolan | 24 Jul 2026 18:22 © Iconsport / Bildbyran / Icon Sport In a clash that will have significant ramifications on both ends of the Eliteserien table,…",261,DEBUG_SNIPPET,short_excerpt_only_no_full_html,data/processed/today/2026-07-30/vsigma_probable_lineup_sources.csv;data/processed/governance/vsigma_probable_lineup_sources.csv;data/processed/today/2026-07-30/vsigma_probable_lineup_sources_quarantine.csv;data/processed/governance/vsigma_probable_lineup_sources_quarantine.csv;data/processed/today/2026-07-30/probable_lineup_sources_autonomous.csv;data/processed/governance/probable_lineup_sources_autonomous.csv,NO,NO
2026-07-30,2026-07-30T11:00:58+01:00,1494709,Aalesund,Viking,home,sportsmole,cc18101f0cd88fe0,sportsmole.co.uk,OK,team news,8,"Eliteserien form: W W D D D L Viking FK Norwegian Eliteserien form: W W W L W W Team News © Iconsport / Kent Rasmussen, Gonzales Photo / Alamy Aalesund may have to make a change at the back given Aleksander Kjelsen was taken off injured against Valerenga, so p…",261,DEBUG_SNIPPET,short_excerpt_only_no_full_html,data/processed/today/2026-07-30/vsigma_probable_lineup_sources.csv;data/processed/governance/vsigma_probable_lineup_sources.csv;data/processed/today/2026-07-30/vsigma_probable_lineup_sources_quarantine.csv;data/processed/governance/vsigma_probable_lineup_sources_quarantine.csv;data/processed/today/2026-07-30/probable_lineup_sources_autonomous.csv;data/processed/governance/probable_lineup_sources_autonomous.csv,NO,NO
2026-07-30,2026-07-30T11:00:58+01:00,1494709,Aalesund,Viking,home,sportsmole,cc18101f0cd88fe0,sportsmole.co.uk,OK,lineups,7,"Preview: Aalesund vs Viking FK - prediction, team news, lineups - Sports Mole Live scores Previews Search the website Menu Loading... Norwegian Eliteserien Gameweek 15 Aalesund Jul 26, 2026 6.15pm 1 1 HT : 0 1 FT Color Line Stadion Viking FK M",243,DEBUG_SNIPPET,short_excerpt_only_no_full_html,data/processed/today/2026-07-30/vsigma_probable_lineup_sources.csv;data/processed/governance/vsigma_probable_lineup_sources.csv;data/processed/today/2026-07-30/vsigma_probable_lineup_sources_quarantine.csv;data/processed/governance/vsigma_probable_lineup_sources_quarantine.csv;data/processed/today/2026-07-30/probable_lineup_sources_autonomous.csv;data/processed/governance/probable_lineup_sources_autonomous.csv,NO,NO
2026-07-30,2026-07-30T11:00:58+01:00,1494709,Aalesund,Viking,home,sportsmole,cc18101f0cd88fe0,sportsmole.co.uk,OK,lineups,7,"Mole Football Aalesund Preview: Aalesund vs Viking FK - prediction, team news, lineups By Lewis Nolan | 24 Jul 2026 18:22 © Iconsport / Bildbyran / Icon Sport In a clash that will have significant ramifications on both ends of the Eliteserien table, Aalesund w…",261,DEBUG_SNIPPET,short_excerpt_only_no_full_html,data/processed/today/2026-07-30/vsigma_probable_lineup_sources.csv;data/processed/governance/vsigma_probable_lineup_sources.csv;data/processed/today/2026-07-30/vsigma_probable_lineup_sources_quarantine.csv;data/processed/governance/vsigma_probable_lineup_sources_quarantine.csv;data/processed/today/2026-07-30/probable_lineup_sources_autonomous.csv;data/processed/governance/probable_lineup_sources_autonomous.csv,NO,NO
2026-07-30,2026-07-30T11:00:58+01:00,1494709,Aalesund,Viking,home,sportsmole,cc18101f0cd88fe0,sportsmole.co.uk,OK,lineups,7,"lesund related articles Preview: Valerenga vs Aalesund - prediction, team news, lineups Football | 15 Jul 2026 00:49 Preview: Aalesund vs Molde - prediction, team news, lineups Football | 09 Jul 2026 18:43 Preview: Aalesund vs. Stromsgodset - prediction, team…",260,DEBUG_SNIPPET,short_excerpt_only_no_full_html,data/processed/today/2026-07-30/vsigma_probable_lineup_sources.csv;data/processed/governance/vsigma_probable_lineup_sources.csv;data/processed/today/2026-07-30/vsigma_probable_lineup_sources_quarantine.csv;data/processed/governance/vsigma_probable_lineup_sources_quarantine.csv;data/processed/today/2026-07-30/probable_lineup_sources_autonomous.csv;data/processed/governance/probable_lineup_sources_autonomous.csv,NO,NO
2026-07-30,2026-07-30T11:00:58+01:00,1494709,Aalesund,Viking,home,sportsmole,5bb969ff5645e9a5,sportsmole.co.uk,OK,possible starting lineup,2,"and Endre Hjertager Osenbroch set to feature together again. Valerenga Fotball possible starting lineup: Hedvall; Sjatil, Olsen, Tshiembe, Finnsson; Bjordal, Brice, Westergaard, Lange; Strand, Grundetjern Aalesund possible starting lineup: Larsen; Haram, Kjels…",261,DEBUG_SNIPPET,short_excerpt_only_no_full_html,data/processed/today/2026-07-30/vsigma_probable_lineup_sources.csv;data/processed/governance/vsigma_probable_lineup_sources.csv;data/processed/today/2026-07-30/vsigma_probable_lineup_sources_quarantine.csv;data/processed/governance/vsigma_probable_lineup_sources_quarantine.csv;data/processed/today/2026-07-30/probable_lineup_sources_autonomous.csv;data/processed/governance/probable_lineup_sources_autonomous.csv,NO,NO
2026-07-30,2026-07-30T11:00:58+01:00,1494709,Aalesund,Viking,home,sportsmole,5bb969ff5645e9a5,sportsmole.co.uk,OK,possible starting lineup,2,"mbe, Finnsson; Bjordal, Brice, Westergaard, Lange; Strand, Grundetjern Aalesund possible starting lineup: Larsen; Haram, Kjelsen, Gudmundsson; Charles, Christensen, Hagen, Melland, Nesso; Osenbroch, Lonebu We say: Valerenga Fotball 1-1 Aalesund The improved fo…",261,DEBUG_SNIPPET,short_excerpt_only_no_full_html,data/processed/today/2026-07-30/vsigma_probable_lineup_sources.csv;data/processed/governance/vsigma_probable_lineup_sources.csv;data/processed/today/2026-07-30/vsigma_probable_lineup_sources_quarantine.csv;data/processed/governance/vsigma_probable_lineup_sources_quarantine.csv;data/processed/today/2026-07-30/probable_lineup_sources_autonomous.csv;data/processed/governance/probable_lineup_sources_autonomous.csv,NO,NO
2026-07-30,2026-07-30T11:00:58+01:00,1494709,Aalesund,Viking,home,sportsmole,5bb969ff5645e9a5,sportsmole.co.uk,OK,team news,9,"Preview: Valerenga Fotball vs Aalesund - prediction, team news, lineups - Sports Mole Live scores Previews Search the website Menu Loading... Norwegian Eliteserien Gameweek 14 Valerenga Jul 16, 2026 6.00pm 6 1 HT : 3 0 FT Intility Arena Aales",242,DEBUG_SNIPPET,short_excerpt_only_no_full_html,data/processed/today/2026-07-30/vsigma_probable_lineup_sources.csv;data/processed/governance/vsigma_probable_lineup_sources.csv;data/processed/today/2026-07-30/vsigma_probable_lineup_sources_quarantine.csv;data/processed/governance/vsigma_probable_lineup_sources_quarantine.csv;data/processed/today/2026-07-30/probable_lineup_sources_autonomous.csv;data/processed/governance/probable_lineup_sources_autonomous.csv,NO,NO
2026-07-30,2026-07-30T11:00:58+01:00,1494709,Aalesund,Viking,home,sportsmole,5bb969ff5645e9a5,sportsmole.co.uk,OK,team news,9,"Football Valerenga-Fotball Preview: Valerenga Fotball vs Aalesund - prediction, team news, lineups By Lewis Nolan | 15 Jul 2026 00:49 © Iconsport / Mads Andersen, Gonzales Photo / Alamy In a clash that could impact the Eliteserien relegation battle, Valerenga…",260,DEBUG_SNIPPET,short_excerpt_only_no_full_html,data/processed/today/2026-07-30/vsigma_probable_lineup_sources.csv;data/processed/governance/vsigma_probable_lineup_sources.csv;data/processed/today/2026-07-30/vsigma_probable_lineup_sources_quarantine.csv;data/processed/governance/vsigma_probable_lineup_sources_quarantine.csv;data/processed/today/2026-07-30/probable_lineup_sources_autonomous.csv;data/processed/governance/probable_lineup_sources_autonomous.csv,NO,NO
2026-07-30,2026-07-30T11:00:58+01:00,1494709,Aalesund,Viking,home,sportsmole,5bb969ff5645e9a5,sportsmole.co.uk,OK,team news,9,"Eliteserien form: D L W L W L Aalesund Norwegian Eliteserien form: L W W D D D Team News © Iconsport / Mads Andersen, Gonzales Photo / Alamy After Valerenga were routinely exposed at the back by Tromso, it would not be surprising to see an altered defence, wit…",261,DEBUG_SNIPPET,short_excerpt_only_no_full_html,data/processed/today/2026-07-30/vsigma_probable_lineup_sources.csv;data/processed/governance/vsigma_probable_lineup_sources.csv;data/processed/today/2026-07-30/vsigma_probable_lineup_sources_quarantine.csv;data/processed/governance/vsigma_probable_lineup_sources_quarantine.csv;data/processed/today/2026-07-30/probable_lineup_sources_autonomous.csv;data/processed/governance/probable_lineup_sources_autonomous.csv,NO,NO
2026-07-30,2026-07-30T11:00:58+01:00,1494709,Aalesund,Viking,home,sportsmole,5bb969ff5645e9a5,sportsmole.co.uk,OK,lineups,8,"Preview: Valerenga Fotball vs Aalesund - prediction, team news, lineups - Sports Mole Live scores Previews Search the website Menu Loading... Norwegian Eliteserien Gameweek 14 Valerenga Jul 16, 2026 6.00pm 6 1 HT : 3 0 FT Intility Arena Aalesund Lucas",251,DEBUG_SNIPPET,short_excerpt_only_no_full_html,data/processed/today/2026-07-30/vsigma_probable_lineup_sources.csv;data/processed/governance/vsigma_probable_lineup_sources.csv;data/processed/today/2026-07-30/vsigma_probable_lineup_sources_quarantine.csv;data/processed/governance/vsigma_probable_lineup_sources_quarantine.csv;data/processed/today/2026-07-30/probable_lineup_sources_autonomous.csv;data/processed/governance/probable_lineup_sources_autonomous.csv,NO,NO
2026-07-30,2026-07-30T11:00:58+01:00,1494709,Aalesund,Viking,home,sportsmole,5bb969ff5645e9a5,sportsmole.co.uk,OK,lineups,8,"lerenga-Fotball Preview: Valerenga Fotball vs Aalesund - prediction, team news, lineups By Lewis Nolan | 15 Jul 2026 00:49 © Iconsport / Mads Andersen, Gonzales Photo / Alamy In a clash that could impact the Eliteserien relegation battle, Valerenga Fotball wil…",261,DEBUG_SNIPPET,short_excerpt_only_no_full_html,data/processed/today/2026-07-30/vsigma_probable_lineup_sources.csv;data/processed/governance/vsigma_probable_lineup_sources.csv;data/processed/today/2026-07-30/vsigma_probable_lineup_sources_quarantine.csv;data/processed/governance/vsigma_probable_lineup_sources_quarantine.csv;data/processed/today/2026-07-30/probable_lineup_sources_autonomous.csv;data/processed/governance/probable_lineup_sources_autonomous.csv,NO,NO
2026-07-30,2026-07-30T11:00:58+01:00,1494709,Aalesund,Viking,home,sportsmole,5bb969ff5645e9a5,sportsmole.co.uk,OK,lineups,8,"Fotball related articles Preview: Tromso vs Valerenga - prediction, team news, lineups Football | 09 Jul 2026 17:38 Preview: Bodo/Glimt vs Stromsgodset - prediction, team news, lineups Football | 28 Jul 2025 20:55 Preview: Bodo/Glimt vs Valerenga - prediction,…",261,DEBUG_SNIPPET,short_excerpt_only_no_full_html,data/processed/today/2026-07-30/vsigma_probable_lineup_sources.csv;data/processed/governance/vsigma_probable_lineup_sources.csv;data/processed/today/2026-07-30/vsigma_probable_lineup_sources_quarantine.csv;data/processed/governance/vsigma_probable_lineup_sources_quarantine.csv;data/processed/today/2026-07-30/probable_lineup_sources_autonomous.csv;data/processed/governance/probable_lineup_sources_autonomous.csv,NO,NO
